#        weight    minuslogpost              H0           ombh2            tf_1            tf_2   minuslogprior minuslogprior__0            chi2 chi2__cx_likelihood_intCAMB.CXLikelihood
              6       125.31928       60.021491     0.028598649      0.15610998      0.15990475     -0.32573014      -0.32573014       251.29003                                251.29003
            109       125.12782       60.021491     0.028598649      0.15690972      0.15701098     -0.32573014      -0.32573014        250.9071                                 250.9071
              6       126.00315       60.021491     0.028598649      0.15750608      0.14713665     -0.32573014      -0.32573014       252.65776                                252.65776
             55       127.01856       60.049804     0.028007637      0.15750608      0.14713665     -0.32573014      -0.32573014       254.68858                                254.68858
              9       126.56648       60.013142     0.027855205      0.15750608      0.14713665     -0.32573014      -0.32573014       253.78443                                253.78443
             20        125.7933       60.013142     0.027855205      0.15949297      0.15705365     -0.32573014      -0.32573014       252.23805                                252.23805
             24       128.78117       60.013142     0.027855205      0.15066367      0.17096324     -0.32573014      -0.32573014       258.21381                                258.21381
              8       129.44601       60.013142     0.027855205      0.15600876       0.1733208     -0.32573014      -0.32573014       259.54348                                259.54348
              9       129.47077       60.012778     0.027809208      0.15600876       0.1733208     -0.32573014      -0.32573014       259.59301                                259.59301
             14       129.78284       60.026164     0.027538635      0.15600876       0.1733208     -0.32573014      -0.32573014       260.21714                                260.21714
              3       128.47431       60.026164     0.027538635      0.15406713      0.16986571     -0.32573014      -0.32573014       257.60009                                257.60009
             45       127.85101       60.114139     0.029926978      0.15406713      0.16986571     -0.32573014      -0.32573014       256.35347                                256.35347
              9        128.4692       60.114139     0.029926978      0.15250609      0.17128445     -0.32573014      -0.32573014       257.58987                                257.58987
              1       128.91702       60.148137     0.029859861      0.15250609      0.17128445     -0.32573014      -0.32573014       258.48549                                258.48549
             49       126.28474       60.148137     0.029859861      0.15253546      0.16101704     -0.32573014      -0.32573014       253.22094                                253.22094
              1       125.96069       60.148137     0.029859861      0.15787321       0.1583539     -0.32573014      -0.32573014       252.57284                                252.57284
              2       125.94272       60.148137     0.029859861      0.15432369      0.15337627     -0.32573014      -0.32573014       252.53691                                252.53691
             12       126.71392       60.192345     0.029777022      0.15432369      0.15337627     -0.32573014      -0.32573014       254.07931                                254.07931
             13       128.33787       60.207799     0.028331046      0.15432369      0.15337627     -0.32573014      -0.32573014        257.3272                                 257.3272
             23       128.28956       60.207799     0.028331046      0.15272191      0.15756561     -0.32573014      -0.32573014       257.23057                                257.23057
              1       128.06745       60.207799     0.028331046       0.1581185      0.15640491     -0.32573014      -0.32573014       256.78636                                256.78636
              9       127.55053       60.201964     0.028826241       0.1581185      0.15640491     -0.32573014      -0.32573014       255.75252                                255.75252
             10       125.70475       60.054393     0.028510859       0.1581185      0.15640491     -0.32573014      -0.32573014       252.06095                                252.06095
             21       125.82228       60.076979     0.028752309       0.1581185      0.15640491     -0.32573014      -0.32573014       252.29601                                252.29601
              9       125.40964       60.020364     0.028292411       0.1581185      0.15640491     -0.32573014      -0.32573014       251.47074                                251.47074
             36       125.66446       60.020364     0.028292411      0.15629751      0.16087064     -0.32573014      -0.32573014       251.98038                                251.98038
             27       126.00687       60.020364     0.028292411      0.14869244      0.15874625     -0.32573014      -0.32573014       252.66519                                252.66519
             11         125.905       60.005573     0.028152022      0.14869244      0.15874625     -0.32573014      -0.32573014       252.46146                                252.46146
              6       126.70011        60.10751     0.029022047      0.14869244      0.15874625     -0.32573014      -0.32573014       254.05169                                254.05169
             12       126.69774        60.10751     0.029022047      0.14870666      0.15874942     -0.32573014      -0.32573014       254.04695                                254.04695
              2        126.5462        60.10751     0.029022047      0.14929793      0.15790446     -0.32573014      -0.32573014       253.74387                                253.74387
             19        127.3679       60.159856     0.029034402      0.14929793      0.15790446     -0.32573014      -0.32573014       255.38727                                255.38727
             30       126.87754       60.159856     0.029034402      0.15759927      0.15980884     -0.32573014      -0.32573014       254.40653                                254.40653
            121       125.14434       60.024106     0.028937155      0.15759927      0.15980884     -0.32573014      -0.32573014       250.94015                                250.94015
             17       125.28018       60.024106     0.028937155      0.15721141      0.16104436     -0.32573014      -0.32573014       251.21182                                251.21182
             56       124.43874        60.00232     0.029703461      0.15721141      0.16104436     -0.32573014      -0.32573014       249.52894                                249.52894
             17       125.71862        60.00232     0.029703461      0.16183203      0.16446164     -0.32573014      -0.32573014        252.0887                                 252.0887
              6       126.41336        60.00232     0.029703461      0.14559697      0.16584617     -0.32573014      -0.32573014       253.47817                                253.47817
             10       126.29282        60.00232     0.029703461      0.16293618      0.16580848     -0.32573014      -0.32573014        253.2371                                 253.2371
             32       124.64726        60.00232     0.029703461      0.14741719      0.15829747     -0.32573014      -0.32573014       249.94599                                249.94599
             71       124.43665        60.00232     0.029703461      0.15648928      0.16129697     -0.32573014      -0.32573014       249.52476                                249.52476
             14         124.781       60.033548     0.029768909      0.15648928      0.16129697     -0.32573014      -0.32573014       250.21345                                250.21345
             15        124.4475       60.033548     0.029768909      0.15524444      0.15900283     -0.32573014      -0.32573014       249.54645                                249.54645
              2        125.5431       60.113702     0.029770639      0.15524444      0.15900283     -0.32573014      -0.32573014       251.73767                                251.73767
              2       126.99261       60.113702     0.029770639      0.16662614      0.15506009     -0.32573014      -0.32573014       254.63667                                254.63667
              4       126.99768       60.113702     0.029770639       0.1639458      0.16305698     -0.32573014      -0.32573014       254.64681                                254.64681
              3       127.09659       60.121774     0.029755117       0.1639458      0.16305698     -0.32573014      -0.32573014       254.84463                                254.84463
              6       127.05301        60.02918     0.028255045       0.1639458      0.16305698     -0.32573014      -0.32573014       254.75749                                254.75749
             17       127.59674       60.022248     0.027308201       0.1639458      0.16305698     -0.32573014      -0.32573014       255.84494                                255.84494
              3       128.00769       60.022248     0.027308201      0.16548078      0.16343521     -0.32573014      -0.32573014       256.66685                                256.66685
             65       127.86409       60.005089     0.027242532      0.16548078      0.16343521     -0.32573014      -0.32573014       256.37964                                256.37964
             12       129.40111       60.005089     0.027242532      0.15512334      0.13956841     -0.32573014      -0.32573014       259.45367                                259.45367
              5       127.80664       60.005089     0.027242532      0.15220255      0.14456278     -0.32573014      -0.32573014       256.26473                                256.26473
             36       127.32512       60.005089     0.027242532      0.14565327      0.15736995     -0.32573014      -0.32573014        255.3017                                 255.3017
             14       127.72075       60.005089     0.027242532      0.16297381      0.14675403     -0.32573014      -0.32573014       256.09296                                256.09296
             44       127.81636       60.020418     0.027397359      0.16297381      0.14675403     -0.32573014      -0.32573014       256.28418                                256.28418
             15       128.47663       60.072362     0.027550045      0.16297381      0.14675403     -0.32573014      -0.32573014       257.60472                                257.60472
              3       127.77498       60.072362     0.027550045      0.16359076      0.15099251     -0.32573014      -0.32573014       256.20142                                256.20142
             33       127.31712        60.03709     0.027496099      0.16359076      0.15099251     -0.32573014      -0.32573014       255.28569                                255.28569
              7       126.69005        60.03709     0.027496099      0.15645408      0.15021685     -0.32573014      -0.32573014       254.03157                                254.03157
             22       126.53182        60.02773     0.027505426      0.15645408      0.15021685     -0.32573014      -0.32573014        253.7151                                 253.7151
             29       127.66402        60.02773     0.027505426      0.15376755      0.14512997     -0.32573014      -0.32573014       255.97951                                255.97951
             10       128.16011        60.02773     0.027505426      0.14923901      0.14516837     -0.32573014      -0.32573014       256.97169                                256.97169
             12        129.7758        60.03119     0.026105144      0.14923901      0.14516837     -0.32573014      -0.32573014       260.20306                                260.20306
              3       129.78298        60.03119     0.026105144      0.14922632      0.14515213     -0.32573014      -0.32573014       260.21743                                260.21743
              5       129.87862        60.03119     0.026105144      0.15180195      0.14356614     -0.32573014      -0.32573014       260.40869                                260.40869
              7       129.39481        60.03119     0.026105144      0.15362171      0.14449779     -0.32573014      -0.32573014       259.44107                                259.44107
              9       129.23422        60.03119     0.026105144      0.15837613      0.14476153     -0.32573014      -0.32573014       259.11989                                259.11989
             46       132.31231        60.03119     0.026105144      0.13784898      0.15089496     -0.32573014      -0.32573014       265.27608                                265.27608
              3       132.32564       60.030753     0.026086494      0.13784898      0.15089496     -0.32573014      -0.32573014       265.30273                                265.30273
             27       127.71751       60.030753     0.026086494      0.16039442       0.1531244     -0.32573014      -0.32573014       256.08648                                256.08648
              2       128.37711       60.030753     0.026086494       0.1647964      0.15319981     -0.32573014      -0.32573014       257.40568                                257.40568
             21       131.56459       60.226878     0.025676202       0.1647964      0.15319981     -0.32573014      -0.32573014       263.78065                                263.78065
              3       129.27412       60.067104     0.025611998       0.1647964      0.15319981     -0.32573014      -0.32573014        259.1997                                 259.1997
              4       127.62446       60.058966     0.027510952       0.1647964      0.15319981     -0.32573014      -0.32573014       255.90037                                255.90037
             18       128.67633       60.150491     0.027763792       0.1647964      0.15319981     -0.32573014      -0.32573014       258.00413                                258.00413
             24       128.07491       60.150491     0.027763792      0.15222807      0.15409006     -0.32573014      -0.32573014       256.80129                                256.80129
             54       127.86395       60.150491     0.027763792      0.15769279      0.16076228     -0.32573014      -0.32573014       256.37936                                256.37936
             14       126.07981       60.015364     0.027717795      0.15769279      0.16076228     -0.32573014      -0.32573014       252.81108                                252.81108
              5        126.0253       60.015364     0.027717795      0.15096092      0.15698642     -0.32573014      -0.32573014       252.70205                                252.70205
             26        127.0063       60.090478     0.027934488      0.15096092      0.15698642     -0.32573014      -0.32573014       254.66407                                254.66407
             26       126.39265       60.063961     0.028146496      0.15096092      0.15698642     -0.32573014      -0.32573014       253.43676                                253.43676
              1       128.96975       60.193053     0.027621462      0.15096092      0.15698642     -0.32573014      -0.32573014       258.59096                                258.59096
             14       126.33636       60.125177     0.029252688      0.15096092      0.15698642     -0.32573014      -0.32573014       253.32417                                253.32417
             21       126.61242       60.125177     0.029252688      0.15522699      0.16291567     -0.32573014      -0.32573014        253.8763                                 253.8763
             91       126.30431       60.125177     0.029252688      0.15172955       0.1583857     -0.32573014      -0.32573014       253.26009                                253.26009
             60       126.28457       60.125177     0.029252688      0.15617511      0.16066053     -0.32573014      -0.32573014       253.22061                                253.22061
              8       125.75874       60.081433     0.029173741      0.15617511      0.16066053     -0.32573014      -0.32573014       252.16893                                252.16893
              8       126.46329        60.17294     0.029839696      0.15617511      0.16066053     -0.32573014      -0.32573014       253.57804                                253.57804
             21       126.89353        60.17294     0.029839696       0.1615943      0.16092319     -0.32573014      -0.32573014       254.43852                                254.43852
             30       126.46147       60.128462     0.029686063       0.1615943      0.16092319     -0.32573014      -0.32573014       253.57439                                253.57439
             10        126.4326       60.127592     0.029712081       0.1615943      0.16092319     -0.32573014      -0.32573014       253.51667                                253.51667
             23       126.39745       60.127592     0.029712081      0.16150901      0.16074489     -0.32573014      -0.32573014       253.44635                                253.44635
            126       125.74047       60.127592     0.029712081      0.15420719      0.15795309     -0.32573014      -0.32573014        252.1324                                 252.1324
              8       126.97684       60.127592     0.029712081      0.16580571      0.15552576     -0.32573014      -0.32573014       254.60514                                254.60514
              3       125.83632       60.035383     0.029747659      0.16580571      0.15552576     -0.32573014      -0.32573014        252.3241                                 252.3241
             19       124.82692       60.035383     0.029747659      0.15486802      0.16156644     -0.32573014      -0.32573014       250.30531                                250.30531
             14       125.26282       60.035383     0.029747659      0.14642591      0.15760018     -0.32573014      -0.32573014        251.1771                                 251.1771
             41        125.7599       60.035383     0.029747659      0.15267638      0.14439108     -0.32573014      -0.32573014       252.17126                                252.17126
             22       126.68709       60.091575     0.029805081      0.15267638      0.14439108     -0.32573014      -0.32573014       254.02565                                254.02565
             21       126.31382       60.067719      0.02975874      0.15267638      0.14439108     -0.32573014      -0.32573014       253.27911                                253.27911
              4       125.40743       60.067719      0.02975874      0.15284869       0.1483935     -0.32573014      -0.32573014       251.46632                                251.46632
             14       125.16535       60.067719      0.02975874       0.1595493      0.15166948     -0.32573014      -0.32573014       250.98215                                250.98215
             14       124.62888       60.034474     0.029836321       0.1595493      0.15166948     -0.32573014      -0.32573014       249.90922                                249.90922
             30       124.71745       60.034474     0.029836321       0.1608667      0.15316193     -0.32573014      -0.32573014       250.08636                                250.08636
             73       124.65978       60.034474     0.029836321      0.15977644        0.151641     -0.32573014      -0.32573014       249.97102                                249.97102
             11        124.6483       60.034474     0.029836321      0.15426001      0.14898926     -0.32573014      -0.32573014       249.94806                                249.94806
             11       125.74782       60.034474     0.029836321      0.15392766      0.16602282     -0.32573014      -0.32573014        252.1471                                 252.1471
             55        126.7266       60.034474     0.029836321      0.16515565      0.14541516     -0.32573014      -0.32573014       254.10466                                254.10466
              3       126.60358       60.029234     0.029893222      0.16515565      0.14541516     -0.32573014      -0.32573014       253.85862                                253.85862
             16       126.97996       60.058256      0.02993815      0.16515565      0.14541516     -0.32573014      -0.32573014       254.61139                                254.61139
             32        125.9552       60.058256      0.02993815      0.16572439      0.15444879     -0.32573014      -0.32573014       252.56186                                252.56186
             78       125.66165       60.058256      0.02993815      0.15703853      0.14555921     -0.32573014      -0.32573014       251.97475                                251.97475
              9       125.00847       60.058256      0.02993815      0.15882115      0.14978379     -0.32573014      -0.32573014       250.66839                                250.66839
             76       125.44082       60.058256      0.02993815      0.15846025      0.14701951     -0.32573014      -0.32573014        251.5331                                 251.5331
             14       125.75992       60.058256      0.02993815      0.15483222      0.14492861     -0.32573014      -0.32573014       252.17129                                252.17129
             13       125.90815       60.058256      0.02993815      0.16255877      0.16260011     -0.32573014      -0.32573014       252.46777                                252.46777
             15       126.09533       60.058256      0.02993815      0.14418018       0.1588417     -0.32573014      -0.32573014       252.84212                                252.84212
             15       128.49491       60.187679     0.029673314      0.14418018       0.1588417     -0.32573014      -0.32573014       257.64127                                257.64127
             13        128.6978       60.099408     0.027963058      0.14418018       0.1588417     -0.32573014      -0.32573014       258.04706                                258.04706
             26       127.64417       60.062498     0.028398877      0.14418018       0.1588417     -0.32573014      -0.32573014       255.93981                                255.93981
             10       129.15794       60.062498     0.028398877      0.14685793      0.16952622     -0.32573014      -0.32573014       258.96734                                258.96734
             38       128.31103       60.001703     0.028435072      0.14685793      0.16952622     -0.32573014      -0.32573014       257.27353                                257.27353
             79       128.35668       60.006666     0.028461242      0.14685793      0.16952622     -0.32573014      -0.32573014       257.36482                                257.36482
             36       129.00562        60.05384     0.028442228      0.14685793      0.16952622     -0.32573014      -0.32573014        258.6627                                 258.6627
              1       126.78412       60.028346     0.028720627      0.14791415      0.16455276     -0.32573014      -0.32573014        254.2197                                 254.2197
              7        126.4587       60.028346     0.028720627       0.1514652       0.1653069     -0.32573014      -0.32573014       253.56885                                253.56885
             18       125.10579       60.028346     0.028720627      0.15430027      0.15381871     -0.32573014      -0.32573014       250.86305                                250.86305
             92       125.67326       60.028346     0.028720627      0.16194469      0.15734945     -0.32573014      -0.32573014       251.99799                                251.99799
              7       126.01094       60.028346     0.028720627       0.1638246      0.15434314     -0.32573014      -0.32573014       252.67334                                252.67334
              4       125.95788       60.028346     0.028720627      0.15764946      0.14737491     -0.32573014      -0.32573014       252.56722                                252.56722
             74       125.53845       60.050759     0.029555751      0.15764946      0.14737491     -0.32573014      -0.32573014       251.72835                                251.72835
             14       126.36491       60.041438     0.028508644      0.15764946      0.14737491     -0.32573014      -0.32573014       253.38129                                253.38129
             19       126.74073       60.061395     0.028450682      0.15764946      0.14737491     -0.32573014      -0.32573014       254.13291                                254.13291
             30       125.63701       60.005837     0.028682208      0.15764946      0.14737491     -0.32573014      -0.32573014       251.92548                                251.92548
             21       126.07145       60.005837     0.028682208      0.15705966      0.14529505     -0.32573014      -0.32573014       252.79436                                252.79436
             11       126.08472       60.006753      0.02868404      0.15705966      0.14529505     -0.32573014      -0.32573014        252.8209                                 252.8209
              4        124.9082       60.006753      0.02868404      0.15248978      0.15337692     -0.32573014      -0.32573014       250.46786                                250.46786
              2       124.99736       60.006753      0.02868404      0.15188583      0.15799048     -0.32573014      -0.32573014       250.64617                                250.64617
             24       126.60749       60.006753      0.02868404      0.16651204       0.1589314     -0.32573014      -0.32573014       253.86643                                253.86643
             25       131.17656       60.411524     0.029163026      0.16651204       0.1589314     -0.32573014      -0.32573014       263.00457                                263.00457
              2       131.15787       60.409506     0.029152862      0.16651204       0.1589314     -0.32573014      -0.32573014        262.9672                                 262.9672
              1       130.74253       60.409506     0.029152862      0.15482019      0.15451014     -0.32573014      -0.32573014       262.13652                                262.13652
              1       130.59787       60.409506     0.029152862      0.15421938      0.15752315     -0.32573014      -0.32573014        261.8472                                 261.8472
              3       129.35839       60.356216     0.029547316      0.15469599      0.15615711     -0.32573014      -0.32573014       259.36823                                259.36823
              3       126.58311       60.192207     0.029882294      0.15608759      0.15322456     -0.32573014      -0.32573014       253.81768                                253.81768
              1       126.54593       60.192207     0.029882294      0.15520324      0.15391525     -0.32573014      -0.32573014       253.74332                                253.74332
              1       126.82421       60.192207     0.029882294      0.15415859      0.15135939     -0.32573014      -0.32573014       254.29987                                254.29987
              1       126.79277       60.192207     0.029882294      0.15118133      0.15758582     -0.32573014      -0.32573014       254.23701                                254.23701
              3       127.83968       60.192207     0.029882294      0.16401353      0.16320933     -0.32573014      -0.32573014       256.33083                                256.33083
              1       129.16229       60.192207     0.029882294      0.16055067      0.17032913     -0.32573014      -0.32573014       258.97603                                258.97603
              3       126.83704       60.192207     0.029882294      0.15349823      0.15157218     -0.32573014      -0.32573014       254.32555                                254.32555
              3       125.89517       60.012298     0.027693617      0.15480599      0.15205314     -0.32573014      -0.32573014       252.44179                                252.44179
              1       127.58007       60.012298     0.027693617       0.1436063      0.15441298     -0.32573014      -0.32573014       255.81159                                255.81159
              5        127.6297       60.012298     0.027693617      0.14346494      0.15425831     -0.32573014      -0.32573014       255.91087                                255.91087
              1       125.83385       60.012298     0.027693617      0.15269095      0.15708962     -0.32573014      -0.32573014       252.31915                                252.31915
              1       126.14366       60.002877     0.027403227      0.15127159      0.15842074     -0.32573014      -0.32573014       252.93878                                252.93878
              2       126.68193       60.002877     0.027403227      0.15583971      0.14762378     -0.32573014      -0.32573014       254.01532                                254.01532
              1        126.0084       60.002877     0.027403227      0.15486173      0.15209208     -0.32573014      -0.32573014       252.66826                                252.66826
              1       126.06283       60.002877     0.027403227      0.15585445       0.1514831     -0.32573014      -0.32573014       252.77711                                252.77711
              3       125.94383       60.002877     0.027403227      0.15772774      0.15842677     -0.32573014      -0.32573014       252.53912                                252.53912
              3       126.17776       60.002877     0.027403227      0.15138833      0.15277604     -0.32573014      -0.32573014       253.00698                                253.00698
              1       127.57167       60.186149     0.029309044      0.15002841      0.15275447     -0.32573014      -0.32573014        255.7948                                 255.7948
              1       128.73999       60.186149     0.029309044       0.1510293      0.14566864     -0.32573014      -0.32573014       258.13143                                258.13143
              3       129.03418       60.173071     0.028604852      0.15107771      0.14649215     -0.32573014      -0.32573014       258.71982                                258.71982
              2       128.81634       60.168499     0.028809269      0.15113319      0.14612821     -0.32573014      -0.32573014       258.28414                                258.28414
              2       129.57138       60.168499     0.028809269      0.16327576      0.16913188     -0.32573014      -0.32573014       259.79422                                259.79422
              2       128.66766       60.168499     0.028809269      0.14866399      0.16489558     -0.32573014      -0.32573014       257.98678                                257.98678
              2       127.22316       60.168499     0.028809269       0.1602549      0.15658643     -0.32573014      -0.32573014       255.09779                                255.09779
              2       127.43876       60.212967     0.029422186      0.16050249      0.15432802     -0.32573014      -0.32573014       255.52897                                255.52897
              1       129.39185       60.212967     0.029422186      0.16745272       0.1492397     -0.32573014      -0.32573014       259.43516                                259.43516
              1       131.72268       60.212967     0.029422186      0.17045388      0.16971077     -0.32573014      -0.32573014       264.09682                                264.09682
              2        129.7136       60.212967     0.029422186      0.16068192      0.17040727     -0.32573014      -0.32573014       260.07867                                260.07867
              2       129.07778       60.212967     0.029422186      0.16794321      0.15221054     -0.32573014      -0.32573014       258.80701                                258.80701
              2       129.30658       60.143509     0.027980504      0.16839704      0.15325942     -0.32573014      -0.32573014       259.26463                                259.26463
              2       127.46668       60.143509     0.027980504      0.15475776      0.15833481     -0.32573014      -0.32573014       255.58481                                255.58481
              1       129.15521       60.204646     0.027269163      0.15418882       0.1602764     -0.32573014      -0.32573014       258.96189                                258.96189
              3       129.03199        60.27986     0.028685906      0.15368503      0.15934949     -0.32573014      -0.32573014       258.71544                                258.71544
              1       128.21852       60.219616     0.028488014      0.15416873      0.15873659     -0.32573014      -0.32573014        257.0885                                 257.0885
              2       130.58789       60.362709     0.028571413      0.15298674      0.16075171     -0.32573014      -0.32573014       261.82724                                261.82724
              2       130.88426       60.362709     0.028571413      0.15216925       0.1543156     -0.32573014      -0.32573014       262.41999                                262.41999
              1        130.2917       60.362709     0.028571413      0.16147323      0.15752356     -0.32573014      -0.32573014       261.23487                                261.23487
              1       128.70644         60.0738     0.025900848      0.16364556      0.15707473     -0.32573014      -0.32573014       258.06433                                258.06433
              2       127.69229       60.127164     0.028118593      0.16339189      0.15466294     -0.32573014      -0.32573014       256.03605                                256.03605
              1       127.71688       60.127164     0.028118593      0.14925009      0.15542932     -0.32573014      -0.32573014       256.08522                                256.08522
              1       128.11199       60.127164     0.028118593       0.1499694      0.15013209     -0.32573014      -0.32573014       256.87544                                256.87544
              3       127.94501       60.120644     0.028189839      0.15002968       0.1499317     -0.32573014      -0.32573014       256.54148                                256.54148
              2       128.35205       60.120644     0.028189839      0.14561042      0.15675469     -0.32573014      -0.32573014       257.35555                                257.35555
              7       128.00703       60.120644     0.028189839      0.15214083      0.16507891     -0.32573014      -0.32573014       256.66551                                256.66551
              7       125.22169       60.025267     0.029245699      0.15302378      0.16212789     -0.32573014      -0.32573014       251.09484                                251.09484
              2       125.15678       60.025267     0.029245699      0.15584243      0.16197166     -0.32573014      -0.32573014       250.96502                                250.96502
              1       125.89067       60.036953     0.028696833      0.15569834       0.1629401     -0.32573014      -0.32573014        252.4328                                 252.4328
              1        126.0488       60.036953     0.028696833      0.14854883      0.15108278     -0.32573014      -0.32573014       252.74907                                252.74907
              1       127.42741       60.045834      0.02911255      0.15751093      0.14163129     -0.32573014      -0.32573014       255.50627                                255.50627
              1       126.25457       60.045834      0.02911255      0.14981413      0.14688815     -0.32573014      -0.32573014        253.1606                                 253.1606
              2       125.84054       60.045834      0.02911255      0.14732634      0.15288354     -0.32573014      -0.32573014       252.33253                                252.33253
              4       125.14707       60.041619     0.029184451      0.15033904       0.1562672     -0.32573014      -0.32573014        250.9456                                 250.9456
              1       125.09685       60.041619     0.029184451      0.15125945       0.1575717     -0.32573014      -0.32573014       250.84517                                250.84517
              2       125.29683       60.041619     0.029184451      0.15036891      0.15895961     -0.32573014      -0.32573014       251.24512                                251.24512
              1       125.02899       60.005743     0.028854523       0.1506388      0.15890143     -0.32573014      -0.32573014       250.70943                                250.70943
              2       124.81571       60.005743     0.028854523      0.15105658      0.15568724     -0.32573014      -0.32573014       250.28288                                250.28288
              6       124.81391       60.005743     0.028854523      0.15739671      0.15206159     -0.32573014      -0.32573014       250.27928                                250.27928
              2       124.65335       60.005743     0.028854523      0.15327565      0.15534842     -0.32573014      -0.32573014       249.95815                                249.95815
              3         124.651       60.005743     0.028854523      0.15529595      0.15355711     -0.32573014      -0.32573014       249.95347                                249.95347
              1       124.96423       60.062231      0.02946216      0.15487854       0.1535212     -0.32573014      -0.32573014       250.57992                                250.57992
              5       126.73387       60.062231      0.02946216      0.14774849      0.16479243     -0.32573014      -0.32573014       254.11919                                254.11919
              4       125.95348       60.062231      0.02946216       0.1633396      0.15924394     -0.32573014      -0.32573014       252.55842                                252.55842
              1        125.4734       60.039129     0.029732604      0.16355472      0.15850789     -0.32573014      -0.32573014       251.59826                                251.59826
              8        124.4428       60.039129     0.029732604      0.15472497      0.15237096     -0.32573014      -0.32573014       249.53707                                249.53707
              6       124.43247       60.039129     0.029732604      0.15600688       0.1528209     -0.32573014      -0.32573014        249.5164                                 249.5164
              1       125.04796       60.039129     0.029732604      0.16189972      0.15720352     -0.32573014      -0.32573014       250.74737                                250.74737
              1       128.07768       60.039129     0.029732604      0.17188277      0.15387917     -0.32573014      -0.32573014       256.80682                                256.80682
              5       129.41172       60.039129     0.029732604      0.17247102      0.16436057     -0.32573014      -0.32573014        259.4749                                 259.4749
              1       126.99917       60.039129     0.029732604      0.16921562      0.15424809     -0.32573014      -0.32573014        254.6498                                 254.6498
              1       127.35406       60.039129     0.029732604      0.17000064      0.15273921     -0.32573014      -0.32573014       255.35959                                255.35959
              2       125.86224       60.039129     0.029732604      0.16507014       0.1513396     -0.32573014      -0.32573014       252.37594                                252.37594
              1       125.73729       60.039129     0.029732604      0.14443742      0.15434465     -0.32573014      -0.32573014       252.12603                                252.12603
              1       125.80152       60.080931     0.029728593      0.15202701      0.16293448     -0.32573014      -0.32573014        252.2545                                 252.2545
              5       128.25109       60.080931     0.029728593      0.15893865      0.17115445     -0.32573014      -0.32573014       257.15363                                257.15363
              1       126.08167       60.080931     0.029728593      0.14800044      0.16144047     -0.32573014      -0.32573014       252.81479                                252.81479
              4       124.97772       60.080931     0.029728593      0.15471394       0.1563765     -0.32573014      -0.32573014        250.6069                                 250.6069
              2       127.31347       60.080931     0.029728593      0.15724606      0.16894323     -0.32573014      -0.32573014        255.2784                                 255.2784
              2       129.19954       60.080931     0.029728593      0.15743158      0.17364352     -0.32573014      -0.32573014       259.05055                                259.05055
              1       127.88996       60.080931     0.029728593      0.16904814      0.16164084     -0.32573014      -0.32573014       256.43138                                256.43138
              2       127.50472       60.080931     0.029728593      0.16687942      0.16343135     -0.32573014      -0.32573014        255.6609                                 255.6609
              3       125.10639       60.080931     0.029728593      0.15606193       0.1521643     -0.32573014      -0.32573014       250.86425                                250.86425
              1       125.30167       60.027259     0.028524738      0.15640493      0.15310476     -0.32573014      -0.32573014       251.25479                                251.25479
              1       127.84461       60.027259     0.028524738      0.15243029      0.16973582     -0.32573014      -0.32573014       256.34068                                256.34068
              4       127.84315       60.027259     0.028524738      0.15243793      0.16973332     -0.32573014      -0.32573014       256.33776                                256.33776
              3       126.75565       60.027259     0.028524738      0.14896418      0.16459079     -0.32573014      -0.32573014       254.16276                                254.16276
              4       126.06704       60.055701     0.029581578      0.14881827      0.16348643     -0.32573014      -0.32573014       252.78554                                252.78554
              4       125.10405       60.055701     0.029581578      0.15687109       0.1604785     -0.32573014      -0.32573014       250.85956                                250.85956
              3       125.13832       60.055701     0.029581578      0.15652206      0.14971328     -0.32573014      -0.32573014        250.9281                                 250.9281
              3       125.41458       60.055701     0.029581578      0.14782499       0.1566762     -0.32573014      -0.32573014       251.48062                                251.48062
              1        125.7496       60.055701     0.029581578      0.16148785      0.14896506     -0.32573014      -0.32573014       252.15066                                252.15066
              2       126.42546       60.055701     0.029581578      0.15183646      0.14410103     -0.32573014      -0.32573014       253.50238                                253.50238
              1        125.4668       60.055701     0.029581578      0.15082817      0.14886955     -0.32573014      -0.32573014       251.58506                                251.58506
              5       125.31642       60.064539     0.029956198      0.15078678      0.14845953     -0.32573014      -0.32573014       251.28429                                251.28429
              1       125.88408       60.064539     0.029956198      0.16521791      0.15437669     -0.32573014      -0.32573014       252.41962                                252.41962
              5       127.39491       60.064539     0.029956198      0.16714602       0.1463985     -0.32573014      -0.32573014       255.44128                                255.44128
              1        125.8781       60.064539     0.029956198      0.16360052      0.14957764     -0.32573014      -0.32573014       252.40766                                252.40766
              1       125.77898       60.064539     0.029956198      0.16483905      0.15507752     -0.32573014      -0.32573014       252.20942                                252.20942
              1       124.81605       60.064539     0.029956198      0.15753841      0.15914612     -0.32573014      -0.32573014       250.28355                                250.28355
              4       124.53089       60.064539     0.029956198      0.15506167      0.15509583     -0.32573014      -0.32573014       249.71323                                249.71323
              3       126.53186       60.064539     0.029956198      0.14246282      0.15618521     -0.32573014      -0.32573014       253.71518                                253.71518
              2       126.37269       60.064539     0.029956198      0.14552028      0.14765634     -0.32573014      -0.32573014       253.39683                                253.39683
              1       125.53009       60.064539     0.029956198      0.15831042      0.14691648     -0.32573014      -0.32573014       251.71164                                251.71164
              4       125.94761       60.066037      0.02893482      0.15703299      0.14946043     -0.32573014      -0.32573014       252.54668                                252.54668
              1       126.05615       60.066037      0.02893482      0.15730718      0.14887217     -0.32573014      -0.32573014       252.76376                                252.76376
              1       125.78698       60.066037      0.02893482      0.15903902      0.15171907     -0.32573014      -0.32573014       252.22543                                252.22543
              4       126.24796       60.056911      0.02875858       0.1497487      0.16122409     -0.32573014      -0.32573014       253.14737                                253.14737
              2       125.92761       60.056911      0.02875858      0.14936596      0.15621777     -0.32573014      -0.32573014       252.50668                                252.50668
              1       125.87039       60.056911      0.02875858      0.16115621      0.15451311     -0.32573014      -0.32573014       252.39223                                252.39223
             11       125.87063       60.017046     0.028119106      0.16143277       0.1548432     -0.32573014      -0.32573014       252.39272                                252.39272
              2       126.12148       60.017046     0.028119106      0.16287147      0.15676461     -0.32573014      -0.32573014       252.89443                                252.89443
              4       126.07048       60.013593     0.028133872      0.16290143      0.15669171     -0.32573014      -0.32573014       252.79243                                252.79243
              5       125.84798       60.013593     0.028133872      0.14986868      0.15857664     -0.32573014      -0.32573014       252.34742                                252.34742
              1       125.38372       60.013593     0.028133872      0.15373982      0.15604321     -0.32573014      -0.32573014        251.4189                                 251.4189
              4       127.80054        60.06261     0.026385488      0.15318285      0.15930412     -0.32573014      -0.32573014       256.25254                                256.25254
              6       124.37604       60.043794     0.029821885      0.15363331      0.15405202     -0.32573014      -0.32573014       249.40355                                249.40355
              2        124.6852        60.05728     0.029782693      0.15607438      0.15242013     -0.32573014      -0.32573014       250.02185                                250.02185
              3        124.8345       60.060552     0.029647183       0.1560356      0.15266499     -0.32573014      -0.32573014       250.32045                                250.32045
              1       124.78729       60.060552     0.029647183      0.15692753      0.15453329     -0.32573014      -0.32573014       250.22605                                250.22605
              2       125.59262       60.124743       0.0297536      0.15640319      0.15533744     -0.32573014      -0.32573014        251.8367                                 251.8367
              1       126.44117       60.124743       0.0297536      0.15059879      0.16236918     -0.32573014      -0.32573014        253.5338                                 253.5338
              1       126.99406       60.124743       0.0297536      0.15169055      0.16565166     -0.32573014      -0.32573014       254.63957                                254.63957
              1       127.50485       60.124743       0.0297536      0.15026437      0.16695025     -0.32573014      -0.32573014       255.66116                                255.66116
              1       128.78053       60.124743       0.0297536       0.1402031      0.15207826     -0.32573014      -0.32573014       258.21251                                258.21251
              3       131.13599       60.279246     0.029446418      0.14226773      0.15365283     -0.32573014      -0.32573014       262.92345                                262.92345
              1       129.68122       60.279246     0.029446418      0.15535395      0.14642229     -0.32573014      -0.32573014        260.0139                                 260.0139
              3       129.38342       60.158234     0.028995045      0.16439061      0.16854217     -0.32573014      -0.32573014       259.41829                                259.41829
              1       128.55138       60.158234     0.028995045      0.15984029      0.16801139     -0.32573014      -0.32573014       257.75422                                257.75422
              1       126.75047       60.158234     0.028995045      0.15514778      0.15592656     -0.32573014      -0.32573014        254.1524                                 254.1524
              2       125.81362       60.025647     0.027819973      0.15510601      0.15472368     -0.32573014      -0.32573014       252.27869                                252.27869
              1       125.84063       60.030957     0.027878931      0.15509338      0.15477063     -0.32573014      -0.32573014       252.33271                                252.33271
              1       126.69532       60.030957     0.027878931      0.15207647      0.14844028     -0.32573014      -0.32573014       254.04209                                254.04209
              1       125.85128       60.030957     0.027878931      0.15478728      0.15462521     -0.32573014      -0.32573014       252.35402                                252.35402
              3       125.83353       60.030957     0.027878931      0.15472056       0.1555112     -0.32573014      -0.32573014       252.31852                                252.31852
              2       125.32446       60.001462     0.027993388      0.15676022      0.15662181     -0.32573014      -0.32573014       251.30038                                251.30038
              9       125.48111       60.001462     0.027993388      0.15246616      0.15819235     -0.32573014      -0.32573014       251.61368                                251.61368
              1       125.74167       60.025875     0.028115609      0.15258706      0.15842354     -0.32573014      -0.32573014       252.13481                                252.13481
              7       126.07106       60.025875     0.028115609      0.15994988      0.16051899     -0.32573014      -0.32573014       252.79359                                252.79359
              2       126.27697       60.025875     0.028115609       0.1631354      0.15527919     -0.32573014      -0.32573014       253.20541                                253.20541
              1       126.35069       60.025875     0.028115609      0.16352229      0.15576284     -0.32573014      -0.32573014       253.35285                                253.35285
              1       127.23444       60.025875     0.028115609      0.15896184      0.14468446     -0.32573014      -0.32573014       255.12034                                255.12034
              1       127.96134       60.025875     0.028115609       0.1432188      0.14959349     -0.32573014      -0.32573014       256.57415                                256.57415
              1        128.5528         60.0613     0.027980224      0.14377028       0.1499612     -0.32573014      -0.32573014       257.75706                                257.75706
              1       127.95381       60.087032     0.029341433      0.14241578      0.15007781     -0.32573014      -0.32573014       256.55909                                256.55909
              2       129.30605       60.087032     0.029341433      0.16184965       0.1392384     -0.32573014      -0.32573014       259.26355                                259.26355
              4       125.75796       60.087032     0.029341433      0.15093116      0.15865567     -0.32573014      -0.32573014       252.16738                                252.16738
              1       126.88012       60.087032     0.029341433      0.16539211      0.16005769     -0.32573014      -0.32573014       254.41171                                254.41171
              2       127.32178       60.091404     0.028962225      0.16589608      0.16014045     -0.32573014      -0.32573014       255.29503                                255.29503
              2       127.53003       60.091404     0.028962225      0.15626217      0.16772479     -0.32573014      -0.32573014       255.71153                                255.71153
              5       129.83525       60.091404     0.028962225      0.15395158      0.17380406     -0.32573014      -0.32573014       260.32197                                260.32197
              2       127.74237       60.012413     0.028522202       0.1654987      0.16597869     -0.32573014      -0.32573014        256.1362                                 256.1362
              2       131.19076       60.267847      0.02906331      0.16765071       0.1684737     -0.32573014      -0.32573014       263.03297                                263.03297
              1       132.16838       60.267847      0.02906331      0.16670228      0.17223294     -0.32573014      -0.32573014       264.98823                                264.98823
              1       129.86629       60.267847      0.02906331      0.16369567      0.16658977     -0.32573014      -0.32573014       260.38404                                260.38404
              2       128.73804       60.267847      0.02906331      0.15502908      0.16296671     -0.32573014      -0.32573014       258.12753                                258.12753
              2       129.71914       60.267847      0.02906331      0.14672815      0.15675527     -0.32573014      -0.32573014       260.08975                                260.08975
              4       129.93711       60.267847      0.02906331      0.14605808       0.1592348     -0.32573014      -0.32573014       260.52568                                260.52568
              1        129.7291       60.267847      0.02906331      0.16391847      0.16579414     -0.32573014      -0.32573014       260.10966                                260.10966
              3       127.19338         60.1046     0.029110959      0.16206999      0.16415902     -0.32573014      -0.32573014       255.03822                                255.03822
              1       126.92271       60.055481     0.027236585      0.15582274      0.16035018     -0.32573014      -0.32573014       254.49688                                254.49688
              2       127.08801       60.055481     0.027236585      0.15847403      0.15166779     -0.32573014      -0.32573014       254.82748                                254.82748
              1       127.58084       60.055481     0.027236585      0.15620624      0.16470571     -0.32573014      -0.32573014       255.81314                                255.81314
              6       127.09662       60.055481     0.027236585      0.16156076      0.15729432     -0.32573014      -0.32573014       254.84471                                254.84471
              2       127.77719       60.055481     0.027236585       0.1619484      0.14939586     -0.32573014      -0.32573014       256.20585                                256.20585
              1       127.50096       60.055481     0.027236585      0.16150895      0.15072453     -0.32573014      -0.32573014       255.65337                                255.65337
              1       127.27954       60.055481     0.027236585      0.15715158      0.14996643     -0.32573014      -0.32573014       255.21055                                255.21055
              8       126.18679       60.063055      0.02852372      0.15568691      0.14990934     -0.32573014      -0.32573014       253.02504                                253.02504
              2       126.05223       60.063055      0.02852372      0.15303923      0.15164525     -0.32573014      -0.32573014       252.75591                                252.75591
              2       124.63803        60.04342     0.029868392      0.15120685      0.15131053     -0.32573014      -0.32573014       249.92751                                249.92751
              1       124.64038       60.026069      0.02956601      0.15138008      0.15116844     -0.32573014      -0.32573014       249.93223                                249.93223
              1       125.36595       60.026069      0.02956601      0.15105259       0.1466433     -0.32573014      -0.32573014       251.38336                                251.38336
              1       125.52746       60.026069      0.02956601      0.14745114      0.14850388     -0.32573014      -0.32573014       251.70638                                251.70638
              3       124.30903       60.026069      0.02956601      0.15480351      0.15559322     -0.32573014      -0.32573014       249.26951                                249.26951
              7       124.48721       60.026069      0.02956601      0.15379008      0.15134728     -0.32573014      -0.32573014       249.62588                                249.62588
              1       124.30989       60.026069      0.02956601      0.15435385      0.15457101     -0.32573014      -0.32573014       249.27123                                249.27123
              7        124.6207       60.026069      0.02956601      0.15090627      0.15189768     -0.32573014      -0.32573014       249.89286                                249.89286
              2       125.70877       60.026069      0.02956601      0.14658924      0.16159065     -0.32573014      -0.32573014       252.06901                                252.06901
              2       125.39308       60.026069      0.02956601      0.16399843      0.15415731     -0.32573014      -0.32573014       251.43762                                251.43762
              1       125.54603       60.026069      0.02956601      0.16448656      0.15690052     -0.32573014      -0.32573014       251.74352                                251.74352
              5       124.60208       60.026069      0.02956601      0.15845331      0.15819523     -0.32573014      -0.32573014       249.85562                                249.85562
              2       124.73802       60.012066     0.029178619       0.1587655      0.15809535     -0.32573014      -0.32573014       250.12751                                250.12751
              2       124.90061       60.012066     0.029178619      0.16093571      0.15486268     -0.32573014      -0.32573014       250.45268                                250.45268
              1       125.97466       60.012066     0.029178619      0.14429649      0.15205909     -0.32573014      -0.32573014       252.60078                                252.60078
              1       126.74844       60.043587     0.028707796      0.14520851       0.1524224     -0.32573014      -0.32573014       254.14834                                254.14834
              2       127.43782       60.043587     0.028707796      0.14278785      0.15862762     -0.32573014      -0.32573014       255.52709                                255.52709
              6       127.47329       60.043587     0.028707796       0.1425125      0.15344727     -0.32573014      -0.32573014       255.59805                                255.59805
              1       126.78136       60.043587     0.028707796      0.16054547      0.14605429     -0.32573014      -0.32573014       254.21417                                254.21417
              1       126.62756       60.043587     0.028707796      0.16485863      0.15955891     -0.32573014      -0.32573014       253.90659                                253.90659
              1       126.75261       60.043587     0.028707796      0.16610343      0.15554876     -0.32573014      -0.32573014       254.15668                                254.15668
              7       125.79407       60.043587     0.028707796      0.14917664      0.15631013     -0.32573014      -0.32573014        252.2396                                 252.2396
              1       126.13835       60.043587     0.028707796       0.1473865      0.15421705     -0.32573014      -0.32573014       252.92815                                252.92815
              2       128.28036       60.043587     0.028707796      0.15903161      0.14064991     -0.32573014      -0.32573014       257.21219                                257.21219
              2        128.6686       60.043587     0.028707796      0.15780301      0.13941925     -0.32573014      -0.32573014       257.98865                                257.98865
              1       128.99874       60.043587     0.028707796      0.17117653      0.14910954     -0.32573014      -0.32573014       258.64894                                258.64894
              1       127.45337       60.043587     0.028707796      0.16191258      0.16697213     -0.32573014      -0.32573014        255.5582                                 255.5582
              5       128.83242       60.051591     0.027255312        0.163747      0.16720183     -0.32573014      -0.32573014        258.3163                                 258.3163
              2       128.89405       60.051591     0.027255312      0.16824419      0.16206014     -0.32573014      -0.32573014       258.43956                                258.43956
              1       129.62513       60.051591     0.027255312      0.16007496      0.17131248     -0.32573014      -0.32573014       259.90171                                259.90171
              2       128.56417       60.051591     0.027255312      0.14664187      0.14883442     -0.32573014      -0.32573014       257.77979                                257.77979
              1        129.3631       60.051591     0.027255312      0.16130612      0.17019549     -0.32573014      -0.32573014       259.37767                                259.37767
              1       129.24551       60.053909     0.027445456       0.1611029      0.17019903     -0.32573014      -0.32573014       259.14249                                259.14249
              1       128.68496       60.053909     0.027445456      0.15593229      0.16946205     -0.32573014      -0.32573014       258.02137                                258.02137
              2        127.6586       60.024603     0.028271955      0.15461687      0.16908418     -0.32573014      -0.32573014       255.96866                                255.96866
              1       125.68589       60.024603     0.028271955      0.15092058      0.15401211     -0.32573014      -0.32573014       252.02323                                252.02323
              1        125.5661       60.024603     0.028271955      0.15348342      0.15248459     -0.32573014      -0.32573014       251.78367                                251.78367
              3       126.15005       60.094662     0.028707732      0.15874921      0.15561999     -0.32573014      -0.32573014       252.95155                                252.95155
              2        128.1787       60.094662     0.028707732      0.16842123      0.15927769     -0.32573014      -0.32573014       257.00886                                257.00886
              4       126.35321       60.094662     0.028707732      0.15707761      0.16091279     -0.32573014      -0.32573014       253.35789                                253.35789
              2       128.53795       60.094662     0.028707732       0.1679205      0.14892896     -0.32573014      -0.32573014       257.72736                                257.72736
              2       127.57408       60.094662     0.028707732      0.16160875      0.16549129     -0.32573014      -0.32573014       255.79963                                255.79963
              2       126.38183       60.094662     0.028707732      0.16094034      0.15708078     -0.32573014      -0.32573014       253.41512                                253.41512
              2       127.17925       60.094662     0.028707732      0.16025525      0.14766355     -0.32573014      -0.32573014       255.00996                                255.00996
              1       127.05405       60.065883     0.028265788      0.15793081      0.14714169     -0.32573014      -0.32573014       254.75956                                254.75956
              1       128.46309       60.065883     0.028265788      0.16376376      0.14455583     -0.32573014      -0.32573014       257.57765                                257.57765
              1       127.66784       60.065883     0.028265788      0.16717036      0.15447571     -0.32573014      -0.32573014       255.98714                                255.98714
              1       126.72782       60.052315     0.027894514       0.1562821      0.16307146     -0.32573014      -0.32573014        254.1071                                 254.1071
              2       126.90841       60.052315     0.027894514      0.15241283      0.14902986     -0.32573014      -0.32573014       254.46828                                254.46828
              1       126.17987       60.052315     0.027894514      0.15716171      0.15432458     -0.32573014      -0.32573014        253.0112                                 253.0112
             12        126.2761       60.052315     0.027894514      0.15865072      0.15391949     -0.32573014      -0.32573014       253.20367                                253.20367
              4       126.22973       60.052315     0.027894514      0.15680659      0.15894994     -0.32573014      -0.32573014       253.11093                                253.11093
              4       126.14602       60.106632     0.028951906      0.15613107      0.15938332     -0.32573014      -0.32573014       252.94349                                252.94349
              1       126.27111       60.045252      0.02772218      0.15693633      0.15889718     -0.32573014      -0.32573014       253.19369                                253.19369
              2       127.58582       60.105157     0.027231585      0.15818356      0.15954598     -0.32573014      -0.32573014       255.82309                                255.82309
              2       128.29105       60.105157     0.027231585      0.15787795       0.1649287     -0.32573014      -0.32573014       257.23357                                257.23357
              1       127.95637       60.131451     0.028147981      0.15706449      0.16509678     -0.32573014      -0.32573014        256.5642                                 256.5642
              1       128.56846       60.131451     0.028147981      0.16265925      0.14772724     -0.32573014      -0.32573014       257.78839                                257.78839
              1       128.45437       60.119911     0.028093908      0.16259765      0.14761757     -0.32573014      -0.32573014       257.56021                                257.56021
              1       128.67212       60.119911     0.028093908      0.16502191      0.14874101     -0.32573014      -0.32573014        257.9957                                 257.9957
              1       128.82242       60.119911     0.028093908      0.16628496      0.16375581     -0.32573014      -0.32573014       258.29631                                258.29631
              3       128.83746        60.11579     0.028012384      0.16633778      0.16372307     -0.32573014      -0.32573014       258.32638                                258.32638
              1       127.79057        60.11579     0.028012384      0.16198484      0.16257321     -0.32573014      -0.32573014       256.23261                                256.23261
              1       127.50952       60.084647     0.027799598        0.161899      0.16228415     -0.32573014      -0.32573014        255.6705                                 255.6705
              1       126.68157       60.084647     0.027799598      0.15572553      0.15646298     -0.32573014      -0.32573014       254.01461                                254.01461
              2       127.60745       60.113314     0.027219555      0.15673757      0.15680906     -0.32573014      -0.32573014       255.86636                                255.86636
              3       128.25335       60.239607     0.028645738      0.15640832      0.15792318     -0.32573014      -0.32573014       257.15816                                257.15816
              1       128.33536       60.070892     0.025680872      0.15812236      0.15654409     -0.32573014      -0.32573014       257.32218                                257.32218
              1       128.58301       60.070892     0.025680872      0.15329827      0.15980751     -0.32573014      -0.32573014       257.81748                                257.81748
              6       128.87932       60.070892     0.025680872      0.15071412      0.15616365     -0.32573014      -0.32573014       258.41011                                258.41011
              1       134.06621       60.070892     0.025680872      0.16018635      0.13627771     -0.32573014      -0.32573014       268.78389                                268.78389
              1       131.14745       60.070892     0.025680872      0.15911835      0.17233968     -0.32573014      -0.32573014       262.94637                                262.94637
              3       128.70772       60.070892     0.025680872      0.15463025      0.16238372     -0.32573014      -0.32573014       258.06691                                258.06691
              5       128.45044       60.111039     0.026883877      0.15307535      0.16277298     -0.32573014      -0.32573014       257.55234                                257.55234
              2       125.27219       60.031651     0.029329195      0.15070505      0.16118594     -0.32573014      -0.32573014       251.19584                                251.19584
              1       126.30391       60.031651     0.029329195      0.16460057      0.14867214     -0.32573014      -0.32573014       253.25928                                253.25928
              1       126.37769       60.031651     0.029329195      0.16548793      0.14969215     -0.32573014      -0.32573014       253.40684                                253.40684
              3       125.70438       60.031651     0.029329195      0.14664013      0.15947414     -0.32573014      -0.32573014       252.06023                                252.06023
              1       125.93665       60.031651     0.029329195      0.14759503      0.14797712     -0.32573014      -0.32573014       252.52475                                252.52475
              1       125.49799       60.031651     0.029329195      0.15025338      0.14813495     -0.32573014      -0.32573014       251.64744                                251.64744
              7       124.62076       60.031651     0.029329195      0.15353772      0.15444858     -0.32573014      -0.32573014       249.89299                                249.89299
              1       124.65817       60.034045     0.029325866      0.15356588      0.15447399     -0.32573014      -0.32573014       249.96781                                249.96781
              2       124.66388       60.034045     0.029325866      0.15351905      0.15614262     -0.32573014      -0.32573014       249.97922                                249.97922
              2        127.3324       60.034045     0.029325866       0.1480112      0.16808716     -0.32573014      -0.32573014       255.31626                                255.31626
              1       125.47916       60.034045     0.029325866      0.16208246      0.15933673     -0.32573014      -0.32573014       251.60978                                251.60978
              1       125.46401       60.034045     0.029325866      0.14754493      0.15199507     -0.32573014      -0.32573014       251.57947                                251.57947
              2       125.56474       60.050046     0.029472465       0.1476293      0.15211122     -0.32573014      -0.32573014       251.78094                                251.78094
              2        126.3898       60.050046     0.029472465      0.15930663      0.14462793     -0.32573014      -0.32573014       253.43107                                253.43107
              1       126.19713       60.050046     0.029472465      0.16114752      0.14639791     -0.32573014      -0.32573014       253.04572                                253.04572
              5       124.76309       60.050046     0.029472465      0.15628798      0.15623629     -0.32573014      -0.32573014       250.17764                                250.17764
              2       129.55503       60.266362     0.027666592      0.15975851      0.15901324     -0.32573014      -0.32573014       259.76151                                259.76151
              1       129.17256       60.250441     0.028091545      0.15293122      0.15787406     -0.32573014      -0.32573014       258.99657                                258.99657
              1        130.7446       60.120185     0.027311265       0.1578022       0.1413435     -0.32573014      -0.32573014       262.14066                                262.14066
              1       129.21194       60.120185     0.027311265      0.16797563      0.15694987     -0.32573014      -0.32573014       259.07535                                259.07535
              4       128.38482       60.120185     0.027311265      0.16405057      0.15975355     -0.32573014      -0.32573014       257.42111                                257.42111
              1       129.11278       60.120185     0.027311265      0.16507923      0.16405483     -0.32573014      -0.32573014       258.87703                                258.87703
              1       128.93181       60.120185     0.027311265      0.16384837      0.16437941     -0.32573014      -0.32573014       258.51507                                258.51507
              1       128.94178       60.120185     0.027311265      0.16402601      0.16425796     -0.32573014      -0.32573014       258.53502                                258.53502
              1         128.197       60.120185     0.027311265      0.15046933      0.15504486     -0.32573014      -0.32573014       257.04547                                257.04547
              2       129.53099       60.120185     0.027311265      0.15687392       0.1447551     -0.32573014      -0.32573014       259.71345                                259.71345
              2       129.87418       60.196109     0.027215958      0.16497771      0.15249394     -0.32573014      -0.32573014       260.39983                                260.39983
              2       130.47161       60.154792     0.025917819      0.16532562        0.152487     -0.32573014      -0.32573014       261.59467                                261.59467
              2       130.64171       60.154792     0.025917819      0.15876103      0.14808501     -0.32573014      -0.32573014       261.93487                                261.93487
              1       128.71547       60.057297     0.026428106      0.15738363      0.14693015     -0.32573014      -0.32573014       258.08239                                258.08239
              1       128.74165       60.047781      0.02609043      0.15700893      0.16649598     -0.32573014      -0.32573014       258.13476                                258.13476
              2       130.78541       60.047781      0.02609043      0.15458787      0.17274797     -0.32573014      -0.32573014       262.22228                                262.22228
              2        130.5863       60.057917     0.026541314      0.15442105      0.17270748     -0.32573014      -0.32573014       261.82407                                261.82407
              1       129.77128       60.057917     0.026541314      0.14539433        0.164745     -0.32573014      -0.32573014       260.19402                                260.19402
              4        127.7094       60.057917     0.026541314      0.15187439      0.15875272     -0.32573014      -0.32573014       256.07026                                256.07026
              1       127.88289       60.039832      0.02888872      0.16731757      0.14679913     -0.32573014      -0.32573014       256.41725                                256.41725
              3       127.40411       60.039832      0.02888872      0.15776089        0.142142     -0.32573014      -0.32573014       255.45968                                255.45968
              1       125.15447       60.039832      0.02888872      0.15716792      0.15406157     -0.32573014      -0.32573014       250.96041                                250.96041
              3       125.96832       60.039832      0.02888872      0.14806909      0.15969693     -0.32573014      -0.32573014       252.58811                                252.58811
              1       125.79804       60.024918     0.028834905      0.14793951      0.15956228     -0.32573014      -0.32573014       252.24755                                252.24755
              1       126.21003       60.002555     0.029445201      0.14336672      0.14844418     -0.32573014      -0.32573014       253.07152                                253.07152
              2       126.78978       60.002555     0.029445201      0.14148978      0.16125536     -0.32573014      -0.32573014       254.23102                                254.23102
              3       127.09512       60.002555     0.029445201      0.14131889      0.16264476     -0.32573014      -0.32573014        254.8417                                 254.8417
              1        129.5509       60.151327     0.029012191      0.14320809      0.16429689     -0.32573014      -0.32573014       259.75325                                259.75325
              1       128.80849       60.164576     0.029943338      0.14264363      0.16285942     -0.32573014      -0.32573014       258.26843                                258.26843
              3       128.51306       60.164576     0.029943338      0.14963799      0.16874141     -0.32573014      -0.32573014       257.67757                                257.67757
              2       127.44692       60.164576     0.029943338        0.145238       0.1553625     -0.32573014      -0.32573014       255.54531                                255.54531
              3       127.76108       60.164576     0.029943338      0.14411965      0.15573152     -0.32573014      -0.32573014       256.17361                                256.17361
              2       128.39473       60.164576     0.029943338      0.15312558      0.16959232     -0.32573014      -0.32573014       257.44091                                257.44091
              1       127.36889       60.164576     0.029943338      0.14924011      0.16409338     -0.32573014      -0.32573014       255.38925                                255.38925
              1       127.54168       60.164576     0.029943338      0.14909423      0.14735459     -0.32573014      -0.32573014       255.73482                                255.73482
              9       126.50453       60.077097     0.029727523      0.14827277        0.146533     -0.32573014      -0.32573014       253.66051                                253.66051
              2       125.89109       60.077097     0.029727523      0.16006306      0.14804912     -0.32573014      -0.32573014       252.43365                                252.43365
              2       126.85574       60.077097     0.029727523      0.14290441      0.15397568     -0.32573014      -0.32573014       254.36294                                254.36294
              2       125.50654       60.077097     0.029727523      0.15245974      0.16172297     -0.32573014      -0.32573014       251.66454                                251.66454
              2       125.21468       60.077097     0.029727523      0.15237206      0.15943889     -0.32573014      -0.32573014       251.08081                                251.08081
              1       124.97109       60.077097     0.029727523      0.15738284      0.15565597     -0.32573014      -0.32573014       250.59363                                250.59363
              1       125.89525       60.093206      0.02893161      0.15804819       0.1560735     -0.32573014      -0.32573014       252.44196                                252.44196
              1       126.49732       60.093206      0.02893161      0.14862781      0.15455629     -0.32573014      -0.32573014        253.6461                                 253.6461
              3       126.23901       60.093206      0.02893161      0.15120397      0.15251219     -0.32573014      -0.32573014       253.12948                                253.12948
              3       126.89432       60.101121      0.02830934      0.15167312        0.152791     -0.32573014      -0.32573014       254.44011                                254.44011
              1       127.83431       60.101121      0.02830934      0.14742811      0.15081302     -0.32573014      -0.32573014       256.32007                                256.32007
              2       127.59151       60.142571     0.029261462      0.14729451      0.15093155     -0.32573014      -0.32573014       255.83449                                255.83449
              1       126.34867       60.142571     0.029261462      0.15349597      0.15609265     -0.32573014      -0.32573014        253.3488                                 253.3488
              1       126.52834       60.096608     0.029140071      0.16226306      0.15119987     -0.32573014      -0.32573014       253.70815                                253.70815
              5       127.61295       60.214788     0.029885216      0.16309376      0.15216529     -0.32573014      -0.32573014       255.87737                                255.87737
              5       126.91038       60.214788     0.029885216      0.15520951      0.15368298     -0.32573014      -0.32573014       254.47222                                254.47222
              1       129.69172       60.214788     0.029885216      0.15787221      0.17167429     -0.32573014      -0.32573014       260.03491                                260.03491
              2       127.41748       60.214788     0.029885216      0.15373336       0.1631185     -0.32573014      -0.32573014       255.48643                                255.48643
              2       127.38284       60.208018     0.029806171      0.15370814      0.16307478     -0.32573014      -0.32573014       255.41713                                255.41713
              2       126.03125       60.120681     0.029752255      0.14946452      0.15741313     -0.32573014      -0.32573014       252.71397                                252.71397
              4         126.128       60.121367     0.029648208        0.149536      0.15745325     -0.32573014      -0.32573014       252.90747                                252.90747
              1       127.38324       60.227322     0.029976958      0.15048952      0.15842691     -0.32573014      -0.32573014       255.41794                                255.41794
              1       129.10747       60.227322     0.029976958      0.14875668      0.14583782     -0.32573014      -0.32573014       258.86641                                258.86641
              4       127.06997       60.227322     0.029976958      0.15285114      0.15560013     -0.32573014      -0.32573014       254.79141                                254.79141
             11       127.04162       60.227322     0.029976958      0.15305659      0.15613241     -0.32573014      -0.32573014       254.73471                                254.73471
              2       125.95252       60.137055     0.029719326      0.15223045      0.15529577     -0.32573014      -0.32573014        252.5565                                 252.5565
              3        125.8046       60.123613     0.029664783      0.15211737      0.15517633     -0.32573014      -0.32573014       252.26067                                252.26067
              3       126.26525       60.104884     0.028811895      0.15243776      0.15525743     -0.32573014      -0.32573014       253.18197                                253.18197
              1       126.40607       60.104884     0.028811895      0.15929991      0.15258594     -0.32573014      -0.32573014       253.46361                                253.46361
              2       126.62358       60.130255     0.028988402      0.15946808      0.15278793     -0.32573014      -0.32573014       253.89863                                253.89863
              1       127.00757       60.130255     0.028988402      0.15248309      0.16271073     -0.32573014      -0.32573014        254.6666                                 254.6666
              3       126.55907       60.130255     0.028988402      0.15690183      0.16051434     -0.32573014      -0.32573014        253.7696                                 253.7696
              1       126.94418       60.130255     0.028988402      0.15803063      0.14952278     -0.32573014      -0.32573014       254.53981                                254.53981
              1       127.08056       60.130255     0.028988402      0.16203167      0.15136784     -0.32573014      -0.32573014       254.81257                                254.81257
              1       127.74442       60.130255     0.028988402      0.15546725      0.16687953     -0.32573014      -0.32573014       256.14031                                256.14031
              4       127.16695       60.130255     0.028988402      0.15568946      0.16444903     -0.32573014      -0.32573014       254.98536                                254.98536
              4       126.69731       60.130255     0.028988402      0.15954021      0.16043941     -0.32573014      -0.32573014       254.04609                                254.04609
              1       129.24968       60.059462     0.027375562      0.15654909      0.17077314     -0.32573014      -0.32573014       259.15081                                259.15081
              1       128.96452       60.059462     0.027375562       0.1520478      0.16928208     -0.32573014      -0.32573014        258.5805                                 258.5805
              3       129.05862       60.059462     0.027375562      0.15114586      0.16924205     -0.32573014      -0.32573014        258.7687                                 258.7687
              2       130.86556       60.059462     0.027375562      0.15104023      0.17395115     -0.32573014      -0.32573014       262.38259                                262.38259
              2       131.26801       60.059462     0.027375562       0.1391174      0.16469735     -0.32573014      -0.32573014       263.18749                                263.18749
              1       131.11288       60.059462     0.027375562      0.13781472      0.15938033     -0.32573014      -0.32573014       262.87722                                262.87722
              1       127.25907       60.059462     0.027375562      0.15741491      0.16319067     -0.32573014      -0.32573014        255.1696                                 255.1696
              1       127.12088       60.036925     0.027134883      0.15731713      0.16303797     -0.32573014      -0.32573014       254.89323                                254.89323
              1       127.12187       60.106419      0.02838766      0.15730449      0.16334615     -0.32573014      -0.32573014        254.8952                                 254.8952
              4       127.42407       60.106419      0.02838766      0.16201245      0.16262853     -0.32573014      -0.32573014       255.49961                                255.49961
              3       125.92335       60.083976     0.029768395      0.16091823      0.16196022     -0.32573014      -0.32573014       252.49816                                252.49816
              1       125.59349       60.083976     0.029768395      0.15572411       0.1624359     -0.32573014      -0.32573014       251.83844                                251.83844
              1       126.68328       60.083976     0.029768395      0.14819028      0.16469672     -0.32573014      -0.32573014       254.01803                                254.01803
              1       126.99436       60.101173     0.029690416      0.14842584       0.1648966     -0.32573014      -0.32573014       254.64018                                254.64018
              1       126.90606       60.101173     0.029690416      0.14483482      0.15948141     -0.32573014      -0.32573014       254.46358                                254.46358
              2       126.37359       60.058588      0.02960266      0.14442429      0.15907595     -0.32573014      -0.32573014       253.39864                                253.39864
              2       125.43194       60.058588      0.02960266      0.16203482      0.15295641     -0.32573014      -0.32573014       251.51534                                251.51534
              3        127.9765       60.058588      0.02960266      0.14475803      0.14309094     -0.32573014      -0.32573014       256.60446                                256.60446
              1        127.5712       60.058588      0.02960266      0.14811982      0.14204274     -0.32573014      -0.32573014       255.79385                                255.79385
              1       126.41813       60.088174     0.029726133       0.1496501      0.14683726     -0.32573014      -0.32573014       253.48772                                253.48772
              2       125.36414       60.088174     0.029726133      0.16006462      0.15583559     -0.32573014      -0.32573014       251.37975                                251.37975
              4       125.12919       60.088174     0.029726133      0.15335153      0.15642662     -0.32573014      -0.32573014       250.90984                                250.90984
              1       126.18634       60.088174     0.029726133      0.15202461      0.14666725     -0.32573014      -0.32573014       253.02414                                253.02414
              4       126.96197       60.046786     0.028203925      0.15250959      0.14673096     -0.32573014      -0.32573014       254.57539                                254.57539
              4       125.27615       60.004194     0.029568104      0.15080206      0.14544212     -0.32573014      -0.32573014       251.20375                                251.20375
              5       124.38201       60.004194     0.029568104      0.15885179      0.15844324     -0.32573014      -0.32573014       249.41549                                249.41549
              3       125.25266         60.0696     0.029692749      0.15955594      0.15906176     -0.32573014      -0.32573014       251.15679                                251.15679
              1       125.68231         60.0696     0.029692749      0.14961878      0.14925812     -0.32573014      -0.32573014       252.01608                                252.01608
              2       126.74837         60.0696     0.029692749      0.15537835      0.14299396     -0.32573014      -0.32573014       254.14819                                254.14819
              1       124.99199         60.0696     0.029692749      0.15854318      0.15427285     -0.32573014      -0.32573014       250.63544                                250.63544
              4        125.8539       60.004335     0.027573912      0.15919368       0.1553022     -0.32573014      -0.32573014       252.35927                                252.35927
              2        127.9727       60.004335     0.027573912      0.15923018      0.16883502     -0.32573014      -0.32573014       256.59687                                256.59687
              6       128.78324       60.004335     0.027573912      0.16681345      0.16678116     -0.32573014      -0.32573014       258.21794                                258.21794
              2       129.79699       60.007936     0.027544609      0.16124077      0.17290632     -0.32573014      -0.32573014       260.24545                                260.24545
              1       128.12994       60.007936     0.027544609       0.1593752      0.16909637     -0.32573014      -0.32573014       256.91134                                256.91134
              1       128.04266       60.002553     0.027547973        0.159308      0.16903421     -0.32573014      -0.32573014       256.73678                                256.73678
              2       128.44451       60.002553     0.027547973      0.16796718      0.16392712     -0.32573014      -0.32573014       257.54048                                257.54048
              3       126.86462       60.002553     0.027547973      0.16150046      0.16352778     -0.32573014      -0.32573014       254.38071                                254.38071
              1       126.25354       60.002553     0.027547973      0.14899865      0.15656792     -0.32573014      -0.32573014       253.15855                                253.15855
              1       125.72845       60.002553     0.027547973      0.15554751      0.15770878     -0.32573014      -0.32573014       252.10836                                252.10836
              1       130.01669       60.002553     0.027547973      0.15263586      0.17416152     -0.32573014      -0.32573014       260.68484                                260.68484
              1        130.2739       60.069258     0.028325049      0.15291304      0.17425575     -0.32573014      -0.32573014       261.19927                                261.19927
              3       129.47796       60.069258     0.028325049      0.13952672      0.15344272     -0.32573014      -0.32573014       259.60739                                259.60739
              2       129.44869       60.060901     0.028219091      0.13949783      0.15343802     -0.32573014      -0.32573014       259.54884                                259.54884
              3       126.77745       60.060901     0.028219091      0.16335472      0.15866611     -0.32573014      -0.32573014       254.20636                                254.20636
              3       129.81812       60.060901     0.028219091      0.17297052      0.15321737     -0.32573014      -0.32573014       260.28771                                260.28771
              6       128.33468       60.060901     0.028219091      0.14287726      0.15173729     -0.32573014      -0.32573014       257.32082                                257.32082
              1       126.09208       60.060901     0.028219091      0.15834523       0.1541484     -0.32573014      -0.32573014       252.83561                                252.83561
              2       128.37207         60.0388     0.027010012      0.14626047        0.150704     -0.32573014      -0.32573014       257.39561                                257.39561
              3       127.72638         60.0388     0.027010012      0.14794598      0.15284357     -0.32573014      -0.32573014       256.10422                                256.10422
              1       127.21038         60.0388     0.027010012      0.16177268         0.15314     -0.32573014      -0.32573014       255.07222                                255.07222
              3       127.01987       60.016352     0.026811069      0.16163696      0.15305663     -0.32573014      -0.32573014       254.69121                                254.69121
              1       127.07173       60.016352     0.026811069      0.16030701      0.15105478     -0.32573014      -0.32573014       254.79493                                254.79493
              2       130.09455       60.016352     0.026811069      0.17263634      0.15322326     -0.32573014      -0.32573014       260.84056                                260.84056
              1       127.43155       60.016352     0.026811069      0.16000073      0.16403439     -0.32573014      -0.32573014       255.51457                                255.51457
              2       126.54708       60.016352     0.026811069      0.15418078      0.15667863     -0.32573014      -0.32573014       253.74562                                253.74562
              1       127.07804       60.016352     0.026811069       0.1528784      0.16230023     -0.32573014      -0.32573014       254.80755                                254.80755
              1       127.58025       60.016352     0.026811069      0.14829704      0.16123103     -0.32573014      -0.32573014       255.81196                                255.81196
              7       126.13505       60.041157     0.028930696      0.14715811      0.15975477     -0.32573014      -0.32573014       252.92155                                252.92155
              4       127.16633       60.041157     0.028930696      0.14259332      0.15748641     -0.32573014      -0.32573014       254.98412                                254.98412
              2       126.57626       60.041157     0.028930696      0.14455981      0.15741568     -0.32573014      -0.32573014       253.80399                                253.80399
              2       126.90019       60.041157     0.028930696      0.14523378       0.1488761     -0.32573014      -0.32573014       254.45184                                254.45184
              1       126.01386       60.041157     0.028930696      0.15094765      0.14797522     -0.32573014      -0.32573014       252.67917                                252.67917
              4       126.01375       60.041156     0.028930805      0.15094756      0.14797511     -0.32573014      -0.32573014       252.67896                                252.67896
              2       126.01993       60.041156     0.028930805      0.14673822      0.15690314     -0.32573014      -0.32573014       252.69132                                252.69132
              2       129.05827       60.148467     0.027113906      0.14926491       0.1595867     -0.32573014      -0.32573014       258.76801                                258.76801
              1       129.25665       60.150584      0.02695042      0.14940136      0.15974502     -0.32573014      -0.32573014       259.16477                                259.16477
              1       130.02293       60.214978     0.027147347      0.15004425       0.1602927     -0.32573014      -0.32573014       260.69732                                260.69732
              1       130.82823       60.214978     0.027147347      0.14779852      0.15263895     -0.32573014      -0.32573014       262.30792                                262.30792
              1        130.4421       60.258477     0.027441552      0.15604399      0.15026043     -0.32573014      -0.32573014       261.53567                                261.53567
              2       129.47488       60.231352     0.028145911      0.15523903      0.14937976     -0.32573014      -0.32573014       259.60122                                259.60122
              1       129.02349       60.231352     0.028145911      0.15682674      0.15157637     -0.32573014      -0.32573014       258.69844                                258.69844
              1       128.69865       60.194101     0.027881314      0.15655707      0.15138394     -0.32573014      -0.32573014       258.04875                                258.04875
              1       129.16924       60.284048     0.028896117      0.15695322      0.15153827     -0.32573014      -0.32573014       258.98993                                258.98993
              1       129.52845       60.284048     0.028896117      0.15822717      0.14956162     -0.32573014      -0.32573014       259.70836                                259.70836
              3       129.02561       60.284048     0.028896117      0.16009952      0.16221808     -0.32573014      -0.32573014       258.70267                                258.70267
              9       126.96423       60.195805     0.029678126      0.15850487      0.16059918     -0.32573014      -0.32573014       254.57992                                254.57992
              1       127.11641       60.195805     0.029678126      0.15056094      0.15567461     -0.32573014      -0.32573014       254.88429                                254.88429
              3        127.1057       60.195805     0.029678126      0.15270457      0.15202032     -0.32573014      -0.32573014       254.86285                                254.86285
              3       125.16563       60.016381     0.029446408      0.15634497      0.14668672     -0.32573014      -0.32573014       250.98272                                250.98272
              1       124.51238       60.016381     0.029446408      0.15861884      0.15712653     -0.32573014      -0.32573014       249.67622                                249.67622
             12       124.38859       60.016381     0.029446408      0.15470188      0.15810442     -0.32573014      -0.32573014       249.42863                                249.42863
              8       124.29298       60.016381     0.029446408      0.15427624      0.15634866     -0.32573014      -0.32573014       249.23742                                249.23742
              1       124.81637       60.016381     0.029446408      0.15212667      0.14894282     -0.32573014      -0.32573014       250.28421                                250.28421
              7       124.73433       60.016381     0.029446408      0.16012947      0.15214313     -0.32573014      -0.32573014       250.12013                                250.12013
              7       124.30954       60.016381     0.029446408      0.15611683      0.15625111     -0.32573014      -0.32573014       249.27053                                249.27053
              3       124.40929       60.016381     0.029446408       0.1532264      0.15797615     -0.32573014      -0.32573014       249.47005                                249.47005
              1       124.62594       60.016381     0.029446408      0.15373256       0.1497513     -0.32573014      -0.32573014       249.90334                                249.90334
              3       124.60122       60.016381     0.029446408        0.154702       0.1498347     -0.32573014      -0.32573014       249.85391                                249.85391
              1       124.42281       60.016381     0.029446408      0.15360233      0.15167207     -0.32573014      -0.32573014       249.49707                                249.49707
             10       124.44124       60.016381     0.029446408      0.15252303        0.152036     -0.32573014      -0.32573014       249.53395                                249.53395
              3       126.02048       60.016381     0.029446408       0.1655096      0.15023896     -0.32573014      -0.32573014       252.69242                                252.69242
              1       125.65807       60.016381     0.029446408      0.14483653      0.15822304     -0.32573014      -0.32573014       251.96759                                251.96759
              3       125.26712       60.016381     0.029446408      0.14696102      0.15079517     -0.32573014      -0.32573014        251.1857                                 251.1857
              2       125.98262        60.06152     0.029631007      0.14965415      0.14712333     -0.32573014      -0.32573014       252.61669                                252.61669
              1       126.94737        60.06152     0.029631007      0.14294868      0.16021237     -0.32573014      -0.32573014        254.5462                                 254.5462
              7        127.5161        60.06152     0.029631007      0.14063874      0.15265239     -0.32573014      -0.32573014       255.68366                                255.68366
              5       125.74462        60.06152     0.029631007      0.16384826      0.15493597     -0.32573014      -0.32573014        252.1407                                 252.1407
              3       125.10382        60.06152     0.029631007      0.15865489      0.15154778     -0.32573014      -0.32573014        250.8591                                 250.8591
              1       124.96983        60.06152     0.029631007      0.15733454      0.15195167     -0.32573014      -0.32573014       250.59112                                250.59112
              1       124.49128          60.028     0.029621343      0.15693688      0.15158993     -0.32573014      -0.32573014       249.63402                                249.63402
              2       124.67629       60.026713     0.029377168      0.15708703      0.15177732     -0.32573014      -0.32573014       250.00405                                250.00405
              7       124.89506       60.026713     0.029377168      0.15972895      0.15825141     -0.32573014      -0.32573014       250.44159                                250.44159
              3        126.9869       60.026713     0.029377168      0.15110126      0.14151832     -0.32573014      -0.32573014       254.62527                                254.62527
              1       125.01204       60.026713     0.029377168       0.1558619      0.16158389     -0.32573014      -0.32573014       250.67554                                250.67554
              1       125.03199       60.026713     0.029377168       0.1558122      0.16171258     -0.32573014      -0.32573014       250.71545                                250.71545
              1       124.95896       60.026713     0.029377168       0.1548427      0.16132375     -0.32573014      -0.32573014       250.56938                                250.56938
              2       124.85004       60.019648     0.029381818      0.15475435      0.16124199     -0.32573014      -0.32573014       250.35154                                250.35154
              3       124.48726       60.019648     0.029381818      0.15297271      0.15748812     -0.32573014      -0.32573014       249.62598                                249.62598
              1       125.33719       60.019648     0.029381818      0.15003124      0.16237474     -0.32573014      -0.32573014       251.32584                                251.32584
              3       125.64563       60.019648     0.029381818      0.15282929        0.164926     -0.32573014      -0.32573014       251.94272                                251.94272
              3       126.83521       60.019648     0.029381818      0.16631929      0.16295668     -0.32573014      -0.32573014       254.32188                                254.32188
              2       125.94782       60.019648     0.029381818      0.15315752      0.16613142     -0.32573014      -0.32573014        252.5471                                 252.5471
              1       125.04267       60.019648     0.029381818      0.15227025      0.16190412     -0.32573014      -0.32573014       250.73679                                250.73679
              3       126.16867       60.019648     0.029381818      0.16617182      0.15864175     -0.32573014      -0.32573014       252.98881                                252.98881
              2       124.82127       60.019648     0.029381818      0.15094778      0.15959928     -0.32573014      -0.32573014       250.29399                                250.29399
              1       124.58107       60.019648     0.029381818         0.15077      0.15469903     -0.32573014      -0.32573014       249.81361                                249.81361
              1       124.97056       60.037433     0.029218067      0.15109555      0.15503037     -0.32573014      -0.32573014       250.59258                                250.59258
              1       124.87859       60.037433     0.029218067      0.15334028      0.15288937     -0.32573014      -0.32573014       250.40864                                250.40864
              8       125.47845       60.037433     0.029218067      0.15974015       0.1611838     -0.32573014      -0.32573014       251.60837                                251.60837
              1       126.40589       60.037433     0.029218067      0.15838158      0.16622293     -0.32573014      -0.32573014       253.46324                                253.46324
              1       126.27579       60.045862     0.029490821      0.15829818      0.16609072     -0.32573014      -0.32573014       253.20304                                253.20304
              1       126.20345       60.045862     0.029490821      0.16375828       0.1484854     -0.32573014      -0.32573014       253.05835                                253.05835
              2       125.37324       60.045862     0.029490821      0.16017826      0.14975676     -0.32573014      -0.32573014       251.39794                                251.39794
              2       126.37755       60.045862     0.029490821      0.16502877      0.16117143     -0.32573014      -0.32573014       253.40657                                253.40657
              5       126.18639       60.045862     0.029490821      0.15115565      0.16555507     -0.32573014      -0.32573014       253.02423                                253.02423
              1       125.10785       60.045862     0.029490821      0.15025559      0.15882496     -0.32573014      -0.32573014       250.86715                                250.86715
              1       125.60929       60.045862     0.029490821      0.15956565      0.14783182     -0.32573014      -0.32573014       251.87005                                251.87005
              3       125.97673       60.045862     0.029490821      0.15283138      0.14522881     -0.32573014      -0.32573014       252.60492                                252.60492
              1       126.02432       60.045862     0.029490821      0.16418386      0.15037811     -0.32573014      -0.32573014       252.70009                                252.70009
              6        125.2352       60.045862     0.029490821      0.16017959      0.15959632     -0.32573014      -0.32573014       251.12185                                251.12185
              2       124.85267       60.045862     0.029490821      0.15729198      0.15845623     -0.32573014      -0.32573014        250.3568                                 250.3568
              1       126.56067       60.049079     0.027634661      0.15859007      0.16002406     -0.32573014      -0.32573014       253.77281                                253.77281
              2       127.46565       60.049079     0.027634661      0.16551187      0.15496017     -0.32573014      -0.32573014       255.58276                                255.58276
              1        127.5135       60.049079     0.027634661      0.15991588       0.1652552     -0.32573014      -0.32573014       255.67847                                255.67847
              2       126.61875       60.049079     0.027634661      0.15153629       0.1585473     -0.32573014      -0.32573014       253.88896                                253.88896
              1       126.49055       60.049079     0.027634661      0.15515341      0.16007461     -0.32573014      -0.32573014       253.63255                                253.63255
              2        126.8878       60.049079     0.027634661       0.1614337      0.16039644     -0.32573014      -0.32573014       254.42706                                254.42706
              2       127.12647       60.152653     0.029108147        0.161683      0.16032242     -0.32573014      -0.32573014       254.90441                                254.90441
              5       126.77734       60.090313     0.028446806      0.16137994      0.16018078     -0.32573014      -0.32573014       254.20614                                254.20614
              4         126.726       60.090313     0.028446806      0.15957158      0.16151531     -0.32573014      -0.32573014       254.10347                                254.10347
              1       124.76634       60.065029      0.02974292       0.1551681      0.15719985     -0.32573014      -0.32573014       250.18414                                250.18414
              3       124.79399       60.065029      0.02974292      0.15369732      0.15728122     -0.32573014      -0.32573014       250.23944                                250.23944
              1       124.98527       60.065029      0.02974292      0.15417956      0.15978496     -0.32573014      -0.32573014       250.62201                                250.62201
              5       124.98712       60.065029      0.02974292      0.15414141      0.15979346     -0.32573014      -0.32573014       250.62569                                250.62569
              3       124.94288       60.065029      0.02974292      0.15424025      0.15940695     -0.32573014      -0.32573014       250.53722                                250.53722
              1       125.54706       60.065029      0.02974292      0.16121628       0.1605087     -0.32573014      -0.32573014       251.74558                                251.74558
              5       125.95384       60.065029      0.02974292      0.16075556      0.16335432     -0.32573014      -0.32573014       252.55915                                252.55915
              1       124.87035       60.065029      0.02974292      0.15169307      0.15595905     -0.32573014      -0.32573014       250.39216                                250.39216
              2       125.45143       60.096007     0.029589562      0.15207051      0.15631834     -0.32573014      -0.32573014       251.55432                                251.55432
              8       125.47317       60.096007     0.029589562      0.15267879      0.15319749     -0.32573014      -0.32573014       251.59779                                251.59779
              1       127.85741       60.096007     0.029589562      0.16841068      0.14997218     -0.32573014      -0.32573014       256.36629                                256.36629
              3       127.94786       60.092619     0.029425626      0.16848048      0.15006898     -0.32573014      -0.32573014       256.54718                                256.54718
              4       125.51496       60.092619     0.029425626      0.15844188       0.1548213     -0.32573014      -0.32573014       251.68139                                251.68139
              2       125.43204       60.092619     0.029425626      0.15701588      0.15486941     -0.32573014      -0.32573014       251.51553                                251.51553
              3       125.77617       60.092619     0.029425626      0.15148532      0.15191483     -0.32573014      -0.32573014        252.2038                                 252.2038
             10       125.23762       60.011805     0.028639639      0.15122969      0.15187078     -0.32573014      -0.32573014        251.1267                                 251.1267
              1       126.03559          60.045     0.028264893      0.15176347      0.15241426     -0.32573014      -0.32573014       252.72264                                252.72264
              2       127.70264          60.045     0.028264893      0.14903112      0.14512615     -0.32573014      -0.32573014       256.05674                                256.05674
              1       128.55882          60.045     0.028264893      0.15108846      0.14148745     -0.32573014      -0.32573014       257.76911                                257.76911
              1       128.31133          60.045     0.028264893      0.16670638      0.14668963     -0.32573014      -0.32573014       257.27412                                257.27412
              1       126.61368          60.045     0.028264893      0.16292819      0.16027816     -0.32573014      -0.32573014       253.87882                                253.87882
              2       126.66588          60.045     0.028264893      0.15873022      0.14763614     -0.32573014      -0.32573014       253.98323                                253.98323
              3       125.85906          60.045     0.028264893      0.15785577      0.15299073     -0.32573014      -0.32573014       252.36957                                252.36957
              3       126.09846          60.045     0.028264893      0.15566496      0.15018828     -0.32573014      -0.32573014       252.84839                                252.84839
              2       125.99358          60.045     0.028264893      0.15460775      0.15109164     -0.32573014      -0.32573014       252.63861                                252.63861
              5       125.73504          60.045     0.028264893      0.15472953      0.15743881     -0.32573014      -0.32573014       252.12154                                252.12154
              4       125.85972          60.045     0.028264893      0.15634354      0.15943747     -0.32573014      -0.32573014       252.37091                                252.37091
              1       125.00561       60.057533     0.029444755       0.1557329       0.1586475     -0.32573014      -0.32573014       250.66268                                250.66268
              1       125.66576       60.057533     0.029444755      0.15332627      0.16312588     -0.32573014      -0.32573014       251.98297                                251.98297
              1       126.91377       60.057533     0.029444755      0.14363841      0.15003146     -0.32573014      -0.32573014       254.47901                                254.47901
              1       128.96606       60.057533     0.029444755       0.1394093      0.14672031     -0.32573014      -0.32573014       258.58359                                258.58359
              1       128.95514       60.057533     0.029444755      0.14136479      0.14385805     -0.32573014      -0.32573014       258.56174                                258.56174
             11       125.47394       60.057533     0.029444755      0.15329802      0.14866622     -0.32573014      -0.32573014       251.59934                                251.59934
              2       125.01844       60.057533     0.029444755      0.15169227      0.15522819     -0.32573014      -0.32573014       250.68833                                250.68833
              6       125.56249       60.057533     0.029444755      0.14780806       0.1562234     -0.32573014      -0.32573014       251.77644                                251.77644
              1       127.77438       60.057533     0.029444755      0.14818162      0.14187436     -0.32573014      -0.32573014       256.20023                                256.20023
              1       126.01755       60.057533     0.029444755      0.16038283       0.1633522     -0.32573014      -0.32573014       252.68657                                252.68657
              3       125.17394       60.057533     0.029444755      0.15817537      0.15146436     -0.32573014      -0.32573014       250.99933                                250.99933
              1       125.92495       60.025902     0.027998932      0.15877491      0.15230434     -0.32573014      -0.32573014       252.50136                                252.50136
              1       125.86092       60.025902     0.027998932      0.15751034      0.15211212     -0.32573014      -0.32573014        252.3733                                 252.3733
              3       125.98615       60.025902     0.027998932      0.15819484       0.1512834     -0.32573014      -0.32573014       252.62376                                252.62376
              5       125.96498       60.025902     0.027998932      0.15837822      0.15158793     -0.32573014      -0.32573014       252.58142                                252.58142
              1       126.21177       60.025902     0.027998932      0.16134767      0.15236139     -0.32573014      -0.32573014       253.07499                                253.07499
              2       126.42083       60.025902     0.027998932      0.15910578      0.16287432     -0.32573014      -0.32573014       253.49312                                253.49312
              2       126.57595       60.025902     0.027998932      0.16182886      0.14990097     -0.32573014      -0.32573014       253.80336                                253.80336
              1       125.91355       60.025902     0.027998932      0.15843153      0.15214147     -0.32573014      -0.32573014       252.47856                                252.47856
              1       126.62957       60.025902     0.027998932      0.15602947      0.16468441     -0.32573014      -0.32573014        253.9106                                 253.9106
              2       125.97859       60.025902     0.027998932      0.15114868      0.15326248     -0.32573014      -0.32573014       252.60864                                252.60864
              4       126.40981       60.025902     0.027998932      0.14872408       0.1522314     -0.32573014      -0.32573014       253.47109                                253.47109
              6       126.76404       60.025902     0.027998932      0.14897073      0.14915954     -0.32573014      -0.32573014       254.17953                                254.17953
              1        127.3896       60.025902     0.027998932      0.15482638      0.14406725     -0.32573014      -0.32573014       255.43066                                255.43066
              3        125.8666       60.025902     0.027998932      0.15673927      0.15175137     -0.32573014      -0.32573014       252.38466                                252.38466
              2       126.99379       60.025902     0.027998932      0.16584601      0.15465499     -0.32573014      -0.32573014       254.63905                                254.63905
              2       126.05651       60.015903     0.028337128      0.16350021      0.15501839     -0.32573014      -0.32573014       252.76449                                252.76449
              2       127.62386       60.015903     0.028337128      0.15772481        0.141904     -0.32573014      -0.32573014       255.89919                                255.89919
              1       127.68308       60.015903     0.028337128       0.1581395      0.14181154     -0.32573014      -0.32573014       256.01763                                256.01763
              3       126.87208       60.034655     0.029740918      0.15744807      0.14090187     -0.32573014      -0.32573014       254.39562                                254.39562
              2       124.51772       60.034655     0.029740918      0.15050675      0.15449758     -0.32573014      -0.32573014       249.68691                                249.68691
              3       124.41636       60.034655     0.029740918      0.15396479      0.15182491     -0.32573014      -0.32573014       249.48419                                249.48419
              3       123.81877       60.003669     0.029875405      0.15388684       0.1518851     -0.32573014      -0.32573014       248.28899                                248.28899
              3       124.01862       60.003669     0.029875405      0.15920007       0.1537214     -0.32573014      -0.32573014       248.68871                                248.68871
              2       124.30185       60.003669     0.029875405      0.16103726      0.15614356     -0.32573014      -0.32573014       249.25516                                249.25516
              1       123.85694       60.003669     0.029875405      0.15574234      0.15770047     -0.32573014      -0.32573014       248.36534                                248.36534
              6       124.36536       60.003669     0.029875405      0.16112634      0.15219002     -0.32573014      -0.32573014       249.38219                                249.38219
              2       125.23952       60.003669     0.029875405      0.15214488      0.14390241     -0.32573014      -0.32573014       251.13051                                251.13051
              2       124.81343       60.003669     0.029875405      0.14542715      0.15682193     -0.32573014      -0.32573014       250.27832                                250.27832
              3       124.16759       60.003669     0.029875405      0.15920589      0.15821096     -0.32573014      -0.32573014       248.98663                                248.98663
              1       124.18601       60.003669     0.029875405      0.15947026      0.15804361     -0.32573014      -0.32573014       249.02347                                249.02347
              1       124.12164       60.003669     0.029875405      0.15067674      0.15044625     -0.32573014      -0.32573014       248.89474                                248.89474
              3       124.99916       60.003669     0.029875405      0.14991123      0.16365518     -0.32573014      -0.32573014       250.64977                                250.64977
              3       125.62872       60.003669     0.029875405      0.16013485      0.16556027     -0.32573014      -0.32573014        251.9089                                 251.9089
              5       126.03373       60.022828     0.029730863      0.16039883      0.16581991     -0.32573014      -0.32573014       252.71892                                252.71892
              3       125.50387       60.022828     0.029730863      0.16190473      0.16247405     -0.32573014      -0.32573014       251.65919                                251.65919
              2       124.82145       60.022828     0.029730863      0.15789434      0.16164632     -0.32573014      -0.32573014       250.29436                                250.29436
              2        125.6439       60.022828     0.029730863      0.16406772      0.16056433     -0.32573014      -0.32573014       251.93926                                251.93926
              4       124.29104       60.022828     0.029730863      0.15294343      0.15163309     -0.32573014      -0.32573014       249.23354                                249.23354
              2       124.43616       60.020871     0.029520657      0.15305475      0.15177601     -0.32573014      -0.32573014       249.52379                                249.52379
              3       124.83285       60.020871     0.029520657      0.15039866      0.14994814     -0.32573014      -0.32573014       250.31717                                250.31717
              3       124.69515       60.020871     0.029520657      0.15041759      0.15116267     -0.32573014      -0.32573014       250.04177                                250.04177
              3        124.4569       60.020871     0.029520657       0.1576138      0.15237587     -0.32573014      -0.32573014       249.56525                                249.56525
              1       124.38425       60.020871     0.029520657      0.15752996      0.15374815     -0.32573014      -0.32573014       249.41996                                249.41996
              2       124.59021       60.020871     0.029520657      0.15895615      0.15218255     -0.32573014      -0.32573014       249.83188                                249.83188
              1       125.21943       60.020871     0.029520657      0.14782902      0.14982906     -0.32573014      -0.32573014       251.09033                                251.09033
              1       128.26656       60.020871     0.029520657      0.17026433      0.16363342     -0.32573014      -0.32573014       257.18457                                257.18457
              1       126.89417       60.020871     0.029520657      0.16900285      0.15687988     -0.32573014      -0.32573014       254.43979                                254.43979
              1       127.14152       60.013945     0.029122084      0.16918452      0.15712555     -0.32573014      -0.32573014       254.93451                                254.93451
              4       125.61962       60.013945     0.029122084      0.14556031      0.15599608     -0.32573014      -0.32573014        251.8907                                 251.8907
              1       125.68945       60.013945     0.029122084      0.14965022      0.14694913     -0.32573014      -0.32573014       252.03037                                252.03037
              1       125.76113       60.013945     0.029122084      0.16488035      0.15497865     -0.32573014      -0.32573014       252.17372                                252.17372
              1       125.71893       60.013945     0.029122084      0.16471366      0.15503458     -0.32573014      -0.32573014       252.08932                                252.08932
              1       124.97372       60.013945     0.029122084      0.14878545      0.15492741     -0.32573014      -0.32573014       250.59891                                250.59891
              3        125.0803       60.013945     0.029122084      0.14875412      0.15228023     -0.32573014      -0.32573014       250.81206                                250.81206
              8       124.98927       60.013945     0.029122084      0.14919984      0.15262959     -0.32573014      -0.32573014       250.62999                                250.62999
              6        124.7479       60.000268     0.029190433       0.1490328      0.15247047     -0.32573014      -0.32573014       250.14727                                250.14727
              1       124.80062       60.000268     0.029190433      0.16020959      0.15127982     -0.32573014      -0.32573014       250.25269                                250.25269
              9       124.68393       60.000268     0.029190433      0.16051397      0.15400604     -0.32573014      -0.32573014       250.01931                                250.01931
              2       126.03906       60.000268     0.029190433      0.16660183      0.15470024     -0.32573014      -0.32573014       252.72958                                252.72958
              2       124.57843       60.000268     0.029190433      0.15913088      0.15237974     -0.32573014      -0.32573014       249.80832                                249.80832
              2       124.27692       60.000268     0.029190433      0.15331226      0.15503872     -0.32573014      -0.32573014        249.2053                                 249.2053
              1       124.80599       60.080114     0.029934722      0.15358467      0.15510655     -0.32573014      -0.32573014       250.26344                                250.26344
              3       126.45764       60.080114     0.029934722      0.14436637      0.15121047     -0.32573014      -0.32573014       253.56673                                253.56673
              2       126.32439       60.080114     0.029934722      0.14679839      0.14802095     -0.32573014      -0.32573014       253.30024                                253.30024
              1       125.60757       60.080114     0.029934722      0.14911097      0.14986261     -0.32573014      -0.32573014        251.8666                                 251.8666
              1       126.94007       60.080114     0.029934722       0.1562064      0.14224592     -0.32573014      -0.32573014       254.53161                                254.53161
              3        130.1301       60.293956     0.029982701      0.15813168      0.14389271     -0.32573014      -0.32573014       260.91166                                260.91166
              5       126.98737        60.00679     0.028470655      0.15643602      0.14277151     -0.32573014      -0.32573014       254.62621                                254.62621
              2       126.48715        60.00679     0.028470655      0.14468117      0.15848459     -0.32573014      -0.32573014       253.62577                                253.62577
              2        126.4035       60.004148     0.028524591      0.14462388      0.15842318     -0.32573014      -0.32573014       253.45846                                253.45846
              1       125.49374       60.004148     0.028524591      0.14891848      0.15851943     -0.32573014      -0.32573014       251.63895                                251.63895
              2       125.43998        60.04885     0.029341861      0.14882478      0.15825572     -0.32573014      -0.32573014       251.53142                                251.53142
              4       125.45198        60.04885     0.029341861      0.14872317      0.15819428     -0.32573014      -0.32573014       251.55542                                251.55542
              1       125.01386        60.04885     0.029341861      0.15845347      0.15724316     -0.32573014      -0.32573014       250.67919                                250.67919
              2       125.01001        60.04885     0.029341861      0.15838362      0.15339463     -0.32573014      -0.32573014       250.67147                                250.67147
              6       126.18669        60.04885     0.029341861      0.15199896      0.16524932     -0.32573014      -0.32573014       253.02484                                253.02484
              3       125.73388        60.04885     0.029341861       0.1492074      0.16139012     -0.32573014      -0.32573014       252.11922                                252.11922
              2       124.83253        60.04885     0.029341861       0.1557788      0.15521919     -0.32573014      -0.32573014       250.31652                                250.31652
              3       124.97948       60.058478     0.029334051      0.15587161      0.15530085     -0.32573014      -0.32573014       250.61041                                250.61041
              1       125.32969       60.058478     0.029334051      0.15270516      0.15075066     -0.32573014      -0.32573014       251.31084                                251.31084
              1       125.72678       60.058478     0.029334051      0.15649231      0.14780148     -0.32573014      -0.32573014       252.10502                                252.10502
              4       125.18834       60.058478     0.029334051      0.15920096      0.15640554     -0.32573014      -0.32573014       251.02815                                251.02815
              3       124.85466       60.046051     0.029510152      0.15897912       0.1561751     -0.32573014      -0.32573014       250.36079                                250.36079
              5       126.51313       60.046051     0.029510152      0.16500931      0.16210699     -0.32573014      -0.32573014       253.67773                                253.67773
              1       125.64043       60.046051     0.029510152      0.16336558       0.1523015     -0.32573014      -0.32573014       251.93233                                251.93233
              1       126.63811       60.046051     0.029510152      0.16589309      0.16143645     -0.32573014      -0.32573014       253.92768                                253.92768
              2       125.83085       60.046051     0.029510152      0.15412664       0.1649052     -0.32573014      -0.32573014       252.31317                                252.31317
              2        125.9762       60.024843     0.029017548      0.15423555       0.1651093     -0.32573014      -0.32573014       252.60386                                252.60386
              1       125.30986       60.024843     0.029017548      0.15118214      0.14992589     -0.32573014      -0.32573014       251.27118                                251.27118
              2       125.38997       60.024843     0.029017548      0.14908572      0.15153032     -0.32573014      -0.32573014        251.4314                                 251.4314
              1       124.99841       60.048691     0.029926015      0.14874533       0.1510338     -0.32573014      -0.32573014       250.64828                                250.64828
              5       124.67027       60.048691     0.029926015      0.15445405      0.14981956     -0.32573014      -0.32573014       249.99201                                249.99201
              3       124.67003       60.048691     0.029926015       0.1544599        0.149821     -0.32573014      -0.32573014       249.99152                                249.99152
              2       124.54148       60.048691     0.029926015      0.15283477      0.15141551     -0.32573014      -0.32573014       249.73443                                249.73443
              1       124.83626       60.048691     0.029926015       0.1497833      0.15118633     -0.32573014      -0.32573014       250.32398                                250.32398
              6       124.44296       60.048691     0.029926015      0.15653062      0.15252732     -0.32573014      -0.32573014       249.53739                                249.53739
              1        124.4314       60.048691     0.029926015       0.1573451      0.15639904     -0.32573014      -0.32573014       249.51426                                249.51426
              3       124.35861       60.048691     0.029926015      0.15613454      0.15592427     -0.32573014      -0.32573014       249.36868                                249.36868
              1       124.95269       60.048691     0.029926015      0.15463106      0.16208656     -0.32573014      -0.32573014       250.55684                                250.55684
              1       124.90813       60.030114     0.029665516      0.15463924      0.16207221     -0.32573014      -0.32573014       250.46772                                250.46772
              1       125.71934       60.030114     0.029665516      0.14485221      0.15120162     -0.32573014      -0.32573014       252.09015                                252.09015
              3       125.35871       60.030114     0.029665516      0.14928345      0.14757578     -0.32573014      -0.32573014       251.36888                                251.36888
              4       124.86371       60.030114     0.029665516      0.15249998      0.14858305     -0.32573014      -0.32573014       250.37888                                250.37888
              1       125.07648       60.030114     0.029665516      0.15236116      0.16258008     -0.32573014      -0.32573014       250.80441                                250.80441
              2       125.10259       60.030114     0.029665516      0.16264617      0.15668586     -0.32573014      -0.32573014       250.85664                                250.85664
              4       124.59069       60.030114     0.029665516      0.15914441      0.15735235     -0.32573014      -0.32573014       249.83284                                249.83284
              1       124.58533       60.030114     0.029665516      0.15939779      0.15667378     -0.32573014      -0.32573014       249.82213                                249.82213
              1       126.27156       60.030114     0.029665516       0.1587105      0.16695094     -0.32573014      -0.32573014       253.19458                                253.19458
              1       125.33089       60.030114     0.029665516       0.1627959      0.15931139     -0.32573014      -0.32573014       251.31325                                251.31325
              2       125.30102       60.030114     0.029665516      0.16328922      0.15218261     -0.32573014      -0.32573014       251.25349                                251.25349
              2       124.78574       60.030114     0.029665516      0.16089561      0.15343681     -0.32573014      -0.32573014       250.22294                                250.22294
              1        125.1798       60.030114     0.029665516      0.16309688      0.15374165     -0.32573014      -0.32573014       251.01105                                251.01105
              4       125.00956       60.030114     0.029665516      0.15397358      0.14742361     -0.32573014      -0.32573014       250.67059                                250.67059
              4       126.19198       60.092487     0.029343937      0.15477663      0.14815234     -0.32573014      -0.32573014       253.03542                                253.03542
              2       125.61207       60.092487     0.029343937       0.1544923      0.15243662     -0.32573014      -0.32573014       251.87561                                251.87561
              2       125.75893       60.092487     0.029343937      0.15123967      0.15798109     -0.32573014      -0.32573014       252.16932                                252.16932
              2       125.06992       60.047171     0.029379358      0.15079385      0.15756442     -0.32573014      -0.32573014       250.79131                                250.79131
              1       124.97912       60.047171     0.029379358      0.15253802      0.15214328     -0.32573014      -0.32573014        250.6097                                 250.6097
              2       125.71991       60.047171     0.029379358       0.1636512      0.15637621     -0.32573014      -0.32573014       252.09129                                252.09129
              3       125.82983       60.047171     0.029379358      0.16083806      0.16242607     -0.32573014      -0.32573014       252.31111                                252.31111
             10       125.06328       60.047171     0.029379358      0.15152117      0.15852622     -0.32573014      -0.32573014       250.77802                                250.77802
              1       124.94251       60.047171     0.029379358      0.15243259      0.15274975     -0.32573014      -0.32573014       250.53649                                250.53649
              2       125.78488       60.047171     0.029379358      0.15431401      0.14635823     -0.32573014      -0.32573014       252.22121                                252.22121
              3       126.20335       60.047171     0.029379358      0.15490652      0.14463313     -0.32573014      -0.32573014       253.05817                                253.05817
              1       127.01635       60.008156     0.027733172      0.15568682      0.14522832     -0.32573014      -0.32573014       254.68416                                254.68416
              1       126.09236       60.008156     0.027733172      0.16174848      0.15567286     -0.32573014      -0.32573014       252.83618                                252.83618
              3       125.91503       60.008156     0.027733172      0.15601885      0.16072365     -0.32573014      -0.32573014       252.48152                                252.48152
              1       127.11361       60.008156     0.027733172      0.16632259      0.15411207     -0.32573014      -0.32573014       254.87867                                254.87867
              1       126.64332       60.008156     0.027733172      0.14660504      0.15520472     -0.32573014      -0.32573014        253.9381                                 253.9381
              2        125.6357       60.008156     0.027733172      0.15428122      0.15516449     -0.32573014      -0.32573014       251.92286                                251.92286
              4       126.68077       60.008156     0.027733172      0.14645586      0.15658047     -0.32573014      -0.32573014         254.013                                  254.013
              2       127.51508       60.155281     0.029323777      0.14671906      0.15696287     -0.32573014      -0.32573014       255.68162                                255.68162
              1       128.00754       60.061466     0.027073081      0.14740968      0.15742247     -0.32573014      -0.32573014       256.66653                                256.66653
              2       127.34175       60.061466     0.027073081      0.15180917      0.15372503     -0.32573014      -0.32573014       255.33496                                255.33496
              1        126.8652       60.008418     0.026703225      0.15157287      0.15347129     -0.32573014      -0.32573014       254.38186                                254.38186
              8       126.98769       60.008418     0.026703225      0.14994722      0.15580726     -0.32573014      -0.32573014       254.62684                                254.62684
              1       129.41814       60.008418     0.026703225      0.15033759      0.17042515     -0.32573014      -0.32573014       259.48773                                259.48773
              1       130.44661       60.164987     0.028182794      0.15076568      0.17095336     -0.32573014      -0.32573014       261.54469                                261.54469
              2        131.1663       60.164987     0.028182794      0.14229789      0.16570103     -0.32573014      -0.32573014       262.98407                                262.98407
              2       130.30896        60.14948     0.028954258      0.14161811      0.16512643     -0.32573014      -0.32573014       261.26938                                261.26938
              2       128.69841        60.14948     0.028954258      0.14490701      0.16226252     -0.32573014      -0.32573014       258.04828                                258.04828
              1       128.57993       60.123428     0.028635148       0.1448864      0.16221611     -0.32573014      -0.32573014       257.81132                                257.81132
              1       127.77506       60.123428     0.028635148      0.14637561      0.15774052     -0.32573014      -0.32573014       256.20157                                256.20157
              1       128.18766       60.123428     0.028635148      0.14792067        0.148455     -0.32573014      -0.32573014       257.02679                                257.02679
              1        125.6353        60.00732     0.029689044      0.14610969      0.14683946     -0.32573014      -0.32573014       251.92206                                251.92206
              2       125.30196        60.00732     0.029689044      0.14834968      0.14642013     -0.32573014      -0.32573014       251.25537                                251.25537
              3        125.8598        60.00732     0.029689044      0.15980224      0.14357072     -0.32573014      -0.32573014       252.37106                                252.37106
              1       124.75286        60.00732     0.029689044      0.16020469       0.1605513     -0.32573014      -0.32573014       250.15719                                250.15719
              3       124.89553        60.00732     0.029689044      0.14819501      0.16075356     -0.32573014      -0.32573014       250.44252                                250.44252
              2       125.24103       60.018153     0.029460406      0.14845445      0.16097843     -0.32573014      -0.32573014       251.13351                                251.13351
              2       125.21096       60.018153     0.029460406      0.15483994      0.16360128     -0.32573014      -0.32573014       251.07338                                251.07338
              1       125.45063       60.018153     0.029460406      0.15252017      0.16437231     -0.32573014      -0.32573014       251.55271                                251.55271
              2       125.58899       60.018153     0.029460406      0.15505818      0.16519623     -0.32573014      -0.32573014       251.82944                                251.82944
              4       125.17893       60.018153     0.029460406      0.14986936      0.16185127     -0.32573014      -0.32573014       251.00931                                251.00931
              1       125.59532       60.018153     0.029460406      0.14495395      0.15244352     -0.32573014      -0.32573014        251.8421                                 251.8421
              1       124.50985       60.018153     0.029460406      0.15546315      0.15078448     -0.32573014      -0.32573014       249.67117                                249.67117
              2       124.37322       60.018153     0.029460406      0.15676347      0.15315465     -0.32573014      -0.32573014        249.3979                                 249.3979
              1       125.67153       60.018153     0.029460406      0.15309942      0.16537893     -0.32573014      -0.32573014       251.99452                                251.99452
              1       124.74493       60.018153     0.029460406      0.14996527      0.15134267     -0.32573014      -0.32573014       250.14132                                250.14132
              1       125.85146       60.018153     0.029460406      0.15155082      0.14430952     -0.32573014      -0.32573014       252.35438                                252.35438
              1       127.90129       60.018153     0.029460406      0.17071949      0.14949095     -0.32573014      -0.32573014       256.45404                                256.45404
              5       126.72243       60.018153     0.029460406      0.16659078      0.14773506     -0.32573014      -0.32573014       254.09633                                254.09633
              1       125.41504       60.018153     0.029460406      0.16298641       0.1596889     -0.32573014      -0.32573014       251.48155                                251.48155
              8       124.93901       60.018153     0.029460406       0.1619697      0.15505153     -0.32573014      -0.32573014       250.52948                                250.52948
              2       125.14882       60.037005     0.029532907      0.16209459      0.15517524     -0.32573014      -0.32573014       250.94911                                250.94911
              1       125.75634       60.037005     0.029532907      0.15785762      0.14555291     -0.32573014      -0.32573014       252.16415                                252.16415
              1       124.89384       60.037005     0.029532907      0.16040973       0.1563063     -0.32573014      -0.32573014       250.43915                                250.43915
              2       124.84105       60.037005     0.029532907      0.15975116      0.15715153     -0.32573014      -0.32573014       250.33355                                250.33355
              3       124.61651       60.037005     0.029532907      0.15417498      0.15207308     -0.32573014      -0.32573014       249.88448                                249.88448
              1       126.09563       60.037005     0.029532907      0.16066593      0.14543724     -0.32573014      -0.32573014       252.84273                                252.84273
              1       126.37877       60.086418       0.0291733      0.14864681      0.15130459     -0.32573014      -0.32573014       253.40901                                253.40901
              2       127.63357       60.086418       0.0291733      0.14900027      0.14461014     -0.32573014      -0.32573014       255.91861                                255.91861
              6       127.72893       60.086418       0.0291733       0.1480342      0.14489173     -0.32573014      -0.32573014       256.10933                                256.10933
              3       127.78432        60.07622      0.02892122      0.14811443      0.14494592     -0.32573014      -0.32573014       256.22009                                256.22009
              4       128.55275       60.117688     0.028729308      0.14863313      0.14541795     -0.32573014      -0.32573014       257.75696                                257.75696
              1       127.50318       60.117688     0.028729308      0.15256942      0.14743544     -0.32573014      -0.32573014       255.65781                                255.65781
              1       128.04074       60.117688     0.028729308      0.16177692       0.1663078     -0.32573014      -0.32573014       256.73293                                256.73293
              1       128.06267        60.12081     0.028755813      0.16178753      0.16632003     -0.32573014      -0.32573014        256.7768                                 256.7768
              2       128.20993        60.12081     0.028755813      0.16382276      0.16548528     -0.32573014      -0.32573014       257.07132                                257.07132
              1       126.78299        60.12081     0.028755813      0.15943162      0.16080458     -0.32573014      -0.32573014       254.21745                                254.21745
              3       126.73069        60.12081     0.028755813      0.16044505      0.15916594     -0.32573014      -0.32573014       254.11283                                254.11283
              1       126.63695        60.12081     0.028755813      0.15936952      0.15931657     -0.32573014      -0.32573014       253.92537                                253.92537
              4       127.16825        60.12081     0.028755813      0.15084013      0.15043584     -0.32573014      -0.32573014       254.98796                                254.98796
              1       128.80589        60.12081     0.028755813      0.15819036      0.14258926     -0.32573014      -0.32573014       258.26324                                258.26324
              1       129.47997        60.12081     0.028755813      0.15888076      0.14086813     -0.32573014      -0.32573014        259.6114                                 259.6114
              1       129.39213       60.040471     0.027462675      0.15903182      0.14090087     -0.32573014      -0.32573014       259.43573                                259.43573
              1        128.8433       60.073577     0.027052202      0.16677254      0.15150136     -0.32573014      -0.32573014       258.33805                                258.33805
              3       127.28621       60.073577     0.027052202      0.15962416       0.1573266     -0.32573014      -0.32573014       255.22388                                255.22388
              4       129.23769       60.073577     0.027052202      0.16918524      0.15850826     -0.32573014      -0.32573014       259.12683                                259.12683
              2       126.01198       60.034655     0.029951757      0.16681028      0.15651804     -0.32573014      -0.32573014       252.67543                                252.67543
              2       126.22015       60.034655     0.029951757      0.16753897      0.15404533     -0.32573014      -0.32573014       253.09175                                253.09175
              2       126.30369       60.034655     0.029951757      0.16768655      0.15302552     -0.32573014      -0.32573014       253.25884                                253.25884
              1       125.35849       60.034655     0.029951757      0.15344875      0.16481324     -0.32573014      -0.32573014       251.36843                                251.36843
              5       124.31689       60.034655     0.029951757      0.15878723      0.15498726     -0.32573014      -0.32573014       249.28525                                249.28525
              2       125.24605       60.034655     0.029951757      0.16238854      0.14935154     -0.32573014      -0.32573014       251.14356                                251.14356
              1       125.04947       60.034655     0.029951757      0.16323872      0.15386386     -0.32573014      -0.32573014       250.75039                                250.75039
              1       125.27722       60.034655     0.029951757      0.14544907      0.15755542     -0.32573014      -0.32573014        251.2059                                 251.2059
              2       125.90007       60.034655     0.029951757      0.14600106      0.14673129     -0.32573014      -0.32573014       252.45161                                252.45161
              1       126.02226       60.034655     0.029951757      0.16135843      0.14452768     -0.32573014      -0.32573014       252.69597                                252.69597
              3       124.18255       60.034655     0.029951757      0.15613565      0.15696585     -0.32573014      -0.32573014       249.01657                                249.01657
              1       124.30583       60.034655     0.029951757      0.15125994      0.15279757     -0.32573014      -0.32573014       249.26312                                249.26312
              1       124.18598       60.034655     0.029951757      0.15223026      0.15569312     -0.32573014      -0.32573014       249.02342                                249.02342
              2       124.37445       60.034655     0.029951757      0.15030786      0.15641956     -0.32573014      -0.32573014       249.40037                                249.40037
              2       124.33671       60.034655     0.029951757      0.15060123      0.15625046     -0.32573014      -0.32573014       249.32487                                249.32487
              2       124.60999       60.034655     0.029951757      0.15071173      0.14994721     -0.32573014      -0.32573014       249.87143                                249.87143
              3       124.78011       60.034655     0.029951757      0.16195899      0.15444247     -0.32573014      -0.32573014       250.21168                                250.21168
              1       124.81244       60.034655     0.029951757      0.16205124      0.15607814     -0.32573014      -0.32573014       250.27634                                250.27634
              1       126.89482       60.083674     0.028511875      0.16376907      0.15809684     -0.32573014      -0.32573014       254.44109                                254.44109
              2       126.62212       60.062427     0.028467602      0.16360231      0.15793612     -0.32573014      -0.32573014        253.8957                                 253.8957
              3       126.17551       60.062427     0.028467602      0.15350821      0.16111014     -0.32573014      -0.32573014       253.00249                                253.00249
              7       126.25184       60.062427     0.028467602      0.15790602      0.16166198     -0.32573014      -0.32573014       253.15514                                253.15514
              2       126.70055       60.062427     0.028467602      0.15825066      0.16410389     -0.32573014      -0.32573014       254.05257                                254.05257
              4       127.21214       60.062427     0.028467602      0.16339602      0.16328334     -0.32573014      -0.32573014       255.07575                                255.07575
              2       127.44086       60.062427     0.028467602      0.16572831      0.15039457     -0.32573014      -0.32573014       255.53317                                255.53317
              3       126.05419       60.062427     0.028467602      0.15465937      0.16051078     -0.32573014      -0.32573014       252.75984                                252.75984
              1       126.60674       60.062427     0.028467602      0.14883915      0.16020119     -0.32573014      -0.32573014       253.86495                                253.86495
              3       125.80588       60.062427     0.028467602      0.15552565       0.1574742     -0.32573014      -0.32573014       252.26321                                252.26321
              1       126.07278       60.062427     0.028467602      0.15088134      0.15561586     -0.32573014      -0.32573014       252.79703                                252.79703
              3       127.19103       60.062427     0.028467602       0.1493113      0.14748442     -0.32573014      -0.32573014       255.03352                                255.03352
              1       126.46725       60.062427     0.028467602      0.14852895      0.15760228     -0.32573014      -0.32573014       253.58597                                253.58597
              4       125.80153       60.062427     0.028467602      0.15507735      0.15461148     -0.32573014      -0.32573014       252.25452                                252.25452
              5       125.80639       60.062427     0.028467602      0.15512152      0.15445277     -0.32573014      -0.32573014       252.26423                                252.26423
              1       126.07821       60.062427     0.028467602      0.15216634      0.15929743     -0.32573014      -0.32573014       252.80789                                252.80789
              1       127.59738       60.062427     0.028467602      0.14480523      0.15097555     -0.32573014      -0.32573014       255.84623                                255.84623
              1       125.12063       60.047918     0.029840458      0.14741475      0.15367046     -0.32573014      -0.32573014       250.89272                                250.89272
              3       125.28703       60.047918     0.029840458      0.16284772      0.15764759     -0.32573014      -0.32573014       251.22553                                251.22553
              1       126.74581       60.047918     0.029840458      0.15573375       0.1687312     -0.32573014      -0.32573014       254.14308                                254.14308
              1        126.8373       60.037803      0.02957413      0.15585004      0.16880875     -0.32573014      -0.32573014       254.32607                                254.32607
              1       125.16121       60.037803      0.02957413      0.14755645      0.15571492     -0.32573014      -0.32573014       250.97388                                250.97388
              4       125.63955       60.037803      0.02957413      0.16027476      0.14712635     -0.32573014      -0.32573014       251.93057                                251.93057
              6       125.86529       60.037803      0.02957413      0.14663028      0.16157246     -0.32573014      -0.32573014       252.38204                                252.38204
              1       125.31561       60.037803      0.02957413      0.15024096      0.14838571     -0.32573014      -0.32573014       251.28268                                251.28268
              1       125.03541       60.041319     0.029980679      0.14997836      0.14817914     -0.32573014      -0.32573014       250.72228                                250.72228
              3       124.23855       60.041319     0.029980679      0.15653306      0.15630436     -0.32573014      -0.32573014       249.12855                                249.12855
              1       125.82959       60.041319     0.029980679      0.15203487      0.16608954     -0.32573014      -0.32573014       252.31064                                252.31064
              1        125.7167       60.041319     0.029980679      0.14384153      0.15332672     -0.32573014      -0.32573014       252.08485                                252.08485
              4       125.39486       60.041319     0.029980679      0.14528549      0.15233705     -0.32573014      -0.32573014       251.44119                                251.44119
              3       127.12364       60.041319     0.029980679      0.14139218      0.16230815     -0.32573014      -0.32573014       254.89873                                254.89873
              2       127.42855       60.041319     0.029980679      0.14723537      0.16914864     -0.32573014      -0.32573014       255.50856                                255.50856
              1       125.62372       60.041319     0.029980679      0.15064336      0.16485945     -0.32573014      -0.32573014        251.8989                                 251.8989
              1       126.89107       60.033403     0.028352058       0.1517393      0.16573256     -0.32573014      -0.32573014       254.43359                                254.43359
              2       127.45644       60.033403     0.028352058       0.1564391        0.168314     -0.32573014      -0.32573014       255.56434                                255.56434
              2       128.26547       60.033403     0.028352058      0.14276256      0.16342526     -0.32573014      -0.32573014       257.18239                                257.18239
              6        129.4452       60.033403     0.028352058      0.14045832      0.16511318     -0.32573014      -0.32573014       259.54186                                259.54186
              1       130.29962       60.033403     0.028352058      0.13709838      0.16221981     -0.32573014      -0.32573014       261.25071                                261.25071
              4       128.46858       60.033403     0.028352058      0.14028534      0.15803642     -0.32573014      -0.32573014       257.58862                                257.58862
              1       127.02201       60.033403     0.028352058      0.14481446      0.15877056     -0.32573014      -0.32573014       254.69547                                254.69547
              1       127.01369       60.115995     0.029895807      0.14431144      0.15849831     -0.32573014      -0.32573014       254.67885                                254.67885
              3       127.14556       60.115995     0.029895807      0.16708244      0.15828703     -0.32573014      -0.32573014       254.94258                                254.94258
              1       125.22863        60.09478      0.02967929      0.15441867      0.15469314     -0.32573014      -0.32573014       251.10872                                251.10872
              3        128.1267       60.169801      0.02760872      0.15641916      0.15643249     -0.32573014      -0.32573014       256.90487                                256.90487
              1       130.75474       60.169801      0.02760872      0.14603188      0.16658267     -0.32573014      -0.32573014       262.16094                                262.16094
              3       130.33872       60.169801      0.02760872      0.16883051      0.15114211     -0.32573014      -0.32573014        261.3289                                 261.3289
              5       128.53805       60.169801      0.02760872      0.15932416      0.16275435     -0.32573014      -0.32573014       257.72756                                257.72756
              1       128.15126       60.169801      0.02760872      0.15696959      0.15916259     -0.32573014      -0.32573014       256.95397                                256.95397
              3       128.68072       60.169801      0.02760872      0.16329861      0.15472356     -0.32573014      -0.32573014       258.01289                                258.01289
              3       128.68602       60.169801      0.02760872      0.15895145       0.1638679     -0.32573014      -0.32573014        258.0235                                 258.0235
              1       127.70908       60.081134     0.027261615      0.15856436      0.16341067     -0.32573014      -0.32573014       256.06963                                256.06963
              2       127.64464       60.081134     0.027261615      0.15789787      0.16319888     -0.32573014      -0.32573014       255.94075                                255.94075
              1       127.66927       60.010496     0.026058755      0.15816952      0.16329954     -0.32573014      -0.32573014          255.99                                   255.99
              3       127.57375       60.010496     0.026058755      0.16263879      0.15603301     -0.32573014      -0.32573014       255.79896                                255.79896
              3       127.93559       60.031814      0.02600217      0.16283095      0.15622305     -0.32573014      -0.32573014       256.52264                                256.52264
              2       126.02182        60.06611     0.028712053      0.16115812       0.1549265     -0.32573014      -0.32573014        252.6951                                 252.6951
              3       125.74948        60.06611     0.028712053      0.15873683      0.15514694     -0.32573014      -0.32573014       252.15042                                252.15042
              2       125.41532       60.050932     0.028842728      0.15853606      0.15495992     -0.32573014      -0.32573014       251.48211                                251.48211
              1       125.49756       60.050932     0.028842728       0.1539321       0.1594564     -0.32573014      -0.32573014       251.64659                                251.64659
              1       127.75565       60.078564     0.026690857      0.15565197      0.16089177     -0.32573014      -0.32573014       256.16276                                256.16276
              3       127.89148       60.078564     0.026690857      0.16169407      0.15532182     -0.32573014      -0.32573014       256.43443                                256.43443
              2       127.05078       60.052684     0.027211237      0.16114117      0.15483272     -0.32573014      -0.32573014       254.75303                                254.75303
              2       126.77343       60.052684     0.027211237      0.15835915      0.15704667     -0.32573014      -0.32573014       254.19831                                254.19831
              1       126.77476       60.052684     0.027211237      0.15836705      0.15710764     -0.32573014      -0.32573014       254.20097                                254.20097
              2       126.72969       60.052684     0.027211237      0.15710585      0.15722984     -0.32573014      -0.32573014       254.11085                                254.11085
              1       127.02553       60.052684     0.027211237      0.15858432      0.16088446     -0.32573014      -0.32573014       254.70251                                254.70251
              4       127.40329       60.052684     0.027211237      0.16041704      0.16259908     -0.32573014      -0.32573014       255.45803                                255.45803
              1       128.19166        60.00244     0.025522533      0.16125346       0.1631935     -0.32573014      -0.32573014       257.03478                                257.03478
              1       128.04209        60.00244     0.025522533      0.16099932      0.16237637     -0.32573014      -0.32573014       256.73564                                256.73564
              2       128.98421        60.00244     0.025522533      0.16603851      0.16282775     -0.32573014      -0.32573014       258.61988                                258.61988
              2       129.10179       60.152113      0.02770392      0.16556296      0.16268688     -0.32573014      -0.32573014       258.85505                                258.85505
              1       126.93174       60.077702     0.028932362      0.16416272      0.16143379     -0.32573014      -0.32573014       254.51494                                254.51494
              1       126.93047       60.077702     0.028932362      0.16415552      0.16143595     -0.32573014      -0.32573014        254.5124                                 254.5124
              2       126.22335       60.077702     0.028932362      0.15852921      0.16221088     -0.32573014      -0.32573014       253.09815                                253.09815
              2       126.51495       60.011571     0.027533766      0.15904698      0.16252184     -0.32573014      -0.32573014       253.68136                                253.68136
              1        126.6555       60.011571     0.027533766      0.16217308      0.15109307     -0.32573014      -0.32573014       253.96246                                253.96246
              2       126.07018       60.011571     0.027533766      0.15148055      0.15685617     -0.32573014      -0.32573014       252.79182                                252.79182
              1       126.20989       60.011571     0.027533766      0.15730279      0.16120547     -0.32573014      -0.32573014       253.07125                                253.07125
              2       126.20728       60.010712     0.027522591      0.15730457      0.16120551     -0.32573014      -0.32573014       253.06601                                253.06601
              1       126.62188       60.010712     0.027522591      0.15594572      0.14799175     -0.32573014      -0.32573014       253.89521                                253.89521
              3        128.3592       60.010712     0.027522591      0.16977344      0.15702936     -0.32573014      -0.32573014       257.36985                                257.36985
              3       126.81587       60.010712     0.027522591      0.15912409      0.14775909     -0.32573014      -0.32573014       254.28319                                254.28319
              2       126.21022       60.003787     0.027311459      0.15881684      0.15214086     -0.32573014      -0.32573014        253.0719                                 253.0719
              3       125.34305       60.048319     0.029069351       0.1578907      0.15146461     -0.32573014      -0.32573014       251.33756                                251.33756
              1         125.816       60.048319     0.029069351      0.16032954      0.16136366     -0.32573014      -0.32573014       252.28346                                252.28346
              2       127.54683       60.106593     0.028055481       0.1614628      0.16237466     -0.32573014      -0.32573014       255.74511                                255.74511
              2       127.56185       60.115654     0.028182746       0.1614374      0.16236887     -0.32573014      -0.32573014       255.77516                                255.77516
              3       125.66729        60.09338     0.029953292       0.1600256      0.16119127     -0.32573014      -0.32573014       251.98605                                251.98605
              1       127.33032        60.09338     0.029953292      0.16307597      0.16666045     -0.32573014      -0.32573014       255.31211                                255.31211
              4       127.53322        60.09338     0.029953292      0.16359226      0.16699476     -0.32573014      -0.32573014        255.7179                                 255.7179
              1       127.45121        60.09338     0.029953292       0.1631387       0.1670371     -0.32573014      -0.32573014       255.55388                                255.55388
              3       125.89654        60.09338     0.029953292      0.16229168      0.16033807     -0.32573014      -0.32573014       252.44454                                252.44454
              1       125.33463        60.03336     0.029556792      0.15780776      0.16309296     -0.32573014      -0.32573014       251.32073                                251.32073
              1       124.69534        60.03336     0.029556792      0.15063182      0.15314328     -0.32573014      -0.32573014       250.04215                                250.04215
              1       124.79313        60.03336     0.029556792      0.15393938      0.14971082     -0.32573014      -0.32573014       250.23771                                250.23771
              1       124.44482        60.03336     0.029556792      0.15445901      0.15647342     -0.32573014      -0.32573014        249.5411                                 249.5411
              2       125.19398        60.03336     0.029556792      0.14822301      0.15918802     -0.32573014      -0.32573014       251.03941                                251.03941
              2       125.73826       60.065088     0.029462174      0.14851637      0.15947682     -0.32573014      -0.32573014       252.12798                                252.12798
              1       125.66009       60.065088     0.029462174      0.15902474      0.14903161     -0.32573014      -0.32573014       251.97164                                251.97164
              4       125.85981       60.065088     0.029462174      0.14682509      0.15590585     -0.32573014      -0.32573014       252.37107                                252.37107
              1       125.50278       60.065088     0.029462174      0.15797257      0.16137179     -0.32573014      -0.32573014       251.65702                                251.65702
              2       126.42195       60.065088     0.029462174      0.15992885      0.16509881     -0.32573014      -0.32573014       253.49536                                253.49536
              2        125.5619       60.065088     0.029462174      0.14948265      0.15160632     -0.32573014      -0.32573014       251.77527                                251.77527
              1       127.37945         60.1709     0.029199907      0.15042328      0.15253895     -0.32573014      -0.32573014       255.41036                                255.41036
              4       128.66705       60.176185     0.029449005      0.14531393      0.14973922     -0.32573014      -0.32573014       257.98556                                257.98556
              2       127.37091       60.019557     0.028059971      0.14517917      0.14937538     -0.32573014      -0.32573014       255.39328                                255.39328
              1       127.46132       60.019557     0.028059971      0.14328981      0.15363396     -0.32573014      -0.32573014        255.5741                                 255.5741
              1       126.98978       60.019557     0.028059971      0.15262472      0.14524133     -0.32573014      -0.32573014       254.63102                                254.63102
              2       126.66926       60.019557     0.028059971      0.16435448      0.15951334     -0.32573014      -0.32573014       253.98998                                253.98998
              2       127.20362       60.019557     0.028059971      0.16539868      0.16181599     -0.32573014      -0.32573014        255.0587                                 255.0587
              1       125.79026       60.019557     0.028059971      0.15104352      0.15748302     -0.32573014      -0.32573014       252.23199                                252.23199
              2       126.02089       60.019557     0.028059971      0.15122309       0.1509478     -0.32573014      -0.32573014       252.69325                                252.69325
              1        126.0896       60.018072     0.027950232      0.15129014      0.15099959     -0.32573014      -0.32573014       252.83066                                252.83066
              1        125.9355       60.018072     0.027950232      0.15786747      0.15090053     -0.32573014      -0.32573014       252.52246                                252.52246
              2       125.87945       60.024027     0.028117277      0.15779177      0.15084902     -0.32573014      -0.32573014       252.41035                                252.41035
              1       125.74217       60.024027     0.028117277      0.15770347      0.15207496     -0.32573014      -0.32573014       252.13581                                252.13581
              6       126.81245       60.024027     0.028117277      0.14626069       0.1597662     -0.32573014      -0.32573014       254.27635                                254.27635
              2       125.91875       60.024027     0.028117277      0.16079615      0.15781536     -0.32573014      -0.32573014       252.48895                                252.48895
              1         125.865       60.029273     0.028262781      0.16073062      0.15777092     -0.32573014      -0.32573014       252.38147                                252.38147
              4       125.81074       60.029273     0.028262781      0.16039443      0.15754691     -0.32573014      -0.32573014       252.27295                                252.27295
              2       125.53352       60.006981     0.028215466      0.16026884       0.1574091     -0.32573014      -0.32573014       251.71851                                251.71851
              1       125.73955       60.013939     0.028094655      0.16040398      0.15752967     -0.32573014      -0.32573014       252.13057                                252.13057
              1       125.71741       60.013939     0.028094655      0.15749337      0.15094801     -0.32573014      -0.32573014       252.08629                                252.08629
              2       126.16791       60.013939     0.028094655      0.16198382      0.16004426     -0.32573014      -0.32573014       252.98727                                252.98727
              2       125.97834       60.013939     0.028094655      0.15966399      0.16108495     -0.32573014      -0.32573014       252.60813                                252.60813
              5       126.14431       60.013939     0.028094655      0.16183859      0.16004714     -0.32573014      -0.32573014       252.94008                                252.94008
              2       127.11268       60.013939     0.028094655      0.16585865      0.16093498     -0.32573014      -0.32573014       254.87682                                254.87682
              2        128.0468        60.09377     0.028474971      0.16046517       0.1673416     -0.32573014      -0.32573014       256.74505                                256.74505
              2       126.83187        60.09377     0.028474971      0.15617912      0.14928244     -0.32573014      -0.32573014       254.31519                                254.31519
              4       127.04475        60.09377     0.028474971      0.16378766      0.15444418     -0.32573014      -0.32573014       254.74095                                254.74095
              1       126.45693       60.038722     0.028247702      0.16355567      0.15416705     -0.32573014      -0.32573014       253.56533                                253.56533
              1       127.06848       60.038722     0.028247702      0.16194145      0.14717205     -0.32573014      -0.32573014       254.78842                                254.78842
              2       127.47648       60.038722     0.028247702      0.16370704      0.14679984     -0.32573014      -0.32573014       255.60442                                255.60442
              1       126.51241       60.038722     0.028247702       0.1639861      0.15585357     -0.32573014      -0.32573014       253.67627                                253.67627
              2       125.14009       60.036913     0.029922056      0.14595034      0.15465931     -0.32573014      -0.32573014       250.93164                                250.93164
              1       124.52926       60.036913     0.029922056      0.14972503      0.15288979     -0.32573014      -0.32573014       249.70999                                249.70999
              3       125.83949       60.036913     0.029922056      0.15425823      0.16647755     -0.32573014      -0.32573014       252.33045                                252.33045
              1       125.26837       60.036913     0.029922056      0.14547442      0.15618717     -0.32573014      -0.32573014       251.18819                                251.18819
              1       124.82089       60.036913     0.029922056      0.14754515      0.15424663     -0.32573014      -0.32573014       250.29325                                250.29325
              2       125.55615       60.001461     0.028137075       0.1497869      0.15574807     -0.32573014      -0.32573014       251.76376                                251.76376
              2       125.75529       60.001461     0.028137075      0.15917135      0.14988873     -0.32573014      -0.32573014       252.16205                                252.16205
              3       125.73015       60.001461     0.028137075      0.15344283      0.14910516     -0.32573014      -0.32573014       252.11176                                252.11176
              2       125.57308       60.001461     0.028137075      0.15163039      0.15985259     -0.32573014      -0.32573014       251.79762                                251.79762
              4       125.99315       60.031835     0.028166371       0.1518264      0.16006048     -0.32573014      -0.32573014       252.63776                                252.63776
              1       125.59143       60.031835     0.028166371      0.15619129      0.15620479     -0.32573014      -0.32573014       251.83431                                251.83431
              3       127.28674       60.031835     0.028166371      0.14590341      0.16214745     -0.32573014      -0.32573014       255.22494                                255.22494
              4       126.43116       60.031835     0.028166371      0.14844884      0.15975997     -0.32573014      -0.32573014       253.51377                                253.51377
              1        125.7806       60.031835     0.028166371       0.1537125      0.15232711     -0.32573014      -0.32573014       252.21266                                252.21266
              3       125.63491       60.031835     0.028166371      0.15559713      0.15379681     -0.32573014      -0.32573014       251.92128                                251.92128
              4       126.26963       60.031835     0.028166371      0.15684645      0.14852785     -0.32573014      -0.32573014       253.19073                                253.19073
              1       126.01093       60.031835     0.028166371      0.15507688      0.16159641     -0.32573014      -0.32573014       252.67333                                252.67333
              2       126.35431       60.031835     0.028166371      0.15939753      0.16261051     -0.32573014      -0.32573014       253.36007                                253.36007
              1       125.83739       60.031835     0.028166371      0.15759212      0.15979662     -0.32573014      -0.32573014       252.32623                                252.32623
              1       126.00154       60.031835     0.028166371      0.16105419      0.15746348     -0.32573014      -0.32573014       252.65454                                252.65454
              2       126.41084        60.02108     0.027536226      0.16148067      0.15765973     -0.32573014      -0.32573014       253.47314                                253.47314
              3        126.0931        60.02108     0.027536226      0.15827793      0.15407171     -0.32573014      -0.32573014       252.83765                                252.83765
              1       128.45604        60.02108     0.027536226      0.16099996      0.16908659     -0.32573014      -0.32573014       257.56355                                257.56355
              1       126.30632        60.02108     0.027536226      0.15480307      0.15093716     -0.32573014      -0.32573014        253.2641                                 253.2641
              4       126.58192       60.007881     0.026987124      0.15514384       0.1510859     -0.32573014      -0.32573014        253.8153                                 253.8153
              1       126.94168       60.007881     0.026987124      0.15223236      0.14977722     -0.32573014      -0.32573014       254.53481                                254.53481
              1       127.08714       60.007881     0.026987124      0.14830877       0.1534893     -0.32573014      -0.32573014       254.82574                                254.82574
              2       128.01157       60.033366     0.026317269      0.14905989      0.15391273     -0.32573014      -0.32573014       256.67459                                256.67459
              1       127.22468       60.033366     0.026317269      0.15582213      0.15533657     -0.32573014      -0.32573014       255.10082                                255.10082
              1       127.23283       60.047825     0.026569782      0.15573309      0.15531698     -0.32573014      -0.32573014       255.11712                                255.11712
              1       127.25932       60.047825     0.026569782      0.15514996      0.15848183     -0.32573014      -0.32573014        255.1701                                 255.1701
              3       127.15704        60.10016     0.027597142      0.15473533      0.15836435     -0.32573014      -0.32573014       254.96555                                254.96555
              1       127.33776        60.10016     0.027597142      0.15206654       0.1572522     -0.32573014      -0.32573014       255.32698                                255.32698
              1       127.33804       60.107512      0.02772837      0.15201896      0.15724108     -0.32573014      -0.32573014       255.32754                                255.32754
              1       124.74187       60.013612     0.029202666      0.15006084      0.15608916     -0.32573014      -0.32573014        250.1352                                 250.1352
              2       124.58041       60.013612     0.029202666      0.15660369      0.15215106     -0.32573014      -0.32573014       249.81227                                249.81227
              3       124.66306       60.014122     0.029101616       0.1566901      0.15219553     -0.32573014      -0.32573014       249.97759                                249.97759
              5       125.65893       60.008822     0.027890971      0.15763338      0.15266197     -0.32573014      -0.32573014       251.96932                                251.96932
              1       125.50962       60.008822     0.027890971      0.15408531      0.15558202     -0.32573014      -0.32573014        251.6707                                 251.6707
              7       125.59348       60.008822     0.027890971      0.15365926      0.15343545     -0.32573014      -0.32573014       251.83842                                251.83842
              3       126.00979       60.008822     0.027890971      0.14911403      0.15518022     -0.32573014      -0.32573014       252.67104                                252.67104
              1       126.11201       60.008822     0.027890971      0.14932571      0.15239435     -0.32573014      -0.32573014       252.87547                                252.87547
              1       125.59359       60.008822     0.027890971      0.15442107      0.15298179     -0.32573014      -0.32573014       251.83864                                251.83864
              7       125.48808       60.008822     0.027890971      0.15605329      0.15603151     -0.32573014      -0.32573014       251.62761                                251.62761
              1       125.72349       60.008822     0.027890971      0.15976401        0.154839     -0.32573014      -0.32573014       252.09844                                252.09844
              1       126.57162       60.008822     0.027890971      0.16279424      0.16145787     -0.32573014      -0.32573014        253.7947                                 253.7947
              1        126.3541       60.008822     0.027890971      0.15827251      0.16357454     -0.32573014      -0.32573014       253.35966                                253.35966
              1       126.01248       60.028621     0.028614087      0.15784325      0.16339271     -0.32573014      -0.32573014       252.67641                                252.67641
              1       125.71174       60.042825     0.029185471      0.15749245      0.16324067     -0.32573014      -0.32573014       252.07494                                252.07494
              2       125.37317       60.042825     0.029185471      0.15626604      0.14907264     -0.32573014      -0.32573014        251.3978                                 251.3978
              1       125.02864       60.042825     0.029185471      0.15202037      0.15348419     -0.32573014      -0.32573014       250.70873                                250.70873
              3       126.10575       60.028458     0.027666144      0.15314192      0.15402466     -0.32573014      -0.32573014       252.86296                                252.86296
              1       126.47647       60.028458     0.027666144      0.14960046      0.15728586     -0.32573014      -0.32573014        253.6044                                 253.6044
              2        126.5855       60.028458     0.027666144      0.15680617      0.14907159     -0.32573014      -0.32573014       253.82246                                253.82246
              1       127.54842       60.028458     0.027666144      0.16668469       0.1584849     -0.32573014      -0.32573014       255.74829                                255.74829
              1       128.38306       60.109538      0.02800988      0.16705869      0.15881547     -0.32573014      -0.32573014       257.41758                                257.41758
              1       129.47451       60.097832     0.029741801       0.1493035      0.13817554     -0.32573014      -0.32573014       259.60049                                259.60049
              2       130.23542       60.097832     0.029741801      0.14554906      0.13817341     -0.32573014      -0.32573014        261.1223                                 261.1223
              1       130.16718       60.097832     0.029741801      0.15280219      0.13586773     -0.32573014      -0.32573014       260.98583                                260.98583
              3        130.1752       60.094615     0.029673777      0.15283165      0.13587695     -0.32573014      -0.32573014       261.00186                                261.00186
              3       130.84702       60.094615     0.029673777      0.16441816      0.17468811     -0.32573014      -0.32573014       262.34549                                262.34549
              4       130.30113       60.094615     0.029673777       0.1609612       0.1748949     -0.32573014      -0.32573014       261.25372                                261.25372
              1       129.75895       60.094615     0.029673777      0.15039625      0.17392787     -0.32573014      -0.32573014       260.16935                                260.16935
              5       125.66605       60.094615     0.029673777      0.15163825      0.15087027     -0.32573014      -0.32573014       251.98355                                251.98355
              3       126.31578       60.041065     0.027949099      0.15261102      0.15126711     -0.32573014      -0.32573014       253.28301                                253.28301
              3       127.85856       60.041065     0.027949099      0.15030502      0.16716485     -0.32573014      -0.32573014       256.36857                                256.36857
              3       127.40629       60.041065     0.027949099      0.16632211      0.15344458     -0.32573014      -0.32573014       255.46404                                255.46404
              1       126.42349       60.041065     0.027949099      0.16213447      0.15563554     -0.32573014      -0.32573014       253.49845                                253.49845
              1       126.71658       60.041065     0.027949099      0.15218869      0.14883079     -0.32573014      -0.32573014       254.08462                                254.08462
              2       126.69074        60.05003     0.028141153      0.15210458      0.14880407     -0.32573014      -0.32573014       254.03294                                254.03294
              1       127.30459        60.05003     0.028141153      0.15423309      0.14542004     -0.32573014      -0.32573014       255.26063                                255.26063
              1       128.88184        60.05003     0.028141153      0.14102437      0.15162125     -0.32573014      -0.32573014       258.41514                                258.41514
              2       129.25949        60.05003     0.028141153      0.13982689       0.1594019     -0.32573014      -0.32573014       259.17044                                259.17044
              1       127.02003        60.05003     0.028141153      0.14653438      0.15377532     -0.32573014      -0.32573014       254.69152                                254.69152
              1       127.50039        60.05003     0.028141153      0.14474316      0.15847715     -0.32573014      -0.32573014       255.65223                                255.65223
              1       126.03475        60.05003     0.028141153      0.15502875      0.15246955     -0.32573014      -0.32573014       252.72096                                252.72096
              1       129.79426       60.049563     0.028141072      0.16531627      0.17078958     -0.32573014      -0.32573014       260.23998                                260.23998
              1       127.14962       60.049563     0.028141072      0.16208031      0.16381069     -0.32573014      -0.32573014        254.9507                                 254.9507
              2        127.8933       60.061349     0.027488012      0.16270727      0.16414751     -0.32573014      -0.32573014       256.43805                                256.43805
              3       128.49897       60.061349     0.027488012      0.15955386      0.16822526     -0.32573014      -0.32573014        257.6494                                 257.6494
              4       127.18992       60.061349     0.027488012      0.15008357      0.15347585     -0.32573014      -0.32573014        255.0313                                 255.0313
              1       128.35447       60.061349     0.027488012      0.16616043      0.15019495     -0.32573014      -0.32573014       257.36041                                257.36041
              2       127.58228       60.061349     0.027488012      0.15011082       0.1500798     -0.32573014      -0.32573014       255.81602                                255.81602
              1       128.16958       60.061349     0.027488012      0.14592239      0.15225747     -0.32573014      -0.32573014       256.99061                                256.99061
              1       128.54901        60.06129     0.027488534      0.14506222      0.15104086     -0.32573014      -0.32573014       257.74948                                257.74948
              1       128.23655        60.06129     0.027488534       0.1458917      0.15171464     -0.32573014      -0.32573014       257.12456                                257.12456
              1       127.51301       60.030823     0.027807375      0.14538628       0.1514064     -0.32573014      -0.32573014       255.67748                                255.67748
              1       126.14692       60.030823     0.027807375      0.15162314      0.15798395     -0.32573014      -0.32573014        252.9453                                 252.9453
             11       126.21881       60.035556     0.027804275      0.15166385      0.15801276     -0.32573014      -0.32573014       253.08909                                253.08909
              2       125.43953       60.008168     0.028266865      0.15106618      0.15766339     -0.32573014      -0.32573014       251.53051                                251.53051
              8       126.66303       60.008168     0.028266865      0.14828551      0.16389732     -0.32573014      -0.32573014       253.97751                                253.97751
              2       126.99135       60.098466     0.029481487      0.14802456      0.16392381     -0.32573014      -0.32573014       254.63416                                254.63416
              2       125.93944       60.098466     0.029481487       0.1616891      0.15698841     -0.32573014      -0.32573014       252.53034                                252.53034
              1       127.22932       60.216137     0.029573842      0.15872399        0.154106     -0.32573014      -0.32573014        255.1101                                 255.1101
              4       127.15706       60.216137     0.029573842      0.15884931      0.15595779     -0.32573014      -0.32573014       254.96557                                254.96557
              2       126.46179       60.183629     0.029817204       0.1583889      0.15566868     -0.32573014      -0.32573014       253.57505                                253.57505
              6       126.88372       60.183629     0.029817204      0.15995573      0.15139502     -0.32573014      -0.32573014       254.41891                                254.41891
              4       126.88162       60.183629     0.029817204      0.15246468      0.15124584     -0.32573014      -0.32573014        254.4147                                 254.4147
              3       126.99946        60.12684     0.028668687      0.15294206      0.15138717     -0.32573014      -0.32573014       254.65038                                254.65038
              1       124.55759       60.017588     0.029604953      0.15129832      0.15036692     -0.32573014      -0.32573014       249.76665                                249.76665
              1       125.14792       60.017588     0.029604953      0.15018482      0.16258104     -0.32573014      -0.32573014        250.9473                                 250.9473
              5       126.20074       60.017588     0.029604953      0.15513422      0.16768365     -0.32573014      -0.32573014       253.05295                                253.05295
              1       126.52615       60.061869     0.029935146      0.15522245      0.16780567     -0.32573014      -0.32573014       253.70376                                253.70376
              1         126.371       60.061869     0.029935146      0.16102943      0.16564962     -0.32573014      -0.32573014       253.39347                                253.39347
              1       125.92425       60.005846     0.029579972      0.16086684      0.16546954     -0.32573014      -0.32573014       252.49997                                252.49997
              2       126.49773       60.005846     0.029579972      0.16254123      0.16643586     -0.32573014      -0.32573014       253.64692                                253.64692
              1       127.75385       60.022926     0.028414456      0.16362826      0.16701398     -0.32573014      -0.32573014       256.15917                                256.15917
              2       125.93614       60.022926     0.028414456      0.15023445      0.16092066     -0.32573014      -0.32573014       252.52373                                252.52373
              1       125.82887       60.022926     0.028414456      0.16076519      0.15973177     -0.32573014      -0.32573014        252.3092                                 252.3092
              5       127.08051       60.022926     0.028414456      0.16404454      0.14722562     -0.32573014      -0.32573014       254.81248                                254.81248
              1        129.0976       60.022926     0.028414456      0.17178659       0.1498165     -0.32573014      -0.32573014       258.84665                                258.84665
              2       128.58341       60.022926     0.028414456      0.17116531       0.1520216     -0.32573014      -0.32573014       257.81828                                257.81828
              1       127.23376       60.022926     0.028414456      0.16740032      0.15217479     -0.32573014      -0.32573014       255.11898                                255.11898
              1       127.66145       60.015891     0.027859969      0.16779518      0.15236162     -0.32573014      -0.32573014       255.97435                                255.97435
              2       128.17647       60.015891     0.027859969      0.16095441      0.14259613     -0.32573014      -0.32573014       257.00441                                257.00441
              2       127.43124       60.015891     0.027859969      0.16553324      0.14914985     -0.32573014      -0.32573014       255.51395                                255.51395
              1       129.08527       60.015891     0.027859969      0.16983162       0.1474147     -0.32573014      -0.32573014         258.822                                  258.822
              2       128.74825       60.015891     0.027859969      0.16835567      0.16498269     -0.32573014      -0.32573014       258.14797                                258.14797
              7       126.66984       60.015891     0.027859969      0.14650035      0.15609904     -0.32573014      -0.32573014       253.99114                                253.99114
              1       128.29771       60.015891     0.027859969       0.1412129       0.1539124     -0.32573014      -0.32573014       257.24689                                257.24689
              3       128.81255       60.024611     0.027389359      0.14159326      0.15417432     -0.32573014      -0.32573014       258.27655                                258.27655
              1       127.66351       60.024611     0.027389359      0.14990339       0.1652984     -0.32573014      -0.32573014       255.97847                                255.97847
              1       128.78898       60.024611     0.027389359        0.166244      0.16623929     -0.32573014      -0.32573014       258.22942                                258.22942
              1       128.78467       60.012309       0.0272027      0.16628521      0.16623039     -0.32573014      -0.32573014        258.2208                                 258.2208
              2        130.7946       60.012309       0.0272027      0.16889258      0.17027042     -0.32573014      -0.32573014       262.24066                                262.24066
              4       126.46349       60.012309       0.0272027      0.15722292      0.16113657     -0.32573014      -0.32573014       253.57845                                253.57845
              1       126.49869       60.012309       0.0272027      0.15362673      0.16106527     -0.32573014      -0.32573014       253.64885                                253.64885
              6       126.24819       60.012309       0.0272027      0.15480783      0.15319274     -0.32573014      -0.32573014       253.14784                                253.14784
              1       126.23275       60.012309       0.0272027      0.15797662      0.15406636     -0.32573014      -0.32573014       253.11696                                253.11696
              5       126.18499       60.150816     0.029615297      0.15750437      0.15375862     -0.32573014      -0.32573014       253.02143                                253.02143
              2       126.00362       60.152385     0.029848964      0.15735656      0.15367079     -0.32573014      -0.32573014        252.6587                                 252.6587
              1       127.43013       60.035447     0.029875377      0.13897663      0.15229098     -0.32573014      -0.32573014       255.51172                                255.51172
              9       127.47778       60.035447     0.029875377      0.13899444      0.15156758     -0.32573014      -0.32573014       255.60702                                255.60702
              2       126.91262       60.035447     0.029875377      0.14620283       0.1429513     -0.32573014      -0.32573014        254.4767                                 254.4767
              2       127.50653       60.035447     0.029875377      0.14569327      0.14145405     -0.32573014      -0.32573014       255.66453                                255.66453
              3       126.71621       60.035447     0.029875377      0.14751501      0.14273141     -0.32573014      -0.32573014       254.08387                                254.08387
              2       126.75928       60.010597     0.029372694      0.14768359      0.14276668     -0.32573014      -0.32573014       254.17002                                254.17002
              1       125.39767       60.010597     0.029372694      0.15394469      0.14543931     -0.32573014      -0.32573014        251.4468                                 251.4468
              1       124.53989       60.010597     0.029372694      0.15154155      0.15137948     -0.32573014      -0.32573014       249.73125                                249.73125
              2       124.62163       60.010597     0.029372694      0.15887962       0.1585484     -0.32573014      -0.32573014       249.89473                                249.89473
              1       125.19717       60.030155     0.029025433       0.1592516      0.15883559     -0.32573014      -0.32573014        251.0458                                 251.0458
              3       125.58225       60.030155     0.029025433      0.15662672      0.16294275     -0.32573014      -0.32573014       251.81597                                251.81597
              2       124.91673       60.030155     0.029025433      0.15285619      0.15677895     -0.32573014      -0.32573014       250.48493                                250.48493
              2       124.85863       60.030155     0.029025433      0.15410559      0.15660679     -0.32573014      -0.32573014       250.36872                                250.36872
              2       126.00099       60.030155     0.029025433      0.14718163      0.16077383     -0.32573014      -0.32573014       252.65343                                252.65343
              1       126.17246       60.032796     0.028861679      0.14731125      0.16086216     -0.32573014      -0.32573014       252.99638                                252.99638
              4       128.67363       60.032796     0.028861679      0.14690455      0.17032669     -0.32573014      -0.32573014       257.99871                                257.99871
              1       125.60573       60.032796     0.028861679      0.15423018      0.16228908     -0.32573014      -0.32573014       251.86292                                251.86292
              2       125.54016       60.032796     0.028861679      0.15172055      0.16093717     -0.32573014      -0.32573014       251.73178                                251.73178
              1       126.50114       60.032796     0.028861679      0.16046389      0.16499665     -0.32573014      -0.32573014       253.65373                                253.65373
              1       129.42265       60.032796     0.028861679      0.14026219      0.14430075     -0.32573014      -0.32573014       259.49675                                259.49675
              2       128.43245       60.032796     0.028861679      0.14260243      0.14491149     -0.32573014      -0.32573014       257.51636                                257.51636
              1       130.08778        60.17388     0.029559173       0.1431102      0.14562542     -0.32573014      -0.32573014       260.82702                                260.82702
              1       130.27295        60.17388     0.029559173       0.1421854        0.146131     -0.32573014      -0.32573014       261.19737                                261.19737
              2       130.87294        60.17388     0.029559173      0.14150753      0.14484192     -0.32573014      -0.32573014       262.39734                                262.39734
              1       127.67219        60.17388     0.029559173      0.14938107      0.16337197     -0.32573014      -0.32573014       255.99583                                255.99583
              1       128.58416        60.17388     0.029559173       0.1536329      0.14364591     -0.32573014      -0.32573014       257.81979                                257.81979
              2       128.39043        60.17388     0.029559173      0.16042081      0.14477784     -0.32573014      -0.32573014       257.43232                                257.43232
              5       127.47054        60.17388     0.029559173      0.16486448      0.15477834     -0.32573014      -0.32573014       255.59253                                255.59253
              2       127.59424       60.167532     0.029648597      0.16598498      0.15791098     -0.32573014      -0.32573014       255.83995                                255.83995
              1       128.14494       60.072383     0.027550667      0.16674816      0.15811949     -0.32573014      -0.32573014       256.94134                                256.94134
              3       127.75119       60.072383     0.027550667      0.15631344      0.16557761     -0.32573014      -0.32573014       256.15385                                256.15385
              1       127.36949       60.072383     0.027550667      0.15259284      0.16269608     -0.32573014      -0.32573014       255.39044                                255.39044
              2       126.84102       60.133122     0.028917445      0.15095294      0.15877224     -0.32573014      -0.32573014        254.3335                                 254.3335
              3       125.26765       60.073171      0.02974059      0.14997665      0.15799425     -0.32573014      -0.32573014       251.18676                                251.18676
              1       126.09899       60.073171      0.02974059      0.15946684      0.16435588     -0.32573014      -0.32573014       252.84944                                252.84944
              1       126.23645       60.050495     0.029196497      0.15967868      0.16442427     -0.32573014      -0.32573014       253.12436                                253.12436
              2       125.14307       60.050495     0.029196497      0.15801729      0.15794673     -0.32573014      -0.32573014       250.93759                                250.93759
              1       125.77313       60.050495     0.029196497      0.16142446      0.16044984     -0.32573014      -0.32573014       252.19772                                252.19772
              4       130.26306       60.050495     0.029196497      0.17555863       0.1566113     -0.32573014      -0.32573014       261.17758                                261.17758
              2       128.27238       60.050495     0.029196497      0.17114756      0.15776627     -0.32573014      -0.32573014       257.19622                                257.19622
              1       127.51867       60.050495     0.029196497      0.15844617      0.16930078     -0.32573014      -0.32573014        255.6888                                 255.6888
              1       125.42461       60.050495     0.029196497      0.15430828      0.16141773     -0.32573014      -0.32573014       251.50069                                251.50069
              1       125.20373       60.050495     0.029196497      0.15799278      0.15205659     -0.32573014      -0.32573014       251.05891                                251.05891
              2       126.00153       60.050495     0.029196497      0.15125353      0.16359406     -0.32573014      -0.32573014       252.65452                                252.65452
              1       126.52213       60.050495     0.029196497      0.16624908      0.15603753     -0.32573014      -0.32573014       253.69572                                253.69572
              1        125.1779       60.050495     0.029196497      0.15791298      0.15230468     -0.32573014      -0.32573014       251.00726                                251.00726
              2       127.04328        60.01277     0.026458484      0.15951051      0.15319549     -0.32573014      -0.32573014       254.73802                                254.73802
              1       127.54148       60.160133     0.028361299      0.15924317      0.15344336     -0.32573014      -0.32573014       255.73442                                255.73442
              1        126.2092       60.126414     0.029288177      0.15837891       0.1528091     -0.32573014      -0.32573014       253.06986                                253.06986
              1       128.01427       60.126414     0.029288177      0.16166022      0.14482413     -0.32573014      -0.32573014          256.68                                   256.68
              2        127.1559       60.126414     0.029288177      0.16193889      0.14866545     -0.32573014      -0.32573014       254.96326                                254.96326
              3       128.15255       60.126414     0.029288177      0.16113886        0.168032     -0.32573014      -0.32573014       256.95657                                256.95657
              3       128.05661       60.009621     0.027697118      0.14388637      0.16296238     -0.32573014      -0.32573014       256.76468                                256.76468
              4       125.83109       60.009621     0.027697118      0.15839623      0.15344556     -0.32573014      -0.32573014       252.31364                                252.31364
              1       125.35695       60.085419      0.02950765      0.15769366      0.15322042     -0.32573014      -0.32573014       251.36535                                251.36535
              1       125.89622       60.085419      0.02950765      0.14814668      0.15659719     -0.32573014      -0.32573014        252.4439                                 252.4439
              5       125.82729       60.085419      0.02950765      0.15036551      0.16038617     -0.32573014      -0.32573014       252.30604                                252.30604
              2       126.14345       60.085419      0.02950765       0.1472475      0.15817026     -0.32573014      -0.32573014       252.93835                                252.93835
              3       127.70951       60.085419      0.02950765      0.14561471      0.16566324     -0.32573014      -0.32573014       256.07048                                256.07048
              1       127.06976       60.085419      0.02950765      0.14335958      0.15460827     -0.32573014      -0.32573014       254.79098                                254.79098
              1       128.30425       60.179772     0.029771028      0.14383712      0.15517182     -0.32573014      -0.32573014       257.25997                                257.25997
              2       127.41652       60.179772     0.029771028      0.14704665      0.15615845     -0.32573014      -0.32573014       255.48451                                255.48451
              1       126.80375       60.179772     0.029771028       0.1503484      0.15540301     -0.32573014      -0.32573014       254.25896                                254.25896
              2       126.75076       60.179772     0.029771028      0.15095054      0.15810425     -0.32573014      -0.32573014       254.15299                                254.15299
              1       126.54537       60.179772     0.029771028      0.15494303      0.15982028     -0.32573014      -0.32573014       253.74221                                253.74221
              1       126.37914       60.165978     0.029730445      0.15487463      0.15973878     -0.32573014      -0.32573014       253.40975                                253.40975
              1       126.31968       60.165978     0.029730445      0.15343775       0.1546292     -0.32573014      -0.32573014       253.29083                                253.29083
             11       126.30054       60.165978     0.029730445       0.1569171      0.15362049     -0.32573014      -0.32573014       253.25255                                253.25255
              4       126.21765       60.165978     0.029730445      0.15560448      0.15708984     -0.32573014      -0.32573014       253.08676                                253.08676
              1       126.09134       60.124574      0.02917193      0.15569582      0.15703033     -0.32573014      -0.32573014       252.83414                                252.83414
              3       126.76279       60.124574      0.02917193      0.15288725      0.16282763     -0.32573014      -0.32573014       254.17705                                254.17705
              2       127.81121       60.124574      0.02917193      0.15583928      0.16784633     -0.32573014      -0.32573014       256.27389                                256.27389
              1       127.73516       60.124574      0.02917193      0.15503794      0.16755292     -0.32573014      -0.32573014       256.12179                                256.12179
              1       128.38158       60.263275     0.029959324      0.14877595      0.15376718     -0.32573014      -0.32573014       257.41461                                257.41461
              1       127.64781       60.263275     0.029959324       0.1557744      0.15303493     -0.32573014      -0.32573014       255.94708                                255.94708
              4       127.95257       60.263275     0.029959324      0.15049148      0.15791086     -0.32573014      -0.32573014       256.55661                                256.55661
              4       127.76927       60.263275     0.029959324      0.15840563      0.16179306     -0.32573014      -0.32573014          256.19                                   256.19
              2       128.24816       60.256143     0.029290299      0.15881049      0.16202565     -0.32573014      -0.32573014       257.14778                                257.14778
              2       129.46249       60.337285     0.029898968      0.15664479      0.16594023     -0.32573014      -0.32573014       259.57644                                259.57644
              1       129.66718       60.337285     0.029898968      0.15323824      0.16587095     -0.32573014      -0.32573014       259.98582                                259.98582
              2       129.19839       60.337285     0.029898968      0.15344685      0.15204665     -0.32573014      -0.32573014       259.04824                                259.04824
              3       128.38553       60.236952     0.029068132      0.15331318      0.15168088     -0.32573014      -0.32573014       257.42253                                257.42253
              1       128.61751       60.236952     0.029068132      0.16155676      0.15077052     -0.32573014      -0.32573014       257.88648                                257.88648
              1       128.18597       60.236952     0.029068132      0.16214321      0.15610684     -0.32573014      -0.32573014       257.02341                                257.02341
              3       128.27934       60.236952     0.029068132      0.15339837      0.15244206     -0.32573014      -0.32573014       257.21013                                257.21013
              1       128.27621       60.236952     0.029068132      0.15113879      0.15633122     -0.32573014      -0.32573014       257.20388                                257.20388
              5       125.70745       60.120597     0.029579689      0.15680792       0.1545942     -0.32573014      -0.32573014       252.06636                                252.06636
              5       125.68995       60.120597     0.029579689      0.15592265      0.15463842     -0.32573014      -0.32573014       252.03136                                252.03136
              1       125.32287       60.093345     0.029542057      0.15575861      0.15445935     -0.32573014      -0.32573014        251.2972                                 251.2972
              1       126.34129        60.09114     0.028328437      0.15656771      0.15495808     -0.32573014      -0.32573014       253.33405                                253.33405
              1       127.98635        60.09114     0.028328437      0.14888669      0.16524567     -0.32573014      -0.32573014       256.62416                                256.62416
              1       128.75556       60.164444     0.028709378      0.14913793      0.16560875     -0.32573014      -0.32573014       258.16259                                258.16259
              1       128.94123       60.164444     0.028709378      0.14642714      0.16348693     -0.32573014      -0.32573014       258.53393                                258.53393
              2       127.71759       60.101644     0.027495051      0.15052735      0.15893373     -0.32573014      -0.32573014       256.08665                                256.08665
              1       127.79111       60.101644     0.027495051      0.15021929       0.1593519     -0.32573014      -0.32573014       256.23367                                256.23367
              4       129.58733        60.16319      0.02647385      0.15134123      0.16022528     -0.32573014      -0.32573014       259.82613                                259.82613
              1       130.19262        60.16319      0.02647385      0.16643238      0.15382685     -0.32573014      -0.32573014       261.03669                                261.03669
              1        129.2502       60.205754     0.026975647      0.15851188      0.15623291     -0.32573014      -0.32573014       259.15186                                259.15186
              1       126.98996       60.152162     0.028629313      0.15701564      0.15514832     -0.32573014      -0.32573014       254.63139                                254.63139
              2       126.12446       60.057131     0.028009879      0.15677525      0.15473086     -0.32573014      -0.32573014       252.90038                                252.90038
              3       126.42937       60.057131     0.028009879      0.15928546      0.16001556     -0.32573014      -0.32573014        253.5102                                 253.5102
              1       127.60638       60.161356     0.028383265      0.15975697      0.16060312     -0.32573014      -0.32573014       255.86423                                255.86423
              1       128.00838       60.161356     0.028383265      0.14933468      0.15806216     -0.32573014      -0.32573014       256.66822                                256.66822
              2       128.65869       60.039938     0.025411219      0.15050889      0.15845327     -0.32573014      -0.32573014       257.96885                                257.96885
              1       126.71315       60.128138     0.029316656      0.14846949      0.15742874     -0.32573014      -0.32573014       254.07776                                254.07776
              3       125.02699        60.04119     0.029807948       0.1475308      0.15659823     -0.32573014      -0.32573014       250.70543                                250.70543
              1       125.27501        60.04119     0.029807948      0.14619721      0.15585336     -0.32573014      -0.32573014       251.20149                                251.20149
              2        124.4771        60.04119     0.029807948      0.15193878      0.15299016     -0.32573014      -0.32573014       249.60566                                249.60566
              1       125.09841        60.04119     0.029807948      0.15054316      0.14843785     -0.32573014      -0.32573014       250.84828                                250.84828
              1       125.56883       60.078878     0.029921984      0.15072791      0.14865921     -0.32573014      -0.32573014       251.78913                                251.78913
              3       125.72516       60.078878     0.029921984      0.14655365      0.15389067     -0.32573014      -0.32573014       252.10178                                252.10178
              1       125.56601       60.078878     0.029921984      0.14729171      0.15404677     -0.32573014      -0.32573014       251.78347                                251.78347
              1       125.16257       60.078878     0.029921984      0.15471309      0.14973038     -0.32573014      -0.32573014       250.97661                                250.97661
              2       126.29223       60.078878     0.029921984      0.15171636      0.14484541     -0.32573014      -0.32573014       253.23592                                253.23592
              1       126.15536       60.036731     0.029359775      0.15191388      0.14467753     -0.32573014      -0.32573014       252.96218                                252.96218
              1       125.34236       60.036731     0.029359775      0.14757187      0.15565247     -0.32573014      -0.32573014       251.33618                                251.33618
              5       125.22059       60.036731     0.029359775      0.14823331      0.15503688     -0.32573014      -0.32573014       251.09265                                251.09265
              5       125.86322       60.036731     0.029359775      0.14801048       0.1621496     -0.32573014      -0.32573014        252.3779                                 252.3779
              1       125.64677       60.036731     0.029359775      0.14617007      0.15409703     -0.32573014      -0.32573014         251.945                                  251.945
              1       126.93375       60.036731     0.029359775      0.16697011       0.1490938     -0.32573014      -0.32573014       254.51895                                254.51895
              2       126.72165       60.036731     0.029359775      0.16632055       0.1492196     -0.32573014      -0.32573014       254.09476                                254.09476
              1        127.6276       60.036731     0.029359775      0.16964289      0.15068279     -0.32573014      -0.32573014       255.90665                                255.90665
              1       131.47149       60.036731     0.029359775      0.17696248      0.14783552     -0.32573014      -0.32573014       263.59444                                263.59444
              1        130.9499       60.036731     0.029359775      0.17608782      0.14806173     -0.32573014      -0.32573014       262.55126                                262.55126
              1       127.57662       60.036731     0.029359775      0.17009619      0.15352558     -0.32573014      -0.32573014       255.80471                                255.80471
              1       127.18125       60.032909     0.029752257      0.16984547      0.15330632     -0.32573014      -0.32573014       255.01395                                255.01395
              2       124.51527       60.032909     0.029752257      0.15149891      0.15172445     -0.32573014      -0.32573014         249.682                                  249.682
              1       127.04355       60.032909     0.029752257      0.16228416      0.16783132     -0.32573014      -0.32573014       254.73857                                254.73857
              1       127.61053       60.038625     0.029677691      0.14251697       0.1449994     -0.32573014      -0.32573014       255.87252                                255.87252
              3        127.5503       60.038625     0.029677691      0.14333796      0.14427693     -0.32573014      -0.32573014       255.75206                                255.75206
              1        127.0145       60.004549     0.029673399      0.14322491      0.14393404     -0.32573014      -0.32573014       254.68046                                254.68046
              3       125.19963       60.004549     0.029673399      0.15079338      0.14534154     -0.32573014      -0.32573014       251.05073                                251.05073
              3       124.26974       60.004549     0.029673399      0.15394936      0.14939513     -0.32573014      -0.32573014       249.19094                                249.19094
              5       124.07551       60.004549     0.029673399      0.15819151      0.15418909     -0.32573014      -0.32573014       248.80248                                248.80248
              1       124.00996       60.004549     0.029673399      0.15655025      0.15688907     -0.32573014      -0.32573014       248.67138                                248.67138
              4       123.95244       60.004549     0.029673399      0.15571806      0.15638054     -0.32573014      -0.32573014       248.55635                                248.55635
              2       124.39164       60.004549     0.029673399      0.15236055       0.1606001     -0.32573014      -0.32573014       249.43474                                249.43474
              2       125.22392       60.004549     0.029673399      0.16472197      0.15435732     -0.32573014      -0.32573014        251.0993                                 251.0993
              1       125.49965       60.004549     0.029673399        0.165081      0.15858047     -0.32573014      -0.32573014       251.65077                                251.65077
              3       124.46943       60.004549     0.029673399      0.15964528      0.15909861     -0.32573014      -0.32573014       249.59032                                249.59032
              5       123.98134       60.004549     0.029673399       0.1528024      0.15298141     -0.32573014      -0.32573014       248.61415                                248.61415
              2       124.03849       60.004549     0.029673399      0.15325101      0.15174694     -0.32573014      -0.32573014       248.72843                                248.72843
              1       124.18653       60.004549     0.029673399      0.15264699      0.15041615     -0.32573014      -0.32573014       249.02451                                249.02451
              3       124.25507       60.004549     0.029673399      0.15032589       0.1516128     -0.32573014      -0.32573014       249.16159                                249.16159
              2       124.75854       60.004549     0.029673399      0.16273483      0.15516151     -0.32573014      -0.32573014       250.16855                                250.16855
              1       125.36808       60.004549     0.029673399      0.14538819      0.14916338     -0.32573014      -0.32573014       251.38762                                251.38762
              3       124.63126       60.004549     0.029673399      0.15503234      0.16236317     -0.32573014      -0.32573014       249.91398                                249.91398
              1       124.19403       60.004549     0.029673399      0.15184486      0.15079518     -0.32573014      -0.32573014       249.03952                                249.03952
              1       124.85936        60.05316     0.029736423      0.15197167      0.15125815     -0.32573014      -0.32573014       250.37017                                250.37017
              1       126.97028        60.05316     0.029736423      0.16019479      0.14235169     -0.32573014      -0.32573014       254.59201                                254.59201
              1       129.49298        60.05316     0.029736423       0.1704716      0.16736645     -0.32573014      -0.32573014       259.63742                                259.63742
              2       126.31531        60.05316     0.029736423      0.15828935      0.16652452     -0.32573014      -0.32573014       253.28208                                253.28208
             13       125.13992        60.05316     0.029736423      0.15599131      0.16192486     -0.32573014      -0.32573014        250.9313                                 250.9313
              2       125.87018        60.05316     0.029736423      0.15103847      0.14573092     -0.32573014      -0.32573014       252.39182                                252.39182
              1       125.33604        60.05316     0.029736423      0.14768435      0.15223842     -0.32573014      -0.32573014       251.32354                                251.32354
              6       124.67343        60.05316     0.029736423      0.15646145      0.15247142     -0.32573014      -0.32573014       249.99832                                249.99832
              4        124.9978       60.004055     0.028548531      0.15701438        0.152521     -0.32573014      -0.32573014       250.64705                                250.64705
              1       125.94842       60.004055     0.028548531       0.1558977      0.16464979     -0.32573014      -0.32573014       252.54829                                252.54829
              1       126.50196       60.097675     0.029532495      0.15561938      0.16514455     -0.32573014      -0.32573014       253.65539                                253.65539
              3       127.07045       60.097675     0.029532495      0.16675766      0.15802965     -0.32573014      -0.32573014       254.79235                                254.79235
              1        127.0989       60.095873     0.029473501      0.16678728      0.15803856     -0.32573014      -0.32573014       254.84925                                254.84925
              3       126.83012       60.095873     0.029473501      0.16516942      0.15138955     -0.32573014      -0.32573014       254.31169                                254.31169
              2       126.93047       60.095873     0.029473501      0.16520793      0.15062014     -0.32573014      -0.32573014       254.51241                                254.51241
              1       126.92096       60.095873     0.029473501      0.16330074      0.14801927     -0.32573014      -0.32573014       254.49338                                254.49338
              2       126.18328       60.026752     0.029275961      0.16318581      0.14741061     -0.32573014      -0.32573014       253.01802                                253.01802
              1       124.82454       60.026752     0.029275961       0.1585782      0.15793166     -0.32573014      -0.32573014       250.30053                                250.30053
              2       125.12593       60.066744     0.029582888      0.15852801      0.15819518     -0.32573014      -0.32573014       250.90331                                250.90331
              2        125.3235       60.066744     0.029582888      0.15901326      0.15089167     -0.32573014      -0.32573014       251.29845                                251.29845
              4       125.19138       60.066744     0.029582888      0.15865555      0.15187318     -0.32573014      -0.32573014       251.03422                                251.03422
              1       127.19382       60.066744     0.029582888      0.16534409      0.14650469     -0.32573014      -0.32573014        255.0391                                 255.0391
              2       127.96762       60.066744     0.029582888      0.16279188      0.14172594     -0.32573014      -0.32573014       256.58669                                256.58669
              1       125.61615       60.066744     0.029582888      0.16016776      0.14963099     -0.32573014      -0.32573014       251.88376                                251.88376
              2       127.53736       60.066744     0.029582888      0.16332332      0.16735866     -0.32573014      -0.32573014       255.72619                                255.72619
              5       126.60631       60.022594     0.029969563      0.16293924      0.16673393     -0.32573014      -0.32573014       253.86408                                253.86408
              1       126.42757       60.022594     0.029969563      0.16131703      0.16717277     -0.32573014      -0.32573014       253.50659                                253.50659
              5       125.12369       60.022594     0.029969563      0.16018545      0.16279067     -0.32573014      -0.32573014       250.89884                                250.89884
              1       124.93023       60.022594     0.029969563      0.15784761       0.1631416     -0.32573014      -0.32573014       250.51193                                250.51193
              3       124.82669       60.022594     0.029969563      0.15812575      0.16251029     -0.32573014      -0.32573014       250.30484                                250.30484
              1       125.90962       60.022594     0.029969563      0.15110988      0.14266221     -0.32573014      -0.32573014       252.47069                                252.47069
              4       126.10112       60.022594     0.029969563      0.15117476      0.14203163     -0.32573014      -0.32573014       252.85371                                252.85371
              1       124.16636       60.022594     0.029969563       0.1509057      0.15219189     -0.32573014      -0.32573014       248.98419                                248.98419
              3       124.37344       60.022594     0.029969563      0.14882772      0.15294356     -0.32573014      -0.32573014       249.39834                                249.39834
              2       125.63254       60.039906     0.028789552      0.14960129       0.1536617     -0.32573014      -0.32573014       251.91654                                251.91654
              1       125.46172       60.039906     0.028789552      0.15054238      0.15545622     -0.32573014      -0.32573014       251.57491                                251.57491
              6       125.67372        60.04508      0.02885825      0.14918998      0.15619252     -0.32573014      -0.32573014       251.99889                                251.99889
              2       125.37076        60.04508      0.02885825      0.15263998      0.15825802     -0.32573014      -0.32573014       251.39298                                251.39298
              2       125.19045        60.04508      0.02885825      0.15580355       0.1551739     -0.32573014      -0.32573014       251.03236                                251.03236
              1       125.19389        60.04508      0.02885825      0.15596462      0.15506384     -0.32573014      -0.32573014       251.03925                                251.03925
              1       125.65775       60.043418     0.028938919      0.15963199      0.16057701     -0.32573014      -0.32573014       251.96697                                251.96697
              2       125.30609       60.043418     0.028938919      0.15751009      0.15895863     -0.32573014      -0.32573014       251.26364                                251.26364
              5       126.16576       60.043418     0.028938919      0.16311632      0.15069057     -0.32573014      -0.32573014       252.98299                                252.98299
              4       125.62151       60.043418     0.028938919      0.15841069      0.14982977     -0.32573014      -0.32573014       251.89449                                251.89449
              2       125.80805       60.043418     0.028938919      0.16268319      0.15667552     -0.32573014      -0.32573014       252.26757                                252.26757
              2       126.15609       60.043418     0.028938919      0.16419775      0.15350045     -0.32573014      -0.32573014       252.96364                                252.96364
              2       125.34042       60.043418     0.028938919      0.15505876      0.15106582     -0.32573014      -0.32573014       251.33229                                251.33229
              2       126.40838       60.170533     0.029850838      0.15493777      0.15193273     -0.32573014      -0.32573014       253.46822                                253.46822
              5        126.4824       60.170533     0.029850838      0.15674062      0.15124199     -0.32573014      -0.32573014       253.61625                                253.61625
              5       127.67121       60.170533     0.029850838      0.15464513      0.14532792     -0.32573014      -0.32573014       255.99389                                255.99389
              3       127.73277       60.170533     0.029850838      0.15439579      0.14513772     -0.32573014      -0.32573014         256.117                                  256.117
              3       128.74384       60.170533     0.029850838      0.16523073      0.16702564     -0.32573014      -0.32573014       258.13914                                258.13914
              2        128.8777       60.170533     0.029850838      0.17013456      0.15274655     -0.32573014      -0.32573014       258.40686                                258.40686
              1       128.47854       60.068795     0.028885504       0.1549791      0.14040459     -0.32573014      -0.32573014       257.60854                                257.60854
              1       129.06331       60.068795     0.028885504      0.15759737      0.13907691     -0.32573014      -0.32573014       258.77808                                258.77808
              2       126.63355       60.068795     0.028885504      0.16460851      0.15329862     -0.32573014      -0.32573014       253.91856                                253.91856
              1       126.36007       60.040579      0.02877239      0.16458127      0.15306509     -0.32573014      -0.32573014        253.3716                                 253.3716
              4       125.82955       60.040579      0.02877239      0.16119083      0.15954899     -0.32573014      -0.32573014       252.31055                                252.31055
              1       125.27898       60.064077     0.029265959      0.15889538      0.15533899     -0.32573014      -0.32573014       251.20942                                251.20942
              2       124.04155       60.016573     0.029932524      0.15833037      0.15455153     -0.32573014      -0.32573014       248.73455                                248.73455
              1       123.93111       60.016573     0.029932524      0.15229448      0.15379572     -0.32573014      -0.32573014       248.51369                                248.51369
              2       125.94146       60.058828     0.028319231      0.15347422      0.15451925     -0.32573014      -0.32573014       252.53439                                252.53439
              1       126.88133       60.058828     0.028319231      0.14921412       0.1621879     -0.32573014      -0.32573014       254.41412                                254.41412
              4       126.63719       60.058828     0.028319231      0.16164908      0.16118979     -0.32573014      -0.32573014       253.92583                                253.92583
              1       126.60858       60.044114     0.028114917      0.16172291      0.16113488     -0.32573014      -0.32573014       253.86863                                253.86863
              1       126.38271       60.044114     0.028114917      0.16185467      0.15866597     -0.32573014      -0.32573014       253.41688                                253.41688
              3       126.58953       60.044114     0.028114917      0.16293211      0.15898768     -0.32573014      -0.32573014       253.83052                                253.83052
              2        126.9369       60.044114     0.028114917      0.16506135      0.15702676     -0.32573014      -0.32573014       254.52526                                254.52526
              1        127.0705         60.0386     0.027799632      0.14716958      0.15304112     -0.32573014      -0.32573014       254.79246                                254.79246
              2        128.0349         60.0386     0.027799632      0.14893541       0.1453917     -0.32573014      -0.32573014       256.72127                                256.72127
              2       126.02845         60.0386     0.027799632      0.15436508      0.15565005     -0.32573014      -0.32573014       252.70836                                252.70836
              1       125.94604       60.023637     0.027635474      0.15441374      0.15557415     -0.32573014      -0.32573014       252.54355                                252.54355
              1       126.69489       60.041292     0.027070775      0.15481574      0.15601264     -0.32573014      -0.32573014       254.04123                                254.04123
              1       126.95658       60.041292     0.027070775      0.15981576      0.15327845     -0.32573014      -0.32573014       254.56462                                254.56462
              3       127.17302       60.053432     0.027020753      0.15988726      0.15342433     -0.32573014      -0.32573014       254.99749                                254.99749
              5       127.36327       60.060071     0.026884123      0.15999256      0.15355439     -0.32573014      -0.32573014         255.378                                  255.378
              1       127.14011       60.060071     0.026884123      0.15809726      0.15529002     -0.32573014      -0.32573014       254.93167                                254.93167
              4       133.16474       60.060071     0.026884123      0.15317574      0.13497369     -0.32573014      -0.32573014       266.98094                                266.98094
              2       130.97169       60.060071     0.026884123      0.16519127       0.1414599     -0.32573014      -0.32573014       262.59485                                262.59485
              1       132.09377       60.060071     0.026884123      0.17629722      0.15757345     -0.32573014      -0.32573014         264.839                                  264.839
              1        130.6031       60.060071     0.026884123      0.17277281      0.16005484     -0.32573014      -0.32573014       261.85765                                261.85765
              4       126.52146       60.089607     0.029204433      0.16434774      0.15492651     -0.32573014      -0.32573014       253.69437                                253.69437
              1       126.66993       60.099702     0.029201408      0.16438383      0.15503007     -0.32573014      -0.32573014       253.99133                                253.99133
              1       126.18365       60.099702     0.029201408      0.16141847      0.15824236     -0.32573014      -0.32573014       253.01876                                253.01876
              1        125.7587       60.099702     0.029201408      0.15660721      0.15374168     -0.32573014      -0.32573014       252.16885                                252.16885
              1       128.55509       60.099702     0.029201408      0.16770424      0.14689393     -0.32573014      -0.32573014       257.76165                                257.76165
              1       126.32404       60.060093     0.029334927      0.16280269      0.16232813     -0.32573014      -0.32573014       253.29953                                253.29953
              2       125.28754       60.060093     0.029334927      0.15561816      0.16023902     -0.32573014      -0.32573014       251.22654                                251.22654
              3       124.66608       60.026601     0.029491809      0.15540946      0.15982788     -0.32573014      -0.32573014       249.98362                                249.98362
              1       124.62137       60.026601     0.029491809      0.15507756       0.1594699     -0.32573014      -0.32573014       249.89421                                249.89421
              3       124.51164       60.026601     0.029491809      0.15569054      0.15823048     -0.32573014      -0.32573014       249.67475                                249.67475
              3       126.57064       60.026601     0.029491809      0.16767489      0.15780414     -0.32573014      -0.32573014       253.79274                                253.79274
              1       125.89379        60.01828      0.02995788      0.16714988      0.15435676     -0.32573014      -0.32573014       252.43904                                252.43904
              5       127.71016       60.070368     0.028545438      0.16788792      0.15559391     -0.32573014      -0.32573014       256.07178                                256.07178
              1       127.27055       60.070368     0.028545438      0.16412885      0.16254589     -0.32573014      -0.32573014       255.19255                                255.19255
              1       126.15486       60.070368     0.028545438      0.15935737      0.15954854     -0.32573014      -0.32573014       252.96118                                252.96118
              1       126.04839       60.070368     0.028545438      0.15700788      0.15996854     -0.32573014      -0.32573014       252.74825                                252.74825
              1       127.47798       60.178068      0.02874853      0.15744449      0.16112251     -0.32573014      -0.32573014       255.60742                                255.60742
              1       127.33466       60.178068      0.02874853      0.15580629      0.15415864     -0.32573014      -0.32573014       255.32079                                255.32079
              1       127.10128       60.178459     0.029299437      0.15787861      0.15160153     -0.32573014      -0.32573014       254.85402                                254.85402
              1        127.6482       60.178459     0.029299437      0.15862962      0.14848209     -0.32573014      -0.32573014       255.94787                                255.94787
              1       127.50512       60.127506     0.028646231      0.15861737      0.14818658     -0.32573014      -0.32573014       255.66169                                255.66169
              2       127.80987       60.130105     0.028572977      0.15930036      0.14751039     -0.32573014      -0.32573014        256.2712                                 256.2712
              2       127.91168       60.130105     0.028572977      0.16103918      0.14783251     -0.32573014      -0.32573014       256.47481                                256.47481
              2       126.69023       60.130105     0.028572977      0.15549751      0.15604456     -0.32573014      -0.32573014       254.03192                                254.03192
              5       126.69818       60.130105     0.028572977      0.15521341      0.15593486     -0.32573014      -0.32573014       254.04782                                254.04782
              1       126.82555       60.130105     0.028572977       0.1573773      0.15968858     -0.32573014      -0.32573014       254.30257                                254.30257
              1        127.1291       60.208608     0.029577949      0.15739667      0.16014451     -0.32573014      -0.32573014       254.90966                                254.90966
              1       127.06432       60.208608     0.029577949      0.15576469      0.15937988     -0.32573014      -0.32573014       254.78011                                254.78011
              2        127.9082       60.208608     0.029577949      0.16476831      0.15446765     -0.32573014      -0.32573014       256.46786                                256.46786
              3       126.12694       60.096136     0.029886627      0.16413072      0.15302847     -0.32573014      -0.32573014       252.90533                                252.90533
              1       125.96905       60.096136     0.029886627      0.16369549      0.15443187     -0.32573014      -0.32573014       252.58956                                252.58956
              2       125.53263       60.096136     0.029886627      0.15691379      0.16145583     -0.32573014      -0.32573014       251.71671                                251.71671
              1       126.90342       60.023204     0.026972055      0.15758668      0.16192269     -0.32573014      -0.32573014        254.4583                                 254.4583
              4       127.83293       60.023204     0.026972055      0.15988097      0.14670146     -0.32573014      -0.32573014       256.31733                                256.31733
              1       128.16966       60.023204     0.026972055      0.16339702      0.14737579     -0.32573014      -0.32573014       256.99077                                256.99077
              4       127.37493       60.023204     0.026972055      0.16265659      0.15109154     -0.32573014      -0.32573014       255.40132                                255.40132
              2       127.24842       60.023204     0.026972055        0.162268      0.15159827     -0.32573014      -0.32573014       255.14831                                255.14831
              2       127.02957       60.023204     0.026972055      0.16207598      0.15361177     -0.32573014      -0.32573014        254.7106                                 254.7106
              1       128.29213       60.163095      0.02780027      0.16244625      0.15485694     -0.32573014      -0.32573014       257.23572                                257.23572
              1        126.8737       60.146332     0.029194027      0.16188116      0.15403662     -0.32573014      -0.32573014       254.39885                                254.39885
              5       126.82817       60.146332     0.029194027      0.16100444       0.1529803     -0.32573014      -0.32573014       254.30779                                254.30779
              1        125.5423       60.043592     0.029030391      0.16057743      0.15186594     -0.32573014      -0.32573014       251.73607                                251.73607
              1       127.90174       60.038978     0.026163942      0.16155543      0.15310108     -0.32573014      -0.32573014       256.45493                                256.45493
              1       129.19094       60.038978     0.026163942      0.16766582      0.16125145     -0.32573014      -0.32573014       259.03335                                259.03335
              1       129.70163       60.038978     0.026163942      0.14370381      0.16013457     -0.32573014      -0.32573014       260.05473                                260.05473
              2       127.57237       60.038978     0.026163942      0.15354974      0.15840386     -0.32573014      -0.32573014       255.79619                                255.79619
              1        127.4584       60.038978     0.026163942      0.15507997      0.15765807     -0.32573014      -0.32573014       255.56825                                255.56825
              8       128.48134       60.038978     0.026163942      0.14803087      0.15980885     -0.32573014      -0.32573014       257.61414                                257.61414
              1       130.05019       60.196753     0.027212566      0.14840853      0.16116173     -0.32573014      -0.32573014       260.75184                                260.75184
              1       128.13942       60.172306     0.028911193       0.1477009      0.16011553     -0.32573014      -0.32573014        256.9303                                 256.9303
              1       128.80185       60.172306     0.028911193      0.15082913      0.16718274     -0.32573014      -0.32573014       258.25516                                258.25516
              2       125.42866       60.006175     0.029771026      0.14974648      0.16487539     -0.32573014      -0.32573014       251.50877                                251.50877
              1       125.84499       60.006175     0.029771026      0.15118433      0.16688908     -0.32573014      -0.32573014       252.34144                                252.34144
              2       126.04347       60.006175     0.029771026      0.15143427      0.16758493     -0.32573014      -0.32573014       252.73841                                252.73841
              5       126.35338       60.009508     0.029846564      0.16353608      0.16559039     -0.32573014      -0.32573014       253.35821                                253.35821
              1       126.32068       60.020112      0.02995047      0.16342712      0.16539795     -0.32573014      -0.32573014       253.29281                                253.29281
              4       125.53917       60.020112      0.02995047      0.16306657      0.16233494     -0.32573014      -0.32573014        251.7298                                 251.7298
              1       127.11985       60.020112      0.02995047      0.16548644      0.16639273     -0.32573014      -0.32573014       254.89116                                254.89116
              2       128.37242       60.020112      0.02995047      0.16829428       0.1675904     -0.32573014      -0.32573014        257.3963                                 257.3963
              2       127.86545       60.020112      0.02995047      0.17214367      0.15613853     -0.32573014      -0.32573014       256.38236                                256.38236
              1       124.12304       60.020112      0.02995047       0.1556222      0.15890674     -0.32573014      -0.32573014       248.89753                                248.89753
              3       124.06443       60.020112      0.02995047      0.15094885      0.15402454     -0.32573014      -0.32573014       248.78032                                248.78032
              3        123.9371       60.020112      0.02995047      0.15547264      0.15640373     -0.32573014      -0.32573014       248.52567                                248.52567
              1       126.91841       60.020112      0.02995047       0.1695448      0.15829845     -0.32573014      -0.32573014       254.48828                                254.48828
              1       126.84133       60.011292     0.029901843       0.1695202      0.15821833     -0.32573014      -0.32573014       254.33412                                254.33412
              1       127.18905       60.015354     0.029522621       0.1696716      0.15843575     -0.32573014      -0.32573014       255.02956                                255.02956
              1       128.27898       60.015354     0.029522621      0.16322664      0.17081935     -0.32573014      -0.32573014       257.20942                                257.20942
              1       127.20665       60.015354     0.029522621      0.16026621      0.16939846     -0.32573014      -0.32573014       255.06476                                255.06476
              1       127.28555       60.015354     0.029522621      0.15865973      0.17013063     -0.32573014      -0.32573014       255.22256                                255.22256
              4       124.35297       60.015354     0.029522621      0.15294841      0.15810956     -0.32573014      -0.32573014       249.35741                                249.35741
              2       124.78918       60.015354     0.029522621      0.15513914      0.16185188     -0.32573014      -0.32573014       250.22981                                250.22981
              1       124.70809       60.015354     0.029522621       0.1484253      0.15384433     -0.32573014      -0.32573014       250.06765                                250.06765
              5       124.79821       60.015354     0.029522621      0.14784082      0.15568598     -0.32573014      -0.32573014       250.24787                                250.24787
              2       124.90548       60.015354     0.029522621      0.15066437      0.16130058     -0.32573014      -0.32573014       250.46243                                250.46243
              1         129.881       60.015354     0.029522621       0.1645979      0.17375433     -0.32573014      -0.32573014       260.41346                                260.41346
              3       127.69518       60.015354     0.029522621      0.17014202      0.16110328     -0.32573014      -0.32573014       256.04183                                256.04183
              1       124.60863       60.015354     0.029522621      0.15935755      0.15150502     -0.32573014      -0.32573014       249.86872                                249.86872
              7       124.39005       60.015354     0.029522621      0.15424554      0.15893609     -0.32573014      -0.32573014       249.43156                                249.43156
              5       127.57224       60.081198     0.026932258      0.15545922      0.16086177     -0.32573014      -0.32573014       255.79595                                255.79595
              1        127.5495       60.081198     0.026932258      0.15532282      0.16058085     -0.32573014      -0.32573014       255.75046                                255.75046
              5       126.65745       60.037559     0.027225051      0.15501509      0.15994467     -0.32573014      -0.32573014       253.96637                                253.96637
              2       126.51966       60.037559     0.027225051      0.15509786      0.15782949     -0.32573014      -0.32573014       253.69078                                253.69078
              9       126.74655       60.037559     0.027225051      0.15353927      0.16015391     -0.32573014      -0.32573014       254.14456                                254.14456
              2       128.47395       60.075947     0.025926151      0.15417317      0.16118162     -0.32573014      -0.32573014       257.59937                                257.59937
              3       128.65017       60.075947     0.025926151      0.15183345       0.1603387     -0.32573014      -0.32573014        257.9518                                 257.9518
              1       128.39096       60.075947     0.025926151      0.15430773      0.15442018     -0.32573014      -0.32573014       257.43338                                257.43338
              1       128.77013       60.190026     0.027433979      0.15431935      0.15506141     -0.32573014      -0.32573014       258.19173                                258.19173
              4        130.4602       60.190026     0.027433979      0.16370082      0.14711194     -0.32573014      -0.32573014       261.57187                                261.57187
              1       130.84785       60.190026     0.027433979      0.16409933      0.14595909     -0.32573014      -0.32573014       262.34715                                262.34715
              2       130.57354       60.190026     0.027433979      0.16760261      0.16500316     -0.32573014      -0.32573014       261.79854                                261.79854
              1       128.97652       60.190026     0.027433979       0.1519729        0.159265     -0.32573014      -0.32573014        258.6045                                 258.6045
              3       129.84405        60.29577     0.028317641      0.15216294      0.16009043     -0.32573014      -0.32573014       260.33956                                260.33956
              1       129.77438        60.29577     0.028317641      0.16325793      0.15640056     -0.32573014      -0.32573014       260.20023                                260.20023
              1       129.77587        60.29577     0.028317641      0.16333433      0.15662084     -0.32573014      -0.32573014       260.20321                                260.20321
              1       130.32885       60.395283       0.0290559      0.15692022      0.16124179     -0.32573014      -0.32573014       261.30916                                261.30916
              2       130.43018       60.395283       0.0290559      0.16252884      0.15823896     -0.32573014      -0.32573014       261.51182                                261.51182
              1       132.73333       60.490895     0.028051149      0.16332976      0.15979609     -0.32573014      -0.32573014       266.11811                                266.11811
              2       131.42301       60.370469     0.027510829      0.16295081      0.15864658     -0.32573014      -0.32573014       263.49747                                263.49747
              1       131.51571       60.370469     0.027510829      0.16322382      0.16159444     -0.32573014      -0.32573014       263.68289                                263.68289
              2       131.54528       60.370469     0.027510829      0.16359276      0.16138949     -0.32573014      -0.32573014       263.74202                                263.74202
              1       132.45528       60.370469     0.027510829      0.16818305      0.16287803     -0.32573014      -0.32573014       265.56203                                265.56203
              3        133.0934       60.478848     0.028601145      0.16831342      0.16364102     -0.32573014      -0.32573014       266.83826                                266.83826
              3       132.36232       60.478848     0.028601145      0.15372868      0.15771617     -0.32573014      -0.32573014       265.37611                                265.37611
              2       132.13605       60.483426     0.028802044      0.15444887      0.15780032     -0.32573014      -0.32573014       264.92356                                264.92356
              2        131.3895       60.447807     0.029003257      0.15421087      0.15729804     -0.32573014      -0.32573014       263.43045                                263.43045
              3       131.83676       60.428772      0.02820186      0.15440068      0.15743818     -0.32573014      -0.32573014       264.32498                                264.32498
              1       134.14644       60.428772      0.02820186      0.14506626      0.16227533     -0.32573014      -0.32573014       268.94435                                268.94435
              1       133.59674       60.482118     0.029713937      0.14479024      0.16221244     -0.32573014      -0.32573014       267.84495                                267.84495
              1       132.76288       60.482118     0.029713937      0.14731894      0.16213915     -0.32573014      -0.32573014       266.17721                                266.17721
              1        132.7643       60.482118     0.029713937      0.15356468      0.16989082     -0.32573014      -0.32573014       266.18007                                266.18007
              1       132.44405       60.482118     0.029713937      0.15120942      0.16683879     -0.32573014      -0.32573014       265.53955                                265.53955
              3       131.06107       60.482118     0.029713937      0.16198594      0.15885683     -0.32573014      -0.32573014       262.77361                                262.77361
              1       133.04933       60.482118     0.029713937      0.17148432      0.16175715     -0.32573014      -0.32573014       266.75012                                266.75012
              2       132.52106       60.457735     0.029943177      0.17128949      0.16137219     -0.32573014      -0.32573014       265.69357                                265.69357
              2       131.77166       60.457735     0.029943177      0.16537772      0.16679531     -0.32573014      -0.32573014       264.19477                                264.19477
              1       131.78834       60.457735     0.029943177      0.16540179      0.16685679     -0.32573014      -0.32573014       264.22814                                264.22814
              3       129.54187       60.223957     0.028539751      0.16478979      0.16478464     -0.32573014      -0.32573014       259.73521                                259.73521
              1       129.11962       60.223957     0.028539751      0.15857385      0.16623563     -0.32573014      -0.32573014        258.8907                                 258.8907
              3       126.30526       60.100059     0.029659903      0.15759941      0.16429958     -0.32573014      -0.32573014       253.26198                                253.26198
              1       125.38692       60.100059     0.029659903      0.15646472      0.15324416     -0.32573014      -0.32573014       251.42531                                251.42531
              1       125.16159       60.008417     0.028390547      0.15647565      0.15275516     -0.32573014      -0.32573014       250.97465                                250.97465
              2       125.55969       60.019427     0.028109554      0.15662553      0.15300876     -0.32573014      -0.32573014       251.77085                                251.77085
              2       126.43334       60.019427     0.028109554      0.14763819      0.15963866     -0.32573014      -0.32573014       253.51813                                253.51813
              1       125.93311       60.019427     0.028109554      0.15045156      0.15924376     -0.32573014      -0.32573014       252.51769                                252.51769
              1       125.75675       60.019427     0.028109554      0.15074113      0.15456435     -0.32573014      -0.32573014       252.16496                                252.16496
              4       125.95505       60.019427     0.028109554      0.15001868      0.15880952     -0.32573014      -0.32573014       252.56155                                252.56155
              2       125.55781       60.019427     0.028109554      0.15553069      0.15862101     -0.32573014      -0.32573014       251.76708                                251.76708
              3       126.13118       60.054224     0.028043865      0.15571754      0.15905286     -0.32573014      -0.32573014       252.91382                                252.91382
              2       129.29036       60.054224     0.028043865      0.15513955      0.17217632     -0.32573014      -0.32573014       259.23217                                259.23217
              2       126.50676       60.054224     0.028043865      0.16075567      0.15985915     -0.32573014      -0.32573014       253.66498                                253.66498
              1       127.38911       60.109971     0.027952228       0.1610503      0.16054491     -0.32573014      -0.32573014       255.42969                                255.42969
              2       126.93124       60.109971     0.027952228      0.15722083      0.15705276     -0.32573014      -0.32573014       254.51394                                254.51394
              1       126.87943       60.123018      0.02823497       0.1571837      0.15707652     -0.32573014      -0.32573014       254.41032                                254.41032
              1       127.29463       60.123018      0.02823497      0.16142013       0.1594418     -0.32573014      -0.32573014       255.24071                                255.24071
              3       124.47587       60.015354     0.029792819      0.16036952       0.1574967     -0.32573014      -0.32573014        249.6032                                 249.6032
              3       124.76192       60.020286     0.029527103      0.16048543      0.15767316     -0.32573014      -0.32573014       250.17529                                250.17529
              2        125.6086       60.066481     0.029528785      0.16156141      0.15903978     -0.32573014      -0.32573014       251.86867                                251.86867
              2       125.70328       60.066481     0.029528785      0.16096506      0.16070362     -0.32573014      -0.32573014       252.05801                                252.05801
              2       127.29741       60.066481     0.029528785      0.16821186      0.15948376     -0.32573014      -0.32573014       255.24628                                255.24628
              2       125.16029       60.066481     0.029528785      0.15099427      0.15441329     -0.32573014      -0.32573014       250.97205                                250.97205
              4       124.94672       60.066481     0.029528785      0.15434474      0.15435063     -0.32573014      -0.32573014        250.5449                                 250.5449
              4       126.21942       60.066481     0.029528785      0.14517277      0.15425827     -0.32573014      -0.32573014       253.09031                                253.09031
              4       125.55374       60.066481     0.029528785        0.161134      0.15917189     -0.32573014      -0.32573014       251.75894                                251.75894
              2       128.62649       60.066481     0.029528785      0.16992085       0.1640165     -0.32573014      -0.32573014       257.90444                                257.90444
              1       126.24187       60.066481     0.029528785      0.15454122      0.16561734     -0.32573014      -0.32573014       253.13519                                253.13519
              2       125.66411       60.066481     0.029528785      0.14762512      0.15633401     -0.32573014      -0.32573014       251.97969                                251.97969
              1       125.54224         60.0465     0.029088703      0.15142949      0.16071244     -0.32573014      -0.32573014       251.73595                                251.73595
              1       125.50038         60.0465     0.029088703      0.14998063      0.15877489     -0.32573014      -0.32573014       251.65221                                251.65221
              3       125.36996         60.0465     0.029088703       0.1526941      0.16015476     -0.32573014      -0.32573014       251.39139                                251.39139
              1       125.32862         60.0465     0.029088703      0.15294649      0.15993152     -0.32573014      -0.32573014        251.3087                                 251.3087
              1       125.44615       60.045926     0.029053009      0.15404633      0.16107615     -0.32573014      -0.32573014       251.54376                                251.54376
              2       125.18073       60.045926     0.029053009      0.15480697      0.15204741     -0.32573014      -0.32573014       251.01292                                251.01292
              3       125.94826       60.045926     0.029053009      0.15418622      0.14699344     -0.32573014      -0.32573014       252.54797                                252.54797
              1       125.75815       60.045926     0.029053009      0.15895241      0.14884112     -0.32573014      -0.32573014       252.16776                                252.16776
              1       125.93984       60.045926     0.029053009      0.15279358      0.16359395     -0.32573014      -0.32573014       252.53113                                252.53113
              1       126.14397       60.045926     0.029053009      0.15027208      0.16342171     -0.32573014      -0.32573014       252.93939                                252.93939
              5       125.29309       60.045926     0.029053009      0.15076654      0.15612095     -0.32573014      -0.32573014       251.23763                                251.23763
              3       125.23897       60.045926     0.029053009      0.15224526      0.15275181     -0.32573014      -0.32573014       251.12939                                251.12939
              4       126.38544       60.045926     0.029053009      0.14505843      0.15699671     -0.32573014      -0.32573014       253.42235                                253.42235
              1       126.06709       60.015401     0.028874498      0.14496668      0.15675641     -0.32573014      -0.32573014       252.78565                                252.78565
              4       124.81655       60.015401     0.028874498      0.15347317      0.15338563     -0.32573014      -0.32573014       250.28455                                250.28455
              1       125.08127       60.015401     0.028874498      0.15062195       0.1579606     -0.32573014      -0.32573014         250.814                                  250.814
              1       125.53588       60.015401     0.028874498      0.15197363      0.14795441     -0.32573014      -0.32573014       251.72323                                251.72323
              2       125.79518       60.015401     0.028874498      0.16191119      0.14924557     -0.32573014      -0.32573014       252.24183                                252.24183
              4       126.11248       60.015401     0.028874498      0.16443514      0.15079384     -0.32573014      -0.32573014       252.87641                                252.87641
              1       125.30086       60.015401     0.028874498      0.16167936      0.15475668     -0.32573014      -0.32573014       251.25317                                251.25317
              1       124.96851       60.015401     0.028874498      0.15841946      0.15266886     -0.32573014      -0.32573014       250.58849                                250.58849
              3       125.01299       60.015401     0.028874498       0.1590485      0.15289857     -0.32573014      -0.32573014       250.67744                                250.67744
              2       125.70809       60.015401     0.028874498      0.14675464      0.15263091     -0.32573014      -0.32573014       252.06764                                252.06764
              1       125.86843       60.015401     0.028874498       0.1462694      0.15191119     -0.32573014      -0.32573014       252.38831                                252.38831
              1       126.04236       60.015401     0.028874498      0.14591031      0.15096233     -0.32573014      -0.32573014       252.73618                                252.73618
              2       126.90639       60.047611     0.028485946      0.14612419      0.15150856     -0.32573014      -0.32573014       254.46425                                254.46425
              1       126.15393       60.047611     0.028485946      0.15772194      0.16239983     -0.32573014      -0.32573014       252.95931                                252.95931
              4       126.11599       60.047611     0.028485946      0.15943569      0.15026213     -0.32573014      -0.32573014       252.88343                                252.88343
              4       127.74625       60.047611     0.028485946      0.15593047      0.14254219     -0.32573014      -0.32573014       256.14395                                256.14395
              1       127.15258       60.047611     0.028485946      0.15542102      0.14445999     -0.32573014      -0.32573014       254.95661                                254.95661
              1       126.14405       60.047611     0.028485946      0.15320106      0.14927671     -0.32573014      -0.32573014       252.93955                                252.93955
              2       126.73444       60.047611     0.028485946      0.15950046      0.14688403     -0.32573014      -0.32573014       254.12035                                254.12035
              2       126.18995       60.047611     0.028485946      0.15749179      0.14886657     -0.32573014      -0.32573014       253.03137                                253.03137
              5       126.30529       60.047611     0.028485946      0.15322761      0.14834706     -0.32573014      -0.32573014       253.26205                                253.26205
              2       126.22068       60.047611     0.028485946      0.15307433      0.14886859     -0.32573014      -0.32573014       253.09282                                253.09282
              2         126.294       60.049201     0.027766588      0.15708657      0.15889834     -0.32573014      -0.32573014       253.23945                                253.23945
              3       126.39936       60.049201     0.027766588       0.1538259      0.15971296     -0.32573014      -0.32573014       253.45018                                253.45018
              1       126.92712       60.049201     0.027766588      0.14973204      0.15169875     -0.32573014      -0.32573014        254.5057                                 254.5057
              1        125.3841       60.033562     0.029105176      0.16004958      0.15061901     -0.32573014      -0.32573014       251.41966                                251.41966
              1       125.22126       60.015276     0.029012368      0.15999175       0.1504679     -0.32573014      -0.32573014       251.09398                                251.09398
              5       125.57192       60.015276     0.029012368      0.15931944      0.14767718     -0.32573014      -0.32573014       251.79529                                251.79529
              6       126.02839       60.015276     0.029012368      0.15679662      0.14478191     -0.32573014      -0.32573014       252.70824                                252.70824
              1       126.19291       60.015276     0.029012368      0.14539776       0.1495733     -0.32573014      -0.32573014       253.03727                                253.03727
              4       127.39623       60.015276     0.029012368      0.14800621      0.14212042     -0.32573014      -0.32573014       255.44392                                255.44392
              1       127.38572       60.015276     0.029012368      0.14882771      0.14173938     -0.32573014      -0.32573014        255.4229                                 255.4229
              1       128.21175       60.059422     0.028821721      0.14905147      0.14231458     -0.32573014      -0.32573014       257.07495                                257.07495
              1       129.87079       60.059422     0.028821721      0.16945162      0.14323023     -0.32573014      -0.32573014       260.39304                                260.39304
              5       129.09784       60.059422     0.028821721      0.16487195      0.14147249     -0.32573014      -0.32573014       258.84713                                258.84713
              1       127.22848       60.059422     0.028821721      0.16679075      0.15941518     -0.32573014      -0.32573014       255.10842                                255.10842
              1       127.00275       60.059422     0.028821721      0.14588241      0.16133263     -0.32573014      -0.32573014       254.65696                                254.65696
              1       126.94619       60.059422     0.028821721      0.14458277      0.15536507     -0.32573014      -0.32573014       254.54384                                254.54384
              1       126.28115       60.059422     0.028821721      0.14743632      0.15424991     -0.32573014      -0.32573014       253.21376                                253.21376
              1       127.28622       60.059422     0.028821721      0.14341898       0.1555408     -0.32573014      -0.32573014        255.2239                                 255.2239
              2       126.41574       60.059422     0.028821721      0.14721785      0.15267268     -0.32573014      -0.32573014       253.48294                                253.48294
              2       126.24574       60.118182     0.029989863      0.14722715        0.152717     -0.32573014      -0.32573014       253.14294                                253.14294
              1       126.26381       60.118182     0.029989863      0.14666497      0.15614852     -0.32573014      -0.32573014       253.17908                                253.17908
              1       127.84726       60.040455     0.026976969      0.14695047      0.15683442     -0.32573014      -0.32573014       256.34598                                256.34598
              1       128.89445       60.040455     0.026976969      0.14579454      0.14874134     -0.32573014      -0.32573014       258.44035                                258.44035
              1       129.45559       60.086541     0.027153897      0.14595184       0.1491511     -0.32573014      -0.32573014       259.56263                                259.56263
              1       127.97814       60.086541     0.027153897      0.15365076      0.16373657     -0.32573014      -0.32573014       256.60774                                256.60774
              1       128.00805       60.086541     0.027153897      0.15346572      0.16382516     -0.32573014      -0.32573014       256.66757                                256.66757
              3       128.43448       60.086541     0.027153897      0.15369291      0.16600654     -0.32573014      -0.32573014       257.52042                                257.52042
              2       130.50951       60.086541     0.027153897      0.16165665      0.17205926     -0.32573014      -0.32573014       261.67049                                261.67049
              1       131.30205        60.03092     0.025185471      0.16182289      0.17245493     -0.32573014      -0.32573014       263.25555                                263.25555
              1       128.93734        60.03092     0.025185471      0.14988904        0.154291     -0.32573014      -0.32573014       258.52614                                258.52614
              1       128.60646        60.03092     0.025185471      0.16212106      0.16066868     -0.32573014      -0.32573014       257.86439                                257.86439
              3       128.01527       60.062035     0.026430923      0.16199878      0.16037414     -0.32573014      -0.32573014       256.68201                                256.68201
              1       127.57539       60.062035     0.026430923      0.15880981      0.15656955     -0.32573014      -0.32573014       255.80225                                255.80225
              1        128.8134        60.20593     0.027463078      0.15920361      0.15760561     -0.32573014      -0.32573014       258.27826                                258.27826
              3       127.12533       60.176695     0.028929774      0.15878344      0.15654472     -0.32573014      -0.32573014       254.90213                                254.90213
              1       124.93584       60.001749     0.028550692      0.15812695      0.15484081     -0.32573014      -0.32573014       250.52313                                250.52313
              1       124.91068       60.001749     0.028550692      0.15781664      0.15513409     -0.32573014      -0.32573014       250.47282                                250.47282
              2       126.31929       60.048892     0.028311864       0.1625403      0.15655942     -0.32573014      -0.32573014       253.29005                                253.29005
              2       125.85861       60.048892     0.028311864      0.15775616      0.15859266     -0.32573014      -0.32573014       252.36868                                252.36868
              1       126.31267       60.144276     0.029418024      0.15793158      0.15906539     -0.32573014      -0.32573014        253.2768                                 253.2768
              3       124.81129       60.052423     0.029624663      0.15750458      0.15796499     -0.32573014      -0.32573014       250.27404                                250.27404
              1       126.16864       60.052423     0.029624663      0.16068278      0.14578504     -0.32573014      -0.32573014       252.98873                                252.98873
              3       124.97058       60.052423     0.029624663      0.15907405      0.15210374     -0.32573014      -0.32573014       250.59261                                250.59261
              1       125.13096       60.083889     0.029961508      0.15913761      0.15227393     -0.32573014      -0.32573014       250.91339                                250.91339
              1       125.29409       60.083889     0.029961508      0.16005322       0.1590782     -0.32573014      -0.32573014       251.23964                                251.23964
              1       126.43487       60.083889     0.029961508      0.14522085      0.16081426     -0.32573014      -0.32573014       253.52121                                253.52121
              7       125.54358       60.083889     0.029961508      0.16217411      0.15817471     -0.32573014      -0.32573014       251.73863                                251.73863
              1       126.01664       60.083889     0.029961508      0.16422109       0.1518495     -0.32573014      -0.32573014       252.68474                                252.68474
              2       126.13881       60.029698     0.028886325      0.16421207      0.15180754     -0.32573014      -0.32573014       252.92908                                252.92908
              1       125.91354       60.029698     0.028886325      0.16392232      0.15588876     -0.32573014      -0.32573014       252.47855                                252.47855
              1       126.42557       60.029698     0.028886325      0.14442345      0.15449842     -0.32573014      -0.32573014       253.50261                                253.50261
              1       126.29825       60.029698     0.028886325      0.15261649      0.16547697     -0.32573014      -0.32573014       253.24795                                253.24795
              2       125.13714       60.029698     0.028886325      0.15787641      0.15247845     -0.32573014      -0.32573014       250.92574                                250.92574
              2       124.95141       60.065814     0.029498461      0.15591755        0.156038     -0.32573014      -0.32573014       250.55429                                250.55429
              2       125.95236       60.065814     0.029498461      0.16363786      0.15828115     -0.32573014      -0.32573014       252.55618                                252.55618
              4       126.77166       60.065814     0.029498461      0.15955416      0.16665292     -0.32573014      -0.32573014       254.19478                                254.19478
              2       125.57433       60.065814     0.029498461      0.14986808      0.16006417     -0.32573014      -0.32573014       251.80012                                251.80012
              1       125.46297       60.065814     0.029498461      0.16138199       0.1537412     -0.32573014      -0.32573014       251.57739                                251.57739
              4       125.37123       60.067133     0.029634991      0.16135982      0.15368624     -0.32573014      -0.32573014       251.39393                                251.39393
              1       125.09194       60.067133     0.029634991      0.15667024       0.1511748     -0.32573014      -0.32573014       250.83534                                250.83534
              2       125.58729       60.031382     0.028448045      0.15676122      0.15138942     -0.32573014      -0.32573014       251.82605                                251.82605
              2       126.53956       60.031382     0.028448045      0.14924098      0.14811198     -0.32573014      -0.32573014       253.73059                                253.73059
              3       125.83679       60.031382     0.028448045      0.15009046      0.15893696     -0.32573014      -0.32573014       252.32504                                252.32504
              1       125.70175        60.00356     0.028119788      0.15004043      0.15880191     -0.32573014      -0.32573014       252.05495                                252.05495
              1        125.5409        60.00356     0.028119788      0.15157395      0.15900228     -0.32573014      -0.32573014       251.73327                                251.73327
              2       126.38013       60.025632     0.027555143      0.15178106      0.15952795     -0.32573014      -0.32573014       253.41171                                253.41171
              1       126.70794       60.025632     0.027555143      0.14865073      0.15759666     -0.32573014      -0.32573014       254.06733                                254.06733
              3       126.96586       60.025632     0.027555143      0.15548679      0.14738647     -0.32573014      -0.32573014       254.58319                                254.58319
              2       126.13469       60.025632     0.027555143      0.15371516      0.15821903     -0.32573014      -0.32573014       252.92084                                252.92084
              1       126.35122       60.025632     0.027555143      0.15104341      0.15429618     -0.32573014      -0.32573014        253.3539                                 253.3539
              1       124.40385       60.018908     0.029626278      0.15059496      0.15317267     -0.32573014      -0.32573014       249.45915                                249.45915
              3       124.26992       60.018908     0.029626278      0.15666247      0.15254172     -0.32573014      -0.32573014        249.1913                                 249.1913
              6       124.47489       60.046055     0.029841912      0.15673252      0.15272658     -0.32573014      -0.32573014       249.60123                                249.60123
              5       124.59097       60.046055     0.029841912      0.15771005      0.15820568     -0.32573014      -0.32573014       249.83341                                249.83341
              3       125.01024       60.046055     0.029841912      0.15288095      0.16196276     -0.32573014      -0.32573014       250.67195                                250.67195
              2       124.70877       60.046055     0.029841912       0.1546944      0.14979886     -0.32573014      -0.32573014         250.069                                  250.069
              3        124.6502       60.046055     0.029841912      0.15580231      0.15035898     -0.32573014      -0.32573014       249.95185                                249.95185
              1       124.98798       60.046055     0.029841912      0.16170135      0.15360468     -0.32573014      -0.32573014       250.62742                                250.62742
              5        124.6971       60.046055     0.029841912      0.15920599      0.15233664     -0.32573014      -0.32573014       250.04566                                250.04566
             16       125.04565       60.076648     0.029933989      0.15931556      0.15262153     -0.32573014      -0.32573014       250.74276                                250.74276
              6       125.34295       60.076648     0.029933989      0.14986922      0.15992978     -0.32573014      -0.32573014       251.33736                                251.33736
              6       125.11323       60.076648     0.029933989      0.15144436      0.15945732     -0.32573014      -0.32573014       250.87791                                250.87791
              4       124.86891       60.076648     0.029933989      0.15319225      0.15806733     -0.32573014      -0.32573014       250.38929                                250.38929
              3       126.06715       60.076648     0.029933989      0.15869772      0.16493902     -0.32573014      -0.32573014       252.78576                                252.78576
              1       126.30814       60.076648     0.029933989      0.15385268      0.14413729     -0.32573014      -0.32573014       253.26775                                253.26775
              2         126.561       60.076648     0.029933989      0.14401524      0.15060028     -0.32573014      -0.32573014       253.77346                                253.77346
              1       125.22685       60.076648     0.029933989      0.15045772      0.15101588     -0.32573014      -0.32573014       251.10515                                251.10515
              3       125.83402       60.076648     0.029933989      0.14977814      0.14755963     -0.32573014      -0.32573014       252.31951                                252.31951
              1       125.27302       60.076648     0.029933989      0.15285032       0.1614848     -0.32573014      -0.32573014       251.19751                                251.19751
              1       125.31535       60.076648     0.029933989      0.14832079      0.15448843     -0.32573014      -0.32573014       251.28216                                251.28216
              3        124.9919       60.076648     0.029933989      0.15474923      0.15070147     -0.32573014      -0.32573014       250.63526                                250.63526
              2       125.02346       60.075741     0.029881934      0.15475599      0.15071804     -0.32573014      -0.32573014       250.69839                                250.69839
              2       124.87244       60.075741     0.029881934      0.15448163      0.15826017     -0.32573014      -0.32573014       250.39633                                250.39633
              3       125.12322       60.075741     0.029881934      0.15370959       0.1605112     -0.32573014      -0.32573014       250.89791                                250.89791
              1        125.5024       60.075741     0.029881934      0.16039238      0.16084039     -0.32573014      -0.32573014       251.65625                                251.65625
              9       124.89934       60.075741     0.029881934      0.15840621      0.15499467     -0.32573014      -0.32573014       250.45015                                250.45015
              3       125.38004       60.075741     0.029881934      0.16036227      0.15991382     -0.32573014      -0.32573014       251.41154                                251.41154
              1       125.37228       60.075741     0.029881934      0.15449725      0.14833784     -0.32573014      -0.32573014       251.39602                                251.39602
              2       125.64837       60.075741     0.029881934      0.15705414      0.14712394     -0.32573014      -0.32573014        251.9482                                 251.9482
              1       126.61192       60.127862     0.029605021      0.15737087      0.14783505     -0.32573014      -0.32573014       253.87531                                253.87531
              3       124.81015       60.011623     0.029817781      0.15680625       0.1464752     -0.32573014      -0.32573014       250.27177                                250.27177
              3       124.34252       60.011623     0.029817781      0.15954231      0.15810437     -0.32573014      -0.32573014       249.33649                                249.33649
              2       124.31924       60.011623     0.029817781      0.15957699      0.15775741     -0.32573014      -0.32573014       249.28993                                249.28993
              1        124.2986       60.011623     0.029817781       0.1514561      0.15959788     -0.32573014      -0.32573014       249.24867                                249.24867
              5       124.20579       60.011623     0.029817781      0.14982384      0.15297738     -0.32573014      -0.32573014       249.06304                                249.06304
              6        124.2653       60.011623     0.029817781      0.14924647      0.15333024     -0.32573014      -0.32573014       249.18206                                249.18206
              3       124.14282       60.011623     0.029817781      0.15372914      0.15027796     -0.32573014      -0.32573014        248.9371                                 248.9371
              1       123.88963       60.011623     0.029817781      0.15412008      0.15411813     -0.32573014      -0.32573014       248.43073                                248.43073
              1       124.24016       60.011623     0.029817781      0.14924731      0.15455175     -0.32573014      -0.32573014       249.13179                                249.13179
              2       124.20577       60.011623     0.029817781      0.14998891      0.15692564     -0.32573014      -0.32573014         249.063                                  249.063
              6       123.98667       60.011623     0.029817781      0.15298776      0.15233558     -0.32573014      -0.32573014       248.62479                                248.62479
              1       124.09171       60.019552     0.029829771      0.15301699      0.15241354     -0.32573014      -0.32573014       248.83488                                248.83488
              1       124.12775       60.019552     0.029829771      0.15170017      0.15645076     -0.32573014      -0.32573014       248.90695                                248.90695
              3       124.41542       60.019552     0.029829771      0.14895061      0.15353288     -0.32573014      -0.32573014       249.48231                                249.48231
              3       124.30022       60.019552     0.029829771      0.15039833      0.15217884     -0.32573014      -0.32573014       249.25191                                249.25191
              2       124.35629       60.019552     0.029829771      0.15023996      0.15799229     -0.32573014      -0.32573014       249.36404                                249.36404
              1       124.05339       60.019552     0.029829771      0.15673736      0.15565662     -0.32573014      -0.32573014       248.75824                                248.75824
              4       124.01106       60.019552     0.029829771      0.15598265      0.15495866     -0.32573014      -0.32573014       248.67358                                248.67358
              1       124.10784       60.019552     0.029829771      0.15207254      0.15658934     -0.32573014      -0.32573014       248.86713                                248.86713
              1       124.05962       60.019552     0.029829771      0.15281503      0.15641785     -0.32573014      -0.32573014       248.77071                                248.77071
              2       124.50789       60.019552     0.029829771      0.15402367      0.16123122     -0.32573014      -0.32573014       249.66724                                249.66724
              2       125.77914       60.019552     0.029829771       0.1479679      0.16471114     -0.32573014      -0.32573014       252.20974                                252.20974
              2       127.43028       60.019552     0.029829771      0.16233522      0.14021996     -0.32573014      -0.32573014       255.51202                                255.51202
              3       125.49164       60.019552     0.029829771      0.15772172      0.14434207     -0.32573014      -0.32573014       251.63474                                251.63474
              1        124.9834       60.019552     0.029829771      0.16250346      0.15082199     -0.32573014      -0.32573014       250.61826                                250.61826
              3       124.63692       60.019552     0.029829771      0.14969449      0.14960162     -0.32573014      -0.32573014       249.92531                                249.92531
              2       124.73814       60.019552     0.029829771       0.1564983      0.14732985     -0.32573014      -0.32573014       250.12775                                250.12775
              1       125.94483       60.019552     0.029829771      0.16690536      0.15632515     -0.32573014      -0.32573014       252.54113                                252.54113
              1       124.86788       60.019552     0.029829771      0.16280197      0.15621129     -0.32573014      -0.32573014       250.38723                                250.38723
              2       125.53724       60.019552     0.029829771      0.16298445      0.14760403     -0.32573014      -0.32573014       251.72593                                251.72593
              1       125.64219       60.018232      0.02967776      0.16303212      0.14767481     -0.32573014      -0.32573014       251.93584                                251.93584
              1       124.21915       60.018232      0.02967776      0.15600849      0.15206841     -0.32573014      -0.32573014       249.08977                                249.08977
              1       124.12769       60.018232      0.02967776      0.15404085      0.15632947     -0.32573014      -0.32573014       248.90684                                248.90684
              5       124.13583       60.018232      0.02967776      0.15330991      0.15600488     -0.32573014      -0.32573014       248.92313                                248.92313
              3       125.24925       60.018232      0.02967776      0.16414566      0.15408422     -0.32573014      -0.32573014       251.14997                                251.14997
              1       124.13484       60.018232      0.02967776      0.15521395      0.15322734     -0.32573014      -0.32573014       248.92113                                248.92113
              7       124.56905       60.018232      0.02967776      0.15562333      0.14883291     -0.32573014      -0.32573014       249.78956                                249.78956
              2       124.75979       60.018232      0.02967776      0.15904969      0.16065848     -0.32573014      -0.32573014       250.17104                                250.17104
              1       125.86395       60.018232      0.02967776      0.14550711      0.16232553     -0.32573014      -0.32573014       252.37936                                252.37936
              1       125.77401       60.018232      0.02967776      0.16308748      0.16273313     -0.32573014      -0.32573014       252.19947                                252.19947
              2       126.98789       60.045983     0.029530069      0.16206489      0.14349886     -0.32573014      -0.32573014       254.62725                                254.62725
              4       126.63041       60.045983     0.029530069       0.1625231      0.14511198     -0.32573014      -0.32573014       253.91228                                253.91228
              2       126.46637       60.045409     0.029723116      0.16245308      0.14499805     -0.32573014      -0.32573014        253.5842                                 253.5842
              2       126.00671       60.045409     0.029723116       0.1659196      0.15572104     -0.32573014      -0.32573014       252.66487                                252.66487
              3       124.52426       60.045409     0.029723116      0.15463273      0.15749794     -0.32573014      -0.32573014       249.69998                                249.69998
              7       125.20764       60.045409     0.029723116      0.15332499      0.14751982     -0.32573014      -0.32573014       251.06674                                251.06674
              8       125.87276       60.045409     0.029723116      0.15735099       0.1447721     -0.32573014      -0.32573014       252.39697                                252.39697
              1       126.60669       60.045409     0.029723116      0.16590256      0.14814866     -0.32573014      -0.32573014       253.86485                                253.86485
              3       125.99474       60.045409     0.029723116      0.16445847      0.14963885     -0.32573014      -0.32573014       252.64093                                252.64093
              1       125.99645       60.015954     0.029241551       0.1645029      0.14959326     -0.32573014      -0.32573014       252.64436                                252.64436
              1       126.83571       60.015954     0.029241551      0.16787452      0.15952436     -0.32573014      -0.32573014       254.32288                                254.32288
              1       125.36566       60.015954     0.029241551      0.15994368       0.1620241     -0.32573014      -0.32573014       251.38278                                251.38278
              3       124.61535       60.015954     0.029241551      0.15858804      0.15442612     -0.32573014      -0.32573014       249.88217                                249.88217
              1       124.52465       60.015954     0.029241551      0.15678098      0.15321734     -0.32573014      -0.32573014       249.70075                                249.70075
              2       126.21613       60.015954     0.029241551      0.16113551      0.16519104     -0.32573014      -0.32573014       253.08371                                253.08371
              2       126.25413       60.015954     0.029241551       0.1610049       0.1654193     -0.32573014      -0.32573014       253.15973                                253.15973
              3       127.34597       60.015954     0.029241551      0.15783071      0.17001499     -0.32573014      -0.32573014       255.34339                                255.34339
              1       127.50848       60.015954     0.029241551      0.15713127      0.17056164     -0.32573014      -0.32573014       255.66842                                255.66842
              4       125.34306       60.015954     0.029241551      0.14712856      0.15846415     -0.32573014      -0.32573014       251.33758                                251.33758
              1       124.60886       60.015954     0.029241551      0.15852237      0.15574097     -0.32573014      -0.32573014       249.86917                                249.86917
              2       125.29798       60.015954     0.029241551      0.16008982       0.1615067     -0.32573014      -0.32573014       251.24742                                251.24742
              8       125.11081       60.014496     0.029441385       0.1600137      0.16137955     -0.32573014      -0.32573014       250.87308                                250.87308
              1       124.97861        60.01116     0.029543474      0.15996388      0.16128692     -0.32573014      -0.32573014       250.60867                                250.60867
              1       124.71305        60.01116     0.029543474      0.15639951      0.16160863     -0.32573014      -0.32573014       250.07755                                250.07755
              4       124.13961        60.01116     0.029543474       0.1558195      0.15598521     -0.32573014      -0.32573014       248.93069                                248.93069
              2       124.11416        60.01116     0.029543474      0.15416247      0.15442355     -0.32573014      -0.32573014       248.87978                                248.87978
              3       124.70709       60.028843     0.029135484      0.15437989      0.15484017     -0.32573014      -0.32573014       250.06564                                250.06564
              3        124.0729        60.03155     0.029938738      0.15411771      0.15452874     -0.32573014      -0.32573014       248.79725                                248.79725
              1       124.41376        60.03155     0.029938738      0.15007344      0.15238203     -0.32573014      -0.32573014       249.47898                                249.47898
              2       124.47075        60.03155     0.029938738      0.14954315      0.15252348     -0.32573014      -0.32573014       249.59296                                249.59296
              1       126.36468       60.079585     0.028608016      0.15021165       0.1537794     -0.32573014      -0.32573014       253.38082                                253.38082
              1       126.60148       60.122403     0.029080422      0.15022678      0.15397276     -0.32573014      -0.32573014       253.85442                                253.85442
              1       127.08512       60.122403     0.029080422      0.14799347      0.15264029     -0.32573014      -0.32573014        254.8217                                 254.8217
              1       127.25949       60.122403     0.029080422      0.16338672      0.15034674     -0.32573014      -0.32573014       255.17045                                255.17045
              1        126.4438       60.122403     0.029080422      0.16011554      0.15886134     -0.32573014      -0.32573014       253.53906                                253.53906
              2       126.85961       60.122403     0.029080422      0.16182128       0.1609406     -0.32573014      -0.32573014       254.37068                                254.37068
              3        127.1146       60.045934     0.027672516      0.16408075      0.15402063     -0.32573014      -0.32573014       254.88067                                254.88067
              1       127.41613       60.064135     0.027608372      0.16417996      0.15425077     -0.32573014      -0.32573014       255.48371                                255.48371
              4       126.22414       60.101106     0.029665508      0.16361551      0.15349682     -0.32573014      -0.32573014       253.09973                                253.09973
              1       125.60134       60.101106     0.029665508      0.15069089      0.15512705     -0.32573014      -0.32573014       251.85413                                251.85413
              3       126.22846       60.101106     0.029665508       0.1529146      0.14749033     -0.32573014      -0.32573014       253.10839                                253.10839
              3       125.77622       60.101106     0.029665508      0.15238834      0.15039389     -0.32573014      -0.32573014        252.2039                                 252.2039
              2       125.96863       60.102613     0.029469262      0.15246341      0.15051955     -0.32573014      -0.32573014       252.58872                                252.58872
              4       127.10249       60.102613     0.029469262      0.15268773      0.16666727     -0.32573014      -0.32573014       254.85645                                254.85645
              2       126.53257        60.05441     0.029274679      0.15255262      0.16626128     -0.32573014      -0.32573014       253.71659                                253.71659
              2       126.29438        60.05441     0.029274679      0.14564394      0.15901122     -0.32573014      -0.32573014       253.24022                                253.24022
              2       126.77591        60.05441     0.029274679      0.14813329      0.14577346     -0.32573014      -0.32573014       254.20328                                254.20328
              2       127.91705       60.020588     0.027394138      0.14864918      0.14646243     -0.32573014      -0.32573014       256.48557                                256.48557
              1       127.13928       60.020588     0.027394138       0.1564232      0.14694604     -0.32573014      -0.32573014       254.93003                                254.93003
              3       127.91232       60.020588     0.027394138      0.16516676      0.16371658     -0.32573014      -0.32573014        256.4761                                 256.4761
              1       127.80403       60.111234     0.029042737      0.16497168      0.16376381     -0.32573014      -0.32573014       256.25952                                256.25952
              2       128.75374       60.111234     0.029042737      0.16268255      0.16917184     -0.32573014      -0.32573014       258.15895                                258.15895
              4       128.13656       60.111234     0.029042737       0.1601451      0.16836847     -0.32573014      -0.32573014       256.92458                                256.92458
              3       127.91637       60.111234     0.029042737      0.14515237      0.15000561     -0.32573014      -0.32573014        256.4842                                 256.4842
              1       130.87909       60.111234     0.029042737      0.14855786      0.13777761     -0.32573014      -0.32573014       262.40964                                262.40964
              1       131.32545       60.111234     0.029042737      0.15553964      0.13548064     -0.32573014      -0.32573014       263.30236                                263.30236
              1       127.16289       60.111234     0.029042737      0.15970516      0.14724843     -0.32573014      -0.32573014       254.97725                                254.97725
              3       126.14201       60.112018     0.028996398      0.15643431      0.15340955     -0.32573014      -0.32573014       252.93547                                252.93547
              1       126.44865       60.122939     0.028824532      0.15654054      0.15362211     -0.32573014      -0.32573014       253.54876                                253.54876
              7       125.78707       60.046892     0.028712149      0.14950302       0.1554217     -0.32573014      -0.32573014       252.22561                                252.22561
              1       127.01304       60.046892     0.028712149      0.14510497      0.16064912     -0.32573014      -0.32573014       254.67755                                254.67755
              1        127.4283       60.046892     0.028712149      0.14307941      0.15902764     -0.32573014      -0.32573014       255.50807                                255.50807
              1       127.12022       60.046892     0.028712149      0.14492546      0.15019835     -0.32573014      -0.32573014        254.8919                                 254.8919
              3       128.74848       60.046892     0.028712149      0.13921446      0.15356027     -0.32573014      -0.32573014       258.14842                                258.14842
              1       129.11305       60.046832     0.028317064      0.13935256      0.15378024     -0.32573014      -0.32573014       258.87756                                258.87756
              3       125.87583       60.046832     0.028317064      0.15512221      0.15981491     -0.32573014      -0.32573014       252.40312                                252.40312
              1       126.78505       60.046832     0.028317064       0.1547273      0.14650623     -0.32573014      -0.32573014       254.22157                                254.22157
              1       126.09402       60.046832     0.028317064      0.16121203      0.15450768     -0.32573014      -0.32573014        252.8395                                 252.8395
              2        125.7638       60.046832     0.028317064      0.15805541      0.15479096     -0.32573014      -0.32573014       252.17905                                252.17905
              4       125.71488       60.046832     0.028317064      0.15709466      0.15484793     -0.32573014      -0.32573014       252.08122                                252.08122
              1       125.83666       60.046832     0.028317064      0.15608067      0.15229884     -0.32573014      -0.32573014       252.32477                                252.32477
              2        125.5705       60.036139     0.028448397      0.15598959      0.15211133     -0.32573014      -0.32573014       251.79247                                251.79247
              1       125.58828       60.036139     0.028448397       0.1589128       0.1572682     -0.32573014      -0.32573014       251.82801                                251.82801
              3       125.69794       60.009885     0.027873437      0.15900343      0.15730895     -0.32573014      -0.32573014       252.04734                                252.04734
              2       125.63423       60.009885     0.027873437       0.1573569      0.15824006     -0.32573014      -0.32573014       251.91993                                251.91993
              3       126.12566       60.009885     0.027873437      0.15784544      0.14917523     -0.32573014      -0.32573014       252.90278                                252.90278
              2       125.78566       60.009885     0.027873437      0.15636781      0.16032177     -0.32573014      -0.32573014       252.22278                                252.22278
              3       125.89841       60.009885     0.027873437      0.15606393      0.15024612     -0.32573014      -0.32573014       252.44829                                252.44829
              1       125.80262       60.009885     0.027873437      0.15159811      0.15844125     -0.32573014      -0.32573014       252.25669                                252.25669
              2       126.47798       60.009885     0.027873437      0.16333193      0.15187793     -0.32573014      -0.32573014       253.60742                                253.60742
              8       125.59192       60.009885     0.027873437      0.15736184      0.15407037     -0.32573014      -0.32573014       251.83529                                251.83529
              5       125.55736       60.009885     0.027873437      0.15697506      0.15458583     -0.32573014      -0.32573014       251.76618                                251.76618
              3       125.72184       60.009885     0.027873437      0.15909064      0.15767584     -0.32573014      -0.32573014       252.09514                                252.09514
              1        125.7181       60.009885     0.027873437      0.15902886        0.157713     -0.32573014      -0.32573014       252.08766                                252.08766
              6        126.2734       60.009885     0.027873437      0.15323882      0.14833074     -0.32573014      -0.32573014       253.19825                                253.19825
              2       125.86641       60.048707     0.028999689      0.15311896      0.14812074     -0.32573014      -0.32573014       252.38428                                252.38428
              2       125.31122       60.008982     0.028102886       0.1560776      0.15593627     -0.32573014      -0.32573014       251.27389                                251.27389
              1        125.3204       60.008982     0.028102886      0.15629652      0.15492749     -0.32573014      -0.32573014       251.29226                                251.29226
              1       125.26242       60.093142     0.029606802      0.15635885      0.15498317     -0.32573014      -0.32573014       251.17631                                251.17631
             12       125.73312       60.093142     0.029606802      0.16151025      0.15473418     -0.32573014      -0.32573014        252.1177                                 252.1177
              3       126.11223       60.093142     0.029606802      0.15480922      0.14732245     -0.32573014      -0.32573014       252.87592                                252.87592
              1       126.57881       60.093142     0.029606802      0.16118599      0.16408204     -0.32573014      -0.32573014       253.80909                                253.80909
              2       126.43605       60.093142     0.029606802      0.14993322      0.16363124     -0.32573014      -0.32573014       253.52357                                253.52357
              2       125.73289       60.093142     0.029606802      0.15074155      0.15970633     -0.32573014      -0.32573014       252.11723                                252.11723
              1       129.02021       60.233623     0.028316456      0.15215147      0.16187034     -0.32573014      -0.32573014       258.69187                                258.69187
              1       128.85942       60.233623     0.028316456      0.15787908      0.16329676     -0.32573014      -0.32573014        258.3703                                 258.3703
              1        128.6575       60.253932     0.028893953       0.1578204      0.16319327     -0.32573014      -0.32573014       257.96647                                257.96647
              2       128.33323       60.253932     0.028893953      0.15481025      0.15874782     -0.32573014      -0.32573014       257.31792                                257.31792
              7       128.37378       60.253932     0.028893953      0.15473886      0.15530509     -0.32573014      -0.32573014       257.39903                                257.39903
              1       128.73481        60.21442     0.027821933      0.15483534      0.15547837     -0.32573014      -0.32573014       258.12107                                258.12107
              6        129.3367       60.239749     0.027576383      0.15509398      0.15587557     -0.32573014      -0.32573014       259.32485                                259.32485
              1       127.83838       60.067164     0.027594204      0.14706717      0.16016479     -0.32573014      -0.32573014       256.32822                                256.32822
              3        130.4656       60.067164     0.027594204      0.13940586      0.15178848     -0.32573014      -0.32573014       261.58267                                261.58267
              1       129.36313       60.067164     0.027594204      0.15929815       0.1419199     -0.32573014      -0.32573014       259.37772                                259.37772
              1       128.90862       60.067164     0.027594204      0.16286114      0.14463588     -0.32573014      -0.32573014       258.46869                                258.46869
              1       129.08558       60.183575     0.029346405      0.16306006      0.14489165     -0.32573014      -0.32573014       258.82263                                258.82263
              2        129.8671       60.183575     0.029346405      0.16375974      0.14283954     -0.32573014      -0.32573014       260.38566                                260.38566
              1       131.57358       60.183575     0.029346405      0.17243067       0.1457282     -0.32573014      -0.32573014       263.79861                                263.79861
              1       127.72704       60.183575     0.029346405      0.14815695       0.1541421     -0.32573014      -0.32573014       256.10553                                256.10553
              2       127.24161       60.183575     0.029346405      0.15156577      0.15308238     -0.32573014      -0.32573014       255.13469                                255.13469
              1        128.1275       60.183575     0.029346405      0.15391181      0.14657661     -0.32573014      -0.32573014       256.90646                                256.90646
              1       127.70619       60.183575     0.029346405      0.15516742      0.14814668     -0.32573014      -0.32573014       256.06385                                256.06385
              2       127.66852       60.183575     0.029346405      0.15487531       0.1483744     -0.32573014      -0.32573014        255.9885                                 255.9885
              1       127.08935       60.183575     0.029346405      0.15273394      0.15340806     -0.32573014      -0.32573014       254.83015                                254.83015
              3       126.92293       60.183575     0.029346405      0.15732513      0.15356393     -0.32573014      -0.32573014       254.49731                                254.49731
              2       127.04877       60.183575     0.029346405      0.16068225      0.15561012     -0.32573014      -0.32573014         254.749                                  254.749
              1       127.28425       60.183575     0.029346405      0.15019738       0.1571332     -0.32573014      -0.32573014       255.21997                                255.21997
              5       127.39149       60.183575     0.029346405      0.15605458      0.14969738     -0.32573014      -0.32573014       255.43444                                255.43444
              1       126.59161       60.159901     0.029874724      0.15571018      0.14916331     -0.32573014      -0.32573014       253.83468                                253.83468
              3       126.33312       60.159901     0.029874724      0.15166466      0.15301097     -0.32573014      -0.32573014        253.3177                                 253.3177
              1       126.07282       60.159901     0.029874724      0.15344006      0.15532927     -0.32573014      -0.32573014       252.79709                                252.79709
              3       125.65994       60.109493      0.02949536      0.15322357      0.15501179     -0.32573014      -0.32573014       251.97134                                251.97134
              6       125.98098       60.109493      0.02949536      0.15018373      0.15728095     -0.32573014      -0.32573014       252.61343                                252.61343
              1       126.95765       60.109493      0.02949536      0.14722013      0.16200406     -0.32573014      -0.32573014       254.56675                                254.56675
              2       128.01992       60.119784     0.028497371      0.14763383      0.16265489     -0.32573014      -0.32573014       256.69129                                256.69129
              1       128.71137       60.177634     0.028721411      0.14795488      0.16313439     -0.32573014      -0.32573014       258.07419                                258.07419
              2       127.15619       60.076699     0.028765655      0.15608708      0.16654017     -0.32573014      -0.32573014       254.96384                                254.96384
              3       127.27986       60.076699     0.028765655      0.16147058      0.14644092     -0.32573014      -0.32573014       255.21119                                255.21119
              2       127.14901       60.091148     0.029167766      0.16143184      0.14637206     -0.32573014      -0.32573014       254.94949                                254.94949
              1       125.75076       60.091148     0.029167766       0.1590406      0.15512108     -0.32573014      -0.32573014       252.15298                                252.15298
              3        129.2556       60.091148     0.029167766      0.13968777      0.14994976     -0.32573014      -0.32573014       259.16266                                259.16266
              2       129.33391       60.091148     0.029167766       0.1394117      0.15019007     -0.32573014      -0.32573014       259.31929                                259.31929
              2       128.69297       60.091148     0.029167766      0.14001536      0.15546165     -0.32573014      -0.32573014       258.03741                                258.03741
              1        127.8852       60.091148     0.029167766      0.14223182      0.15482491     -0.32573014      -0.32573014       256.42185                                256.42185
              1       128.20116       60.132855     0.029520479       0.1423976      0.15506642     -0.32573014      -0.32573014       257.05378                                257.05378
              1       127.56068       60.132855     0.029520479      0.14516991      0.15182463     -0.32573014      -0.32573014       255.77281                                255.77281
              1       126.93978       60.088801     0.029472052      0.14488344      0.15139289     -0.32573014      -0.32573014       254.53102                                254.53102
              1       125.92949       60.088801     0.029472052      0.15773354      0.16232654     -0.32573014      -0.32573014       252.51044                                252.51044
              2       127.29629       60.138987     0.028742428      0.15832953      0.16324601     -0.32573014      -0.32573014       255.24405                                255.24405
              2       126.84591       60.138987     0.028742428      0.15281123       0.1549286     -0.32573014      -0.32573014       254.34328                                254.34328
              8        127.2327       60.138987     0.028742428      0.15801085      0.16295793     -0.32573014      -0.32573014       255.11686                                255.11686
              3       128.55418       60.138987     0.028742428      0.16728167      0.15127615     -0.32573014      -0.32573014       257.75982                                257.75982
              1       127.63399       60.138987     0.028742428      0.14782725      0.15423512     -0.32573014      -0.32573014       255.91943                                255.91943
              2       126.90948       60.138987     0.028742428      0.15206173      0.15519634     -0.32573014      -0.32573014       254.47043                                254.47043
              2       126.81705       60.134296     0.028767649      0.15202079      0.15513382     -0.32573014      -0.32573014       254.28555                                254.28555
              1       127.64603       60.100695     0.027263522      0.15230639      0.15560401     -0.32573014      -0.32573014       255.94351                                255.94351
              4        127.9895       60.100695     0.027263522      0.15013103      0.15910426     -0.32573014      -0.32573014       256.63045                                256.63045
              2       127.77357       60.164954     0.028593862      0.15011608      0.15904759     -0.32573014      -0.32573014       256.19861                                256.19861
              1       129.22931       60.164954     0.028593862      0.14663305      0.14885504     -0.32573014      -0.32573014       259.11008                                259.11008
              1        128.9622       60.164954     0.028593862      0.15824032      0.14499482     -0.32573014      -0.32573014       258.57586                                258.57586
              2        129.7592       60.085976     0.026337668      0.15847211      0.14540294     -0.32573014      -0.32573014       260.16987                                260.16987
              1       131.12406       60.085976     0.026337668        0.164171      0.14313183     -0.32573014      -0.32573014       262.89958                                262.89958
              1       128.56796       60.028162     0.028469076       0.1630409      0.14136919     -0.32573014      -0.32573014       257.78738                                257.78738
              2       127.04427       60.028162     0.028469076      0.16158247      0.14550508     -0.32573014      -0.32573014          254.74                                   254.74
              1       126.22517       60.028162     0.028469076      0.16044754      0.14854496     -0.32573014      -0.32573014       253.10179                                253.10179
              2         129.002       60.028162     0.028469076      0.14417218      0.14260916     -0.32573014      -0.32573014       258.65546                                258.65546
              1       130.15263       60.028162     0.028469076      0.16832616      0.14082989     -0.32573014      -0.32573014       260.95671                                260.95671
              2       129.37864       60.028162     0.028469076       0.1527796      0.13772947     -0.32573014      -0.32573014       259.40874                                259.40874
              1       128.69424       60.021796     0.029145113      0.15250352      0.13729488     -0.32573014      -0.32573014       258.03995                                258.03995
              2       128.37481       60.021796     0.029145113      0.15936656      0.13841322     -0.32573014      -0.32573014       257.40108                                257.40108
              2       125.88303       60.021796     0.029145113       0.1641516      0.15100607     -0.32573014      -0.32573014       252.41752                                252.41752
              4       129.42695       60.021796     0.029145113      0.14777101      0.13696742     -0.32573014      -0.32573014       259.50536                                259.50536
              1        125.2681       60.021796     0.029145113      0.15375064      0.16243616     -0.32573014      -0.32573014       251.18765                                251.18765
              3       124.67458       60.021796     0.029145113      0.15552873       0.1526331     -0.32573014      -0.32573014       250.00063                                250.00063
              3       125.99427       60.021796     0.029145113      0.15739656      0.14490315     -0.32573014      -0.32573014       252.64001                                252.64001
              1       125.89842       60.021796     0.029145113      0.15685418      0.14516176     -0.32573014      -0.32573014        252.4483                                 252.4483
              2       126.07781       60.004568     0.028658313       0.1569029      0.14524786     -0.32573014      -0.32573014       252.80709                                252.80709
              1       125.88871       60.004568     0.028658313       0.1591958      0.14680448     -0.32573014      -0.32573014       252.42889                                252.42889
              1       126.52945       60.004568     0.028658313      0.16363555      0.14717358     -0.32573014      -0.32573014       253.71036                                253.71036
              2       126.11802       60.004568     0.028658313      0.14616176      0.16047778     -0.32573014      -0.32573014        252.8875                                 252.8875
              1       129.17891       60.004568     0.028658313       0.1591671      0.13702148     -0.32573014      -0.32573014       259.00927                                259.00927
              2       130.20418       60.088609     0.028819811      0.15968985      0.13780743     -0.32573014      -0.32573014       261.05982                                261.05982
              1       130.55067       60.088609     0.028819811      0.17372486      0.14920131     -0.32573014      -0.32573014        261.7528                                 261.7528
              1        126.4828       60.088609     0.028819811      0.15881974      0.14962391     -0.32573014      -0.32573014       253.61706                                253.61706
              1       126.49443       60.088609     0.028819811      0.16010435      0.15035296     -0.32573014      -0.32573014       253.64032                                253.64032
              2         125.875       60.088609     0.028819811      0.15616635      0.15712528     -0.32573014      -0.32573014       252.40146                                252.40146
              5       126.58378       60.088609     0.028819811      0.15021026       0.1508121     -0.32573014      -0.32573014       253.81901                                253.81901
              2       129.50029       60.206402     0.027536411      0.15146168      0.15273638     -0.32573014      -0.32573014       259.65204                                259.65204
              2       129.62995       60.118809     0.025920709      0.15141414      0.15270591     -0.32573014      -0.32573014       259.91136                                259.91136
              1       129.43561       60.118809     0.025920709      0.16439943      0.15876362     -0.32573014      -0.32573014       259.52269                                259.52269
              1       129.59143       60.118809     0.025920709      0.15071858      0.15410601     -0.32573014      -0.32573014       259.83432                                259.83432
              1       129.69382        60.12055      0.02583608      0.15075963      0.15417022     -0.32573014      -0.32573014       260.03909                                260.03909
              1       129.84922        60.12055      0.02583608      0.16532152      0.15419043     -0.32573014      -0.32573014        260.3499                                 260.3499
              1       129.67776        60.12055      0.02583608      0.15782856      0.15009922     -0.32573014      -0.32573014       260.00697                                260.00697
              2       125.08581       60.038511     0.029807932      0.15589943      0.14708177     -0.32573014      -0.32573014       250.82308                                250.82308
              2         125.778       60.038511     0.029807932      0.14398986      0.15412689     -0.32573014      -0.32573014       252.20746                                252.20746
              5       127.53065       60.038511     0.029807932      0.14015516      0.16142286     -0.32573014      -0.32573014       255.71276                                255.71276
              1       126.27556       60.038511     0.029807932      0.14369292      0.16081211     -0.32573014      -0.32573014       253.20259                                253.20259
              1       126.81981       60.038511     0.029807932      0.14084596      0.15717388     -0.32573014      -0.32573014       254.29107                                254.29107
              2       125.40668       60.038511     0.029807932       0.1559928      0.14562044     -0.32573014      -0.32573014       251.46482                                251.46482
              2        125.3424       60.038511     0.029807932      0.16347648      0.15781235     -0.32573014      -0.32573014       251.33626                                251.33626
              1       124.86295       60.038511     0.029807932      0.15841394      0.14926177     -0.32573014      -0.32573014       250.37736                                250.37736
              2       124.88599       60.038511     0.029807932      0.15839493      0.14909266     -0.32573014      -0.32573014       250.42344                                250.42344
              4       124.99245       60.010763     0.029207781      0.15841022      0.14913114     -0.32573014      -0.32573014       250.63636                                250.63636
              2       124.68549       60.010763     0.029207781      0.15449732      0.15021254     -0.32573014      -0.32573014       250.02244                                250.02244
              1        124.6749       60.010763     0.029207781      0.15572099       0.1503685     -0.32573014      -0.32573014       250.00126                                250.00126
              1       124.38873       60.010763     0.029207781      0.15509776      0.15516431     -0.32573014      -0.32573014       249.42892                                249.42892
              6       124.86006       60.010763     0.029207781      0.15919956      0.15934741     -0.32573014      -0.32573014       250.37158                                250.37158
              5       124.39931       60.010763     0.029207781      0.15578229       0.1552375     -0.32573014      -0.32573014       249.45009                                249.45009
              3       125.42723       60.010763     0.029207781      0.16003108      0.16250714     -0.32573014      -0.32573014       251.50593                                251.50593
              2       124.99605       60.010763     0.029207781      0.15694337      0.16169032     -0.32573014      -0.32573014       250.64355                                250.64355
              2        124.5116       60.010763     0.029207781      0.15342374      0.15227456     -0.32573014      -0.32573014       249.67467                                249.67467
              1       125.60222       60.010763     0.029207781      0.16393783       0.1586371     -0.32573014      -0.32573014       251.85591                                251.85591
              2        125.1263       60.010763     0.029207781      0.16235777      0.15629942     -0.32573014      -0.32573014       250.90407                                250.90407
              1       125.35826       60.010763     0.029207781      0.16344164      0.15657005     -0.32573014      -0.32573014       251.36798                                251.36798
              2       125.31641       60.010763     0.029207781      0.16302924      0.15750469     -0.32573014      -0.32573014       251.28429                                251.28429
              6       124.77058       60.010763     0.029207781      0.16032314      0.15525192     -0.32573014      -0.32573014       250.19262                                250.19262
              1       126.09385       60.010763     0.029207781      0.15333771      0.16661053     -0.32573014      -0.32573014       252.83917                                252.83917
              1       127.64102       60.010763     0.029207781      0.15157877      0.17080556     -0.32573014      -0.32573014        255.9335                                 255.9335
              2       124.81817       60.010763     0.029207781      0.15271251      0.16050368     -0.32573014      -0.32573014       250.28779                                250.28779
              2       124.65512       60.010763     0.029207781       0.1555887      0.15961356     -0.32573014      -0.32573014       249.96171                                249.96171
              4       124.61797       60.010763     0.029207781      0.15535222      0.15931166     -0.32573014      -0.32573014       249.88739                                249.88739
              3       125.99572       60.010763     0.029207781      0.15802065      0.14421897     -0.32573014      -0.32573014        252.6429                                 252.6429
              4       124.57726       60.010763     0.029207781      0.15848467      0.15377882     -0.32573014      -0.32573014       249.80598                                249.80598
              5       124.61205       60.010763     0.029207781      0.15655506      0.15892093     -0.32573014      -0.32573014       249.87556                                249.87556
              4       125.12317       60.010763     0.029207781      0.14980909      0.16078342     -0.32573014      -0.32573014        250.8978                                 250.8978
              2       124.50415       60.010763     0.029207781      0.15224201      0.15352813     -0.32573014      -0.32573014       249.65977                                249.65977
              1        125.4416       60.010763     0.029207781      0.15821165      0.14656113     -0.32573014      -0.32573014       251.53467                                251.53467
              1       124.62613       60.010763     0.029207781      0.15666757      0.15111592     -0.32573014      -0.32573014       249.90372                                249.90372
              5       124.50636       60.010763     0.029207781       0.1564118       0.1524288     -0.32573014      -0.32573014       249.66419                                249.66419
              8       124.62302       60.010763     0.029207781        0.150929      0.15683087     -0.32573014      -0.32573014        249.8975                                 249.8975
              3       123.96157       60.014278     0.029918425      0.15765203      0.15450884     -0.32573014      -0.32573014        248.5746                                 248.5746
              1       125.74481       60.014278     0.029918425      0.16668139      0.15600473     -0.32573014      -0.32573014       252.14107                                252.14107
              6       125.05171       60.014278     0.029918425      0.14651556      0.16037234     -0.32573014      -0.32573014       250.75487                                250.75487
              1       126.48103       60.016414     0.028364904      0.14700355      0.16123621     -0.32573014      -0.32573014       253.61352                                253.61352
             10         126.288       60.016414     0.028364904      0.14607307      0.15496563     -0.32573014      -0.32573014       253.22746                                253.22746
              2       127.29322       60.016414     0.028364904      0.16661892      0.14936805     -0.32573014      -0.32573014        255.2379                                 255.2379
              1       126.92587       60.016414     0.028364904      0.15544818      0.16730429     -0.32573014      -0.32573014        254.5032                                 254.5032
              4       126.45259       60.016414     0.028364904      0.14961538      0.16375483     -0.32573014      -0.32573014       253.55664                                253.55664
              1        126.3021       60.007218      0.02837454      0.14955712      0.16364937     -0.32573014      -0.32573014       253.25566                                253.25566
              1       126.33607       60.007218      0.02837454      0.14520363      0.15500407     -0.32573014      -0.32573014        253.3236                                 253.3236
              2       126.30477       60.007218      0.02837454      0.14561727      0.15790948     -0.32573014      -0.32573014       253.26099                                253.26099
              1       126.17443       60.007218      0.02837454      0.15445431      0.14602754     -0.32573014      -0.32573014       253.00032                                253.00032
              2       129.02601        60.04567     0.025719202      0.15549771      0.14788348     -0.32573014      -0.32573014       258.70349                                258.70349
              1       128.03474        60.04567     0.025719202      0.15581025      0.16018208     -0.32573014      -0.32573014       256.72094                                256.72094
              1       127.16059       60.073111     0.027188758      0.15552583      0.15968605     -0.32573014      -0.32573014       254.97264                                254.97264
              3       127.54611       60.073111     0.027188758      0.15367519      0.16239773     -0.32573014      -0.32573014       255.74369                                255.74369
              1       126.23685       60.042275     0.028143484      0.15319773        0.161545     -0.32573014      -0.32573014       253.12515                                253.12515
              1       129.18265       60.042275     0.028143484      0.14694808      0.16986189     -0.32573014      -0.32573014       259.01675                                259.01675
              2       127.55152       60.042275     0.028143484      0.16225686      0.16584785     -0.32573014      -0.32573014       255.75449                                255.75449
              1       126.06575       60.042275     0.028143484      0.15378824      0.15133749     -0.32573014      -0.32573014       252.78295                                252.78295
              1       128.38753       60.042275     0.028143484      0.16985756      0.15825197     -0.32573014      -0.32573014       257.42652                                257.42652
              3       128.73633       60.042275     0.028143484      0.17078597       0.1582892     -0.32573014      -0.32573014       258.12413                                258.12413
              2        126.7643       60.042275     0.028143484      0.16151428       0.1626591     -0.32573014      -0.32573014       254.18006                                254.18006
              1       126.51818        60.02576     0.028151331      0.16141256      0.16247484     -0.32573014      -0.32573014       253.68782                                253.68782
              2       127.58609        60.05259     0.028473677      0.16699796      0.16076185     -0.32573014      -0.32573014       255.82364                                255.82364
              3       126.54098       60.020095     0.029219652      0.16657437      0.16000399     -0.32573014      -0.32573014       253.73343                                253.73343
              3       126.64039         60.0328     0.029316098      0.16662129       0.1600903     -0.32573014      -0.32573014       253.93225                                253.93225
              2       126.63426         60.0284     0.029246918      0.16661598      0.16007977     -0.32573014      -0.32573014       253.91998                                253.91998
              1       126.36681         60.0284     0.029246918      0.14391866      0.15912505     -0.32573014      -0.32573014       253.38509                                253.38509
              1       128.20508         60.0284     0.029246918      0.13879593      0.15966465     -0.32573014      -0.32573014       257.06162                                257.06162
              4        127.9929       60.016538     0.029270748      0.13871729      0.15952244     -0.32573014      -0.32573014       256.63725                                256.63725
              1       127.56852       60.016538     0.029270748      0.14073969      0.16201655     -0.32573014      -0.32573014       255.78851                                255.78851
              2       127.91956       60.016538     0.029270748       0.1536707       0.1717252     -0.32573014      -0.32573014       256.49057                                256.49057
              2       126.95817       60.016538     0.029270748      0.15673639      0.16916997     -0.32573014      -0.32573014       254.56781                                254.56781
              6       124.82666       60.016538     0.029270748      0.15985073      0.15237729     -0.32573014      -0.32573014       250.30477                                250.30477
              3       126.05119       60.105962     0.029297587      0.16038037      0.15333757     -0.32573014      -0.32573014       252.75385                                252.75385
              7       127.04236         60.1233     0.028423921      0.16075186       0.1539993     -0.32573014      -0.32573014       254.73617                                254.73617
              6       126.89163         60.1233     0.028423921      0.15930681      0.15420793     -0.32573014      -0.32573014       254.43473                                254.43473
              1       129.27503        60.21003     0.027119464      0.16022741      0.15585917     -0.32573014      -0.32573014       259.20152                                259.20152
              1       129.23619        60.26454     0.028091073       0.1602581      0.15592765     -0.32573014      -0.32573014       259.12383                                259.12383
              2       129.14449        60.26454     0.028091073      0.15953564      0.15790536     -0.32573014      -0.32573014       258.94044                                258.94044
              2       127.49948       60.037802     0.026115384      0.15877618      0.15650276     -0.32573014      -0.32573014       255.65043                                255.65043
              1        128.2971       60.037802     0.026115384      0.16483319      0.15592908     -0.32573014      -0.32573014       257.24566                                257.24566
              1       126.05549       60.074476     0.029496174      0.16401976      0.15449955     -0.32573014      -0.32573014       252.76245                                252.76245
              1       125.74935       60.074476     0.029496174      0.16230185      0.15346243     -0.32573014      -0.32573014       252.15015                                252.15015
              1       125.95685       60.074476     0.029496174      0.16300742      0.15232037     -0.32573014      -0.32573014       252.56515                                252.56515
              1       125.97611       60.074476     0.029496174      0.16339146      0.15316428     -0.32573014      -0.32573014       252.60369                                252.60369
              1       127.78243       60.150016     0.028577993      0.16412662      0.15448455     -0.32573014      -0.32573014       256.21631                                256.21631
              2       128.27957       60.076426      0.02671429      0.16425402      0.15469078     -0.32573014      -0.32573014       257.21061                                257.21061
              1       127.79615       60.076426      0.02671429       0.1532704      0.16036659     -0.32573014      -0.32573014       256.24375                                256.24375
              2        128.6014       60.076426      0.02671429      0.14881674      0.15205525     -0.32573014      -0.32573014       257.85426                                257.85426
              1        129.4242       60.076426      0.02671429       0.1461913      0.15061668     -0.32573014      -0.32573014       259.49985                                259.49985
              1       129.01963       60.077497     0.027171159      0.14605801      0.15038115     -0.32573014      -0.32573014       258.69072                                258.69072
              1       128.07935       60.077497     0.027171159      0.16338016      0.16210261     -0.32573014      -0.32573014       256.81016                                256.81016
              4       128.13459       60.077497     0.027171159      0.16241575      0.16349338     -0.32573014      -0.32573014       256.92065                                256.92065
              1       127.19157       60.077497     0.027171159      0.15423014      0.15590896     -0.32573014      -0.32573014       255.03461                                255.03461
              5       125.52444       60.012452     0.027972894      0.15359372      0.15476611     -0.32573014      -0.32573014       251.70034                                251.70034
              2       126.87456       60.012452     0.027972894      0.15579694      0.16629801     -0.32573014      -0.32573014       254.40058                                254.40058
              3       126.66045       60.012452     0.027972894      0.14683775      0.16004986     -0.32573014      -0.32573014       253.97237                                253.97237
              4         126.542       60.012452     0.027972894      0.14632649      0.15546223     -0.32573014      -0.32573014       253.73547                                253.73547
              1       125.80529       60.012452     0.027972894      0.15088815      0.15802845     -0.32573014      -0.32573014       252.26203                                252.26203
              1       126.02224       60.012452     0.027972894      0.14972474      0.15893097     -0.32573014      -0.32573014       252.69594                                252.69594
              2       126.01341       60.065165     0.028885396       0.1497627      0.15901184     -0.32573014      -0.32573014       252.67828                                252.67828
              1       126.09439       60.065165     0.028885396      0.14893113      0.15834143     -0.32573014      -0.32573014       252.84024                                252.84024
              4       126.53709       60.051879     0.028164778      0.14907161      0.15858652     -0.32573014      -0.32573014       253.72565                                253.72565
              5       127.25547       60.051879     0.028164778       0.1463484      0.16038627     -0.32573014      -0.32573014       255.16241                                255.16241
              1       125.97197       60.051879     0.028164778      0.15844674      0.15588012     -0.32573014      -0.32573014        252.5954                                 252.5954
              5       126.03462       60.051879     0.028164778      0.15464196       0.1526631     -0.32573014      -0.32573014       252.72069                                252.72069
              2       126.00986       60.051879     0.028164778      0.15375444      0.15847283     -0.32573014      -0.32573014       252.67117                                252.67117
              1       126.02166       60.051879     0.028164778      0.15724979      0.15898302     -0.32573014      -0.32573014       252.69479                                252.69479
              1       126.19667       60.051879     0.028164778      0.15698025      0.16084514     -0.32573014      -0.32573014       253.04481                                253.04481
              2       126.84837       60.051879     0.028164778      0.14896694      0.15049311     -0.32573014      -0.32573014        254.3482                                 254.3482
              2       126.93835       60.051879     0.028164778      0.15349528      0.14709739     -0.32573014      -0.32573014       254.52816                                254.52816
              1       126.51943       60.051356     0.028112807      0.15452886      0.16280502     -0.32573014      -0.32573014       253.69033                                253.69033
              6       126.20991       60.051356     0.028112807      0.15861123      0.15989981     -0.32573014      -0.32573014       253.07128                                253.07128
              3       126.87148       60.051356     0.028112807      0.16395907       0.1588582     -0.32573014      -0.32573014       254.39441                                254.39441
              2       127.61344       60.051356     0.028112807      0.16730572      0.15656739     -0.32573014      -0.32573014       255.87834                                255.87834
              2       127.99918       60.051356     0.028112807      0.16776218        0.160487     -0.32573014      -0.32573014       256.64983                                256.64983
              1       127.59518       60.114957     0.027877466      0.15859808      0.16287965     -0.32573014      -0.32573014       255.84182                                255.84182
              1       127.11176       60.115191     0.027892365      0.15434506      0.15616735     -0.32573014      -0.32573014       254.87497                                254.87497
              1       127.13418        60.16866     0.028775052      0.15439668       0.1562726     -0.32573014      -0.32573014       254.91983                                254.91983
              1       127.12165        60.16866     0.028775052      0.15459054      0.15677262     -0.32573014      -0.32573014       254.89475                                254.89475
              2       127.19789        60.16866     0.028775052      0.15343815       0.1572014     -0.32573014      -0.32573014       255.04723                                255.04723
              3       127.99273        60.16866     0.028775052      0.15553873      0.14823859     -0.32573014      -0.32573014       256.63692                                256.63692
              1       127.31307       60.199739     0.029760726      0.16260714      0.15965871     -0.32573014      -0.32573014       255.27759                                255.27759
              2       126.72403        60.17177       0.0299868      0.16236978      0.15923149     -0.32573014      -0.32573014       254.09953                                254.09953
              1       126.64083        60.17177       0.0299868      0.16003735       0.1614234     -0.32573014      -0.32573014       253.93312                                253.93312
              2       127.38755        60.17177       0.0299868      0.15130927      0.16525163     -0.32573014      -0.32573014       255.42657                                255.42657
              2       128.26939       60.122472     0.029417139      0.16624234      0.14692693     -0.32573014      -0.32573014       257.19024                                257.19024
              3       125.92828       60.122472     0.029417139      0.15826044      0.15506018     -0.32573014      -0.32573014       252.50802                                252.50802
              4       126.10504       60.114649     0.029370942      0.15219671      0.15209349     -0.32573014      -0.32573014       252.86155                                252.86155
              2       125.69884       60.113187     0.029809736      0.15203766      0.15184602     -0.32573014      -0.32573014       252.04915                                252.04915
              2       126.13718       60.113187     0.029809736      0.15149607      0.14893513     -0.32573014      -0.32573014       252.92583                                252.92583
              2       126.18294       60.113187     0.029809736      0.15443987      0.16367978     -0.32573014      -0.32573014       253.01735                                253.01735
              1       126.73739       60.148936     0.029774754      0.15469321      0.16401713     -0.32573014      -0.32573014       254.12624                                254.12624
              1       126.57777       60.148936     0.029774754      0.15369744      0.16294858     -0.32573014      -0.32573014       253.80701                                253.80701
              6       126.20681       60.148936     0.029774754      0.15606196      0.16081149     -0.32573014      -0.32573014       253.06508                                253.06508
              4       126.64155       60.148936     0.029774754      0.15637646      0.14845551     -0.32573014      -0.32573014       253.93455                                253.93455
              3       126.13135       60.148936     0.029774754      0.15813956      0.15941222     -0.32573014      -0.32573014       252.91416                                252.91416
              1       124.34604        60.00033     0.029353055      0.15727924      0.15831289     -0.32573014      -0.32573014       249.34355                                249.34355
              5       124.42758        60.00033     0.029353055      0.15881222      0.15766903     -0.32573014      -0.32573014       249.50662                                249.50662
              2       124.17222        60.00033     0.029353055       0.1567688      0.15543748     -0.32573014      -0.32573014       248.99591                                248.99591
              2       124.58687        60.00033     0.029353055      0.15550989      0.14881269     -0.32573014      -0.32573014        249.8252                                 249.8252
              1       124.34426        60.00033     0.029353055        0.151286      0.15229993     -0.32573014      -0.32573014       249.33997                                249.33997
              7       126.65465        60.00033     0.029353055        0.141199       0.1591165     -0.32573014      -0.32573014       253.96076                                253.96076
              1       125.51529        60.00033     0.029353055      0.14419541      0.15465298     -0.32573014      -0.32573014       251.68204                                251.68204
              1       124.95448       60.001517     0.029703912      0.14513992      0.15517091     -0.32573014      -0.32573014       250.56041                                250.56041
              2       125.01783       60.001517     0.029703912       0.1621656      0.14882679     -0.32573014      -0.32573014       250.68713                                250.68713
              3       124.42728       60.001517     0.029703912      0.15982092      0.15040361     -0.32573014      -0.32573014       249.50603                                249.50603
              1       123.86786       60.001517     0.029703912      0.15478191      0.15306995     -0.32573014      -0.32573014       248.38718                                248.38718
              1       126.86082       60.023485     0.026579199      0.15599257      0.15493521     -0.32573014      -0.32573014        254.3731                                 254.3731
              1       127.38665       60.023485     0.026579199      0.15057564      0.15984908     -0.32573014      -0.32573014       255.42477                                255.42477
              3        128.8704        60.13827     0.026874488       0.1512505      0.16071447     -0.32573014      -0.32573014       258.39227                                258.39227
              1       128.32508       60.015024     0.024958959      0.15759666      0.16142811     -0.32573014      -0.32573014       257.30162                                257.30162
              1       128.46521       60.015024     0.024958959       0.1570649      0.16263572     -0.32573014      -0.32573014       257.58187                                257.58187
              3       128.81289       60.024573     0.024724955      0.15720894      0.16284585     -0.32573014      -0.32573014       258.27723                                258.27723
              3       129.47061       60.024573     0.024724955      0.15368317      0.14933461     -0.32573014      -0.32573014       259.59269                                259.59269
              1       128.71619       60.024573     0.024724955      0.15296103      0.15637248     -0.32573014      -0.32573014       258.08384                                258.08384
              2       128.92818       60.024573     0.024724955      0.15172448      0.15513879     -0.32573014      -0.32573014       258.50783                                258.50783
              4       129.02021       60.024573     0.024724955      0.15121051      0.15489629     -0.32573014      -0.32573014       258.69188                                258.69188
             10       128.58033       60.024573     0.024724955      0.15962413      0.15543673     -0.32573014      -0.32573014       257.81212                                257.81212
              1       128.85738       60.024573     0.024724955      0.16290079      0.15709712     -0.32573014      -0.32573014       258.36622                                258.36622
              1       128.77103       60.024573     0.024724955      0.15902485      0.16221877     -0.32573014      -0.32573014       258.19352                                258.19352
              1        126.7981       60.014571     0.026844898      0.15823659        0.160997     -0.32573014      -0.32573014       254.24767                                254.24767
              2       127.22636       60.014571     0.026844898      0.15049881      0.16166181     -0.32573014      -0.32573014       255.10418                                255.10418
              2        127.2086        60.00653     0.026727042      0.15048457       0.1616531     -0.32573014      -0.32573014       255.06866                                255.06866
              2       127.89072       60.035431     0.026443531      0.15077615      0.16206219     -0.32573014      -0.32573014       256.43289                                256.43289
              4       127.87955       60.035431     0.026443531      0.16321206      0.15279922     -0.32573014      -0.32573014       256.41055                                256.41055
              1       127.28499       60.035431     0.026443531      0.15666602      0.16041894     -0.32573014      -0.32573014       255.22144                                255.22144
              1       130.65228       60.035431     0.026443531      0.16007926       0.1731075     -0.32573014      -0.32573014       261.95602                                261.95602
              2       130.59018       60.006288     0.026028574       0.1600235      0.17306943     -0.32573014      -0.32573014       261.83182                                261.83182
              1       127.76715       60.006288     0.026028574      0.15183629       0.1507321     -0.32573014      -0.32573014       256.18576                                256.18576
              2        127.9978       60.006288     0.026028574      0.15879571      0.14831704     -0.32573014      -0.32573014       256.64706                                256.64706
              1       128.62761       60.006288     0.026028574      0.16503175      0.16382428     -0.32573014      -0.32573014       257.90667                                257.90667
              2       128.90613       60.006288     0.026028574      0.16851899      0.15614428     -0.32573014      -0.32573014       258.46371                                258.46371
              1       129.57336       60.063525      0.02510755      0.16562983      0.15882829     -0.32573014      -0.32573014       259.79817                                259.79817
              1       129.32216       60.063525      0.02510755      0.16300225      0.15347188     -0.32573014      -0.32573014       259.29577                                259.29577
              1       127.81778       60.113843     0.027757746      0.16244113      0.15250448     -0.32573014      -0.32573014       256.28702                                256.28702
              3       126.66406        60.05008     0.028037856      0.16191524      0.15178646     -0.32573014      -0.32573014       253.97958                                253.97958
              3       125.44382       60.068148     0.029825279      0.16142961      0.15099255     -0.32573014      -0.32573014        251.5391                                 251.5391
              2       124.88314       60.050983     0.029701705      0.15888228       0.1584568     -0.32573014      -0.32573014       250.41774                                250.41774
              1       125.82423       60.050983     0.029701705      0.16478279      0.15334701     -0.32573014      -0.32573014       252.29993                                252.29993
              1       125.80374       60.050983     0.029701705      0.16477008      0.15377426     -0.32573014      -0.32573014       252.25894                                252.25894
              5       126.06979       60.050983     0.029701705      0.14550821      0.14967251     -0.32573014      -0.32573014       252.79105                                252.79105
              1       124.88577       60.050983     0.029701705      0.15010106      0.15682199     -0.32573014      -0.32573014         250.423                                  250.423
              5       125.98168       60.050983     0.029701705      0.15739384      0.16555049     -0.32573014      -0.32573014       252.61482                                252.61482
              1       124.65088       60.050983     0.029701705      0.15558718      0.15791996     -0.32573014      -0.32573014       249.95322                                249.95322
              3       124.66376       60.043176     0.029553775      0.15558475      0.15792941     -0.32573014      -0.32573014       249.97898                                249.97898
              4        124.4084       60.031437     0.029753215      0.15484412      0.15880029     -0.32573014      -0.32573014       249.46825                                249.46825
              3       125.40401       60.031437     0.029753215       0.1467808      0.14954519     -0.32573014      -0.32573014       251.45948                                251.45948
              1       125.10117       60.031437     0.029753215      0.15508236      0.16331395     -0.32573014      -0.32573014       250.85379                                250.85379
              2       126.51426       60.025965     0.028009952      0.15563805      0.16419655     -0.32573014      -0.32573014       253.67999                                253.67999
              6       126.48633       60.025965     0.028009952      0.16378621      0.15608793     -0.32573014      -0.32573014       253.62412                                253.62412
              1       126.16604       60.025965     0.028009952      0.16162451      0.15343432     -0.32573014      -0.32573014       252.98353                                252.98353
              2       128.59944       60.084789     0.026122358      0.16266352      0.15496714     -0.32573014      -0.32573014       257.85035                                257.85035
              2       133.23394       60.084789     0.026122358        0.140408      0.14633775     -0.32573014      -0.32573014       267.11935                                267.11935
              2       130.92521       60.114217     0.029067196      0.13960562      0.14502673     -0.32573014      -0.32573014       262.50187                                262.50187
              1       126.24032       60.114217     0.029067196      0.15446707      0.15211936     -0.32573014      -0.32573014        253.1321                                 253.1321
              3       128.19297       60.114217     0.029067196      0.14645296       0.1469608     -0.32573014      -0.32573014       257.03739                                257.03739
              4       128.05338       60.114217     0.029067196      0.14828747      0.14589843     -0.32573014      -0.32573014       256.75821                                256.75821
              6       127.52124       60.114217     0.029067196      0.15130313      0.14615723     -0.32573014      -0.32573014       255.69393                                255.69393
              1       127.66126       60.114217     0.029067196      0.14904848      0.14693742     -0.32573014      -0.32573014       255.97397                                255.97397
              1       126.38358       60.114217     0.029067196      0.15116203       0.1586495     -0.32573014      -0.32573014       253.41862                                253.41862
              1       126.66004       60.114217     0.029067196       0.1493679      0.15894591     -0.32573014      -0.32573014       253.97154                                253.97154
              1       127.11867       60.114217     0.029067196      0.15809816      0.16515301     -0.32573014      -0.32573014        254.8888                                 254.8888
              2       127.64663       60.114217     0.029067196      0.16707796       0.1547141     -0.32573014      -0.32573014       255.94473                                255.94473
              3       128.52674       60.024503     0.026414201      0.16737396      0.15533183     -0.32573014      -0.32573014       257.70495                                257.70495
              1       128.78062       60.024503     0.026414201       0.1589997      0.16833165     -0.32573014      -0.32573014       258.21269                                258.21269
              1       128.76259        60.03755     0.026665392      0.15900242      0.16831375     -0.32573014      -0.32573014       258.17664                                258.17664
              1       128.52649        60.03755     0.026665392       0.1562488      0.16778735     -0.32573014      -0.32573014       257.70444                                257.70444
              1       128.57149        60.03755     0.026665392      0.15612802      0.16794407     -0.32573014      -0.32573014       257.79444                                257.79444
              1       128.56889         60.0739     0.027286549      0.15616235      0.16793621     -0.32573014      -0.32573014       257.78923                                257.78923
              1       127.60628       60.125281     0.028119664      0.15388816      0.16310381     -0.32573014      -0.32573014       255.86401                                255.86401
              1       124.60178       60.021798     0.029817815      0.15261192      0.16127413     -0.32573014      -0.32573014       249.85502                                249.85502
              5       124.53975       60.021798     0.029817815      0.15286751      0.16095906     -0.32573014      -0.32573014       249.73096                                249.73096
              1       124.33838       60.021798     0.029817815      0.14971874      0.15492898     -0.32573014      -0.32573014       249.32822                                249.32822
              3       124.17622       60.021798     0.029817815      0.15143886         0.15597     -0.32573014      -0.32573014       249.00389                                249.00389
              4       124.57665       60.021798     0.029817815      0.14939863      0.15089146     -0.32573014      -0.32573014       249.80476                                249.80476
              2       125.00217       60.021798     0.029817815      0.16301924      0.15240844     -0.32573014      -0.32573014       250.65581                                250.65581
              1       124.55206       60.021798     0.029817815      0.15442131      0.16128537     -0.32573014      -0.32573014       249.75559                                249.75559
              6       124.29845       60.021798     0.029817815      0.15032088      0.15327765     -0.32573014      -0.32573014       249.24836                                249.24836
              2       124.90482       60.021798     0.029817815      0.14688518      0.15778969     -0.32573014      -0.32573014        250.4611                                 250.4611
              1       126.20721       60.021798     0.029817815      0.15801237      0.14214022     -0.32573014      -0.32573014       253.06589                                253.06589
              3       124.03367       60.021798     0.029817815      0.15426203      0.15521433     -0.32573014      -0.32573014       248.71881                                248.71881
              1       124.06279       60.021798     0.029817815      0.15330164      0.15395885     -0.32573014      -0.32573014       248.77704                                248.77704
              4       124.06258       60.021798     0.029817815      0.15419685       0.1533057     -0.32573014      -0.32573014       248.77662                                248.77662
              2       124.03183       60.021798     0.029817815      0.15468078      0.15520151     -0.32573014      -0.32573014       248.71512                                248.71512
              1       124.54936       60.050223     0.029691973      0.15491942      0.15549035     -0.32573014      -0.32573014       249.75019                                249.75019
              3       124.78533       60.050223     0.029691973      0.15573945      0.15089845     -0.32573014      -0.32573014       250.22213                                250.22213
              1        126.8497       60.144723     0.028908444      0.15666698       0.1520503     -0.32573014      -0.32573014       254.35085                                254.35085
              3       126.68289       60.144723     0.028908444      0.15596727      0.15396354     -0.32573014      -0.32573014       254.01724                                254.01724
              1       125.96325       60.117377     0.029257029       0.1556541      0.15356629     -0.32573014      -0.32573014       252.57796                                252.57796
              1       127.59218       60.117377     0.029257029      0.14585733      0.15004032     -0.32573014      -0.32573014       255.83582                                255.83582
              1       126.75404       60.117377     0.029257029      0.15821892      0.14807488     -0.32573014      -0.32573014       254.15953                                254.15953
              9       126.52964       60.117377     0.029257029      0.14882031      0.15466298     -0.32573014      -0.32573014       253.71074                                253.71074
              5       126.05491       60.117377     0.029257029      0.15344992      0.15877304     -0.32573014      -0.32573014       252.76129                                252.76129
              3       126.03634       60.117377     0.029257029      0.15423822      0.15905196     -0.32573014      -0.32573014       252.72414                                252.72414
              1       127.66069       60.117377     0.029257029      0.14766279      0.16460087     -0.32573014      -0.32573014       255.97285                                255.97285
              2       127.41102       60.117377     0.029257029      0.14787502      0.16358804     -0.32573014      -0.32573014        255.4735                                 255.4735
              1       127.30164       60.117377     0.029257029      0.16269928      0.16398903     -0.32573014      -0.32573014       255.25475                                255.25475
              1       126.11117       60.117377     0.029257029      0.15894647      0.15325059     -0.32573014      -0.32573014       252.87381                                252.87381
              1       128.23725       60.231247     0.029607769      0.16416677      0.15248144     -0.32573014      -0.32573014       257.12596                                257.12596
              1       128.49411       60.231247     0.029607769      0.16564956      0.15302028     -0.32573014      -0.32573014       257.63969                                257.63969
              2        128.2485       60.231247     0.029607769      0.16508395      0.15457589     -0.32573014      -0.32573014       257.14847                                257.14847
              1       130.92387       60.388352     0.029143329      0.16631806       0.1560511     -0.32573014      -0.32573014        262.4992                                 262.4992
              4       131.87475       60.388352     0.029143329       0.1682448      0.16538919     -0.32573014      -0.32573014       264.40096                                264.40096
              3       130.56045       60.388352     0.029143329      0.15431346      0.15348462     -0.32573014      -0.32573014       261.77235                                261.77235
              1       131.05379       60.240952     0.026077823      0.15444177      0.15393733     -0.32573014      -0.32573014       262.75904                                262.75904
              2       130.99748       60.240952     0.026077823      0.15490491      0.15401855     -0.32573014      -0.32573014       262.64641                                262.64641
              1       133.21117       60.407314     0.026466801      0.15607142      0.15536757     -0.32573014      -0.32573014       267.07379                                267.07379
              7       130.47078       60.391059     0.029176096      0.15496613      0.15381882     -0.32573014      -0.32573014       261.59302                                261.59302
              2       130.89894       60.391059     0.029176096      0.15888561      0.15032503     -0.32573014      -0.32573014       262.44934                                262.44934
              2       130.06135       60.391059     0.029176096       0.1592339      0.15778352     -0.32573014      -0.32573014       260.77417                                260.77417
              1       130.05797       60.391059     0.029176096      0.15921716      0.15795918     -0.32573014      -0.32573014       260.76739                                260.76739
              1       130.05777       60.391059     0.029176096      0.15839343      0.15749734     -0.32573014      -0.32573014       260.76699                                260.76699
              2       128.31713       60.112055     0.026392791      0.15752721      0.15677035     -0.32573014      -0.32573014       257.28573                                257.28573
              5       128.46059       60.112055     0.026392791      0.16060708      0.15674946     -0.32573014      -0.32573014       257.57264                                257.57264
              3       127.79294       60.139839     0.027645772      0.16033488      0.15630993     -0.32573014      -0.32573014       256.23734                                256.23734
              1       127.65303       60.139839     0.027645772      0.15571158      0.15777131     -0.32573014      -0.32573014       255.95751                                255.95751
              1       127.66396       60.139839     0.027645772      0.15749801      0.15555886     -0.32573014      -0.32573014       255.97938                                255.97938
              1       128.40229       60.139839     0.027645772      0.16382321      0.16051143     -0.32573014      -0.32573014       257.45605                                257.45605
              8       127.63348       60.139839     0.027645772      0.15668856      0.15657592     -0.32573014      -0.32573014       255.91842                                255.91842
              4       128.15461       60.139839     0.027645772      0.16311796      0.15837264     -0.32573014      -0.32573014       256.96067                                256.96067
              1       128.42923       60.139839     0.027645772      0.16321305      0.16178277     -0.32573014      -0.32573014       257.50993                                257.50993
              4       129.06192       60.092941     0.026103909      0.16346198        0.162224     -0.32573014      -0.32573014       258.77529                                258.77529
              1       129.06449       60.093835      0.02611605      0.16346357      0.16222464     -0.32573014      -0.32573014       258.78044                                258.78044
              4        128.8015       60.093835      0.02611605      0.16272165      0.16073031     -0.32573014      -0.32573014       258.25446                                258.25446
              7       128.70806       60.082446     0.026031618      0.16267557      0.16068532     -0.32573014      -0.32573014       258.06759                                258.06759
              1       130.17397       60.082446     0.026031618      0.16138077      0.16921947     -0.32573014      -0.32573014       260.99939                                260.99939
              1       128.54062       60.082446     0.026031618       0.1572274      0.16270946     -0.32573014      -0.32573014       257.73269                                257.73269
              6       127.40964       60.051486     0.027795123      0.16019152      0.16503275     -0.32573014      -0.32573014       255.47074                                255.47074
              2       126.27416       60.051486     0.027795123       0.1584461      0.15572453     -0.32573014      -0.32573014       253.19979                                253.19979
              1       126.25742       60.051486     0.027795123      0.15820356      0.15598868     -0.32573014      -0.32573014        253.1663                                 253.1663
              1       126.22945       60.051486     0.027795123       0.1574154      0.15528974     -0.32573014      -0.32573014       253.11036                                253.11036
              1       126.34765       60.051486     0.027795123      0.15247094      0.15633517     -0.32573014      -0.32573014       253.34677                                253.34677
              2       126.66552       60.051486     0.027795123      0.15146035      0.15203162     -0.32573014      -0.32573014        253.9825                                 253.9825
              1       126.81322       60.025369     0.027176637      0.15151075      0.15215135     -0.32573014      -0.32573014        254.2779                                 254.2779
              1       129.08707       60.025369     0.027176637      0.15804076      0.17089382     -0.32573014      -0.32573014        258.8256                                 258.8256
              1       129.44766       60.025369     0.027176637      0.14375212      0.16594775     -0.32573014      -0.32573014       259.54678                                259.54678
              1        129.3571       60.025369     0.027176637      0.15734037      0.17168571     -0.32573014      -0.32573014       259.36566                                259.36566
              2       129.52968       60.023566      0.02694566      0.15741302      0.17179275     -0.32573014      -0.32573014       259.71082                                259.71082
              5        130.0209       60.023566      0.02694566      0.15851628      0.17288695     -0.32573014      -0.32573014       260.69325                                260.69325
              1       130.71007       60.023566      0.02694566      0.14110545      0.16657552     -0.32573014      -0.32573014       262.07159                                262.07159
              1       127.96992       60.023566      0.02694566      0.14580864      0.15360677     -0.32573014      -0.32573014       256.59129                                256.59129
              2       128.07002       60.023566      0.02694566       0.1671434      0.15530139     -0.32573014      -0.32573014       256.79151                                256.79151
              2       128.03263       60.003039     0.026635231      0.16711849      0.15530333     -0.32573014      -0.32573014       256.71672                                256.71672
              1       128.17638       60.004999     0.026493645      0.16718377      0.15539297     -0.32573014      -0.32573014       257.00421                                257.00421
              1       124.97326       60.062747     0.029623195      0.15886521      0.15474666     -0.32573014      -0.32573014       250.59799                                250.59799
              1       125.06525       60.062747     0.029623195      0.15975271      0.15505282     -0.32573014      -0.32573014       250.78196                                250.78196
              1       124.24289       60.017022     0.029829438      0.15936742      0.15458617     -0.32573014      -0.32573014       249.13723                                249.13723
              2        124.3966       60.017022     0.029829438      0.16048464      0.15440046     -0.32573014      -0.32573014       249.44465                                249.44465
              3       124.07401       60.017022     0.029829438      0.15265341      0.15725896     -0.32573014      -0.32573014       248.79947                                248.79947
              2       124.25328       60.017022     0.029829438      0.15017568       0.1568924     -0.32573014      -0.32573014       249.15802                                249.15802
              1       124.82427       60.017022     0.029829438      0.15475234      0.16313151     -0.32573014      -0.32573014           250.3                                    250.3
              4       126.60051       60.017022     0.029829438      0.16250041       0.1669272     -0.32573014      -0.32573014       253.85249                                253.85249
              1       129.28436       60.011325     0.029328838      0.15319178      0.17486203     -0.32573014      -0.32573014       259.22018                                259.22018
              1       127.65088       60.011325     0.029328838      0.14913573      0.17032142     -0.32573014      -0.32573014       255.95323                                255.95323
              2       125.51986       60.011325     0.029328838       0.1514591      0.16429653     -0.32573014      -0.32573014       251.69119                                251.69119
              3       124.43693       60.011325     0.029328838      0.15801644      0.15596214     -0.32573014      -0.32573014       249.52532                                249.52532
              4        124.3993       60.011325     0.029328838       0.1576814      0.15502072     -0.32573014      -0.32573014       249.45006                                249.45006
              1       127.24826       60.011325     0.029328838      0.14258023      0.14585374     -0.32573014      -0.32573014       255.14798                                255.14798
              4       126.30359       60.011325     0.029328838      0.14255376      0.15217506     -0.32573014      -0.32573014       253.25864                                253.25864
              1       125.49704       60.011325     0.029328838      0.16445612      0.15600956     -0.32573014      -0.32573014       251.64555                                251.64555
              1       127.24385       60.143545     0.029456548      0.16530424      0.15697906     -0.32573014      -0.32573014       255.13917                                255.13917
              1       127.23103       60.143545     0.029456548      0.15878416      0.16511707     -0.32573014      -0.32573014       255.11352                                255.11352
              5       127.21049       60.142991     0.029471467      0.15877492      0.16510489     -0.32573014      -0.32573014       255.07244                                255.07244
              1       129.88971       60.062546     0.025008303       0.1598699       0.1668157     -0.32573014      -0.32573014       260.43088                                260.43088
              1       129.80783       60.062546     0.025008303      0.15538541      0.16650648     -0.32573014      -0.32573014       260.26712                                260.26712
              3       129.95021       60.062546     0.025008303      0.15640735      0.14815697     -0.32573014      -0.32573014       260.55188                                260.55188
              3       128.95341       60.062546     0.025008303      0.15993455      0.15494438     -0.32573014      -0.32573014       258.55828                                258.55828
              1       130.05391       60.062546     0.025008303      0.15136425      0.14980972     -0.32573014      -0.32573014       260.75929                                260.75929
              1       128.31013       60.021419     0.026223926      0.15063929      0.14884959     -0.32573014      -0.32573014       257.27172                                257.27172
              1       127.14881       60.021419     0.026223926      0.15750984      0.15492121     -0.32573014      -0.32573014       254.94908                                254.94908
              1       127.34638       60.032328     0.026193837      0.15759474      0.15502251     -0.32573014      -0.32573014       255.34423                                255.34423
              4       128.20336       60.032328     0.026193837      0.16138466      0.14980776     -0.32573014      -0.32573014       257.05819                                257.05819
              3       128.35893       60.032328     0.026193837      0.16392547      0.15130109     -0.32573014      -0.32573014       257.36933                                257.36933
              4       127.86208       60.032328     0.026193837      0.16255568      0.15375228     -0.32573014      -0.32573014       256.37562                                256.37562
              3       125.75093       60.038391     0.028822112      0.16163123      0.15242098     -0.32573014      -0.32573014       252.15331                                252.15331
              3       125.68138       60.043676      0.02899686      0.16160281      0.15237074     -0.32573014      -0.32573014       252.01423                                252.01423
              1       127.65497       60.043676      0.02899686      0.16926746      0.15259213     -0.32573014      -0.32573014        255.9614                                 255.9614
              4       127.74971       60.043676      0.02899686        0.166266      0.14588165     -0.32573014      -0.32573014       256.15087                                256.15087
              3       125.34283       60.043676      0.02899686      0.15457115       0.1506695     -0.32573014      -0.32573014       251.33713                                251.33713
              1       125.52554       60.043676      0.02899686      0.16077268      0.15278603     -0.32573014      -0.32573014       251.70255                                251.70255
              2       125.46772       60.043676      0.02899686      0.15040803      0.15857543     -0.32573014      -0.32573014       251.58691                                251.58691
              4       125.31456       60.043676      0.02899686      0.15469572      0.16005222     -0.32573014      -0.32573014       251.28059                                251.28059
              1       126.13118       60.043676      0.02899686      0.14653119      0.15847349     -0.32573014      -0.32573014       252.91383                                252.91383
              2        125.6906       60.043676      0.02899686      0.15363857      0.16243892     -0.32573014      -0.32573014       252.03267                                252.03267
              2       125.56079       60.043676      0.02899686      0.15292408        0.161418     -0.32573014      -0.32573014       251.77305                                251.77305
              3       126.35227       60.043676      0.02899686      0.16523301      0.15377897     -0.32573014      -0.32573014       253.35599                                253.35599
              1       125.12267       60.043676      0.02899686      0.15338005      0.15390104     -0.32573014      -0.32573014       250.89681                                250.89681
              1       125.09953       60.043676      0.02899686      0.15516829      0.15342467     -0.32573014      -0.32573014       250.85052                                250.85052
              1       125.61185       60.043676      0.02899686      0.15759434      0.16174828     -0.32573014      -0.32573014       251.87516                                251.87516
              6       125.76545       60.043676      0.02899686      0.15007143      0.15000654     -0.32573014      -0.32573014       252.18236                                252.18236
              4        125.9227       60.043676      0.02899686      0.15305341      0.14742744     -0.32573014      -0.32573014       252.49687                                252.49687
              1       128.02381       60.043676      0.02899686       0.1432275      0.14598877     -0.32573014      -0.32573014       256.69908                                256.69908
              1       125.98066       60.043676      0.02899686      0.16374997       0.1565217     -0.32573014      -0.32573014       252.61279                                252.61279
              2       125.94214       60.043676      0.02899686      0.16349477      0.15701114     -0.32573014      -0.32573014       252.53573                                252.53573
              1        126.5221       60.043676      0.02899686      0.16596122      0.15651957     -0.32573014      -0.32573014       253.69566                                253.69566
              4       128.71165       60.091076     0.027140211      0.16696412      0.15786516     -0.32573014      -0.32573014       258.07476                                258.07476
              2       131.46221       60.091076     0.027140211      0.17446732      0.15927157     -0.32573014      -0.32573014       263.57589                                263.57589
              1        129.0356       60.091076     0.027140211      0.14838538      0.16493558     -0.32573014      -0.32573014       258.72266                                258.72266
              2       127.31514       60.035127     0.028123955      0.14764527       0.1639809     -0.32573014      -0.32573014       255.28174                                255.28174
              1       126.26416       60.035127     0.028123955      0.14903275      0.15408673     -0.32573014      -0.32573014       253.17978                                253.17978
              3       127.04127       60.035127     0.028123955      0.15786864      0.14565049     -0.32573014      -0.32573014       254.73399                                254.73399
              2       126.31751        60.03411      0.02798545      0.15068985      0.15168744     -0.32573014      -0.32573014       253.28647                                253.28647
              1       126.09341       60.029975     0.028171077      0.15057482      0.15156867     -0.32573014      -0.32573014       252.83829                                252.83829
              6       127.27744       60.029975     0.028171077      0.14394023      0.15608365     -0.32573014      -0.32573014       255.20634                                255.20634
              1       127.40982       60.029975     0.028171077      0.14720864       0.1470124     -0.32573014      -0.32573014       255.47111                                255.47111
              1        126.4082       60.029975     0.028171077      0.15151412      0.14861187     -0.32573014      -0.32573014       253.46785                                253.46785
              1       127.22349       60.029975     0.028171077      0.15414205      0.14434357     -0.32573014      -0.32573014       255.09844                                255.09844
              2       125.67614       60.029975     0.028171077      0.15647773      0.15876362     -0.32573014      -0.32573014       252.00375                                252.00375
              2       125.89022       60.029975     0.028171077      0.15348836      0.16051284     -0.32573014      -0.32573014       252.43191                                252.43191
              1       125.65991       60.035939     0.028302248      0.15870422      0.15637547     -0.32573014      -0.32573014       251.97129                                251.97129
              1        125.6633       60.035939     0.028302248      0.15862978      0.15681924     -0.32573014      -0.32573014       251.97807                                251.97807
              3       125.62364       60.035939     0.028302248      0.15773127      0.15742421     -0.32573014      -0.32573014       251.89874                                251.89874
              2       125.70275       60.035939     0.028302248      0.15193025      0.15654166     -0.32573014      -0.32573014       252.05697                                252.05697
              2       125.03103       60.050453     0.029333281       0.1515428      0.15616646     -0.32573014      -0.32573014       250.71352                                250.71352
              2       125.08455       60.050453     0.029333281      0.15096656      0.15596162     -0.32573014      -0.32573014       250.82057                                250.82057
              1       128.36795       60.220867     0.028497024      0.15250344      0.15764891     -0.32573014      -0.32573014       257.38737                                257.38737
              1       128.37843       60.220867     0.028497024      0.15254596      0.15620102     -0.32573014      -0.32573014       257.40833                                257.40833
              1       128.31871       60.220867     0.028497024      0.15413376      0.15438404     -0.32573014      -0.32573014       257.28887                                257.28887
              1       129.87375       60.220867     0.028497024      0.14982362       0.1480047     -0.32573014      -0.32573014       260.39895                                260.39895
              2       128.57942       60.220867     0.028497024      0.15479556      0.16310417     -0.32573014      -0.32573014       257.81029                                257.81029
              1       129.45694       60.220867     0.028497024      0.16662569      0.16148654     -0.32573014      -0.32573014       259.56535                                259.56535
              1       128.52368       60.220867     0.028497024      0.16243439      0.15975183     -0.32573014      -0.32573014       257.69881                                257.69881
              4       128.49151       60.288238     0.029644289        0.162347      0.15972315     -0.32573014      -0.32573014       257.63447                                257.63447
              1       128.42226       60.289555     0.029759345      0.16230173      0.15967898     -0.32573014      -0.32573014       257.49598                                257.49598
              2       128.13115       60.272142     0.029805194      0.16216332      0.15952522     -0.32573014      -0.32573014       256.91375                                256.91375
              1       128.60715       60.291555     0.029580032      0.16239948      0.15977857     -0.32573014      -0.32573014       257.86576                                257.86576
              1       126.34205       60.151375     0.029875294      0.16131991      0.15857548     -0.32573014      -0.32573014       253.33555                                253.33555
              1       127.52597       60.151375     0.029875294      0.14650313      0.14930203     -0.32573014      -0.32573014        255.7034                                 255.7034
              4       125.92382       60.151375     0.029875294      0.15674906       0.1540858     -0.32573014      -0.32573014        252.4991                                 252.4991
              3       125.87515       60.151375     0.029875294      0.15592847      0.15515714     -0.32573014      -0.32573014       252.40177                                252.40177
              3        126.9986       60.151375     0.029875294      0.15616768      0.14651047     -0.32573014      -0.32573014       254.64867                                254.64867
              2       126.71562       60.151375     0.029875294      0.15488836      0.14782173     -0.32573014      -0.32573014       254.08271                                254.08271
              2       126.24491       60.119363     0.029865141      0.15467831      0.14758351     -0.32573014      -0.32573014       253.14128                                253.14128
              5       127.50571       60.119363     0.029865141      0.14684348      0.16524638     -0.32573014      -0.32573014       255.66288                                255.66288
              2       127.68321       60.119363     0.029865141      0.14649957      0.16565474     -0.32573014      -0.32573014       256.01788                                256.01788
              2       127.65383       60.098317     0.029536679      0.14651279      0.16564961     -0.32573014      -0.32573014       255.95912                                255.95912
              1       127.38886        60.00686     0.028267017       0.1464961      0.16555307     -0.32573014      -0.32573014       255.42918                                255.42918
              1       126.20823        60.00686     0.028267017      0.16281235       0.1608365     -0.32573014      -0.32573014       253.06791                                253.06791
              1       125.51197        60.00686     0.028267017      0.15432155      0.15011665     -0.32573014      -0.32573014       251.67541                                251.67541
              8        125.8802       60.091812     0.029286962      0.15441202      0.15028137     -0.32573014      -0.32573014       252.41185                                252.41185
              2       126.90787       60.091812     0.029286962      0.14909767      0.14733268     -0.32573014      -0.32573014        254.4672                                 254.4672
              5       125.96709       60.091812     0.029286962      0.15663516      0.16182311     -0.32573014      -0.32573014       252.58565                                252.58565
              1       127.15519       60.023762     0.026753337      0.15736993      0.16249928     -0.32573014      -0.32573014       254.96184                                254.96184
              1       127.63505       60.023762     0.026753337      0.16199369      0.14994789     -0.32573014      -0.32573014       255.92156                                255.92156
              1       128.59335       60.069984     0.026425619      0.16245798      0.15045304     -0.32573014      -0.32573014       257.83815                                257.83815
              2       127.69316       60.069984     0.026425619      0.15485344      0.15695198     -0.32573014      -0.32573014       256.03778                                256.03778
              1       127.64841       60.069984     0.026425619      0.15619495      0.15690309     -0.32573014      -0.32573014       255.94828                                255.94828
              1       127.90157       60.069984     0.026425619       0.1537972      0.16039576     -0.32573014      -0.32573014       256.45461                                256.45461
              1       129.29568       60.069984     0.026425619       0.1478996      0.16414912     -0.32573014      -0.32573014       259.24282                                259.24282
              5       131.15938       60.097632     0.024801564      0.14884886      0.16512354     -0.32573014      -0.32573014       262.97021                                262.97021
              3       131.00137       60.107897     0.025158953      0.14874969      0.16503322     -0.32573014      -0.32573014       262.65419                                262.65419
              5       130.70313       60.107889      0.02515901      0.16800315      0.15593335     -0.32573014      -0.32573014       262.05771                                262.05771
              1       127.11722       60.194642     0.029877314       0.1631277      0.15634762     -0.32573014      -0.32573014       254.88591                                254.88591
              4       126.73458       60.173654     0.029974488      0.16294116      0.15614255     -0.32573014      -0.32573014       254.12062                                254.12062
              2       126.47785       60.173654     0.029974488      0.15661111      0.15075653     -0.32573014      -0.32573014       253.60715                                253.60715
              1       127.84573       60.173654     0.029974488      0.14460881      0.15902098     -0.32573014      -0.32573014       256.34292                                256.34292
              6       126.72846       60.173654     0.029974488      0.15980206      0.15029566     -0.32573014      -0.32573014       254.10838                                254.10838
              3       126.16091       60.173654     0.029974488       0.1579799      0.15619854     -0.32573014      -0.32573014       252.97329                                252.97329
              1       126.43802       60.173654     0.029974488      0.15869873      0.16044449     -0.32573014      -0.32573014        253.5275                                 253.5275
              5       127.11237       60.173654     0.029974488      0.16328412      0.15113766     -0.32573014      -0.32573014       254.87621                                254.87621
              2       127.42167       60.173654     0.029974488      0.14687069      0.15152432     -0.32573014      -0.32573014        255.4948                                 255.4948
              1       128.04444       60.173654     0.029974488      0.14979609      0.14537633     -0.32573014      -0.32573014       256.74034                                256.74034
              4       128.27379       60.173654     0.029974488      0.15004711      0.14442909     -0.32573014      -0.32573014       257.19905                                257.19905
              1       128.21737       60.173654     0.029974488      0.16450819      0.14649248     -0.32573014      -0.32573014        257.0862                                 257.0862
              1       127.79796       60.173654     0.029974488      0.16272242      0.14678181     -0.32573014      -0.32573014       256.24738                                256.24738
              2       129.10471       60.173654     0.029974488      0.14380654      0.14669094     -0.32573014      -0.32573014       258.86088                                258.86088
              3       128.96449       60.173654     0.029974488      0.14772665      0.16874885     -0.32573014      -0.32573014       258.58043                                258.58043
              1       127.23863       60.173654     0.029974488      0.15843861      0.16528233     -0.32573014      -0.32573014       255.12872                                255.12872
              4       126.46509       60.051305      0.02846271      0.14831157      0.15950232     -0.32573014      -0.32573014       253.58163                                253.58163
              2       126.25743       60.061658     0.028666441      0.15461955      0.16300987     -0.32573014      -0.32573014       253.16633                                253.16633
              2       126.21201       60.061658     0.028666441        0.155707      0.16282247     -0.32573014      -0.32573014       253.07548                                253.07548
              1       126.64864       60.061658     0.028666441      0.14855983       0.1616193     -0.32573014      -0.32573014       253.94873                                253.94873
              6       129.01265        60.07987     0.026256558      0.14981531      0.16289204     -0.32573014      -0.32573014       258.67676                                258.67676
              1       128.44019       60.236505     0.028550047      0.16077269      0.15789341     -0.32573014      -0.32573014       257.53185                                257.53185
              3       129.60228       60.236505     0.028550047       0.1560141      0.14728764     -0.32573014      -0.32573014       259.85601                                259.85601
              1       129.81463       60.236505     0.028550047      0.15503804      0.14664632     -0.32573014      -0.32573014       260.28071                                260.28071
              4       129.48174       60.236505     0.028550047      0.15202065      0.16569993     -0.32573014      -0.32573014       259.61494                                259.61494
              3       129.94767       60.236965     0.027644038      0.16584488      0.15933228     -0.32573014      -0.32573014        260.5468                                 260.5468
              2       131.39228       60.236965     0.027644038       0.1456141      0.15207818     -0.32573014      -0.32573014       263.43602                                263.43602
              1       131.59141       60.236965     0.027644038      0.14537695      0.16461151     -0.32573014      -0.32573014       263.83427                                263.83427
              1       130.75226        60.12089     0.026548871      0.14511299      0.16424595     -0.32573014      -0.32573014       262.15599                                262.15599
              2       130.51132        60.12089     0.026548871      0.16127878      0.17008436     -0.32573014      -0.32573014        261.6741                                 261.6741
              6       128.44131        60.12089     0.026548871       0.1603795      0.15869917     -0.32573014      -0.32573014       257.53408                                257.53408
              1       124.98364       60.067008     0.029676116      0.15854731      0.15681796     -0.32573014      -0.32573014       250.61874                                250.61874
              3       126.13813       60.067008     0.029676116      0.15923723      0.14591075     -0.32573014      -0.32573014       252.92772                                252.92772
              2       126.21322       60.067008     0.029676116      0.16492141      0.15153522     -0.32573014      -0.32573014        253.0779                                 253.0779
              2       126.84731       60.067008     0.029676116      0.16490133      0.14725452     -0.32573014      -0.32573014       254.34607                                254.34607
              2        126.4813       60.068062      0.02967217      0.16449637      0.14880531     -0.32573014      -0.32573014       253.61407                                253.61407
              7       125.18542       60.068062      0.02967217      0.15200393       0.1510016     -0.32573014      -0.32573014       251.02231                                251.02231
              1       128.56621       60.068062      0.02967217      0.15435429       0.1381107     -0.32573014      -0.32573014       257.78389                                257.78389
              3       128.25977       60.068062      0.02967217      0.15342267       0.1389038     -0.32573014      -0.32573014         257.171                                  257.171
              2       127.23885       60.068062      0.02967217      0.16417332      0.16578002     -0.32573014      -0.32573014       255.12917                                255.12917
              1       127.07362       60.016819     0.029030296      0.16413129      0.16569321     -0.32573014      -0.32573014        254.7987                                 254.7987
              1       125.46678       60.016819     0.029030296      0.16070733      0.16101471     -0.32573014      -0.32573014       251.58501                                251.58501
              6       125.70363       60.016819     0.029030296      0.14582579      0.15464509     -0.32573014      -0.32573014       252.05872                                252.05872
              2       125.43403       60.016819     0.029030296      0.14705562      0.15568707     -0.32573014      -0.32573014       251.51952                                251.51952
              1       125.28316       60.016819     0.029030296      0.14793498      0.15647989     -0.32573014      -0.32573014       251.21778                                251.21778
              1       125.12526       60.016819     0.029030296      0.15585693      0.14897768     -0.32573014      -0.32573014       250.90197                                250.90197
              1       125.01631       60.016819     0.029030296      0.15621774      0.16063678     -0.32573014      -0.32573014       250.68408                                250.68408
              1        125.0954       60.016819     0.029030296      0.15322845      0.16104833     -0.32573014      -0.32573014       250.84226                                250.84226
              1       127.43371       60.016819     0.029030296      0.14134253      0.16105079     -0.32573014      -0.32573014       255.51888                                255.51888
              1       128.25589       60.073512     0.029075643      0.14170166      0.16145979     -0.32573014      -0.32573014       257.16324                                257.16324
              1       126.80099       60.073512     0.029075643      0.15155591      0.14597959     -0.32573014      -0.32573014       254.25344                                254.25344
              1       127.65831       60.073512     0.029075643      0.16731516      0.16174131     -0.32573014      -0.32573014       255.96808                                255.96808
              1       126.02295       60.073512     0.029075643      0.15067608      0.16068926     -0.32573014      -0.32573014       252.69737                                252.69737
              3       125.43944       60.073512     0.029075643      0.15423507      0.15630532     -0.32573014      -0.32573014       251.53033                                251.53033
              4       125.92181       60.073512     0.029075643      0.15854914      0.15015296     -0.32573014      -0.32573014       252.49509                                252.49509
              2       125.98963       60.071468     0.028962217      0.15858876      0.15019084     -0.32573014      -0.32573014       252.63072                                252.63072
              1       128.12104       60.071468     0.028962217      0.14704332      0.16743768     -0.32573014      -0.32573014       256.89353                                256.89353
              4       128.97797       60.071468     0.028962217      0.14319765      0.16686599     -0.32573014      -0.32573014        258.6074                                 258.6074
              2       128.27107       60.017601     0.028849161      0.14288932      0.16651031     -0.32573014      -0.32573014       257.19361                                257.19361
              3       124.80107       60.017601     0.028849161      0.15508811      0.15612125     -0.32573014      -0.32573014       250.25359                                250.25359
              4       124.79744       60.017601     0.028849161      0.15451719      0.15547071     -0.32573014      -0.32573014       250.24634                                250.24634
              1       126.56918       60.017601     0.028849161      0.15343371      0.14354762     -0.32573014      -0.32573014       253.78982                                253.78982
              2       126.33281       60.017616     0.029103897      0.15331402      0.14342782     -0.32573014      -0.32573014       253.31709                                253.31709
              2       125.29297       60.017616     0.029103897      0.14747554      0.15405132     -0.32573014      -0.32573014       251.23741                                251.23741
              3       124.86661       60.039643     0.029998595      0.14720262      0.15379733     -0.32573014      -0.32573014       250.38468                                250.38468
              5       124.90694        60.04218     0.029995823      0.14722095      0.15381789     -0.32573014      -0.32573014       250.46534                                250.46534
              4       125.57593        60.04218     0.029995823      0.15309076      0.14450697     -0.32573014      -0.32573014       251.80332                                251.80332
             10       124.21453        60.04218     0.029995823      0.15587565      0.15354093     -0.32573014      -0.32573014       249.08051                                249.08051
             10       124.27466        60.04218     0.029995823      0.15528776      0.15215369     -0.32573014      -0.32573014       249.20078                                249.20078
              1       124.53104        60.04218     0.029995823       0.1550526      0.14961419     -0.32573014      -0.32573014       249.71354                                249.71354
              3       124.55247        60.04218     0.029995823      0.15278032      0.16007053     -0.32573014      -0.32573014        249.7564                                 249.7564
              4       124.52855        60.04218     0.029995823      0.15019941      0.15767808     -0.32573014      -0.32573014       249.70856                                249.70856
              2       124.77939        60.04218     0.029995823      0.15231111      0.16144276     -0.32573014      -0.32573014       250.21024                                250.21024
              2       124.72364        60.04218     0.029995823      0.15292528      0.14857552     -0.32573014      -0.32573014       250.09874                                250.09874
              4       126.47352        60.04218     0.029995823      0.15358959      0.14146363     -0.32573014      -0.32573014        253.5985                                 253.5985
              3       125.75024        60.04218     0.029995823      0.16193541      0.16346239     -0.32573014      -0.32573014       252.15194                                252.15194
              2       125.49147        60.04218     0.029995823      0.16343644      0.16021522     -0.32573014      -0.32573014       251.63439                                251.63439
              6       124.82956        60.04218     0.029995823      0.16163651      0.15687236     -0.32573014      -0.32573014       250.31057                                250.31057
              1       127.62449        60.04218     0.029995823      0.16929258      0.16263029     -0.32573014      -0.32573014       255.90045                                255.90045
              1       124.90317        60.04218     0.029995823      0.15977821      0.16060816     -0.32573014      -0.32573014        250.4578                                 250.4578
              1       124.38425        60.04218     0.029995823       0.1511214      0.15684425     -0.32573014      -0.32573014       249.41997                                249.41997
              8       124.30061        60.04218     0.029995823      0.15364573      0.15793279     -0.32573014      -0.32573014       249.25269                                249.25269
              3       124.82122        60.04218     0.029995823      0.16134416      0.15760117     -0.32573014      -0.32573014       250.29391                                250.29391
              2       124.57885        60.04218     0.029995823      0.15942539      0.15180062     -0.32573014      -0.32573014       249.80916                                249.80916
              1       125.00701        60.04218     0.029995823      0.16276751      0.15577125     -0.32573014      -0.32573014       250.66549                                250.66549
              1        124.6067        60.04218     0.029995823      0.15765703      0.16001355     -0.32573014      -0.32573014       249.86485                                249.86485
              5       124.41933        60.04218     0.029995823      0.15810378      0.15211093     -0.32573014      -0.32573014       249.49012                                249.49012
              1       124.23721        60.04218     0.029995823      0.15565272      0.15288277     -0.32573014      -0.32573014       249.12587                                249.12587
              2       124.86786        60.04218     0.029995823      0.15386547      0.14755708     -0.32573014      -0.32573014       250.38717                                250.38717
              2       125.73019       60.022931     0.028644556      0.15444634      0.14813433     -0.32573014      -0.32573014       252.11184                                252.11184
              5       125.94325        60.04288     0.028746148       0.1545428      0.14821878     -0.32573014      -0.32573014       252.53795                                252.53795
              4       126.41162        60.04288     0.028746148      0.14645127      0.15220224     -0.32573014      -0.32573014        253.4747                                 253.4747
              1        125.8177        60.04288     0.028746148      0.14881715      0.15438434     -0.32573014      -0.32573014       252.28686                                252.28686
              1       125.83094        60.04288     0.028746148       0.1610269      0.15931962     -0.32573014      -0.32573014       252.31335                                252.31335
              1       127.40947        60.04288     0.028746148      0.14288014      0.15195694     -0.32573014      -0.32573014       255.47041                                255.47041
              1         127.894        60.04288     0.028746148      0.14562499      0.14493227     -0.32573014      -0.32573014       256.43947                                256.43947
              1       127.07546        60.04288     0.028746148      0.14920108      0.14527966     -0.32573014      -0.32573014       254.80238                                254.80238
              3       126.28079        60.04288     0.028746148      0.14824119      0.15009295     -0.32573014      -0.32573014       253.21304                                253.21304
              3        125.5187        60.04288     0.028746148      0.15379854      0.15125498     -0.32573014      -0.32573014       251.68886                                251.68886
              2       125.41114        60.04288     0.028746148      0.15187567      0.15498536     -0.32573014      -0.32573014       251.47375                                251.47375
              4        125.4773        60.04288     0.028746148      0.15116673      0.15530692     -0.32573014      -0.32573014       251.60607                                251.60607
              2       125.93127       60.054677      0.02841971      0.15143161      0.15556002     -0.32573014      -0.32573014       252.51399                                252.51399
              3       126.83609       60.054677      0.02841971      0.14642001      0.15397405     -0.32573014      -0.32573014       254.32363                                254.32363
              1       126.97087       60.050615     0.028190058      0.14651275       0.1540667     -0.32573014      -0.32573014        254.5932                                 254.5932
              4       127.11689       60.050615     0.028190058       0.1461019      0.15325077     -0.32573014      -0.32573014       254.88523                                254.88523
              1       125.84381       60.050615     0.028190058      0.15533509      0.15634341     -0.32573014      -0.32573014       252.33907                                252.33907
              1       125.38584       60.017351     0.028155661      0.15510166      0.15613165     -0.32573014      -0.32573014       251.42313                                251.42313
              2       126.63597       60.017351     0.028155661      0.16016351      0.14688171     -0.32573014      -0.32573014        253.9234                                 253.9234
              4       126.06835       60.010066     0.028692902      0.15981943      0.14654898     -0.32573014      -0.32573014       252.78817                                252.78817
              3       125.12713       60.010066     0.028692902      0.15986367      0.15399249     -0.32573014      -0.32573014       250.90573                                250.90573
              8       124.94235       60.010066     0.028692902      0.15784159      0.15688654     -0.32573014      -0.32573014       250.53617                                250.53617
              2       126.54132       60.010066     0.028692902      0.15754434      0.14387518     -0.32573014      -0.32573014        253.7341                                 253.7341
              4       124.85654       60.010066     0.028692902      0.15618947      0.15673984     -0.32573014      -0.32573014       250.36455                                250.36455
              1       124.85072       60.010066     0.028692902      0.15507721      0.15697422     -0.32573014      -0.32573014        250.3529                                 250.3529
              2       124.95546       60.010066     0.028692902      0.15397126      0.15220592     -0.32573014      -0.32573014       250.56239                                250.56239
              2        124.9532       60.010066     0.028692902      0.15305856      0.15789454     -0.32573014      -0.32573014       250.55787                                250.55787
              1       124.55491       60.001635     0.029475757      0.15405852      0.14839597     -0.32573014      -0.32573014       249.76128                                249.76128
              1       124.58376       60.001635     0.029475757      0.15419667      0.14820992     -0.32573014      -0.32573014       249.81898                                249.81898
              5        124.3558       60.001635     0.029475757      0.15714285      0.15041091     -0.32573014      -0.32573014       249.36307                                249.36307
              3       124.99204       60.001635     0.029475757      0.15626558      0.16344056     -0.32573014      -0.32573014       250.63554                                250.63554
              2       124.48028       60.001635     0.029475757      0.15541269      0.14889887     -0.32573014      -0.32573014       249.61203                                249.61203
              6       125.59022       60.001635     0.029475757      0.14495422      0.16025783     -0.32573014      -0.32573014       251.83191                                251.83191
              3       124.77126       60.001635     0.029475757      0.14849857      0.15025966     -0.32573014      -0.32573014       250.19398                                250.19398
              1       124.07986       60.001635     0.029475757      0.15569498      0.15312003     -0.32573014      -0.32573014       248.81119                                248.81119
              3       124.04475       60.001635     0.029475757      0.15394684      0.15391302     -0.32573014      -0.32573014       248.74096                                248.74096
              2       123.85613       60.003016     0.029722973      0.15382436      0.15379262     -0.32573014      -0.32573014       248.36373                                248.36373
              1       123.84592       60.003016     0.029722973      0.15482052      0.15539495     -0.32573014      -0.32573014        248.3433                                 248.3433
              6       124.63266       60.003016     0.029722973      0.14674228      0.15336303     -0.32573014      -0.32573014       249.91677                                249.91677
              1       124.33636       60.003016     0.029722973      0.14922836      0.15137818     -0.32573014      -0.32573014       249.32418                                249.32418
              3       123.92763       60.003016     0.029722973      0.15187919      0.15464738     -0.32573014      -0.32573014       248.50673                                248.50673
              1       124.25919       60.003016     0.029722973      0.15161248      0.14974053     -0.32573014      -0.32573014       249.16983                                249.16983
              9       124.21145       60.003016     0.029722973      0.15241369      0.14971386     -0.32573014      -0.32573014       249.07437                                249.07437
              1       127.26155       60.003016     0.029722973      0.13830352       0.1523496     -0.32573014      -0.32573014       255.17456                                255.17456
              4       128.14188       60.003016     0.029722973      0.14364657      0.13981635     -0.32573014      -0.32573014       256.93521                                256.93521
              1       133.47481       60.003016     0.029722973      0.16662558      0.12988307     -0.32573014      -0.32573014       267.60107                                267.60107
              3       131.80861       60.003016     0.029722973      0.15982137      0.13013083     -0.32573014      -0.32573014       264.26868                                264.26868
              1       123.99778       60.003016     0.029722973      0.15452735      0.15117565     -0.32573014      -0.32573014       248.64702                                248.64702
              1       123.87067       60.003016     0.029722973      0.15592043      0.15402094     -0.32573014      -0.32573014       248.39279                                248.39279
              1       124.53372       60.003016     0.029722973      0.16011247       0.1498879     -0.32573014      -0.32573014        249.7189                                 249.7189
              2       124.58616       60.003016     0.029722973      0.16120351        0.150987     -0.32573014      -0.32573014       249.82378                                249.82378
              1       124.59072       60.003016     0.029722973      0.16123396      0.15099388     -0.32573014      -0.32573014        249.8329                                 249.8329
              2       124.12874       60.003016     0.029722973      0.15907164       0.1533318     -0.32573014      -0.32573014       248.90895                                248.90895
              2         124.056       60.003016     0.029722973       0.1585856      0.15408025     -0.32573014      -0.32573014       248.76345                                248.76345
              1       124.62902       60.059166     0.029995988      0.15886405      0.15432473     -0.32573014      -0.32573014       249.90951                                249.90951
              4       124.74845       60.059166     0.029995988       0.1576839      0.15935992     -0.32573014      -0.32573014       250.14836                                250.14836
              5       125.81172       60.059166     0.029995988      0.14866263      0.16355153     -0.32573014      -0.32573014        252.2749                                 252.2749
              1       125.56564       60.059166     0.029995988      0.14844242      0.16210445     -0.32573014      -0.32573014       251.78273                                251.78273
              3        126.4864       60.059166     0.029995988       0.1430603      0.15986209     -0.32573014      -0.32573014       253.62427                                253.62427
              3       126.77307       60.059166     0.029995988      0.14166072      0.15825622     -0.32573014      -0.32573014       254.19761                                254.19761
              1       125.45671       60.059166     0.029995988      0.14748758      0.14988419     -0.32573014      -0.32573014       251.56488                                251.56488
              2       126.46607       60.117136     0.029839765      0.14801064      0.15036686     -0.32573014      -0.32573014       253.58361                                253.58361
              1       128.22112       60.117136     0.029839765      0.16977039      0.15149816     -0.32573014      -0.32573014       257.09371                                257.09371
              1       128.11375       60.117136     0.029839765      0.16980075       0.1528304     -0.32573014      -0.32573014       256.87896                                256.87896
              2       125.58233       60.117136     0.029839765       0.1580584      0.15285262     -0.32573014      -0.32573014       251.81611                                251.81611
              2       125.48093       60.117136     0.029839765      0.15695408      0.15356177     -0.32573014      -0.32573014       251.61331                                251.61331
              3       125.85427       60.053889     0.028832849      0.15717674      0.14947805     -0.32573014      -0.32573014          252.36                                   252.36
              2       129.13861         60.0538     0.028832938      0.16463548      0.14093453     -0.32573014      -0.32573014       258.92867                                258.92867
              3       126.96239         60.0538     0.028832938      0.16637796      0.15846529     -0.32573014      -0.32573014       254.57624                                254.57624
              2       126.42847         60.0538     0.028832938       0.1465822      0.15291665     -0.32573014      -0.32573014       253.50841                                253.50841
              2        126.4472         60.0538     0.028832938      0.14612419      0.15492737     -0.32573014      -0.32573014       253.54585                                253.54585
              2       126.76025       60.102573      0.02910463      0.14979702      0.14967837     -0.32573014      -0.32573014       254.17197                                254.17197
              3       126.01062       60.102573      0.02910463      0.15218512      0.15429814     -0.32573014      -0.32573014        252.6727                                 252.6727
              2       131.15211       60.102573      0.02910463      0.15965898      0.13573566     -0.32573014      -0.32573014       262.95568                                262.95568
              1       127.02596       60.102573      0.02910463       0.1619253      0.14837522     -0.32573014      -0.32573014       254.70338                                254.70338
              2       127.27454       60.102573      0.02910463      0.14960901      0.14712315     -0.32573014      -0.32573014       255.20053                                255.20053
              1       127.29515       60.106013     0.029142336      0.14961479      0.14712711     -0.32573014      -0.32573014       255.24175                                255.24175
              2       126.90515       60.106013     0.029142336       0.1608738      0.14831045     -0.32573014      -0.32573014       254.46176                                254.46176
              1       126.52022       60.106013     0.029142336      0.16013473      0.16188561     -0.32573014      -0.32573014        253.6919                                 253.6919
              2       126.05823       60.085298     0.029338308      0.15987246      0.16163946     -0.32573014      -0.32573014       252.76792                                252.76792
              3       130.27713       60.088284     0.028855207      0.15373761      0.17466549     -0.32573014      -0.32573014       261.20572                                261.20572
              1       128.59437       60.092268      0.02917424      0.14612624      0.16792713     -0.32573014      -0.32573014        257.8402                                 257.8402
              1       125.81278       60.092268      0.02917424      0.15367283      0.15939377     -0.32573014      -0.32573014       252.27702                                252.27702
              1       126.15797       60.092268      0.02917424      0.16215212      0.15655613     -0.32573014      -0.32573014       252.96741                                252.96741
              2       124.65335       60.057032      0.02993477      0.15827908       0.1528006     -0.32573014      -0.32573014       249.95817                                249.95817
              4       124.58348       60.057032      0.02993477      0.15711709      0.15258047     -0.32573014      -0.32573014       249.81843                                249.81843
              1       125.04386       60.057032      0.02993477      0.15683904      0.14846027     -0.32573014      -0.32573014       250.73919                                250.73919
              2        129.0141        60.08659     0.025853843      0.15925747      0.15080954     -0.32573014      -0.32573014       258.67966                                258.67966
              1       128.53157        60.08659     0.025853843      0.15520366      0.15995237     -0.32573014      -0.32573014        257.7146                                 257.7146
              3        128.5173        60.08659     0.025853843      0.15585033      0.16018387     -0.32573014      -0.32573014       257.68607                                257.68607
              1       128.67351        60.08659     0.025853843      0.15486367      0.16147026     -0.32573014      -0.32573014       257.99848                                257.99848
              1       128.53166        60.08659     0.025853843      0.15538293      0.15491751     -0.32573014      -0.32573014       257.71478                                257.71478
              1       128.97643       60.138434      0.02661687      0.16317432      0.15565035     -0.32573014      -0.32573014       258.60433                                258.60433
              2        125.4483       60.027599      0.02882269      0.16114869      0.15372508     -0.32573014      -0.32573014       251.54807                                251.54807
              2       125.45061       60.027599      0.02882269      0.15241118      0.14984774     -0.32573014      -0.32573014       251.55268                                251.55268
              1        125.3881       60.027599      0.02882269      0.15560307      0.16122893     -0.32573014      -0.32573014       251.42767                                251.42767
              1       125.06007       60.027599      0.02882269      0.15243221      0.15512116     -0.32573014      -0.32573014       250.77161                                250.77161
              3       124.93534       60.008573     0.028641103      0.15238576      0.15508514     -0.32573014      -0.32573014       250.52215                                250.52215
              7       125.39451       60.008573     0.028641103      0.14928868      0.15844473     -0.32573014      -0.32573014       251.44048                                251.44048
              5        125.2064       60.008573     0.028641103      0.14988302      0.15417014     -0.32573014      -0.32573014       251.06426                                251.06426
              1       124.41827          60.011     0.029611984       0.1493793      0.15367659     -0.32573014      -0.32573014         249.488                                  249.488
              1       124.20635          60.011     0.029611984      0.15219512        0.157416     -0.32573014      -0.32573014       249.06415                                249.06415
              2       124.72887          60.011     0.029611984      0.14950507      0.14962062     -0.32573014      -0.32573014        250.1092                                 250.1092
              1       124.67289       60.011588     0.029688602      0.14946832      0.14958441     -0.32573014      -0.32573014       249.99724                                249.99724
              1       126.14018       60.011588     0.029688602      0.14203862      0.15808813     -0.32573014      -0.32573014       252.93182                                252.93182
              5       126.03342       60.004817     0.029696908      0.14198287      0.15803698     -0.32573014      -0.32573014       252.71831                                252.71831
              3       125.30236       60.004817     0.029696908      0.16273024      0.16143287     -0.32573014      -0.32573014       251.25617                                251.25617
              1        125.1782       60.004817     0.029696908      0.16118679      0.16236712     -0.32573014      -0.32573014       251.00786                                251.00786
              2       124.57844       60.004817     0.029696908      0.15209737      0.14775815     -0.32573014      -0.32573014       249.80834                                249.80834
              3       124.25833       60.004817     0.029696908      0.15240511      0.14976086     -0.32573014      -0.32573014       249.16812                                249.16812
              4       124.49485       60.004817     0.029696908      0.15102227      0.16074162     -0.32573014      -0.32573014       249.64115                                249.64115
              2       124.48092       60.003313     0.029537536      0.15546784       0.1609516     -0.32573014      -0.32573014       249.61331                                249.61331
              1       124.89979       60.003313     0.029537536      0.14710115      0.15103098     -0.32573014      -0.32573014       250.45104                                250.45104
              3       124.41579       60.003313     0.029537536      0.14891185      0.15524011     -0.32573014      -0.32573014       249.48305                                249.48305
              2       125.23836       60.003313     0.029537536       0.1644648      0.15488654     -0.32573014      -0.32573014       251.12818                                251.12818
              1       124.54647       60.003313     0.029537536      0.15893588      0.15977614     -0.32573014      -0.32573014       249.74441                                249.74441
              2       124.01098       60.003313     0.029537536      0.15518729      0.15558485     -0.32573014      -0.32573014       248.67343                                248.67343
              1       124.00281       60.023884     0.029896151      0.15518402      0.15549843     -0.32573014      -0.32573014       248.65707                                248.65707
              1       126.09237       60.023884     0.029896151      0.14186074      0.15626203     -0.32573014      -0.32573014       252.83619                                252.83619
              1       127.50876       60.023884     0.029896151      0.14262323      0.14325846     -0.32573014      -0.32573014       255.66898                                255.66898
              2       126.64221       60.023884     0.029896151      0.14555719      0.14353361     -0.32573014      -0.32573014       253.93588                                253.93588
              3       124.93491       60.023884     0.029896151      0.15106715      0.14694135     -0.32573014      -0.32573014       250.52129                                250.52129
              3       124.67681       60.023884     0.029896151       0.1492031      0.15979721     -0.32573014      -0.32573014       250.00508                                250.00508
              3       124.02237       60.023884     0.029896151      0.15562552      0.15596422     -0.32573014      -0.32573014        248.6962                                 248.6962
              1        124.1733       60.023884     0.029896151      0.15589432      0.15126602     -0.32573014      -0.32573014       248.99805                                248.99805
              1       124.44763       60.038593     0.029826996      0.15604803      0.15141122     -0.32573014      -0.32573014       249.54673                                249.54673
              2       124.80239       60.038593     0.029826996      0.15155658      0.16066409     -0.32573014      -0.32573014       250.25625                                250.25625
              1       124.93109       60.038593     0.029826996      0.14781583      0.15692414     -0.32573014      -0.32573014       250.51363                                250.51363
              1       126.52151       60.032962     0.027898808      0.14869389      0.15811123     -0.32573014      -0.32573014       253.69448                                253.69448
              1        125.9351       60.032962     0.027898808      0.15579745      0.15306763     -0.32573014      -0.32573014       252.52167                                252.52167
              2       125.93873       60.032962     0.027898808      0.15425429      0.15847005     -0.32573014      -0.32573014       252.52892                                252.52892
              9       125.52802       60.042819     0.028538736      0.15402836      0.15813105     -0.32573014      -0.32573014       251.70751                                251.70751
              4       124.73574       60.008756      0.02888462      0.15358336      0.15767673     -0.32573014      -0.32573014       250.12294                                250.12294
              3       125.40231       60.008756      0.02888462      0.14730654      0.15625866     -0.32573014      -0.32573014       251.45607                                251.45607
              1       124.90278       60.008756      0.02888462        0.158667      0.15799349     -0.32573014      -0.32573014       250.45701                                250.45701
              2       125.20162       60.008756      0.02888462      0.15954587       0.1502986     -0.32573014      -0.32573014        251.0547                                 251.0547
              1       125.45856       60.008756      0.02888462      0.16062516       0.1494302     -0.32573014      -0.32573014       251.56859                                251.56859
              1       125.53631       60.030328     0.029174059      0.16066325      0.14939465     -0.32573014      -0.32573014       251.72407                                251.72407
              1       125.62663       60.030328     0.029174059      0.16230875      0.15077904     -0.32573014      -0.32573014       251.90472                                251.90472
              2       125.01464       60.030328     0.029174059       0.1535639      0.15049173     -0.32573014      -0.32573014       250.68074                                250.68074
              1       125.18246       60.036179     0.029077893      0.15365795      0.15059313     -0.32573014      -0.32573014       251.01637                                251.01637
              4       126.06497       60.036179     0.029077893       0.1465421      0.15984205     -0.32573014      -0.32573014       252.78139                                252.78139
              1       125.79997       60.036179     0.029077893      0.14729867      0.15877179     -0.32573014      -0.32573014       252.25141                                252.25141
              3       125.54693       60.036179     0.029077893      0.15149695      0.16172274     -0.32573014      -0.32573014       251.74531                                251.74531
              7       125.98562       60.036179     0.029077893      0.16414763      0.15794683     -0.32573014      -0.32573014       252.62271                                252.62271
              4       125.43833       60.044283      0.02985717      0.16384053      0.15750718     -0.32573014      -0.32573014       251.52811                                251.52811
              1       125.86098       60.044283      0.02985717      0.15646405      0.16596546     -0.32573014      -0.32573014       252.37343                                252.37343
              4       125.10014       60.044283      0.02985717      0.14742055      0.15250673     -0.32573014      -0.32573014       250.85175                                250.85175
              5       124.59946       60.044283      0.02985717      0.15704249      0.15090721     -0.32573014      -0.32573014       249.85039                                249.85039
              5       124.16474       60.002243     0.029639104      0.15680242      0.15075653     -0.32573014      -0.32573014       248.98094                                248.98094
              2       124.35549       60.002243     0.029639104      0.15929347      0.15108413     -0.32573014      -0.32573014       249.36244                                249.36244
              1       124.24624       60.002243     0.029639104      0.15915699      0.15228449     -0.32573014      -0.32573014       249.14394                                249.14394
              3       123.93726       60.002243     0.029639104      0.15544503       0.1532449     -0.32573014      -0.32573014       248.52598                                248.52598
              4       123.90246       60.002243     0.029639104      0.15513284      0.15484522     -0.32573014      -0.32573014       248.45638                                248.45638
              4       124.21632       60.002243     0.029639104      0.14985969      0.15302651     -0.32573014      -0.32573014        249.0841                                 249.0841
              2       124.22569       60.002243     0.029639104      0.14965158      0.15344491     -0.32573014      -0.32573014       249.10284                                249.10284
              2       124.52835       60.002243     0.029639104       0.1538766      0.16180941     -0.32573014      -0.32573014       249.70816                                249.70816
              1       125.57185       60.002243     0.029639104      0.15582262      0.16622675     -0.32573014      -0.32573014       251.79516                                251.79516
              5       124.54359       60.002243     0.029639104      0.14750414      0.15576639     -0.32573014      -0.32573014       249.73863                                249.73863
              2       124.18441       60.002243     0.029639104       0.1498256      0.15515323     -0.32573014      -0.32573014       249.02027                                249.02027
             10       124.89156       60.002243     0.029639104      0.15061925      0.16272106     -0.32573014      -0.32573014       250.43458                                250.43458
              3       124.99436       60.002243     0.029639104      0.15027571      0.16304829     -0.32573014      -0.32573014       250.64018                                250.64018
              1       128.28536       60.002243     0.029639104      0.13603331      0.15368159     -0.32573014      -0.32573014       257.22219                                257.22219
              3        127.3998       60.002243     0.029639104      0.16336146       0.1406342     -0.32573014      -0.32573014       255.45105                                255.45105
              1       125.13349       60.034176     0.028922771      0.15339979      0.15233346     -0.32573014      -0.32573014       250.91844                                250.91844
              4       125.28037         60.0732     0.029430478      0.15347631      0.15227924     -0.32573014      -0.32573014       251.21219                                251.21219
              1       125.48001         60.0732     0.029430478      0.15561472      0.15007336     -0.32573014      -0.32573014       251.61148                                251.61148
              2       125.21682       60.070937     0.029633372      0.16003554      0.15426062     -0.32573014      -0.32573014        251.0851                                 251.0851
              1        127.3432       60.048652     0.029545746      0.15343049       0.1697763     -0.32573014      -0.32573014       255.33786                                255.33786
              4       127.36435       60.027898     0.029203489      0.15342441      0.16985106     -0.32573014      -0.32573014       255.38017                                255.38017
              2       125.81149       60.027898     0.029203489      0.14554085      0.15672261     -0.32573014      -0.32573014       252.27444                                252.27444
              3       124.95013       60.027898     0.029203489      0.15901286      0.15233311     -0.32573014      -0.32573014       250.55172                                250.55172
              1       124.76615       60.027898     0.029203489      0.15608227      0.15819234     -0.32573014      -0.32573014       250.18376                                250.18376
              2       125.06907       60.094208     0.029958718      0.15626381      0.15816854     -0.32573014      -0.32573014       250.78959                                250.78959
              7       125.12787       60.094208     0.029958718      0.15855442      0.15402087     -0.32573014      -0.32573014       250.90721                                250.90721
              7       125.44458       60.094208     0.029958718      0.15781807      0.16105104     -0.32573014      -0.32573014       251.54063                                251.54063
              3       125.45944       60.094208     0.029958718      0.15799982      0.16106776     -0.32573014      -0.32573014       251.57035                                251.57035
              1       125.43366       60.094208     0.029958718        0.161043      0.15365179     -0.32573014      -0.32573014       251.51878                                251.51878
              1       125.46189       60.073913     0.029575016      0.16106056      0.15375606     -0.32573014      -0.32573014       251.57523                                251.57523
              4       125.71072       60.073913     0.029575016      0.14895177       0.1513063     -0.32573014      -0.32573014       252.07291                                252.07291
              1       125.80264       60.023116     0.029149318      0.15053237       0.1465273     -0.32573014      -0.32573014       252.25675                                252.25675
              4       125.30348       60.023116     0.029149318      0.16071445      0.15047617     -0.32573014      -0.32573014       251.25843                                251.25843
              3       125.25682       60.023116     0.029149318      0.16161342      0.15249201     -0.32573014      -0.32573014        251.1651                                 251.1651
              5       124.80756       60.023116     0.029149318      0.15826682      0.15290688     -0.32573014      -0.32573014       250.26657                                250.26657
              3          124.74       60.023116     0.029149318      0.15811251      0.15425696     -0.32573014      -0.32573014       250.13147                                250.13147
              1       124.73953       60.023116     0.029149318      0.15809179      0.15420874     -0.32573014      -0.32573014       250.13052                                250.13052
              1       124.73605       60.023116     0.029149318      0.15705401      0.15271839     -0.32573014      -0.32573014       250.12356                                250.12356
              4       125.53333       60.023116     0.029149318      0.16153182      0.14968541     -0.32573014      -0.32573014       251.71812                                251.71812
              1       126.20243       60.096128     0.029652687      0.16188901      0.14986785     -0.32573014      -0.32573014       253.05632                                253.05632
              1       126.17101       60.096128     0.029652687       0.1536262      0.16397655     -0.32573014      -0.32573014       252.99347                                252.99347
              2        127.0223       60.096128     0.029652687      0.14898789      0.14563924     -0.32573014      -0.32573014       254.69606                                254.69606
              1       128.40344       60.096128     0.029652687      0.13988517      0.15298287     -0.32573014      -0.32573014       257.45834                                257.45834
              6       128.54114       60.096128     0.029652687       0.1645057      0.16892547     -0.32573014      -0.32573014       257.73374                                257.73374
              2       127.99537       60.001855     0.028817667       0.1641332      0.16880756     -0.32573014      -0.32573014       256.64221                                256.64221
              3       127.22321       60.001855     0.028817667      0.15514348      0.16965209     -0.32573014      -0.32573014       255.09788                                255.09788
              1       125.68897       60.001855     0.028817667      0.16146265      0.16186316     -0.32573014      -0.32573014        252.0294                                 252.0294
              1       128.04142       60.001855     0.028817667      0.15884679      0.13908938     -0.32573014      -0.32573014       256.73431                                256.73431
              1       128.14127       60.001855     0.028817667      0.15952373      0.13902271     -0.32573014      -0.32573014         256.934                                  256.934
              1       124.97052       60.001855     0.028817667      0.16023444      0.15663835     -0.32573014      -0.32573014        250.5925                                 250.5925
              5       124.62287       60.001855     0.028817667      0.15476064      0.15677531     -0.32573014      -0.32573014       249.89719                                249.89719
              2       126.29315       60.001855     0.028817667      0.16649601      0.15438087     -0.32573014      -0.32573014       253.23776                                253.23776
              1       127.80148       60.127361     0.029173761      0.16735408      0.15501819     -0.32573014      -0.32573014       256.25443                                256.25443
              1        128.9843       60.127361     0.029173761      0.15584161      0.14104937     -0.32573014      -0.32573014       258.62006                                258.62006
              2       127.14421       60.127361     0.029173761      0.16396914       0.1521595     -0.32573014      -0.32573014       254.93989                                254.93989
              1       126.33253       60.106258     0.029770594      0.16351009      0.15163483     -0.32573014      -0.32573014       253.31651                                253.31651
              5       126.33247       60.106247     0.029770478      0.16351006      0.15163483     -0.32573014      -0.32573014       253.31639                                253.31639
              2       127.31813       60.106247     0.029770478      0.15534016      0.16831287     -0.32573014      -0.32573014       255.28772                                255.28772
              1       127.08959       60.106247     0.029770478      0.14590611      0.16275719     -0.32573014      -0.32573014       254.83064                                254.83064
              2       126.74998       60.106247     0.029770478      0.14801772       0.1478939     -0.32573014      -0.32573014       254.15142                                254.15142
              4       126.23256       60.106247     0.029770478      0.15074548      0.14840938     -0.32573014      -0.32573014       253.11659                                253.11659
              1       126.54118       60.055444     0.028493976      0.15094091       0.1488713     -0.32573014      -0.32573014       253.73383                                253.73383
              1       126.67803       60.055444     0.028493976      0.15203734      0.14755525     -0.32573014      -0.32573014       254.00752                                254.00752
              5       127.96646       60.055444     0.028493976       0.1445762        0.148074     -0.32573014      -0.32573014       256.58437                                256.58437
              2       126.57985       60.055444     0.028493976      0.15119119      0.14849492     -0.32573014      -0.32573014       253.81116                                253.81116
              4       126.08083       60.092751     0.029708293      0.15070697       0.1483295     -0.32573014      -0.32573014       252.81312                                252.81312
              3       128.04656       60.092751     0.029708293      0.14505736      0.16663597     -0.32573014      -0.32573014       256.74458                                256.74458
              2       126.63934       60.092751     0.029708293      0.15413697      0.16634968     -0.32573014      -0.32573014       253.93014                                253.93014
              1       126.42778       60.092751     0.029708293      0.14583006      0.15867542     -0.32573014      -0.32573014       253.50701                                253.50701
              2       125.64667       60.092751     0.029708293      0.16066752      0.15876831     -0.32573014      -0.32573014       251.94481                                251.94481
              1       126.11918       60.042947     0.029693804      0.16517634      0.16020937     -0.32573014      -0.32573014       252.88983                                252.88983
              1       125.64936       60.042947     0.029693804      0.14810766      0.16213457     -0.32573014      -0.32573014       251.95018                                251.95018
              4       124.87463       60.042947     0.029693804      0.15999666      0.15227141     -0.32573014      -0.32573014       250.40073                                250.40073
              4       124.44522       60.042947     0.029693804      0.15487234      0.15568804     -0.32573014      -0.32573014       249.54191                                249.54191
              5       124.46841       60.042947     0.029693804      0.15464385      0.15656039     -0.32573014      -0.32573014       249.58827                                249.58827
              5        124.4423       60.042947     0.029693804      0.15497944      0.15478248     -0.32573014      -0.32573014       249.53606                                249.53606
              1        124.5373       60.042947     0.029693804      0.15677974      0.15309401     -0.32573014      -0.32573014       249.72605                                249.72605
              4       124.50527       60.042947     0.029693804      0.15675901      0.15635418     -0.32573014      -0.32573014         249.662                                  249.662
              4       124.58886       60.042947     0.029693804       0.1526379      0.15767693     -0.32573014      -0.32573014       249.82918                                249.82918
              4       128.35094       60.042947     0.029693804       0.1389755      0.16245584     -0.32573014      -0.32573014       257.35333                                257.35333
              1       124.83237       60.042947     0.029693804      0.15073834       0.1587983     -0.32573014      -0.32573014       250.31621                                250.31621
              4       124.78637       60.042947     0.029693804      0.15022884      0.15743709     -0.32573014      -0.32573014       250.22419                                250.22419
              2       125.94506       60.042947     0.029693804      0.15285186      0.16584368     -0.32573014      -0.32573014       252.54158                                252.54158
              2       125.53776       60.042947     0.029693804      0.16200048      0.16109397     -0.32573014      -0.32573014       251.72697                                251.72697
              3       125.10296       60.042947     0.029693804      0.15917972      0.16092947     -0.32573014      -0.32573014       250.85739                                250.85739
              3       126.03895       60.042947     0.029693804       0.1492905      0.14534177     -0.32573014      -0.32573014       252.72937                                252.72937
              1       126.33553       60.042947     0.029693804      0.15161377      0.14328088     -0.32573014      -0.32573014       253.32251                                253.32251
              1       125.11484       60.042947     0.029693804      0.15570565      0.14782926     -0.32573014      -0.32573014       250.88114                                250.88114
              5       125.09367       60.042947     0.029693804      0.15595348      0.14797902     -0.32573014      -0.32573014       250.83881                                250.83881
              1       127.43576       60.042947     0.029693804      0.15353508      0.17047225     -0.32573014      -0.32573014       255.52298                                255.52298
              1       130.35257       60.042947     0.029693804      0.13400541      0.14983442     -0.32573014      -0.32573014        261.3566                                 261.3566
              1       128.67814       60.042947     0.029693804      0.14451974      0.14000799     -0.32573014      -0.32573014       258.00774                                258.00774
              1       127.94638       60.042947     0.029693804      0.14780968      0.14000692     -0.32573014      -0.32573014       256.54422                                256.54422
              1       125.04131       60.042947     0.029693804      0.14804255      0.15464185     -0.32573014      -0.32573014       250.73408                                250.73408
              1       125.91792        60.08215     0.029348866      0.14851742      0.15512884     -0.32573014      -0.32573014        252.4873                                 252.4873
              1       126.07336        60.08215     0.029348866      0.15000747      0.15004925     -0.32573014      -0.32573014       252.79817                                252.79817
              4       127.07158        60.08215     0.029348866      0.16718054      0.15527506     -0.32573014      -0.32573014       254.79462                                254.79462
              2       125.65387        60.08215     0.029348866      0.15861993      0.15979154     -0.32573014      -0.32573014        251.9592                                 251.9592
              2       125.77012       60.059984     0.028857071      0.15868806      0.16000593     -0.32573014      -0.32573014        252.1917                                 252.1917
              1       126.56908       60.059998     0.028821206      0.16437609      0.15889815     -0.32573014      -0.32573014       253.78961                                253.78961
              4       126.36142       60.059998     0.028821206      0.15073861      0.16282781     -0.32573014      -0.32573014       253.37429                                253.37429
              8        127.9169       60.059998     0.028821206      0.16153488      0.14305169     -0.32573014      -0.32573014       256.48527                                256.48527
              1       126.22797       60.059998     0.028821206      0.15449129      0.16358344     -0.32573014      -0.32573014        253.1074                                 253.1074
              2       129.44903       60.059998     0.028821206      0.16336459      0.17172082     -0.32573014      -0.32573014       259.54952                                259.54952
              1       128.31261       60.059998     0.028821206      0.16127906       0.1696693     -0.32573014      -0.32573014       257.27668                                257.27668
              1       128.81191        60.04967     0.028128942      0.16153779      0.17009944     -0.32573014      -0.32573014       258.27528                                258.27528
              1       129.10197       60.017463     0.028035032      0.15437256       0.1726487     -0.32573014      -0.32573014        258.8554                                 258.8554
              4       127.15763       60.017463     0.028035032      0.14422424      0.15759935     -0.32573014      -0.32573014       254.96671                                254.96671
              5       125.65632       60.017463     0.028035032      0.15541394      0.15940695     -0.32573014      -0.32573014        251.9641                                 251.9641
              1       125.74684       60.017463     0.028035032       0.1510076      0.15596501     -0.32573014      -0.32573014       252.14514                                252.14514
              2       127.57793       60.016814     0.028042147      0.15012686      0.16747749     -0.32573014      -0.32573014       255.80733                                255.80733
              1       126.86302       60.016814     0.028042147      0.14632907      0.15070468     -0.32573014      -0.32573014       254.37751                                254.37751
              3       126.74558       60.016814     0.028042147      0.16135519      0.14755888     -0.32573014      -0.32573014       254.14263                                254.14263
              1       126.37919       60.016814     0.028042147      0.14858238      0.15087258     -0.32573014      -0.32573014       253.40984                                253.40984
              1       125.83662       60.016814     0.028042147      0.15033071       0.1543558     -0.32573014      -0.32573014       252.32469                                252.32469
              3         125.554       60.016814     0.028042147      0.15504325      0.15319812     -0.32573014      -0.32573014       251.75945                                251.75945
              1        127.6978       60.016814     0.028042147       0.1565193      0.14245832     -0.32573014      -0.32573014       256.04706                                256.04706
              1        125.7529       60.016814     0.028042147      0.15080794      0.15570763     -0.32573014      -0.32573014       252.15725                                252.15725
              5       126.22825       60.016814     0.028042147      0.14791136      0.15443591     -0.32573014      -0.32573014       253.10797                                253.10797
              1       125.58231       60.016814     0.028042147      0.15727772      0.15334044     -0.32573014      -0.32573014       251.81607                                251.81607
              1       126.14937       60.016814     0.028042147       0.1584912      0.16242725     -0.32573014      -0.32573014        252.9502                                 252.9502
              2       126.77541       60.093876     0.028560443      0.15883832      0.16253148     -0.32573014      -0.32573014       254.20227                                254.20227
              2       125.71354       60.011027     0.028442761      0.15824971      0.16210601     -0.32573014      -0.32573014       252.07853                                252.07853
              2       127.30247       60.011027     0.028442761      0.16413217      0.14548703     -0.32573014      -0.32573014        255.2564                                 255.2564
              1       130.87818       60.234009     0.028227286       0.1659772      0.14701163     -0.32573014      -0.32573014       262.40782                                262.40782
              1       128.75538       60.234009     0.028227286      0.15804513      0.15339241     -0.32573014      -0.32573014       258.16221                                258.16221
              2       129.32369       60.285757     0.028486468      0.15832178      0.15352576     -0.32573014      -0.32573014       259.29884                                259.29884
              1        128.0656        60.26879     0.029632177       0.1576279      0.15260448     -0.32573014      -0.32573014       256.78267                                256.78267
              1       128.46823        60.26879     0.029632177      0.16027696      0.16368483     -0.32573014      -0.32573014       257.58792                                257.58792
              1        129.9556        60.26879     0.029632177      0.14778253      0.16645811     -0.32573014      -0.32573014       260.56266                                260.56266
              4       126.78599       60.017509     0.029192521      0.14603784      0.16522667     -0.32573014      -0.32573014       254.22345                                254.22345
              1       124.96975       60.017509     0.029192521        0.149173      0.15712844     -0.32573014      -0.32573014       250.59097                                250.59097
              1       125.54765       60.017509     0.029192521      0.14585101      0.15496482     -0.32573014      -0.32573014       251.74677                                251.74677
              1       125.62513       60.017509     0.029192521      0.15978184      0.14703699     -0.32573014      -0.32573014       251.90171                                251.90171
              1       125.50266       60.017509     0.029192521       0.1636705      0.15367834     -0.32573014      -0.32573014       251.65679                                251.65679
              3       125.71079       60.017509     0.029192521      0.16448248      0.15324131     -0.32573014      -0.32573014       252.07304                                252.07304
              4       125.45409       60.017509     0.029192521      0.15815107      0.14704968     -0.32573014      -0.32573014       251.55964                                251.55964
              1       128.37153       60.017509     0.029192521      0.16349593      0.13986061     -0.32573014      -0.32573014       257.39452                                257.39452
              5       126.43273       60.017509     0.029192521      0.16716733      0.15387673     -0.32573014      -0.32573014       253.51691                                253.51691
              1       125.47885       60.017509     0.029192521      0.16294229      0.15158182     -0.32573014      -0.32573014       251.60916                                251.60916
              6       124.64247       60.017509     0.029192521       0.1570997      0.15770168     -0.32573014      -0.32573014       249.93639                                249.93639
              2       124.62234       60.017509     0.029192521      0.15590551      0.15810581     -0.32573014      -0.32573014       249.89614                                249.89614
              2       124.78812       60.017509     0.029192521      0.15746474      0.15918615     -0.32573014      -0.32573014       250.22771                                250.22771
              4       124.78876       60.017509     0.029192521      0.15951447      0.15640836     -0.32573014      -0.32573014       250.22897                                250.22897
              1       126.48537       60.017509     0.029192521       0.1557917      0.14259702     -0.32573014      -0.32573014       253.62221                                253.62221
              1       126.94992       60.017509     0.029192521       0.1597983      0.14206783     -0.32573014      -0.32573014       254.55129                                254.55129
              1       125.52686       60.017509     0.029192521      0.16246925      0.16002233     -0.32573014      -0.32573014       251.70518                                251.70518
              1       126.15036       60.017567     0.029190046      0.15708777      0.14389691     -0.32573014      -0.32573014       252.95218                                252.95218
              1       126.41096       60.017567     0.029190046      0.15605949       0.1674016     -0.32573014      -0.32573014       253.47337                                253.47337
              1       126.55138       60.017567     0.029190046      0.14905595       0.1664526     -0.32573014      -0.32573014       253.75422                                253.75422
              1       124.62733       60.017567     0.029190046      0.15181713      0.15465737     -0.32573014      -0.32573014       249.90612                                249.90612
              1       124.84792       60.017567     0.029190046      0.15985303      0.15682037     -0.32573014      -0.32573014        250.3473                                 250.3473
              1       126.33142       60.017567     0.029190046      0.16634606      0.15152233     -0.32573014      -0.32573014        253.3143                                 253.3143
              2       124.60957       60.017567     0.029190046      0.15734046      0.15675733     -0.32573014      -0.32573014       249.87061                                249.87061
              1       124.60491       60.017567     0.029190046      0.15762104      0.15423902     -0.32573014      -0.32573014       249.86128                                249.86128
              2       124.81248       60.017567     0.029190046      0.15203241      0.15916691     -0.32573014      -0.32573014       250.27642                                250.27642
              2        124.8065       60.017567     0.029190046       0.1519858      0.15907274     -0.32573014      -0.32573014       250.26446                                250.26446
             13       124.64092       60.017567     0.029190046      0.15373022        0.158239     -0.32573014      -0.32573014        249.9333                                 249.9333
              2       124.59992       60.017567     0.029190046       0.1555765         0.15785     -0.32573014      -0.32573014        249.8513                                 249.8513
              1       125.10657       60.017567     0.029190046      0.14883717      0.15838686     -0.32573014      -0.32573014       250.86461                                250.86461
              2       124.81696       60.017567     0.029190046      0.15004284      0.15610875     -0.32573014      -0.32573014       250.28538                                250.28538
              1       125.84747       60.017567     0.029190046      0.15868244      0.14551089     -0.32573014      -0.32573014       252.34639                                252.34639
              1       126.09398       60.017567     0.029190046       0.1652454      0.15083914     -0.32573014      -0.32573014       252.83941                                252.83941
              1       125.02241       60.017567     0.029190046       0.1603942       0.1584517     -0.32573014      -0.32573014       250.69627                                250.69627
              4       125.36656       60.017567     0.029190046      0.14742146      0.15856243     -0.32573014      -0.32573014       251.38458                                251.38458
              2       125.26481       60.017567     0.029190046      0.14928728      0.16047369     -0.32573014      -0.32573014       251.18108                                251.18108
              1       126.22697        60.06564     0.028801736      0.14852929      0.15798859     -0.32573014      -0.32573014       253.10541                                253.10541
              2        126.3144        60.06564     0.028801736      0.16251158       0.1521775     -0.32573014      -0.32573014       253.28026                                253.28026
              2       126.23189        60.06564     0.028801736      0.16200508      0.15213281     -0.32573014      -0.32573014       253.11525                                253.11525
              2        125.3164       60.013936     0.028991702      0.16150865      0.15167947     -0.32573014      -0.32573014       251.28427                                251.28427
              2       125.47915       60.013936     0.028991702      0.16148816       0.1501417     -0.32573014      -0.32573014       251.60975                                251.60975
              1       126.61374       60.013936     0.028991702      0.15639715      0.14268902     -0.32573014      -0.32573014       253.87895                                253.87895
              7       126.06345       60.008854     0.029590227      0.15606415      0.14223099     -0.32573014      -0.32573014       252.77836                                252.77836
              1        125.3477       60.008854     0.029590227       0.1586066      0.14544838     -0.32573014      -0.32573014       251.34685                                251.34685
              3       125.14056       60.008854     0.029590227      0.15783719       0.1460454     -0.32573014      -0.32573014       250.93258                                250.93258
              4       124.44086       60.008854     0.029590227      0.15939614      0.15180431     -0.32573014      -0.32573014       249.53317                                249.53317
              1       125.77176       60.008854     0.029590227      0.16621798      0.15344199     -0.32573014      -0.32573014       252.19498                                252.19498
              2         124.323       60.008854     0.029590227      0.15566834      0.15017746     -0.32573014      -0.32573014       249.29746                                249.29746
              1       124.38501       60.008854     0.029590227      0.15534755      0.14962186     -0.32573014      -0.32573014       249.42147                                249.42147
              2        124.1655       60.008854     0.029590227      0.15782031      0.15512612     -0.32573014      -0.32573014       248.98245                                248.98245
              1       123.93443       60.006168     0.029817837      0.15768781      0.15494731     -0.32573014      -0.32573014       248.52031                                248.52031
              5       125.22234       60.006168     0.029817837      0.15878022      0.16440904     -0.32573014      -0.32573014       251.09615                                251.09615
              1        125.6772       60.006168     0.029817837      0.15914023      0.14343412     -0.32573014      -0.32573014       252.00587                                252.00587
              1       125.91548       60.027393     0.029922698      0.15925441      0.14348984     -0.32573014      -0.32573014       252.48242                                252.48242
              5        125.2842       60.027393     0.029922698       0.1595488      0.14613329     -0.32573014      -0.32573014       251.21986                                251.21986
              2       124.34686       60.027393     0.029922698      0.15963243      0.15413451     -0.32573014      -0.32573014       249.34517                                249.34517
              3       125.08718       60.027393     0.029922698      0.15456538      0.14563727     -0.32573014      -0.32573014       250.82583                                250.82583
              4       124.26774       60.027393     0.029922698      0.15786201      0.15184276     -0.32573014      -0.32573014       249.18694                                249.18694
              1       124.46126       60.027393     0.029922698      0.16046198      0.15415041     -0.32573014      -0.32573014       249.57398                                249.57398
              2       125.14499       60.040441     0.029334165      0.16085221      0.15465029     -0.32573014      -0.32573014       250.94144                                250.94144
              2         124.949       60.040441     0.029334165      0.15443207      0.15957213     -0.32573014      -0.32573014       250.54947                                250.54947
              3       124.71491       60.040441     0.029334165      0.15525942      0.15475137     -0.32573014      -0.32573014       250.08128                                250.08128
              1       125.15698       60.040441     0.029334165      0.15283849      0.14974592     -0.32573014      -0.32573014       250.96541                                250.96541
              1       126.86815       60.181243     0.029835567       0.1536911      0.15025408     -0.32573014      -0.32573014       254.38775                                254.38775
              1       126.24823       60.018635     0.027626989      0.15350509      0.15082917     -0.32573014      -0.32573014       253.14793                                253.14793
              3       126.37925       60.018635     0.027626989      0.15377088      0.16210982     -0.32573014      -0.32573014       253.40995                                253.40995
              1       126.90985       60.018635     0.027626989      0.15323842      0.16476756     -0.32573014      -0.32573014       254.47116                                254.47116
              5       125.88548       60.018635     0.027626989      0.15416087      0.15599702     -0.32573014      -0.32573014       252.42242                                252.42242
              1       127.95693       60.018635     0.027626989      0.15695232      0.16883128     -0.32573014      -0.32573014       256.56533                                256.56533
              1       125.88927       60.017435     0.029904783      0.15454947      0.16736215     -0.32573014      -0.32573014       252.43001                                252.43001
              2       124.69601       60.017435     0.029904783       0.1516657      0.14731533     -0.32573014      -0.32573014       250.04348                                250.04348
              4       127.70445       60.017435     0.029904783      0.17048838      0.14802702     -0.32573014      -0.32573014       256.06036                                256.06036
              3       125.71876       60.017435     0.029904783      0.16401999      0.16212493     -0.32573014      -0.32573014       252.08897                                252.08897
              3       124.33678       60.017435     0.029904783      0.14920161      0.15224384     -0.32573014      -0.32573014       249.32503                                249.32503
              1        124.3206       60.017435     0.029904783      0.14935844      0.15216775     -0.32573014      -0.32573014       249.29266                                249.29266
              2       123.98553       60.017435     0.029904783      0.15224618      0.15333738     -0.32573014      -0.32573014       248.62253                                248.62253
              1       125.08503       60.017435     0.029904783      0.14523438      0.15738069     -0.32573014      -0.32573014       250.82153                                250.82153
              3       124.17152       60.017435     0.029904783       0.1536598      0.15013779     -0.32573014      -0.32573014       248.99451                                248.99451
              2       124.43187       60.017435     0.029904783       0.1482972      0.15657041     -0.32573014      -0.32573014        249.5152                                 249.5152
              3       124.16649       60.017435     0.029904783      0.15375101       0.1501643     -0.32573014      -0.32573014       248.98444                                248.98444
              1        128.2341       60.017435     0.029904783      0.17211201      0.14907845     -0.32573014      -0.32573014       257.11967                                257.11967
              1       128.21331       60.016612     0.029915986      0.17210009       0.1490654     -0.32573014      -0.32573014       257.07807                                257.07807
              3       125.65412       60.016612     0.029915986      0.14330327      0.15102965     -0.32573014      -0.32573014        251.9597                                 251.9597
              2       124.80814       60.016612     0.029915986      0.14675521      0.15112614     -0.32573014      -0.32573014       250.26773                                250.26773
              6       124.15887       60.016612     0.029915986      0.15419008       0.1499787     -0.32573014      -0.32573014        248.9692                                 248.9692
              4       125.18756       60.016612     0.029915986      0.16305612         0.14918     -0.32573014      -0.32573014       251.02658                                251.02658
              1       125.11726       60.016612     0.029915986      0.16146988      0.14765762     -0.32573014      -0.32573014       250.88598                                250.88598
              1       126.19913       60.016612     0.029915986      0.16418685      0.16426767     -0.32573014      -0.32573014       253.04972                                253.04972
              4       125.38224       60.016612     0.029915986      0.15437006      0.16570881     -0.32573014      -0.32573014       251.41593                                251.41593
              2       127.61713       60.016612     0.029915986      0.15312136      0.17194774     -0.32573014      -0.32573014       255.88572                                255.88572
              1       127.00242       60.016612     0.029915986      0.15299018      0.17045037     -0.32573014      -0.32573014       254.65629                                254.65629
              2        127.4687       60.042607     0.029788277      0.15325555      0.17070126     -0.32573014      -0.32573014       255.58886                                255.58886
              2       125.54069       60.042607     0.029788277      0.14581024      0.15845567     -0.32573014      -0.32573014       251.73285                                251.73285
              3       128.87844       60.042607     0.029788277      0.13642516      0.15107228     -0.32573014      -0.32573014       258.40834                                258.40834
              1       126.78399       60.042607     0.029788277      0.16313488      0.14395095     -0.32573014      -0.32573014       254.21944                                254.21944
              2       127.07566       60.042607     0.029788277      0.16805739      0.16129245     -0.32573014      -0.32573014       254.80278                                254.80278
              2       125.88777       60.042607     0.029788277       0.1654812      0.15242812     -0.32573014      -0.32573014       252.42701                                252.42701
              2       125.94112       60.042128     0.029715541      0.16551311      0.15247703     -0.32573014      -0.32573014        252.5337                                 252.5337
              8       124.99512       60.042128     0.029715541      0.15965147      0.15025845     -0.32573014      -0.32573014       250.64169                                250.64169
              6       125.11048       60.042128     0.029715541      0.15418839      0.14765567     -0.32573014      -0.32573014       250.87242                                250.87242
              1       125.01129       60.041974     0.029836121      0.15412868      0.14756825     -0.32573014      -0.32573014       250.67405                                250.67405
              2       124.84678       60.041974     0.029836121      0.14860195      0.15699443     -0.32573014      -0.32573014       250.34503                                250.34503
              2       124.69672       60.041974     0.029836121      0.14940199      0.15384491     -0.32573014      -0.32573014        250.0449                                 250.0449
              3       124.34267       60.041974     0.029836121      0.15417143      0.15658395     -0.32573014      -0.32573014       249.33679                                249.33679
              2        124.9629       60.041974     0.029836121      0.14766378      0.15567523     -0.32573014      -0.32573014       250.57725                                250.57725
              1       125.12011       60.041974     0.029836121      0.14870018      0.16020261     -0.32573014      -0.32573014       250.89168                                250.89168
              1       126.06233       60.016071     0.029867461      0.14162059       0.1561536     -0.32573014      -0.32573014       252.77611                                252.77611
              1       126.47202       60.016071     0.029867461      0.14615251      0.16628227     -0.32573014      -0.32573014        253.5955                                 253.5955
              3       124.55088       60.016071     0.029867461      0.16091246      0.15799611     -0.32573014      -0.32573014       249.75323                                249.75323
              2       124.58872       60.016071     0.029867461      0.15877528      0.16079832     -0.32573014      -0.32573014       249.82891                                249.82891
              1         127.512       60.215583     0.029733397      0.16032695      0.16218699     -0.32573014      -0.32573014       255.67546                                255.67546
              3       127.25015       60.215583     0.029733397      0.15306841      0.15294896     -0.32573014      -0.32573014       255.15177                                255.15177
              2       127.51408       60.215583     0.029733397      0.15001956      0.15875238     -0.32573014      -0.32573014       255.67961                                255.67961
              1       127.28056       60.215583     0.029733397      0.15122201      0.15685289     -0.32573014      -0.32573014       255.21259                                255.21259
              5        127.2878       60.215709     0.029727356      0.15122589      0.15685803     -0.32573014      -0.32573014       255.22706                                255.22706
              4       127.47585        60.07228     0.027195135      0.16085388       0.1525737     -0.32573014      -0.32573014       255.60317                                255.60317
              1       127.77778        60.07228     0.027195135      0.15690153      0.14891422     -0.32573014      -0.32573014       256.20701                                256.20701
              6       127.77462        60.07228     0.027195135      0.15622273      0.14892118     -0.32573014      -0.32573014        256.2007                                 256.2007
              2       127.87289        60.07228     0.027195135      0.15546407      0.14849029     -0.32573014      -0.32573014       256.39724                                256.39724
              1       128.58529        60.07228     0.027195135      0.14592956      0.16016285     -0.32573014      -0.32573014       257.82204                                257.82204
              1       127.62237        60.07228     0.027195135      0.15006786      0.15409816     -0.32573014      -0.32573014        255.8962                                 255.8962
              4       127.03622        60.07228     0.027195135      0.15754845       0.1571644     -0.32573014      -0.32573014       254.72389                                254.72389
              1       127.07502        60.07228     0.027195135      0.15683648       0.1587675     -0.32573014      -0.32573014       254.80151                                254.80151
              2       125.56592       60.049666     0.028548944      0.15601042      0.15765065     -0.32573014      -0.32573014        251.7833                                 251.7833
              4       126.23103       60.049666     0.028548944      0.16153714       0.1602608     -0.32573014      -0.32573014       253.11353                                253.11353
              2       126.25983       60.049666     0.028548944       0.1611098      0.16100933     -0.32573014      -0.32573014       253.17112                                253.17112
              1       126.15325       60.049666     0.028548944      0.16256124      0.15501103     -0.32573014      -0.32573014       252.95797                                252.95797
              1       127.01094       60.024773     0.027116825      0.16307136      0.15587623     -0.32573014      -0.32573014       254.67333                                254.67333
              2       125.03935       60.059541     0.029280465      0.15486256       0.1558809     -0.32573014      -0.32573014       250.73017                                250.73017
              7       125.09013       60.059541     0.029280465      0.15621591      0.15731816     -0.32573014      -0.32573014       250.83172                                250.83172
              2       125.20986       60.059731     0.029131467      0.15628969      0.15742619     -0.32573014      -0.32573014       251.07119                                251.07119
              1       124.26797       60.043921     0.029974641      0.15576235      0.15671941     -0.32573014      -0.32573014        249.1874                                 249.1874
              2       124.38633       60.043921     0.029974641      0.15503382      0.15129929     -0.32573014      -0.32573014       249.42411                                249.42411
              1       126.06101       60.043921     0.029974641      0.16572555      0.15001398     -0.32573014      -0.32573014       252.77349                                252.77349
              1       127.08206       60.043921     0.029974641      0.15968064      0.14071125     -0.32573014      -0.32573014       254.81558                                254.81558
              1       124.83096       60.043921     0.029974641      0.16143565      0.15308035     -0.32573014      -0.32573014       250.31337                                250.31337
              3       124.73863       60.043921     0.029974641      0.16087097       0.1530822     -0.32573014      -0.32573014       250.12873                                250.12873
              2       125.40131       60.043921     0.029974641      0.16387334       0.1518318     -0.32573014      -0.32573014       251.45408                                251.45408
              2        125.4927       60.049218      0.02995572        0.163922      0.15187968     -0.32573014      -0.32573014       251.63686                                251.63686
              3       125.87032       60.049218      0.02995572      0.16209901      0.14664303     -0.32573014      -0.32573014        252.3921                                 252.3921
              1       124.55641       60.049218      0.02995572      0.15046128      0.15430868     -0.32573014      -0.32573014       249.76428                                249.76428
              2       125.92904       60.049218      0.02995572       0.1465166      0.16270923     -0.32573014      -0.32573014       252.50954                                252.50954
              1       127.87958       60.155996     0.029720701      0.14521042      0.16142112     -0.32573014      -0.32573014       256.41062                                256.41062
              1       126.99959       60.155996     0.029720701      0.15817415      0.14781642     -0.32573014      -0.32573014       254.65065                                254.65065
              1       127.50292       60.155996     0.029720701      0.16003339       0.1462761     -0.32573014      -0.32573014       255.65729                                255.65729
              1       126.47844       60.155996     0.029720701      0.15303299      0.15118207     -0.32573014      -0.32573014       253.60835                                253.60835
              1       127.07405       60.185622     0.029546782      0.15333821      0.15149866     -0.32573014      -0.32573014       254.79956                                254.79956
              2       128.44143       60.185622     0.029546782       0.1472177      0.14878091     -0.32573014      -0.32573014       257.53432                                257.53432
              2       126.73696       60.185622     0.029546782      0.15860721        0.157496     -0.32573014      -0.32573014       254.12537                                254.12537
              2       127.24187       60.185622     0.029546782      0.15299142       0.1624678     -0.32573014      -0.32573014       255.13519                                255.13519
              2       127.16903       60.037651     0.027248605      0.15300515      0.16315636     -0.32573014      -0.32573014       254.98952                                254.98952
              1       127.72278       60.049601     0.026824668       0.1533001      0.16353764     -0.32573014      -0.32573014       256.09702                                256.09702
              5       127.36035       60.049601     0.026824668      0.15450042      0.16162862     -0.32573014      -0.32573014       255.37215                                255.37215
              4       129.03574       60.049601     0.026824668      0.14416651      0.15963553     -0.32573014      -0.32573014       258.72295                                258.72295
              2       127.56176       60.160484     0.028960464       0.1635742      0.15371051     -0.32573014      -0.32573014       255.77499                                255.77499
              1       127.35928       60.029428     0.026934178      0.16358189      0.15431377     -0.32573014      -0.32573014       255.37002                                255.37002
              4       127.51453       60.029428     0.026934178      0.15974829      0.14872083     -0.32573014      -0.32573014       255.68051                                255.68051
              1       127.39634       60.029428     0.026934178      0.15658987      0.14851561     -0.32573014      -0.32573014       255.44415                                255.44415
              1       127.15271       60.029428     0.026934178       0.1560719       0.1498444     -0.32573014      -0.32573014       254.95687                                254.95687
              2       127.44159       60.038135     0.026745219      0.15622856      0.15003624     -0.32573014      -0.32573014       255.53463                                255.53463
              2       126.86549       60.162087     0.029712193      0.15571103      0.14871272     -0.32573014      -0.32573014       254.38244                                254.38244
              2       126.52403       60.141672     0.029750625      0.15554025      0.14855291     -0.32573014      -0.32573014       253.69952                                253.69952
              1       126.65793       60.141672     0.029750625      0.15217636      0.14870904     -0.32573014      -0.32573014       253.96733                                253.96733
              4       126.40933       60.141672     0.029750625      0.15001547      0.15243058     -0.32573014      -0.32573014       253.47013                                253.47013
              1       127.83392       60.122326     0.027511775      0.15839331      0.16195277     -0.32573014      -0.32573014        256.3193                                 256.3193
              1       127.92668       60.122326     0.027511775      0.16059087      0.15248965     -0.32573014      -0.32573014       256.50483                                256.50483
              1       127.87611       60.122326     0.027511775      0.15134254      0.15582836     -0.32573014      -0.32573014       256.40368                                256.40368
              1       127.47069       60.163078     0.028688684      0.15107455      0.15524883     -0.32573014      -0.32573014       255.59285                                255.59285
              1       128.16057       60.163078     0.028688684        0.159428      0.14787337     -0.32573014      -0.32573014       256.97259                                256.97259
              1       128.00511       60.163078     0.028688684      0.16077552      0.14923139     -0.32573014      -0.32573014       256.66169                                256.66169
              1       126.87999       60.042934     0.028453079      0.14699878      0.16172517     -0.32573014      -0.32573014       254.41145                                254.41145
              4       126.90415       60.042934     0.028453079      0.14680214      0.16159636     -0.32573014      -0.32573014       254.45975                                254.45975
              2       127.45081       60.039327     0.027783692      0.14710039      0.16205277     -0.32573014      -0.32573014       255.55308                                255.55308
              2       127.44013       60.039327     0.027783692      0.14789677      0.16302861     -0.32573014      -0.32573014       255.53172                                255.53172
              3       127.18095       60.039327     0.027783692      0.15213481      0.16489847     -0.32573014      -0.32573014       255.01337                                255.01337
              1       126.56935       60.039327     0.027783692      0.14935111      0.15529932     -0.32573014      -0.32573014       253.79016                                253.79016
              1       126.65619       60.039327     0.027783692      0.14891865      0.15732938     -0.32573014      -0.32573014       253.96384                                253.96384
              2       127.09546       60.120932     0.028677321      0.14909264      0.15721757     -0.32573014      -0.32573014       254.84237                                254.84237
              2       125.34738       60.072396     0.029993513      0.15615885      0.16276479     -0.32573014      -0.32573014       251.34622                                251.34622
              1         126.179       60.072396     0.029993513      0.16607795      0.15536757     -0.32573014      -0.32573014       253.00945                                253.00945
              3       125.41346       60.072396     0.029993513      0.15684879      0.14745608     -0.32573014      -0.32573014       251.47839                                251.47839
              1       126.41048       60.072396     0.029993513      0.16600115      0.15970165     -0.32573014      -0.32573014       253.47241                                253.47241
              1       126.52456       60.072396     0.029993513      0.15559827      0.16752628     -0.32573014      -0.32573014       253.70058                                253.70058
              1       125.24781       60.072396     0.029993513      0.15233258      0.16179108     -0.32573014      -0.32573014       251.14709                                251.14709
              2       125.05084        60.07282     0.029821006      0.15827152      0.15179148     -0.32573014      -0.32573014       250.75314                                250.75314
              1       124.82165        60.07282     0.029821006      0.15303635       0.1556225     -0.32573014      -0.32573014       250.29476                                250.29476
              4       124.34809       60.048336     0.029957196      0.15278778      0.15536626     -0.32573014      -0.32573014       249.34764                                249.34764
              6       127.88233       60.148747     0.029549894      0.14689227      0.16377337     -0.32573014      -0.32573014       256.41612                                256.41612
              1       127.26901       60.148747     0.029549894      0.15801065      0.14676428     -0.32573014      -0.32573014       255.18948                                255.18948
              1       126.82567       60.135788     0.029852737        0.157767      0.14646326     -0.32573014      -0.32573014       254.30279                                254.30279
              1       126.83949       60.135788     0.029852737      0.16335937      0.16166283     -0.32573014      -0.32573014       254.33045                                254.33045
              2       127.31676       60.135788     0.029852737      0.16240076      0.16511657     -0.32573014      -0.32573014       255.28498                                255.28498
              1       127.36451       60.135788     0.029852737      0.16282871      0.16499416     -0.32573014      -0.32573014       255.38049                                255.38049
              1       127.30356       60.135788     0.029852737      0.16248997      0.16499262     -0.32573014      -0.32573014       255.25859                                255.25859
              3       128.09424       60.226527     0.029221324      0.16335869      0.15644901     -0.32573014      -0.32573014       256.83994                                256.83994
              2       127.90785       60.226527     0.029221324        0.162057      0.15806358     -0.32573014      -0.32573014       256.46717                                256.46717
              1       124.81025        60.04812     0.029842377      0.16042604      0.15646259     -0.32573014      -0.32573014       250.27196                                250.27196
              4       124.41714        60.04812     0.029842377      0.15563784      0.15629629     -0.32573014      -0.32573014       249.48573                                249.48573
              3       125.43669        60.04812     0.029842377      0.14591599      0.15363414     -0.32573014      -0.32573014       251.52483                                251.52483
              5       125.36695        60.04812     0.029842377      0.14730257      0.15063186     -0.32573014      -0.32573014       251.38536                                251.38536
              3       126.15793        60.04812     0.029842377       0.1665977      0.15420415     -0.32573014      -0.32573014       252.96733                                252.96733
              5       124.56397        60.04812     0.029842377      0.15612784      0.15855904     -0.32573014      -0.32573014        249.7794                                 249.7794
              1       124.55885        60.04812     0.029842377       0.1517862      0.15312236     -0.32573014      -0.32573014       249.76915                                249.76915
              7       124.40317        60.04812     0.029842377      0.15580062      0.15475424     -0.32573014      -0.32573014        249.4578                                 249.4578
              6        124.6156        60.04812     0.029842377      0.15866391      0.15328313     -0.32573014      -0.32573014       249.88265                                249.88265
              5       125.00341        60.04812     0.029842377      0.14799907      0.15407035     -0.32573014      -0.32573014       250.65827                                250.65827
              6       124.40198        60.04812     0.029842377       0.1541296      0.15446607     -0.32573014      -0.32573014       249.45543                                249.45543
              1       124.79606        60.04812     0.029842377      0.15358342      0.16060377     -0.32573014      -0.32573014       250.24358                                250.24358
              3        124.4472        60.04812     0.029842377      0.15343902      0.15664123     -0.32573014      -0.32573014       249.54586                                249.54586
              1        124.6118        60.04812     0.029842377      0.15082822      0.15401691     -0.32573014      -0.32573014       249.87506                                249.87506
              1       124.85073        60.04812     0.029842377      0.15788659      0.16029661     -0.32573014      -0.32573014       250.35293                                250.35293
              1       124.41602        60.04812     0.029842377      0.15462625      0.15647626     -0.32573014      -0.32573014        249.4835                                 249.4835
              4       124.53837       60.057019     0.029921768      0.15750414      0.15488279     -0.32573014      -0.32573014       249.72819                                249.72819
              3       127.61224       60.057019     0.029921768      0.16636764      0.14425397     -0.32573014      -0.32573014       255.87593                                255.87593
              1       125.50102       60.057019     0.029921768      0.16396029      0.15552795     -0.32573014      -0.32573014       251.65351                                251.65351
              2       126.84938       60.057019     0.029921768      0.16538511      0.16400614     -0.32573014      -0.32573014       254.35022                                254.35022
              1       125.95355       60.057019     0.029921768       0.1592547      0.14510173     -0.32573014      -0.32573014       252.55856                                252.55856
              1       125.83005       60.057019     0.029921768      0.15262729      0.14489326     -0.32573014      -0.32573014       252.31156                                252.31156
              2       126.55581       60.068963     0.029229771      0.15305239      0.14546663     -0.32573014      -0.32573014       253.76308                                253.76308
              1        126.0007       60.029382     0.028404265      0.16182327      0.15893181     -0.32573014      -0.32573014       252.65286                                252.65286
              2       127.55117       60.029382     0.028404265      0.14917229      0.16729647     -0.32573014      -0.32573014        255.7538                                 255.7538
              1       128.08605       60.144969     0.029200954      0.14935169      0.16586855     -0.32573014      -0.32573014       256.82355                                256.82355
              1       127.63839       60.144969     0.029200954      0.15057287      0.16473397     -0.32573014      -0.32573014       255.92824                                255.92824
              4       127.19945       60.136989      0.02955696       0.1503405       0.1644271     -0.32573014      -0.32573014       255.05036                                255.05036
              2       128.54887       60.136989      0.02955696      0.14855973      0.16847109     -0.32573014      -0.32573014        257.7492                                 257.7492
              1        128.4515       60.015112     0.027808753      0.14850075      0.16893451     -0.32573014      -0.32573014       257.55447                                257.55447
              2       128.09219       60.015112     0.027808753       0.1418267      0.15712058     -0.32573014      -0.32573014       256.83585                                256.83585
              1       127.72411       60.041578     0.028688221      0.14159673      0.15666169     -0.32573014      -0.32573014       256.09967                                256.09967
              1       127.62901       60.041578     0.028688221      0.16840494      0.15171974     -0.32573014      -0.32573014       255.90949                                255.90949
              1       128.25027       60.041578     0.028688221      0.14469185      0.14466636     -0.32573014      -0.32573014         257.152                                  257.152
              1       128.39585       60.041578     0.028688221      0.15583888      0.13988265     -0.32573014      -0.32573014       257.44316                                257.44316
              1        126.2605       60.041578     0.028688221      0.16379558      0.15814659     -0.32573014      -0.32573014       253.17245                                253.17245
              4        127.6606       60.041578     0.028688221      0.16826164      0.15098414     -0.32573014      -0.32573014       255.97267                                255.97267
              1       127.02347       60.041742     0.029468165      0.16788403      0.15042617     -0.32573014      -0.32573014       254.69841                                254.69841
              1       127.87955       60.041742     0.029468165      0.17084426      0.15304995     -0.32573014      -0.32573014       256.41055                                256.41055
              1       127.67111       60.026531     0.029462984      0.17073333      0.15294636     -0.32573014      -0.32573014       255.99369                                255.99369
              1        127.6682       60.026531     0.029462984      0.16807969      0.16416288     -0.32573014      -0.32573014       255.98786                                255.98786
              1        128.8772       60.051842     0.028483967      0.16874917      0.16501693     -0.32573014      -0.32573014       258.40585                                258.40585
              2       129.50899        60.14514     0.029178076      0.17149609      0.15344909     -0.32573014      -0.32573014       259.66944                                259.66944
              1       129.16596        60.14514     0.029178076      0.17081992      0.15506405     -0.32573014      -0.32573014       258.98339                                258.98339
              1       131.21018        60.14514     0.029178076       0.1717541      0.14467068     -0.32573014      -0.32573014       263.07182                                263.07182
              2       131.28402        60.14514     0.029178076      0.17156646      0.14417404     -0.32573014      -0.32573014        263.2195                                 263.2195
              4       128.55581        60.14514     0.029178076      0.16867805      0.15278193     -0.32573014      -0.32573014       257.76308                                257.76308
              1       126.40209        60.14514     0.029178076      0.15689942      0.15516252     -0.32573014      -0.32573014       253.45564                                253.45564
              1       128.18559        60.14514     0.029178076      0.16490891      0.14824999     -0.32573014      -0.32573014       257.02263                                257.02263
              1       131.64698        60.14514     0.029178076      0.17451822      0.14767572     -0.32573014      -0.32573014       263.94543                                263.94543
              1       133.27377        60.14514     0.029178076      0.17473466      0.17028433     -0.32573014      -0.32573014       267.19901                                267.19901
              1       133.81904       60.073301     0.027533939      0.17500593      0.17091299     -0.32573014      -0.32573014       268.28954                                268.28954
              1       130.04883       60.073301     0.027533939      0.14095056      0.16144727     -0.32573014      -0.32573014       260.74912                                260.74912
              1       130.38214       60.073301     0.027533939      0.14022171      0.16176898     -0.32573014      -0.32573014       261.41575                                261.41575
              1        128.0121       60.073301     0.027533939      0.14630623      0.15629328     -0.32573014      -0.32573014       256.67565                                256.67565
              1       128.04792       60.071282     0.027457568      0.14632867      0.15633177     -0.32573014      -0.32573014       256.74729                                256.74729
              1       128.29831       60.071282     0.027457568      0.16663549      0.15292924     -0.32573014      -0.32573014       257.24809                                257.24809
              3       129.65052       60.071282     0.027457568      0.17113508      0.15891384     -0.32573014      -0.32573014       259.95251                                259.95251
              3       129.35265       60.071282     0.027457568      0.15953116      0.17046665     -0.32573014      -0.32573014       259.35676                                259.35676
              3       128.56478       60.071282     0.027457568      0.16348694      0.14704006     -0.32573014      -0.32573014       257.78101                                257.78101
              1       129.12216       60.071282     0.027457568      0.16642479      0.14742703     -0.32573014      -0.32573014       258.89577                                258.89577
              2       130.53058       60.000845     0.024471636      0.16736528      0.14899168     -0.32573014      -0.32573014       261.71262                                261.71262
              2       130.25935       60.000845     0.024471636       0.1639001      0.16788124     -0.32573014      -0.32573014       261.17016                                261.17016
              1       130.52201       60.000845     0.024471636      0.16444722       0.1684945     -0.32573014      -0.32573014       261.69549                                261.69549
              1       129.01348       60.195409     0.029135249      0.16360905      0.16664643     -0.32573014      -0.32573014       258.67841                                258.67841
              2       130.94692       60.195409     0.029135249       0.1652327      0.17178658     -0.32573014      -0.32573014       262.54531                                262.54531
              2        131.1992       60.195409     0.029135249      0.15979401      0.17441098     -0.32573014      -0.32573014       263.04985                                263.04985
              3       130.24988       60.089693     0.028605641      0.15926538      0.17403171     -0.32573014      -0.32573014       261.15122                                261.15122
              2       127.48226       60.089693     0.028605641       0.1576121      0.16659671     -0.32573014      -0.32573014       255.61597                                255.61597
              2       127.59959       60.089693     0.028605641      0.15562389      0.16716705     -0.32573014      -0.32573014       255.85063                                255.85063
              4        126.9153       60.089693     0.028605641      0.15467636      0.16426747     -0.32573014      -0.32573014       254.48206                                254.48206
              1       127.62786       60.089693     0.028605641      0.15562171      0.16726805     -0.32573014      -0.32573014       255.90719                                255.90719
              1        129.3818       60.059388     0.026215532      0.15656907       0.1687042     -0.32573014      -0.32573014       259.41506                                259.41506
              1       128.71134       60.059388     0.026215532      0.15255755      0.14910112     -0.32573014      -0.32573014       258.07414                                258.07414
              2       128.06683       60.059388     0.026215532       0.1523443      0.16028062     -0.32573014      -0.32573014       256.78512                                256.78512
              1       127.76727       60.059388     0.026215532      0.15914336      0.15841932     -0.32573014      -0.32573014         256.186                                  256.186
              4       128.94789       60.076558     0.025162306      0.15978853      0.15926722     -0.32573014      -0.32573014       258.54723                                258.54723
              1       130.07431       60.090029     0.024117807      0.16040183      0.16008304     -0.32573014      -0.32573014       260.80008                                260.80008
              1       126.18913       60.116899     0.029001002      0.15820486      0.15690196     -0.32573014      -0.32573014       253.02973                                253.02973
              1        126.2012       60.116899     0.029001002      0.15850022      0.15643562     -0.32573014      -0.32573014       253.05386                                253.05386
              2       124.79972       60.026981     0.029101481       0.1577801      0.15573276     -0.32573014      -0.32573014       250.25091                                250.25091
              4       125.18881       60.026981     0.029101481       0.1612183       0.1555554     -0.32573014      -0.32573014       251.02907                                251.02907
              8       126.27493       60.071848     0.028596457      0.16180095      0.15622007     -0.32573014      -0.32573014       253.20131                                253.20131
              1       126.81933       60.071848     0.028596457      0.16291958       0.1506176     -0.32573014      -0.32573014       254.29011                                254.29011
              1         127.127       60.134615     0.029316154      0.16303448      0.15056308     -0.32573014      -0.32573014       254.90546                                254.90546
              4       126.69032       60.134615     0.029316154      0.16235117      0.15375476     -0.32573014      -0.32573014       254.03211                                254.03211
              2       126.89481       60.134615     0.029316154      0.16324377      0.15305798     -0.32573014      -0.32573014       254.44109                                254.44109
              1       126.30728       60.134615     0.029316154      0.15534554        0.152012     -0.32573014      -0.32573014       253.26601                                253.26601
              2       125.91756       60.115094     0.029448782       0.1551348      0.15178293     -0.32573014      -0.32573014       252.48658                                252.48658
             11        126.0379       60.100625     0.029051562      0.15522188      0.15195515     -0.32573014      -0.32573014       252.72727                                252.72727
              2       126.04792       60.118475     0.029337778      0.15521452      0.15188337     -0.32573014      -0.32573014        252.7473                                 252.7473
              2       125.65477       60.104631      0.02957585      0.15499436      0.15162151     -0.32573014      -0.32573014       251.96101                                251.96101
              1       126.13854       60.104631      0.02957585      0.15160535        0.162055     -0.32573014      -0.32573014       252.92855                                252.92855
              1       126.36418       60.104631      0.02957585      0.15072251      0.16281184     -0.32573014      -0.32573014       253.37981                                253.37981
              1       125.80784       60.104631      0.02957585      0.15046746      0.15385617     -0.32573014      -0.32573014       252.26715                                252.26715
              1       126.18569       60.126072     0.029508791      0.15066033      0.15405351     -0.32573014      -0.32573014       253.02285                                253.02285
              2       125.93489       60.126072     0.029508791      0.15332025      0.15398006     -0.32573014      -0.32573014       252.52124                                252.52124
              2       126.25398       60.126072     0.029508791      0.15888233      0.15093552     -0.32573014      -0.32573014       253.15942                                253.15942
              3       125.99546       60.126072     0.029508791      0.15836726      0.15318967     -0.32573014      -0.32573014       252.64239                                252.64239
              3       125.90914       60.126072     0.029508791      0.15588983      0.15873697     -0.32573014      -0.32573014       252.46974                                252.46974
              1       125.74274       60.128328      0.02973727      0.15579449      0.15859517     -0.32573014      -0.32573014       252.13694                                252.13694
              2       126.75437       60.167604     0.029234188      0.15633448      0.15921911     -0.32573014      -0.32573014        254.1602                                 254.1602
              2       128.93852       60.167604     0.029234188      0.15165944      0.16911242     -0.32573014      -0.32573014        258.5285                                 258.5285
              1       128.91825       60.167604     0.029234188      0.15038758      0.16849928     -0.32573014      -0.32573014       258.48796                                258.48796
              1       127.33507       60.167604     0.029234188      0.15872097      0.16337158     -0.32573014      -0.32573014       255.32159                                255.32159
              1       128.23532       60.167604     0.029234188       0.1653317      0.15000753     -0.32573014      -0.32573014        257.1221                                 257.1221
              1       128.98109       60.167604     0.029234188      0.16892909       0.1518048     -0.32573014      -0.32573014       258.61364                                258.61364
              1       129.49955       60.124473      0.02787144      0.16927638       0.1524415     -0.32573014      -0.32573014       259.65057                                259.65057
              3       129.51661       60.124473      0.02787144       0.1694237      0.15273366     -0.32573014      -0.32573014       259.68468                                259.68468
              1       129.41883       60.124473      0.02787144      0.14448542      0.15154589     -0.32573014      -0.32573014       259.48912                                259.48912
              1       128.70114       60.088974     0.028063386      0.14412636      0.15116331     -0.32573014      -0.32573014       258.05375                                258.05375
              2       129.57451       60.088974     0.028063386      0.14095263      0.15338756     -0.32573014      -0.32573014       259.80047                                259.80047
              5       129.06063       60.088974     0.028063386      0.14312459      0.16187052     -0.32573014      -0.32573014       258.77271                                258.77271
              2       128.71413       60.088974     0.028063386       0.1437609      0.16074201     -0.32573014      -0.32573014       258.07972                                258.07972
              1       128.56698       60.088974     0.028063386       0.1551245      0.16910495     -0.32573014      -0.32573014       257.78543                                257.78543
              1       127.93092       60.026967     0.027803458      0.15478954       0.1688475     -0.32573014      -0.32573014       256.51329                                256.51329
              1       127.98039       60.026967     0.027803458       0.1658501      0.16415483     -0.32573014      -0.32573014       256.61224                                256.61224
              1       126.95819       60.026967     0.027803458      0.16092944       0.1638581     -0.32573014      -0.32573014       254.56784                                254.56784
              3        126.2329       60.026967     0.027803458      0.16135305      0.15654104     -0.32573014      -0.32573014       253.11726                                253.11726
              1       126.36047        60.16423     0.029962897      0.16131684      0.15601765     -0.32573014      -0.32573014       253.37239                                253.37239
              1       126.52032        60.16423     0.029962897      0.16228205      0.15503234     -0.32573014      -0.32573014       253.69209                                253.69209
              2       127.35876        60.16423     0.029962897      0.15381177      0.14579104     -0.32573014      -0.32573014       255.36897                                255.36897
              4       126.21648        60.16423     0.029962897      0.15373203      0.15227466     -0.32573014      -0.32573014       253.08442                                253.08442
              1       127.21827        60.16423     0.029962897      0.14697483      0.16038378     -0.32573014      -0.32573014       255.08799                                255.08799
              1       126.77004        60.16423     0.029962897      0.16300467      0.15937137     -0.32573014      -0.32573014       254.19154                                254.19154
              3        127.2164        60.16423     0.029962897      0.15034536      0.14783567     -0.32573014      -0.32573014       255.08425                                255.08425
              1        126.9523        60.16423     0.029962897      0.15306291      0.14772429     -0.32573014      -0.32573014       254.55607                                254.55607
              2       126.09648        60.16423     0.029962897      0.15329577      0.15440751     -0.32573014      -0.32573014       252.84442                                252.84442
              5       124.97552       60.086962     0.029938976       0.1527311      0.15387964     -0.32573014      -0.32573014       250.60251                                250.60251
              3       126.02724       60.147347     0.029751877      0.15327343      0.15443421     -0.32573014      -0.32573014       252.70594                                252.70594
              3       126.10664       60.147713     0.029668583      0.15287491      0.15653907     -0.32573014      -0.32573014       252.86474                                252.86474
              6       126.81924       60.209343     0.029898431      0.15322183      0.15681464     -0.32573014      -0.32573014       254.28993                                254.28993
              6       127.15763       60.209343     0.029898431      0.15149122      0.16013647     -0.32573014      -0.32573014       254.96671                                254.96671
              2       125.35522       60.022419     0.028837777      0.15061749      0.15955159     -0.32573014      -0.32573014        251.3619                                 251.3619
              3       125.63735       60.022419     0.028837777      0.16136587      0.16000533     -0.32573014      -0.32573014       251.92615                                251.92615
              1       126.48085       60.087738     0.028928517      0.16180861       0.1604029     -0.32573014      -0.32573014       253.61317                                253.61317
              1       126.39955       60.087738     0.028928517      0.15819933      0.16263824     -0.32573014      -0.32573014       253.45055                                253.45055
              1       125.90209       60.085827     0.029459237      0.15792451      0.16225847     -0.32573014      -0.32573014       252.45564                                252.45564
              4       125.26835       60.085827     0.029459237      0.15585316      0.15580115     -0.32573014      -0.32573014       251.18817                                251.18817
              1       125.26626       60.085827     0.029459237       0.1555358      0.15585632     -0.32573014      -0.32573014       251.18398                                251.18398
              1       125.89423       60.085827     0.029459237      0.15429216      0.14863065     -0.32573014      -0.32573014       252.43992                                252.43992
              2       126.12241       60.085827     0.029459237      0.15691219      0.14750063     -0.32573014      -0.32573014       252.89629                                252.89629
              5       125.43926       60.085827     0.029459237      0.15435905       0.1520447     -0.32573014      -0.32573014       251.52999                                251.52999
              1       125.41192       60.086625     0.029505642      0.15434222      0.15201829     -0.32573014      -0.32573014       251.47529                                251.47529
              3       124.43574       60.033639     0.029736949      0.15383338      0.15148534     -0.32573014      -0.32573014       249.52294                                249.52294
              2       124.96069       60.033639     0.029736949       0.1554258      0.14761032     -0.32573014      -0.32573014       250.57283                                250.57283
              6       124.28396       60.033639     0.029736949      0.15372585      0.15519322     -0.32573014      -0.32573014       249.21938                                249.21938
              5       125.04534       60.033639     0.029736949       0.1472727      0.15712327     -0.32573014      -0.32573014       250.74214                                250.74214
              2       124.70608       60.033639     0.029736949      0.15210178      0.16023476     -0.32573014      -0.32573014       250.06362                                250.06362
              1       126.96129       60.025718     0.027587504      0.14893735      0.16142228     -0.32573014      -0.32573014       254.57404                                254.57404
              1       126.97818       60.025718     0.027587504      0.15237001      0.14790003     -0.32573014      -0.32573014       254.60781                                254.60781
              2       126.04196       60.025718     0.027587504      0.15596624      0.15404761     -0.32573014      -0.32573014       252.73539                                252.73539
              2       126.16402       60.025718     0.027587504      0.15393056      0.15921345     -0.32573014      -0.32573014       252.97951                                252.97951
              9       126.24188       60.025718     0.027587504      0.15422876      0.16020205     -0.32573014      -0.32573014       253.13522                                253.13522
              2       126.53979       60.025718     0.027587504      0.14967641      0.15832413     -0.32573014      -0.32573014       253.73104                                253.73104
              1       126.54409       60.025718     0.027587504      0.14955769      0.15805541     -0.32573014      -0.32573014       253.73963                                253.73963
              2       127.24158       60.050239     0.027208495      0.14992669      0.15848976     -0.32573014      -0.32573014       255.13462                                255.13462
              1       128.32119       60.050239     0.027208495      0.14528262      0.15938065     -0.32573014      -0.32573014       257.29385                                257.29385
              2        128.2756       60.050239     0.027208495      0.14536551      0.15905599     -0.32573014      -0.32573014       257.20266                                257.20266
              2       126.79252       60.050239     0.027208495      0.15889416      0.15782569     -0.32573014      -0.32573014       254.23651                                254.23651
              2       127.02361       60.050239     0.027208495       0.1607576      0.15905461     -0.32573014      -0.32573014       254.69869                                254.69869
              6       126.91186       60.050239     0.027208495      0.15645458       0.1607528     -0.32573014      -0.32573014       254.47519                                254.47519
              1       125.68795       60.083641     0.029152626      0.15574929      0.15964629     -0.32573014      -0.32573014       252.02735                                252.02735
              2        128.1116       60.083641     0.029152626       0.1684176      0.16205253     -0.32573014      -0.32573014       256.87467                                256.87467
              6       127.19947       60.083641     0.029152626      0.16609878       0.1510339     -0.32573014      -0.32573014        255.0504                                 255.0504
              2       125.64921       60.016294     0.029848162      0.16520141       0.1500415     -0.32573014      -0.32573014       251.94989                                251.94989
              5       124.64569       60.016294     0.029848162      0.16195891      0.15618348     -0.32573014      -0.32573014       249.94284                                249.94284
              2        126.9128       60.016294     0.029848162      0.13976392      0.15870681     -0.32573014      -0.32573014       254.47706                                254.47706
              3       125.57857       60.016294     0.029848162      0.16470491      0.14955556     -0.32573014      -0.32573014       251.80861                                251.80861
              3       129.90703       60.170938     0.027385298      0.16723175      0.15245247     -0.32573014      -0.32573014       260.46552                                260.46552
              1       128.63938       60.170938     0.027385298      0.16224385      0.15776421     -0.32573014      -0.32573014       257.93022                                257.93022
              1       128.45845       60.170938     0.027385298      0.15902406      0.15470236     -0.32573014      -0.32573014       257.56836                                257.56836
              4       127.68882       60.029303     0.025815743      0.15876996      0.15478028     -0.32573014      -0.32573014        256.0291                                 256.0291
              2       129.02853       60.029303     0.025815743       0.1641469      0.16477954     -0.32573014      -0.32573014       258.70853                                258.70853
              2       129.06378       60.029303     0.025815743      0.16133645      0.16686226     -0.32573014      -0.32573014       258.77901                                258.77901
              1       129.94453       60.029303     0.025815743      0.16681161      0.16629374     -0.32573014      -0.32573014       260.54053                                260.54053
              1       129.52407       60.032175     0.026311234      0.16656705      0.16596112     -0.32573014      -0.32573014       259.69959                                259.69959
              1       128.24369       60.032175     0.026311234      0.16432141      0.15193085     -0.32573014      -0.32573014       257.13883                                257.13883
              2       128.26659       60.032175     0.026311234      0.16364532      0.15081607     -0.32573014      -0.32573014       257.18464                                257.18464
              2       127.39215       60.095008     0.027212283      0.15779028      0.15854335     -0.32573014      -0.32573014       255.43576                                255.43576
             10       128.26469       60.301108     0.029666617      0.15806827      0.15830831     -0.32573014      -0.32573014       257.18085                                257.18085
              4       130.58553       60.324979     0.028830222      0.14823554      0.15650712     -0.32573014      -0.32573014       261.82252                                261.82252
              1       126.24019       60.013553       0.0283751      0.14606325      0.15453937     -0.32573014      -0.32573014       253.13184                                253.13184
              3       126.47028       60.013553       0.0283751      0.14526114      0.15741055     -0.32573014      -0.32573014       253.59201                                253.59201
              2       126.53866       60.013553       0.0283751      0.14630004      0.16091403     -0.32573014      -0.32573014       253.72878                                253.72878
              3        127.1651       60.013553       0.0283751      0.15154975      0.16763895     -0.32573014      -0.32573014       254.98166                                254.98166
              2       126.90029       60.013553       0.0283751      0.16654893      0.15897401     -0.32573014      -0.32573014       254.45203                                254.45203
              1       127.50093       60.013553       0.0283751       0.1573667      0.16906925     -0.32573014      -0.32573014       255.65333                                255.65333
              1       126.67605       60.013553       0.0283751      0.14444929       0.1571702     -0.32573014      -0.32573014       254.00356                                254.00356
              1       125.55768       60.013553       0.0283751      0.16031838      0.15832869     -0.32573014      -0.32573014       251.76682                                251.76682
              3       126.18956       60.013553       0.0283751      0.16163139      0.16208063     -0.32573014      -0.32573014       253.03057                                253.03057
              2       127.74392       60.013553       0.0283751      0.16952376       0.1569992     -0.32573014      -0.32573014       256.13931                                256.13931
              1       127.57139       60.013553       0.0283751      0.16896915      0.15755801     -0.32573014      -0.32573014       255.79423                                255.79423
              2        127.0738       60.000197     0.028732238      0.16867313       0.1572047     -0.32573014      -0.32573014       254.79906                                254.79906
              6        125.5362       60.000197     0.028732238      0.16164285      0.16036905     -0.32573014      -0.32573014       251.72386                                251.72386
              2       125.29152       60.000197     0.028732238      0.16056344      0.15973975     -0.32573014      -0.32573014        251.2345                                 251.2345
              2       125.14272       60.000197     0.028732238      0.16040727      0.15843683     -0.32573014      -0.32573014        250.9369                                 250.9369
              1       124.65258       60.000197     0.028732238       0.1559144      0.15475159     -0.32573014      -0.32573014       249.95661                                249.95661
              1       126.17261       60.000197     0.028732238      0.16308822       0.1477615     -0.32573014      -0.32573014       252.99669                                252.99669
              5       127.15149       60.000197     0.028732238       0.1689704      0.15387371     -0.32573014      -0.32573014       254.95444                                254.95444
              1       127.45113       60.000197     0.028732238       0.1698467      0.15532755     -0.32573014      -0.32573014       255.55371                                255.55371
              2       127.16469       60.000197     0.028732238      0.14724179      0.16703664     -0.32573014      -0.32573014       254.98084                                254.98084
              5       124.76782       60.000197     0.028732238      0.15220952      0.15674202     -0.32573014      -0.32573014       250.18711                                250.18711
              3       125.97061       60.000197     0.028732238      0.15509477      0.16550316     -0.32573014      -0.32573014       252.59267                                252.59267
              1        126.6006       60.000197     0.028732238      0.15837073      0.16723238     -0.32573014      -0.32573014       253.85265                                253.85265
              1       127.09239       60.066187     0.029190295      0.15863627      0.16739114     -0.32573014      -0.32573014       254.83623                                254.83623
              4       127.15499       60.066187     0.029190295      0.15698804      0.16793666     -0.32573014      -0.32573014       254.96144                                254.96144
              1       129.46359       60.066187     0.029190295       0.1714293      0.16435139     -0.32573014      -0.32573014       259.57865                                259.57865
              1       129.33481       60.066187     0.029190295      0.16964045      0.16661299     -0.32573014      -0.32573014       259.32108                                259.32108
              1       126.82707       60.066399     0.029188124      0.16438119       0.1623996     -0.32573014      -0.32573014       254.30559                                254.30559
              3       127.51461       60.066399     0.029188124      0.16776113      0.16084708     -0.32573014      -0.32573014       255.68068                                255.68068
              2       126.05477       60.066399     0.029188124      0.16181378      0.16062461     -0.32573014      -0.32573014       252.76101                                252.76101
              1       125.31498       60.066399     0.029188124      0.15829983      0.15603786     -0.32573014      -0.32573014       251.28141                                251.28141
              4       125.29991        60.06587     0.029196606      0.15829115      0.15602791     -0.32573014      -0.32573014       251.25128                                251.25128
              1       125.59422        60.06587     0.029196606      0.15941415      0.15160898     -0.32573014      -0.32573014       251.83989                                251.83989
              2       126.01552       60.064009     0.028678632      0.15967867      0.15196511     -0.32573014      -0.32573014        252.6825                                 252.6825
              3       126.29852       60.064009     0.028678632      0.16208829      0.15241743     -0.32573014      -0.32573014       253.24849                                253.24849
              1       127.66606       60.064009     0.028678632      0.16774178      0.15951029     -0.32573014      -0.32573014       255.98358                                255.98358
              2       127.48564       60.098187     0.029428191      0.16760339      0.15922674     -0.32573014      -0.32573014       255.62275                                255.62275
              1       128.10212       60.098187     0.029428191       0.1476365      0.16782143     -0.32573014      -0.32573014        256.8557                                 256.8557
              2       126.59995       60.098187     0.029428191       0.1500528      0.16343867     -0.32573014      -0.32573014       253.85137                                253.85137
              1       126.34964       60.004896     0.028197939      0.14999122      0.16363023     -0.32573014      -0.32573014       253.35073                                253.35073
              2       126.31522       60.004896     0.028197939      0.15951883      0.16412077     -0.32573014      -0.32573014       253.28189                                253.28189
              7       125.24989       60.004896     0.028197939      0.15638016      0.15313663     -0.32573014      -0.32573014       251.15124                                251.15124
              1       126.20003       60.004896     0.028197939      0.15792412      0.16422751     -0.32573014      -0.32573014       253.05152                                253.05152
              1       127.02356       60.004896     0.028197939      0.15087868      0.16684449     -0.32573014      -0.32573014       254.69858                                254.69858
              1       126.54431       60.004896     0.028197939      0.14547357      0.15214708     -0.32573014      -0.32573014       253.74008                                253.74008
              2       126.71932       60.004896     0.028197939      0.14502974      0.15149427     -0.32573014      -0.32573014        254.0901                                 254.0901
              2       126.66325       60.003245     0.028235386      0.14499677      0.15145538     -0.32573014      -0.32573014       253.97796                                253.97796
              3       126.59987       60.003245     0.028235386      0.14523698      0.15146583     -0.32573014      -0.32573014        253.8512                                 253.8512
              2       125.70315        60.00029      0.02926638      0.14465877      0.15070797     -0.32573014      -0.32573014       252.05775                                252.05775
              2       126.79962        60.00029      0.02926638      0.15026128      0.14124252     -0.32573014      -0.32573014        254.2507                                 254.2507
              2       126.59877        60.00029      0.02926638       0.1681593       0.1519818     -0.32573014      -0.32573014       253.84899                                253.84899
              1       126.98833       60.002163     0.028835992      0.16840563      0.15230287     -0.32573014      -0.32573014       254.62813                                254.62813
              2       124.60709       60.002163     0.028835992      0.15521516      0.15663969     -0.32573014      -0.32573014       249.86565                                249.86565
              1       125.50383       60.002163     0.028835992      0.16317171      0.15745258     -0.32573014      -0.32573014       251.65913                                251.65913
              2       125.63847       60.002163     0.028835992      0.16405198      0.15583604     -0.32573014      -0.32573014        251.9284                                 251.9284
              1       124.93417       60.002163     0.028835992      0.15992501      0.15338008     -0.32573014      -0.32573014        250.5198                                 250.5198
              1       125.08979       60.002163     0.028835992      0.14975465       0.1587925     -0.32573014      -0.32573014       250.83105                                250.83105
              1       125.32769       60.002163     0.028835992      0.14736131      0.15424542     -0.32573014      -0.32573014       251.30684                                251.30684
              1        124.7549        60.00337     0.029537611      0.14699281      0.15375336     -0.32573014      -0.32573014       250.16127                                250.16127
              3       124.75343        60.00337     0.029537611      0.15378905      0.14713234     -0.32573014      -0.32573014       250.15833                                250.15833
              1       126.82372        60.00337     0.029537611      0.13975528      0.15565289     -0.32573014      -0.32573014        254.2989                                 254.2989
              3       124.56101        60.00337     0.029537611      0.14978322      0.15940326     -0.32573014      -0.32573014       249.77347                                249.77347
              3       127.02934        60.00337     0.029537611      0.15891422      0.16972661     -0.32573014      -0.32573014       254.71014                                254.71014
              3       126.54627        60.00337     0.029537611      0.15811567      0.16860818     -0.32573014      -0.32573014       253.74401                                253.74401
              2       125.84931        60.00337     0.029537611      0.16007386      0.16563017     -0.32573014      -0.32573014       252.35007                                252.35007
              3       127.03664        60.00337     0.029537611      0.17003887      0.15478774     -0.32573014      -0.32573014       254.72475                                254.72475
              1       127.64482        60.00337     0.029537611      0.17102293      0.15889752     -0.32573014      -0.32573014        255.9411                                 255.9411
              3       124.42388        60.00337     0.029537611       0.1599259      0.15706788     -0.32573014      -0.32573014       249.49921                                249.49921
              3       124.53269        60.00337     0.029537611      0.15925364      0.15934999     -0.32573014      -0.32573014       249.71685                                249.71685
              3       125.75805        60.00337     0.029537611      0.15075014      0.16598999     -0.32573014      -0.32573014       252.16757                                252.16757
              2       124.84703        60.00337     0.029537611      0.16221119      0.15778121     -0.32573014      -0.32573014       250.34551                                250.34551
              2       124.71094        60.00337     0.029537611      0.16060918      0.15035308     -0.32573014      -0.32573014       250.07335                                250.07335
              3       125.60636        60.00337     0.029537611      0.15848911      0.16542928     -0.32573014      -0.32573014       251.86418                                251.86418
              1       124.85661        60.00337     0.029537611      0.15402675      0.14659596     -0.32573014      -0.32573014       250.36468                                250.36468
              2       124.82895        60.00337     0.029537611      0.15632567      0.14689526     -0.32573014      -0.32573014       250.30937                                250.30937
              1       124.33825        60.00337     0.029537611      0.15955274      0.15337677     -0.32573014      -0.32573014       249.32797                                249.32797
              2       125.45782        60.00337     0.029537611      0.14756152      0.16291868     -0.32573014      -0.32573014        251.5671                                 251.5671
              2       125.66633       60.026544     0.029678413      0.14766558      0.16298875     -0.32573014      -0.32573014       251.98412                                251.98412
              5       124.87181       60.026544     0.029678413      0.15996813      0.15991013     -0.32573014      -0.32573014       250.39509                                250.39509
              1        124.6227       60.026544     0.029678413       0.1594335       0.1581322     -0.32573014      -0.32573014       249.89685                                249.89685
              3        124.3638       60.026544     0.029678413      0.15564007       0.1582679     -0.32573014      -0.32573014       249.37907                                249.37907
              3        125.2138       60.026544     0.029678413      0.16331787      0.15715834     -0.32573014      -0.32573014       251.07905                                251.07905
              1       124.56381       60.026544     0.029678413      0.15070579      0.15828959     -0.32573014      -0.32573014       249.77909                                249.77909
              4        126.4693       60.172973     0.029557604      0.15681048      0.15702838     -0.32573014      -0.32573014       253.59006                                253.59006
              2       126.49461       60.172973     0.029557604      0.15703163      0.15780877     -0.32573014      -0.32573014       253.64068                                253.64068
              3         126.512       60.172973     0.029557604      0.15681376      0.15831466     -0.32573014      -0.32573014       253.67546                                253.67546
              1       126.04006       60.142723     0.029592835      0.15655998      0.15806681     -0.32573014      -0.32573014       252.73158                                252.73158
              1       126.59706       60.142723     0.029592835      0.15129123      0.16133098     -0.32573014      -0.32573014       253.84559                                253.84559
              1       127.46545       60.142723     0.029592835      0.14518868      0.15442423     -0.32573014      -0.32573014       255.58236                                255.58236
              2       127.77822       60.142723     0.029592835      0.15668339      0.14414293     -0.32573014      -0.32573014        256.2079                                 256.2079
              1       128.28958       60.083319     0.027843489      0.15716443       0.1449546     -0.32573014      -0.32573014       257.23062                                257.23062
              1       126.69626       60.083319     0.027843489      0.15726289      0.15421499     -0.32573014      -0.32573014       254.04397                                254.04397
              1       127.54904       60.083319     0.027843489      0.15905444      0.16453897     -0.32573014      -0.32573014       255.74953                                255.74953
              4       125.78783       60.058949      0.02955441      0.15310011        0.163984     -0.32573014      -0.32573014       252.22712                                252.22712
              8       124.93446       60.058949      0.02955441      0.15669298      0.15827775     -0.32573014      -0.32573014       250.52039                                250.52039
              5       126.26792       60.076324     0.028315404      0.15749516      0.15929029     -0.32573014      -0.32573014        253.1873                                 253.1873
              1        127.0325       60.076324     0.028315404      0.15960201      0.16383974     -0.32573014      -0.32573014       254.71647                                254.71647
              1       127.39722       60.076324     0.028315404      0.14586314      0.15606986     -0.32573014      -0.32573014        255.4459                                 255.4459
              1       127.45051       60.076324     0.028315404      0.15113096       0.1469899     -0.32573014      -0.32573014       255.55247                                255.55247
              1       126.67366       60.067433     0.029104601       0.1506369      0.14636097     -0.32573014      -0.32573014       253.99878                                253.99878
              2       125.61039       60.033531     0.029789631      0.15000479      0.14562229     -0.32573014      -0.32573014       251.87225                                251.87225
              1       125.50574       60.033531     0.029789631      0.16372311      0.15046051     -0.32573014      -0.32573014       251.66294                                251.66294
              6       125.47902       60.033531     0.029789631      0.15833187      0.14565206     -0.32573014      -0.32573014       251.60951                                251.60951
              7       124.39156       60.033531     0.029789631      0.15124395      0.15588119     -0.32573014      -0.32573014       249.43458                                249.43458
              2       124.80378       60.036003     0.029347719      0.15149806      0.15619744     -0.32573014      -0.32573014       250.25902                                250.25902
              2        125.2155        60.02147     0.028622474      0.15174749      0.15659369     -0.32573014      -0.32573014       251.08245                                251.08245
              3       125.18493        60.02147     0.028622474       0.1545389      0.15218397     -0.32573014      -0.32573014       251.02132                                251.02132
              3       125.68631        60.02147     0.028622474      0.15729472       0.1486172     -0.32573014      -0.32573014       252.02409                                252.02409
              2       126.43648        60.02147     0.028622474      0.16519478      0.15222691     -0.32573014      -0.32573014       253.52443                                253.52443
              5       126.30743        60.02147     0.028622474      0.14586027      0.15879914     -0.32573014      -0.32573014       253.26631                                253.26631
              1       125.10484        60.02147     0.028622474      0.15605617      0.15752895     -0.32573014      -0.32573014       250.86114                                250.86114
              1       125.28178        60.07421     0.029300974      0.15617578      0.15741671     -0.32573014      -0.32573014       251.21501                                251.21501
              1       125.12098       60.026312     0.028684863       0.1560671      0.15751858     -0.32573014      -0.32573014       250.89342                                250.89342
              2       125.24282       60.026312     0.028684863      0.15710701      0.15215176     -0.32573014      -0.32573014       251.13709                                251.13709
              1       125.94405       60.026312     0.028684863      0.15801302      0.16338801     -0.32573014      -0.32573014       252.53956                                252.53956
              1        128.4918       60.280817     0.029874515      0.15559975      0.16459193     -0.32573014      -0.32573014       257.63506                                257.63506
              2       129.02041       60.280817     0.029874515      0.14760535      0.16037595     -0.32573014      -0.32573014       258.69228                                258.69228
              1       130.09306       60.280817     0.029874515      0.17035966      0.15571782     -0.32573014      -0.32573014       260.83758                                260.83758
              1       129.86986       60.280817     0.029874515      0.16924751      0.16082282     -0.32573014      -0.32573014       260.39117                                260.39117
              1        128.4026       60.280817     0.029874515      0.14997113      0.15657062     -0.32573014      -0.32573014       257.45667                                257.45667
              2       126.83557       60.172153     0.029825851      0.14901684      0.15588612     -0.32573014      -0.32573014       254.32259                                254.32259
              1       126.71505       60.172153     0.029825851      0.15004239      0.15819622     -0.32573014      -0.32573014       254.08156                                254.08156
              3       126.43865       60.161283     0.029961363      0.14987329      0.15803247     -0.32573014      -0.32573014       253.52877                                253.52877
              9       126.06208       60.161283     0.029961363      0.15405576      0.15343345     -0.32573014      -0.32573014       252.77561                                252.77561
              2       126.13403       60.161283     0.029961363      0.15482052      0.15986188     -0.32573014      -0.32573014       252.91952                                252.91952
              1       126.02949       60.161283     0.029961363      0.15380669      0.15783193     -0.32573014      -0.32573014       252.71044                                252.71044
              1       127.54767       60.161283     0.029961363      0.16616032      0.15160218     -0.32573014      -0.32573014       255.74679                                255.74679
              1       125.96015       60.161283     0.029961363      0.15591565      0.15468518     -0.32573014      -0.32573014       252.57176                                252.57176
              4       125.93102       60.120605     0.029281714      0.15590541      0.15487784     -0.32573014      -0.32573014        252.5135                                 252.5135
              3       125.90326       60.098642     0.028951771      0.15588046      0.15495675     -0.32573014      -0.32573014       252.45797                                252.45797
              1       126.41081       60.098642     0.028951771      0.15642999      0.14959119     -0.32573014      -0.32573014       253.47307                                253.47307
              2        127.6367       60.223053     0.029733065      0.15714192      0.14988244     -0.32573014      -0.32573014       255.92487                                255.92487
              1       127.08088       60.223053     0.029733065      0.15759109      0.15539537     -0.32573014      -0.32573014       254.81322                                254.81322
              6       127.07198       60.223053     0.029733065      0.15503962      0.15647172     -0.32573014      -0.32573014       254.79542                                254.79542
              1       127.05576       60.223053     0.029733065      0.15716591      0.15600736     -0.32573014      -0.32573014       254.76298                                254.76298
              1       127.07003       60.223053     0.029733065      0.15753667      0.15771919     -0.32573014      -0.32573014       254.79153                                254.79153
              2       126.34244       60.158481     0.029481827      0.15708623      0.15746332     -0.32573014      -0.32573014       253.33633                                253.33633
              3       126.31668       60.158481     0.029481827      0.15657076      0.15580006     -0.32573014      -0.32573014       253.28482                                253.28482
              1       126.31751       60.149963     0.029321768      0.15657792      0.15585244     -0.32573014      -0.32573014       253.28648                                253.28648
              2        127.0081       60.149963     0.029321768      0.16004246      0.15000337     -0.32573014      -0.32573014       254.66766                                254.66766
              3       126.59473       60.149963     0.029321768      0.16044147      0.15455545     -0.32573014      -0.32573014       253.84093                                253.84093
              1       125.99869       60.129363     0.029675476      0.16007017      0.15417937     -0.32573014      -0.32573014       252.64885                                252.64885
              1       126.78814       60.129363     0.029675476      0.15481888      0.14670396     -0.32573014      -0.32573014       254.22774                                254.22774
              6       127.72135       60.000226     0.026194757      0.16018709      0.14894249     -0.32573014      -0.32573014       256.09415                                256.09415
              3       128.25852       60.000226     0.026194757      0.15490583      0.14587912     -0.32573014      -0.32573014       257.16851                                257.16851
              2       127.68839       60.000226     0.026194757       0.1507856      0.15027597     -0.32573014      -0.32573014       256.02825                                256.02825
              3       127.23909       60.000226     0.026194757      0.15655223      0.16239308     -0.32573014      -0.32573014       255.12964                                255.12964
              1        127.9199       60.000226     0.026194757      0.15578839      0.14713542     -0.32573014      -0.32573014       256.49126                                256.49126
              1       127.09018       60.000226     0.026194757       0.1535034      0.15271458     -0.32573014      -0.32573014       254.83183                                254.83183
              1       127.09109       60.000226     0.026194757      0.15351319      0.15269789     -0.32573014      -0.32573014       254.83364                                254.83364
              1       127.59873       60.000226     0.026194757      0.16385985      0.15883745     -0.32573014      -0.32573014       255.84891                                255.84891
              2       128.99027       60.000226     0.026194757      0.16772595      0.16298397     -0.32573014      -0.32573014         258.632                                  258.632
              1       129.03193        60.00615      0.02624354      0.16775378      0.16298998     -0.32573014      -0.32573014       258.71531                                258.71531
              1       127.37027        60.00615      0.02624354      0.15974901       0.1619891     -0.32573014      -0.32573014       255.39199                                255.39199
              1        127.1767        60.00615      0.02624354      0.15644342      0.16164158     -0.32573014      -0.32573014       255.00485                                255.00485
              1       127.18262        60.00615      0.02624354      0.15748755      0.15156023     -0.32573014      -0.32573014        255.0167                                 255.0167
              1       127.71743       60.173944     0.029500601      0.16021674      0.14753078     -0.32573014      -0.32573014       256.08632                                256.08632
              1       128.17231       60.173944     0.029500601      0.16016447      0.14566317     -0.32573014      -0.32573014       256.99608                                256.99608
              3       127.49809       60.089332     0.029380558       0.1628853      0.14509084     -0.32573014      -0.32573014       255.64765                                255.64765
              3       127.11656       60.014654      0.02845226      0.16269892      0.14522776     -0.32573014      -0.32573014       254.88458                                254.88458
              2       125.46762       60.014654      0.02845226      0.16015155      0.15794815     -0.32573014      -0.32573014        251.5867                                 251.5867
              2       125.17879       60.014654      0.02845226      0.15578129      0.15812126     -0.32573014      -0.32573014       251.00905                                251.00905
              2       125.59163       60.014654      0.02845226      0.15595464      0.16177888     -0.32573014      -0.32573014       251.83471                                251.83471
              1       126.12526       60.049329     0.028406996      0.15629105      0.16203857     -0.32573014      -0.32573014       252.90198                                252.90198
              1       128.39401       60.049329     0.028406996      0.16624167      0.16607092     -0.32573014      -0.32573014       257.43949                                257.43949
              3       126.64601       60.049329     0.028406996      0.16328665      0.15127814     -0.32573014      -0.32573014       253.94348                                253.94348
              3       126.64652       60.049329     0.028406996      0.16438026      0.15423725     -0.32573014      -0.32573014        253.9445                                 253.9445
              1       126.36078       60.049329     0.028406996      0.15565769       0.1482333     -0.32573014      -0.32573014       253.37301                                253.37301
              1       126.19043       60.049329     0.028406996      0.15615554      0.14920619     -0.32573014      -0.32573014       253.03231                                253.03231
              4       125.79047        60.06627     0.029178379      0.15590362      0.14879452     -0.32573014      -0.32573014       252.23239                                252.23239
              2       125.82803       60.067914     0.029162937      0.15592654      0.14881586     -0.32573014      -0.32573014       252.30752                                252.30752
              1        125.9937       60.067914     0.029162937      0.15804088      0.14836573     -0.32573014      -0.32573014       252.63887                                252.63887
              2       125.34411       60.067914     0.029162937      0.15276602      0.15653955     -0.32573014      -0.32573014       251.33967                                251.33967
              5       125.37755       60.067914     0.029162937      0.15221978      0.15618321     -0.32573014      -0.32573014       251.40656                                251.40656
              5       125.27236       60.067914     0.029162937       0.1561569      0.15683264     -0.32573014      -0.32573014       251.19618                                251.19618
              2       126.14403       60.067914     0.029162937      0.15266802      0.14760182     -0.32573014      -0.32573014       252.93951                                252.93951
              2       127.23443       60.067914     0.029162937      0.16106173       0.1443997     -0.32573014      -0.32573014       255.12031                                255.12031
              1       127.38276       60.067914     0.029162937      0.16121726       0.1439628     -0.32573014      -0.32573014       255.41697                                255.41697
              1       126.54705       60.067914     0.029162937       0.1631997      0.16204162     -0.32573014      -0.32573014       253.74555                                253.74555
              2       126.50815       60.067914     0.029162937      0.14652801      0.16016481     -0.32573014      -0.32573014       253.66776                                253.66776
              3       126.13482       60.001108     0.028510539      0.14626788      0.16016645     -0.32573014      -0.32573014       252.92111                                252.92111
              1       125.08513       60.001108     0.028510539      0.15905629      0.15341879     -0.32573014      -0.32573014       250.82172                                250.82172
              1       125.06269       60.001108     0.028510539      0.15922271      0.15459873     -0.32573014      -0.32573014       250.77685                                250.77685
              2       125.44116       60.001108     0.028510539      0.15858819      0.16129744     -0.32573014      -0.32573014       251.53377                                251.53377
              1       125.60833       60.001108     0.028510539      0.15404252      0.14760698     -0.32573014      -0.32573014       251.86813                                251.86813
              2       125.28494       60.001108     0.028510539      0.16096638      0.15613632     -0.32573014      -0.32573014       251.22134                                251.22134
              2       126.82264       60.024298     0.027117491      0.16190628       0.1572349     -0.32573014      -0.32573014       254.29675                                254.29675
              1       126.92679       60.024298     0.027117491      0.15437514        0.149873     -0.32573014      -0.32573014       254.50504                                254.50504
              3       127.12121       60.024298     0.027117491       0.1556204      0.14858578     -0.32573014      -0.32573014       254.89388                                254.89388
              1       127.59148       60.024298     0.027117491      0.16078097      0.16488321     -0.32573014      -0.32573014       255.83442                                255.83442
              1       130.39775       60.024298     0.027117491      0.14470084      0.17002112     -0.32573014      -0.32573014       261.44696                                261.44696
              1        130.3743       60.024298     0.027117491      0.14332736      0.16866599     -0.32573014      -0.32573014       261.40006                                261.40006
              2        129.3819       60.024298     0.027117491      0.14497792      0.16697559     -0.32573014      -0.32573014       259.41526                                259.41526
              1       129.66895       60.097197     0.027940032      0.14520373       0.1668987     -0.32573014      -0.32573014       259.98936                                259.98936
              1       127.06081       60.097197     0.027940032      0.15130394      0.15676928     -0.32573014      -0.32573014       254.77308                                254.77308
              1       126.85497       60.097197     0.027940032      0.15587281      0.15947707     -0.32573014      -0.32573014        254.3614                                 254.3614
              1       127.68612       60.097197     0.027940032      0.15264045      0.14866874     -0.32573014      -0.32573014       256.02371                                256.02371
              1       127.92567       60.097197     0.027940032      0.15459561      0.14696292     -0.32573014      -0.32573014       256.50279                                256.50279
              2       127.31904        60.04766     0.026987467      0.15736305      0.15042549     -0.32573014      -0.32573014       255.28953                                255.28953
              3       127.75333        60.04766     0.026987467      0.15870692      0.14834066     -0.32573014      -0.32573014       256.15812                                256.15812
              3       128.63491        60.04766     0.026987467      0.15275545      0.14514526     -0.32573014      -0.32573014       257.92129                                257.92129
              4       130.42634       60.012665     0.025329399       0.1654764      0.14536097     -0.32573014      -0.32573014       261.50415                                261.50415
              1       129.74054       60.012665     0.025329399      0.16918015      0.15932785     -0.32573014      -0.32573014       260.13254                                260.13254
              1       128.70673       60.041362     0.026991044       0.1685672       0.1583896     -0.32573014      -0.32573014       258.06492                                258.06492
              1       126.86325       60.041362     0.026991044      0.15898014      0.15485612     -0.32573014      -0.32573014       254.37795                                254.37795
              1       127.12491       60.041362     0.026991044      0.15131272      0.15408166     -0.32573014      -0.32573014       254.90129                                254.90129
              2        127.4905       60.041362     0.026991044      0.16286696      0.16049324     -0.32573014      -0.32573014       255.63247                                255.63247
              3       126.69648       60.085972     0.028631893       0.1624084      0.15967418     -0.32573014      -0.32573014       254.04442                                254.04442
              1       126.33468       60.085972     0.028631893      0.15201827      0.15237317     -0.32573014      -0.32573014       253.32082                                253.32082
              2       126.82995       60.150603     0.029186717      0.15230997      0.15242339     -0.32573014      -0.32573014       254.31136                                254.31136
              1       127.25189       60.150664     0.029197357      0.15705909      0.14837114     -0.32573014      -0.32573014       255.15524                                255.15524
              2       126.88205       60.150664     0.029197357      0.15200944       0.1521205     -0.32573014      -0.32573014       254.41556                                254.41556
              1       126.57634       60.150664     0.029197357      0.15293365      0.15693196     -0.32573014      -0.32573014       253.80414                                253.80414
              1       125.85896        60.09838     0.029140906      0.15249182      0.15662502     -0.32573014      -0.32573014       252.36937                                252.36937
              1       127.01153       60.107383     0.029168068      0.14669096       0.1592279     -0.32573014      -0.32573014       254.67452                                254.67452
              3       126.26937       60.107383     0.029168068      0.15151688       0.1600462     -0.32573014      -0.32573014        253.1902                                 253.1902
              1       126.27615       60.107383     0.029168068      0.15121953      0.15978038     -0.32573014      -0.32573014       253.20377                                253.20377
              4       126.26485       60.107383     0.029168068      0.15250894      0.15107905     -0.32573014      -0.32573014       253.18116                                253.18116
              3       125.36489       60.010946     0.028525292      0.15197658       0.1508785     -0.32573014      -0.32573014       251.38125                                251.38125
              1        125.3307       60.010946     0.028525292      0.15885045      0.15154704     -0.32573014      -0.32573014       251.31286                                251.31286
              5       125.10818       60.010946     0.028525292      0.15843592        0.155875     -0.32573014      -0.32573014       250.86782                                250.86782
              2       125.10743       60.010888     0.028525184      0.15843545      0.15587469     -0.32573014      -0.32573014       250.86632                                250.86632
              2       125.04401       60.010888     0.028525184      0.15397029      0.15336935     -0.32573014      -0.32573014       250.73947                                250.73947
              1       125.11543       60.010888     0.028525184      0.15187363      0.15499796     -0.32573014      -0.32573014       250.88231                                250.88231
              3       125.42986       60.052832     0.028876215      0.15206768      0.15503668     -0.32573014      -0.32573014       251.51117                                251.51117
              1       126.71154       60.052832     0.028876215      0.15673426      0.14504869     -0.32573014      -0.32573014       254.07455                                254.07455
              4       126.34981       60.052832     0.028876215      0.14681438      0.15246349     -0.32573014      -0.32573014       253.35107                                253.35107
              2       127.16936       60.052832     0.028876215      0.14421986      0.15081344     -0.32573014      -0.32573014       254.99017                                254.99017
              1       125.42628       60.052832     0.028876215      0.15465264      0.15889894     -0.32573014      -0.32573014       251.50402                                251.50402
              1       125.51219       60.052832     0.028876215      0.15823783       0.1524536     -0.32573014      -0.32573014       251.67584                                251.67584
              2       125.88531       60.052832     0.028876215       0.1487957      0.15373237     -0.32573014      -0.32573014       252.42207                                252.42207
              1       125.63534       60.052832     0.028876215      0.15045563      0.15384789     -0.32573014      -0.32573014       251.92214                                251.92214
              1       124.83555       60.021496     0.029397976      0.15463576      0.14905817     -0.32573014      -0.32573014       250.32256                                250.32256
              4       124.99818       60.021496     0.029397976      0.14922918       0.1591893     -0.32573014      -0.32573014       250.64781                                250.64781
              2       125.77889       60.021496     0.029397976      0.16058239      0.14624607     -0.32573014      -0.32573014       252.20924                                252.20924
              1        124.8693       60.021496     0.029397976      0.15929277      0.15073405     -0.32573014      -0.32573014       250.39005                                250.39005
              2       125.17019       60.021496     0.029397976      0.14906664      0.16043162     -0.32573014      -0.32573014       250.99184                                250.99184
              2       124.70508       60.021496     0.029397976      0.15661985      0.15981044     -0.32573014      -0.32573014       250.06163                                250.06163
              4       125.37446       60.021496     0.029397976      0.16193749       0.1603502     -0.32573014      -0.32573014       251.40038                                251.40038
              4       124.63446       60.021496     0.029397976      0.15773738       0.1584746     -0.32573014      -0.32573014       249.92038                                249.92038
              2       124.34378       60.006609     0.029487934      0.15755068      0.15831041     -0.32573014      -0.32573014       249.33902                                249.33902
              2       126.23044       60.006609     0.029487934      0.16196958      0.16565596     -0.32573014      -0.32573014       253.11233                                253.11233
              5       125.71584       60.006609     0.029487934      0.14367769      0.15749761     -0.32573014      -0.32573014       252.08314                                252.08314
              5        124.3216       60.006609     0.029487934      0.15519602       0.1506216     -0.32573014      -0.32573014       249.29465                                249.29465
              1       124.45464       60.006609     0.029487934      0.15771571      0.15045725     -0.32573014      -0.32573014       249.56073                                249.56073
              1       125.97791       60.006609     0.029487934      0.15614343      0.14272053     -0.32573014      -0.32573014       252.60728                                252.60728
              1       124.64269       60.006609     0.029487934      0.15698454      0.14867628     -0.32573014      -0.32573014       249.93685                                249.93685
              1       124.97917       60.006609     0.029487934       0.1474725      0.15915286     -0.32573014      -0.32573014        250.6098                                 250.6098
              2       125.74229       60.006609     0.029487934      0.14329541      0.15540992     -0.32573014      -0.32573014       252.13605                                252.13605
              3       125.86714       60.006609     0.029487934      0.14297413      0.15324136     -0.32573014      -0.32573014       252.38575                                252.38575
              4       124.47318       60.006609     0.029487934      0.14953501      0.15682901     -0.32573014      -0.32573014       249.59782                                249.59782
              1       124.48978       60.006609     0.029487934      0.15036878      0.15126469     -0.32573014      -0.32573014       249.63103                                249.63103
              1       124.22139       60.006609     0.029487934      0.15635316       0.1521287     -0.32573014      -0.32573014       249.09423                                249.09423
              2       124.10211       60.006609     0.029487934      0.15489106      0.15391576     -0.32573014      -0.32573014       248.85567                                248.85567
              2       124.23128       60.006609     0.029487934        0.154563      0.15823479     -0.32573014      -0.32573014       249.11402                                249.11402
              3       124.21705       60.006609     0.029487934      0.15768396      0.15394178     -0.32573014      -0.32573014       249.08556                                249.08556
              3        124.6695       60.006609     0.029487934      0.14826175      0.15275881     -0.32573014      -0.32573014       249.99047                                249.99047
              1        126.2593       60.006609     0.029487934      0.16562355      0.16200285     -0.32573014      -0.32573014       253.17006                                253.17006
              5        125.0104       60.006609     0.029487934      0.16303928       0.1534373     -0.32573014      -0.32573014       250.67226                                250.67226
              4       124.96963       60.006609     0.029487934      0.14774886      0.15025153     -0.32573014      -0.32573014       250.59072                                250.59072
              1       124.30371       60.006609     0.029487934      0.15751506      0.15191901     -0.32573014      -0.32573014       249.25887                                249.25887
              1       124.23357       60.006609     0.029487934       0.1573506      0.15285078     -0.32573014      -0.32573014        249.1186                                 249.1186
              1        125.3532       60.006609     0.029487934      0.15561877      0.16485787     -0.32573014      -0.32573014       251.35786                                251.35786
