#        weight    minuslogpost              H0           ombh2            tf_1            tf_2   minuslogprior minuslogprior__0            chi2 chi2__cx_likelihood_intCAMB.CXLikelihood
             58       125.85848       60.000824     0.028990277      0.15359763      0.16567173     -0.32573014      -0.32573014       252.36842                                252.36842
             35       125.85732       60.000486     0.028986195      0.15359763      0.16567173     -0.32573014      -0.32573014       252.36611                                252.36611
              5       125.43331       60.000486     0.028986195      0.16373604      0.15561679     -0.32573014      -0.32573014       251.51809                                251.51809
              6       126.80907       60.000486     0.028986195      0.16845079      0.15355775     -0.32573014      -0.32573014       254.26961                                254.26961
             16       125.40353       60.000486     0.028986195       0.1634906      0.15358101     -0.32573014      -0.32573014       251.45853                                251.45853
             10       125.53652       60.000486     0.028986195      0.16417308      0.15574533     -0.32573014      -0.32573014       251.72451                                251.72451
              9       126.12829       60.000486     0.028986195      0.14434575       0.1503002     -0.32573014      -0.32573014       252.90804                                252.90804
             64       125.69164       60.000486     0.028986195       0.1602575      0.14665459     -0.32573014      -0.32573014       252.03474                                252.03474
             30       126.69094       60.060343     0.028899094       0.1602575      0.14665459     -0.32573014      -0.32573014       254.03334                                254.03334
              6       127.05006       60.060343     0.028899094       0.1622898      0.14640394     -0.32573014      -0.32573014       254.75159                                254.75159
             10       127.04503       60.058594     0.028874889       0.1622898      0.14640394     -0.32573014      -0.32573014       254.74152                                254.74152
             33       126.37236       60.058594     0.028874889      0.16184122      0.14947296     -0.32573014      -0.32573014       253.39617                                253.39617
             15       126.43355       60.079507     0.029159521      0.16184122      0.14947296     -0.32573014      -0.32573014       253.51857                                253.51857
             15       126.71797       60.034977     0.028068089      0.16184122      0.14947296     -0.32573014      -0.32573014       254.08741                                254.08741
              6       127.05029       60.068645     0.028258798      0.16184122      0.14947296     -0.32573014      -0.32573014       254.75203                                254.75203
             30       126.07851       60.014493     0.028467948      0.16184122      0.14947296     -0.32573014      -0.32573014       252.80848                                252.80848
              4       125.22908       60.014493     0.028467948      0.15480209      0.15199018     -0.32573014      -0.32573014       251.10962                                251.10962
             10        124.9963       60.054983     0.029417129      0.15480209      0.15199018     -0.32573014      -0.32573014       250.64406                                250.64406
              8       124.44638       60.018213     0.029402425      0.15480209      0.15199018     -0.32573014      -0.32573014       249.54422                                249.54422
             16       124.46746       60.018213     0.029402425      0.15342546      0.15802486     -0.32573014      -0.32573014       249.58638                                249.58638
              6       124.48017       60.019417     0.029407545      0.15342546      0.15802486     -0.32573014      -0.32573014        249.6118                                 249.6118
             74       124.47468       60.006686     0.029197516      0.15342546      0.15802486     -0.32573014      -0.32573014       249.60081                                249.60081
              4       125.61913       60.006686     0.029197516      0.15957475      0.16391772     -0.32573014      -0.32573014       251.88972                                251.88972
              7       127.42084       60.006686     0.029197516       0.1501069       0.1699538     -0.32573014      -0.32573014       255.49313                                255.49313
             46       127.31859       60.006686     0.029197516      0.14858422      0.16909021     -0.32573014      -0.32573014       255.28863                                255.28863
             26       124.67727       60.006686     0.029197516      0.15996577      0.15466336     -0.32573014      -0.32573014       250.00599                                250.00599
             67       124.63519       60.006686     0.029197516      0.15442185      0.15018322     -0.32573014      -0.32573014       249.92184                                249.92184
             26       127.11971       60.171975     0.029377203      0.15442185      0.15018322     -0.32573014      -0.32573014       254.89089                                254.89089
             50       127.56217       60.198364     0.029388752      0.15442185      0.15018322     -0.32573014      -0.32573014        255.7758                                 255.7758
             20       130.56804       60.362431     0.029215389      0.15442185      0.15018322     -0.32573014      -0.32573014       261.78754                                261.78754
             29       130.98413       60.384817     0.029199265      0.15442185      0.15018322     -0.32573014      -0.32573014       262.61972                                262.61972
             19       130.77818       60.384817     0.029199265      0.15138586      0.15407108     -0.32573014      -0.32573014       262.20782                                262.20782
             44        125.5568       60.050297     0.028793116      0.15138586      0.15407108     -0.32573014      -0.32573014       251.76506                                251.76506
             15       125.51216       60.050297     0.028793116      0.15778684      0.15251236     -0.32573014      -0.32573014       251.67579                                251.67579
              9        126.4301       60.049566     0.027732242      0.15778684      0.15251236     -0.32573014      -0.32573014       253.51166                                253.51166
             26       127.98289       60.049566     0.027732242      0.14429849      0.15472259     -0.32573014      -0.32573014       256.61724                                256.61724
             17       128.06083       60.049566     0.027732242      0.14396351      0.15564579     -0.32573014      -0.32573014       256.77312                                256.77312
             17        127.6493         60.0447     0.028050378      0.14396351      0.15564579     -0.32573014      -0.32573014       255.95006                                255.95006
              9       126.16012         60.0447     0.028050378      0.15883566       0.1523375     -0.32573014      -0.32573014        252.9717                                 252.9717
              6       127.84236       60.157558     0.028079071      0.15883566       0.1523375     -0.32573014      -0.32573014       256.33618                                256.33618
              5       127.39041       60.181491     0.028987958      0.15883566       0.1523375     -0.32573014      -0.32573014       255.43227                                255.43227
              3       127.28241       60.181491     0.028987958      0.15709122      0.15275167     -0.32573014      -0.32573014       255.21629                                255.21629
              4       127.42864       60.181491     0.028987958      0.15752676      0.15155801     -0.32573014      -0.32573014       255.50874                                255.50874
              9        129.2831       60.283567     0.028762992      0.15752676      0.15155801     -0.32573014      -0.32573014       259.21766                                259.21766
             20       125.46859         60.0207     0.028417871      0.15752676      0.15155801     -0.32573014      -0.32573014       251.58863                                251.58863
             21       125.84435         60.0207     0.028417871      0.15141122       0.1614812     -0.32573014      -0.32573014       252.34015                                252.34015
             45       127.67678         60.0207     0.028417871      0.15711498      0.16946604     -0.32573014      -0.32573014       256.00502                                256.00502
             21       127.96369       60.049985     0.028476548      0.15711498      0.16946604     -0.32573014      -0.32573014       256.57885                                256.57885
              7        129.4334       60.049985     0.028476548      0.16302772      0.17160533     -0.32573014      -0.32573014       259.51826                                259.51826
              7       129.47141       60.049985     0.028476548      0.16457652      0.17086713     -0.32573014      -0.32573014       259.59427                                259.59427
             22       130.03814        60.16924     0.029438733      0.16457652      0.17086713     -0.32573014      -0.32573014       260.72774                                260.72774
              1       129.91032       60.186624     0.029973966      0.16457652      0.17086713     -0.32573014      -0.32573014        260.4721                                 260.4721
             21        127.6035       60.186624     0.029973966      0.16034302      0.16548241     -0.32573014      -0.32573014       255.85846                                255.85846
             14       127.38671       60.186624     0.029973966      0.15864339      0.16518753     -0.32573014      -0.32573014       255.42487                                255.42487
             48       127.04438       60.122199     0.029369046      0.15864339      0.16518753     -0.32573014      -0.32573014       254.74023                                254.74023
             10       127.11335       60.126074     0.029320855      0.15864339      0.16518753     -0.32573014      -0.32573014       254.87817                                254.87817
             12        127.0912       60.126074     0.029320855      0.15976213      0.16465732     -0.32573014      -0.32573014       254.83387                                254.83387
             60       127.66711       60.126074     0.029320855      0.14526455      0.16078306     -0.32573014      -0.32573014       255.98567                                255.98567
              6       127.58992       60.126074     0.029320855      0.14578298      0.15083345     -0.32573014      -0.32573014       255.83131                                255.83131
             61       126.56108       60.126074     0.029320855      0.16023991      0.16133547     -0.32573014      -0.32573014       253.77362                                253.77362
             29       126.35885       60.126074     0.029320855      0.15921284      0.16052052     -0.32573014      -0.32573014       253.36917                                253.36917
              1       126.62031       60.159252      0.02955484      0.15921284      0.16052052     -0.32573014      -0.32573014       253.89209                                253.89209
             12       125.63803       60.060199     0.029165954      0.15921284      0.16052052     -0.32573014      -0.32573014       251.92752                                251.92752
             96       125.43618        60.02545     0.028864962      0.15921284      0.16052052     -0.32573014      -0.32573014       251.52381                                251.52381
             16       125.44726        60.02545     0.028864962      0.15854313      0.14968306     -0.32573014      -0.32573014       251.54598                                251.54598
             30       126.28235       60.045014     0.028263166      0.15854313      0.14968306     -0.32573014      -0.32573014       253.21615                                253.21615
              7        126.8452       60.001396     0.026894215      0.15854313      0.14968306     -0.32573014      -0.32573014       254.34185                                254.34185
             12        127.5267       60.047727     0.026948029      0.15854313      0.14968306     -0.32573014      -0.32573014       255.70487                                255.70487
             28       127.67321       60.047727     0.026948029      0.16020222       0.1495737     -0.32573014      -0.32573014       255.99788                                255.99788
              5       127.54549       60.047727     0.026948029      0.15365146      0.14976645     -0.32573014      -0.32573014       255.74244                                255.74244
             34       127.13039       60.020308     0.026897623      0.15365146      0.14976645     -0.32573014      -0.32573014       254.91224                                254.91224
              5       127.64407       60.052983     0.026910995      0.15365146      0.14976645     -0.32573014      -0.32573014        255.9396                                 255.9396
             39        126.9923       60.052983     0.026910995      0.15814084      0.15676442     -0.32573014      -0.32573014       254.63606                                254.63606
             24       130.79864       60.032019     0.022266548      0.15814084      0.15676442     -0.32573014      -0.32573014       262.24874                                262.24874
             10       128.51842       60.113898     0.026205037      0.15814084      0.15676442     -0.32573014      -0.32573014        257.6883                                 257.6883
             41       128.84864       60.113898     0.026205037      0.16102076       0.1613092     -0.32573014      -0.32573014       258.34873                                258.34873
             81       129.02723       60.122838     0.026128866      0.16102076       0.1613092     -0.32573014      -0.32573014       258.70592                                258.70592
             12       130.15886       60.122838     0.026128866      0.15891777      0.16835569     -0.32573014      -0.32573014       260.96918                                260.96918
              7        129.7381       60.088605     0.026136914      0.15891777      0.16835569     -0.32573014      -0.32573014       260.12765                                260.12765
              8       129.92688       60.110117     0.026236829      0.15891777      0.16835569     -0.32573014      -0.32573014       260.50522                                260.50522
              3       129.88759       60.153281     0.027024412      0.15891777      0.16835569     -0.32573014      -0.32573014       260.42664                                260.42664
             64        128.1857       60.005414     0.026990947      0.15891777      0.16835569     -0.32573014      -0.32573014       257.02286                                257.02286
             19       128.67041       60.042431     0.026867808      0.15891777      0.16835569     -0.32573014      -0.32573014       257.99229                                257.99229
             22       128.46365       60.023703     0.026857377      0.15891777      0.16835569     -0.32573014      -0.32573014       257.57875                                257.57875
             65       129.60995       60.088986      0.02632529      0.15891777      0.16835569     -0.32573014      -0.32573014       259.87136                                259.87136
             84       129.29951       60.088986      0.02632529      0.16032673      0.16680313     -0.32573014      -0.32573014       259.25049                                259.25049
             29       130.10145       60.088986      0.02632529      0.16315971       0.1459882     -0.32573014      -0.32573014       260.85435                                260.85435
              9        130.4456        60.12275     0.026528738      0.16315971       0.1459882     -0.32573014      -0.32573014       261.54266                                261.54266
             30        129.8459       60.011856     0.025273795      0.16315971       0.1459882     -0.32573014      -0.32573014       260.34327                                260.34327
             24        130.4884       60.011856     0.025273795       0.1706845      0.15239934     -0.32573014      -0.32573014       261.62826                                261.62826
             34       130.46797       60.018635     0.025417093       0.1706845      0.15239934     -0.32573014      -0.32573014        261.5874                                 261.5874
             24       131.16053       60.018635     0.025417093      0.17226055       0.1626515     -0.32573014      -0.32573014       262.97253                                262.97253
              9        130.8607       60.039457     0.026269486      0.17226055       0.1626515     -0.32573014      -0.32573014       262.37286                                262.37286
              1       131.26455       60.178838     0.027954907      0.17226055       0.1626515     -0.32573014      -0.32573014       263.18057                                263.18057
             55       130.00854       60.178838     0.027954907      0.14754767       0.1657967     -0.32573014      -0.32573014       260.66853                                260.66853
             94       132.87878       60.381351     0.028287412      0.14754767       0.1657967     -0.32573014      -0.32573014       266.40903                                266.40903
             32       127.91409       60.069357     0.028510531      0.14754767       0.1657967     -0.32573014      -0.32573014       256.47964                                256.47964
             29       127.59128       60.069357     0.028510531      0.16102163      0.14542419     -0.32573014      -0.32573014       255.83402                                255.83402
              2       127.77491       60.062807     0.028200417      0.16102163      0.14542419     -0.32573014      -0.32573014       256.20129                                256.20129
             41       127.05994       60.016034     0.028174018      0.16102163      0.14542419     -0.32573014      -0.32573014       254.77135                                254.77135
             29       129.22474       60.157941     0.028296462      0.16102163      0.14542419     -0.32573014      -0.32573014       259.10095                                259.10095
             18       127.39346       60.014584     0.027786147      0.16102163      0.14542419     -0.32573014      -0.32573014       255.43837                                255.43837
             29        126.6134       60.014584     0.027786147       0.1607044      0.16289482     -0.32573014      -0.32573014       253.87826                                253.87826
             26        126.4556       60.014584     0.027786147      0.15802733      0.16342598     -0.32573014      -0.32573014       253.56267                                253.56267
             39        128.2717       60.014584     0.027786147      0.14867351      0.14323417     -0.32573014      -0.32573014       257.19486                                257.19486
             21       127.67553       60.014584     0.027786147      0.16011385      0.16766881     -0.32573014      -0.32573014       256.00252                                256.00252
             23       128.22989       60.014584     0.027786147      0.15218465      0.16971268     -0.32573014      -0.32573014       257.11125                                257.11125
             13       130.16756       60.140807     0.027343406      0.15218465      0.16971268     -0.32573014      -0.32573014       260.98658                                260.98658
              8       130.35299       60.118963     0.026732027      0.15218465      0.16971268     -0.32573014      -0.32573014       261.35744                                261.35744
              2       130.64063       60.118963     0.026732027      0.15942003      0.14336766     -0.32573014      -0.32573014       261.93272                                261.93272
             12       129.78377       60.080214      0.02690578      0.15942003      0.14336766     -0.32573014      -0.32573014       260.21901                                260.21901
              5       132.89764       60.258893     0.026983308      0.15942003      0.14336766     -0.32573014      -0.32573014       266.44674                                266.44674
             14       132.59598       60.243508     0.027001476      0.15942003      0.14336766     -0.32573014      -0.32573014       265.84343                                265.84343
              5       132.33404       60.243508     0.027001476        0.159665      0.14410409     -0.32573014      -0.32573014       265.31954                                265.31954
             25       130.21808       60.203202     0.028356786        0.159665      0.14410409     -0.32573014      -0.32573014       261.08762                                261.08762
              5       129.51142       60.158475     0.028293975        0.159665      0.14410409     -0.32573014      -0.32573014       259.67429                                259.67429
             75       128.32418       60.158475     0.028293975      0.16449335      0.15288267     -0.32573014      -0.32573014       257.29983                                257.29983
             22       128.09046       60.141316     0.028288351      0.16449335      0.15288267     -0.32573014      -0.32573014       256.83239                                256.83239
              8       126.16225         60.0537     0.029241653      0.16449335      0.15288267     -0.32573014      -0.32573014       252.97596                                252.97596
            111         125.796       60.041145     0.029509389      0.16449335      0.15288267     -0.32573014      -0.32573014       252.24346                                252.24346
             42       128.96038       60.256971     0.029197067      0.16449335      0.15288267     -0.32573014      -0.32573014       258.57222                                258.57222
              5       128.55273       60.215502     0.028984633      0.16449335      0.15288267     -0.32573014      -0.32573014       257.75693                                257.75693
              9        130.1586       60.325952     0.028957746      0.16449335      0.15288267     -0.32573014      -0.32573014       260.96866                                260.96866
              3       126.48059       60.062886     0.028984144      0.16449335      0.15288267     -0.32573014      -0.32573014       253.61263                                253.61263
              9       127.71061       60.062886     0.028984144      0.16835058      0.15123357     -0.32573014      -0.32573014       256.07267                                256.07267
             23       127.63133        60.05675     0.028986614      0.16835058      0.15123357     -0.32573014      -0.32573014       255.91412                                255.91412
              6       127.98206        60.05675     0.028986614      0.16386492      0.14357525     -0.32573014      -0.32573014       256.61557                                256.61557
             59       127.74133       60.037675     0.028928965      0.16386492      0.14357525     -0.32573014      -0.32573014       256.13412                                256.13412
             29       127.64015        60.03085       0.0289255      0.16386492      0.14357525     -0.32573014      -0.32573014       255.93177                                255.93177
              6       128.28963       60.066408     0.028811839      0.16386492      0.14357525     -0.32573014      -0.32573014       257.23073                                257.23073
              3       128.30406       60.066408     0.028811839      0.16395491       0.1435907     -0.32573014      -0.32573014       257.25959                                257.25959
             15       128.98722       60.042759     0.027658604      0.16395491       0.1435907     -0.32573014      -0.32573014        258.6259                                 258.6259
             43       129.06323       60.009652     0.027007919      0.16395491       0.1435907     -0.32573014      -0.32573014       258.77792                                258.77792
              2        129.6078       60.048818     0.027092044      0.16395491       0.1435907     -0.32573014      -0.32573014       259.86706                                259.86706
             53         131.059       60.143962     0.027192318      0.16395491       0.1435907     -0.32573014      -0.32573014       262.76946                                262.76946
             37        130.0888       60.143962     0.027192318      0.16002052      0.14506203     -0.32573014      -0.32573014       260.82905                                260.82905
              9       130.00213       60.164199     0.027625653      0.16002052      0.14506203     -0.32573014      -0.32573014       260.65571                                260.65571
              4       130.89298       60.044034     0.024676757      0.16002052      0.14506203     -0.32573014      -0.32573014       262.43742                                262.43742
             16       130.31012       60.044034     0.024676757      0.16672506       0.1636283     -0.32573014      -0.32573014       261.27169                                261.27169
             19       131.31412       60.215619     0.026144603      0.16672506       0.1636283     -0.32573014      -0.32573014        263.2797                                 263.2797
              6       130.55568       60.314399     0.028900124      0.16672506       0.1636283     -0.32573014      -0.32573014       261.76281                                261.76281
              5        130.5711       60.288444     0.028441178      0.16672506       0.1636283     -0.32573014      -0.32573014       261.79365                                261.79365
              1       128.72537       60.166624     0.028539213      0.16076439      0.16682435     -0.32573014      -0.32573014        258.1022                                 258.1022
              2        127.8297       60.166624     0.028539213      0.16228532      0.16050754     -0.32573014      -0.32573014       256.31086                                256.31086
              2       127.80337        60.16793     0.028588866      0.16227871      0.16045521     -0.32573014      -0.32573014       256.25821                                256.25821
              1        127.4589        60.16793     0.028588866      0.15974375      0.15973505     -0.32573014      -0.32573014       255.56927                                255.56927
              1       126.33163       60.079753     0.028524378        0.160471      0.15851222     -0.32573014      -0.32573014       253.31472                                253.31472
              3       126.38515       60.079753     0.028524378      0.16088274      0.15855418     -0.32573014      -0.32573014       253.42176                                253.42176
              1       127.44929       60.079753     0.028524378      0.15969334      0.14596538     -0.32573014      -0.32573014       255.55003                                255.55003
              3       127.44141        60.07919      0.02852685      0.15969823      0.14595339     -0.32573014      -0.32573014       255.53428                                255.53428
              1       126.69614        60.07919      0.02852685      0.15840105      0.14890017     -0.32573014      -0.32573014       254.04375                                254.04375
              1       127.74763        60.07919      0.02852685      0.14945499      0.16604803     -0.32573014      -0.32573014       256.14672                                256.14672
              1       126.64968        60.07919      0.02852685      0.14852844      0.15620335     -0.32573014      -0.32573014       253.95083                                253.95083
              2       128.59763       60.108098     0.029042252      0.16801418      0.14831083     -0.32573014      -0.32573014       257.84672                                257.84672
              1        127.0529       60.108098     0.029042252      0.16454381      0.15926821     -0.32573014      -0.32573014       254.75726                                254.75726
              1       126.63479       60.108098     0.029042252      0.16080562      0.16143745     -0.32573014      -0.32573014       253.92104                                253.92104
              1       127.46849       60.074165     0.027649612      0.16096842      0.16294564     -0.32573014      -0.32573014       255.58844                                255.58844
              1       128.04908       60.000094     0.025978043      0.16144091      0.16425824     -0.32573014      -0.32573014       256.74962                                256.74962
              1       128.24765       60.000094     0.025978043      0.16384961      0.16323289     -0.32573014      -0.32573014       257.14675                                257.14675
              1       128.63787       60.018655     0.025807341      0.16368076      0.16375687     -0.32573014      -0.32573014        257.9272                                 257.9272
              1       129.32261       60.018655     0.025807341      0.14518894      0.16098257     -0.32573014      -0.32573014       259.29668                                259.29668
              1       129.03338       60.018655     0.025807341      0.14568288      0.15911898     -0.32573014      -0.32573014       258.71822                                258.71822
              2       132.15857       60.149634     0.027393034      0.13980696      0.15190814     -0.32573014      -0.32573014        264.9686                                 264.9686
              1       129.12337       60.149634     0.027393034      0.14850412       0.1611823     -0.32573014      -0.32573014        258.8982                                 258.8982
              4       129.43225       60.132001     0.029520466      0.14255182       0.1662046     -0.32573014      -0.32573014       259.51596                                259.51596
              1       131.00028       60.132001     0.029520466      0.14220107      0.14119342     -0.32573014      -0.32573014       262.65203                                262.65203
              2       130.68186       60.132001     0.029520466      0.15862893      0.13668955     -0.32573014      -0.32573014       262.01519                                262.01519
              2       130.75914       60.114464     0.028824007      0.15871506      0.13743533     -0.32573014      -0.32573014       262.16973                                262.16973
              1       132.12946       60.120014     0.028800836      0.15875776      0.13497784     -0.32573014      -0.32573014       264.91037                                264.91037
              1       126.74003       60.120014     0.028800836      0.15082171      0.15839044     -0.32573014      -0.32573014       254.13152                                254.13152
              2       125.92348       60.028096     0.028034231      0.15151996      0.15812749     -0.32573014      -0.32573014       252.49842                                252.49842
              2       126.00161       60.034096     0.028057783      0.15147212      0.15818297     -0.32573014      -0.32573014       252.65468                                252.65468
              1       125.83586       60.022961     0.029286282      0.14479412      0.15669418     -0.32573014      -0.32573014       252.32319                                252.32319
              6       124.99507       60.022961     0.029286282      0.14868515      0.15549911     -0.32573014      -0.32573014       250.64161                                250.64161
              1       125.80329       60.022961     0.029286282      0.15997639      0.16395647     -0.32573014      -0.32573014       252.25804                                252.25804
              1       126.01496       60.022961     0.029286282      0.15921644      0.16522727     -0.32573014      -0.32573014       252.68138                                252.68138
              1       126.03163       60.022961     0.029286282      0.15642486      0.16607168     -0.32573014      -0.32573014       252.71472                                252.71472
              4       126.30637       60.022961     0.029286282      0.15672281      0.16698618     -0.32573014      -0.32573014       253.26421                                253.26421
              4       125.91874       60.022961     0.029286282      0.14469189      0.15776329     -0.32573014      -0.32573014       252.48894                                252.48894
              1       126.06271       60.022961     0.029286282      0.14544509      0.16091369     -0.32573014      -0.32573014       252.77688                                252.77688
              1        127.2442       60.022961     0.029286282      0.14347006      0.16437691     -0.32573014      -0.32573014       255.13987                                255.13987
              9       124.78508       60.022961     0.029286282      0.15201884      0.15135099     -0.32573014      -0.32573014       250.22161                                250.22161
              3       124.92965       60.022961     0.029286282      0.15407712      0.14933649     -0.32573014      -0.32573014       250.51075                                250.51075
              2       125.15743       60.022961     0.029286282      0.15475696      0.14789451     -0.32573014      -0.32573014       250.96631                                250.96631
              2       125.06737       60.022961     0.029286282      0.15621266      0.14853265     -0.32573014      -0.32573014        250.7862                                 250.7862
              1       125.02069       60.022961     0.029286282      0.16086634      0.15274938     -0.32573014      -0.32573014       250.69283                                250.69283
              1       125.58894       60.009679      0.02827879      0.16089049      0.15400861     -0.32573014      -0.32573014       251.82934                                251.82934
              2       126.82974       60.102707     0.028165736      0.16010774      0.15556068     -0.32573014      -0.32573014       254.31094                                254.31094
              2       127.41344       60.102707     0.028165736      0.15080028      0.16214907     -0.32573014      -0.32573014       255.47834                                255.47834
              1       124.97185       60.016937     0.029066929      0.15159017      0.15956518     -0.32573014      -0.32573014       250.59517                                250.59517
              1       127.35894       60.016937     0.029066929      0.14819345      0.16837554     -0.32573014      -0.32573014       255.36934                                255.36934
              2       126.33601       60.016937     0.029066929      0.14935192      0.14483267     -0.32573014      -0.32573014       253.32348                                253.32348
              1       126.76576       60.017725     0.028499075      0.14929678      0.14566591     -0.32573014      -0.32573014       254.18297                                254.18297
              2       125.25228       60.017725     0.028499075      0.15796098      0.15780307     -0.32573014      -0.32573014       251.15602                                251.15602
              2       125.37754       60.017725     0.028499075      0.15461204      0.16019871     -0.32573014      -0.32573014       251.40654                                251.40654
              2       124.75195       60.033598     0.029760742      0.16067335      0.15714474     -0.32573014      -0.32573014       250.15536                                250.15536
              3       124.79199       60.033598     0.029760742      0.15994429      0.15898914     -0.32573014      -0.32573014       250.23545                                250.23545
              4       125.49416       60.033598     0.029760742       0.1546146      0.14503269     -0.32573014      -0.32573014       251.63977                                251.63977
              1       125.82017       60.033598     0.029760742      0.15521421      0.14381392     -0.32573014      -0.32573014       252.29179                                252.29179
              3       126.12563       60.033598     0.029760742      0.15501526      0.14276942     -0.32573014      -0.32573014       252.90271                                252.90271
              5       124.84463       60.033598     0.029760742      0.15068576      0.14946079     -0.32573014      -0.32573014       250.34073                                250.34073
              1       125.30403       60.033598     0.029760742      0.14830512      0.16142974     -0.32573014      -0.32573014       251.25952                                251.25952
              5       125.36875       60.030614     0.029652361      0.14832064      0.16154199     -0.32573014      -0.32573014       251.38895                                251.38895
              1       125.24223       60.030614     0.029652361      0.15338376      0.16356188     -0.32573014      -0.32573014       251.13592                                251.13592
              4       126.79781       60.116586     0.029553978       0.1526609      0.16498741     -0.32573014      -0.32573014       254.24707                                254.24707
              1        128.5808       60.116586     0.029553978       0.1580873      0.14073727     -0.32573014      -0.32573014       257.81306                                257.81306
              1       129.30094       60.093427     0.027574255      0.15811032      0.14325556     -0.32573014      -0.32573014       259.25333                                259.25333
              1       128.78047       60.093427     0.027574255      0.16448328      0.14795488     -0.32573014      -0.32573014       258.21239                                258.21239
              3       129.55655       60.093427     0.027574255       0.1681017      0.16475582     -0.32573014      -0.32573014       259.76455                                259.76455
              1       128.15678       60.093427     0.027574255      0.15174436       0.1483477     -0.32573014      -0.32573014       256.96503                                256.96503
              1        126.0286       60.018598     0.029013942      0.15248941      0.14514811     -0.32573014      -0.32573014       252.70867                                252.70867
              2       125.11483       60.018598     0.029013942      0.15689214      0.16089844     -0.32573014      -0.32573014       250.88113                                250.88113
              1       125.21618       60.018598     0.029013942      0.14975972      0.15918695     -0.32573014      -0.32573014       251.08381                                251.08381
              1       126.14496       60.018598     0.029013942      0.15874349      0.14506474     -0.32573014      -0.32573014       252.94139                                252.94139
              1       125.21386       60.018598     0.029013942      0.15240758      0.14918894     -0.32573014      -0.32573014       251.07918                                251.07918
              6       125.07407       60.017395     0.029176694      0.15243151      0.14893553     -0.32573014      -0.32573014        250.7996                                 250.7996
              9        124.8343       60.017395     0.029176694      0.14989579      0.15482955     -0.32573014      -0.32573014       250.32006                                250.32006
              2       125.10767       60.017395     0.029176694      0.15356967       0.1618942     -0.32573014      -0.32573014       250.86681                                250.86681
              1       125.08402       60.017395     0.029176694      0.15748367      0.14889905     -0.32573014      -0.32573014        250.8195                                 250.8195
              2       125.68936       60.017395     0.029176694      0.16312102      0.15008141     -0.32573014      -0.32573014       252.03017                                252.03017
              2       126.89091       60.017395     0.029176694      0.15265243      0.14157557     -0.32573014      -0.32573014       254.43328                                254.43328
              2       124.70715       60.017395     0.029176694      0.15489556      0.15909435     -0.32573014      -0.32573014       250.06576                                250.06576
              1       124.94531       60.017395     0.029176694      0.15151759      0.15991491     -0.32573014      -0.32573014       250.54207                                250.54207
              2       125.84244       60.017395     0.029176694      0.15986092       0.1641504     -0.32573014      -0.32573014       252.33634                                252.33634
              1       126.70224       60.017395     0.029176694      0.15694268      0.16818313     -0.32573014      -0.32573014       254.05594                                254.05594
              1       125.75611       60.063058      0.02900276      0.15538803       0.1497879     -0.32573014      -0.32573014       252.16368                                252.16368
              1       126.57107       60.063058      0.02900276      0.16143861      0.14774039     -0.32573014      -0.32573014        253.7936                                 253.7936
              2       128.86626       60.063058      0.02900276       0.1683862       0.1450936     -0.32573014      -0.32573014       258.38399                                258.38399
              1       129.72211       60.063058      0.02900276      0.14334781      0.16984253     -0.32573014      -0.32573014       260.09567                                260.09567
              1       129.28192       60.063058      0.02900276      0.14058559      0.16519237     -0.32573014      -0.32573014       259.21531                                259.21531
              1       125.93379       60.063058      0.02900276      0.15020621      0.16020158     -0.32573014      -0.32573014       252.51904                                252.51904
              2       125.41891       60.063058      0.02900276      0.15283466      0.15482594     -0.32573014      -0.32573014       251.48929                                251.48929
              1       125.98632       60.063058      0.02900276       0.1609478      0.16030685     -0.32573014      -0.32573014        252.6241                                 252.6241
              2       126.67316       60.063058      0.02900276      0.16141059      0.16406755     -0.32573014      -0.32573014       253.99777                                253.99777
              4        127.1554       60.098035     0.028987903      0.16111866      0.16461111     -0.32573014      -0.32573014       254.96226                                254.96226
              2       126.76385       60.175355     0.029973196      0.16264887      0.15402554     -0.32573014      -0.32573014       254.17915                                254.17915
              1       126.66822       60.175355     0.029973196      0.15323199      0.16207972     -0.32573014      -0.32573014        253.9879                                 253.9879
              1       126.94021       60.175355     0.029973196      0.14878089      0.15267557     -0.32573014      -0.32573014       254.53189                                254.53189
              5       126.15195       60.175355     0.029973196      0.15713874       0.1563599     -0.32573014      -0.32573014       252.95536                                252.95536
              2        125.6596       60.115159     0.029558866      0.15760352      0.15606081     -0.32573014      -0.32573014       251.97066                                251.97066
              1       126.20372       60.115159     0.029558866      0.16060464      0.15112984     -0.32573014      -0.32573014       253.05891                                253.05891
              3       126.19229        60.11363     0.029549194      0.16061651      0.15112102     -0.32573014      -0.32573014       253.03604                                253.03604
              1       127.04616        60.11363     0.029549194       0.1552955      0.14507959     -0.32573014      -0.32573014       254.74378                                254.74378
              1       127.03041       60.115603      0.02961729      0.15528494      0.14501052     -0.32573014      -0.32573014       254.71229                                254.71229
              1       126.95402       60.096393     0.029306243      0.15541795      0.14517377     -0.32573014      -0.32573014       254.55949                                254.55949
              3       126.56738       60.096393     0.029306243      0.15447138      0.14680412     -0.32573014      -0.32573014       253.78621                                253.78621
              2        126.1455       60.096393     0.029306243      0.15605311      0.14885076     -0.32573014      -0.32573014       252.94246                                252.94246
              2       126.19667       60.067147      0.02868896      0.15624332      0.14930724     -0.32573014      -0.32573014        253.0448                                 253.0448
              3       125.81472       60.067147      0.02868896      0.15783728      0.15304679     -0.32573014      -0.32573014       252.28091                                252.28091
              1       125.67381       60.039702     0.028396189       0.1580403      0.15306068     -0.32573014      -0.32573014       251.99908                                251.99908
              2       126.18386        60.03813     0.028171776      0.15203829      0.16109949     -0.32573014      -0.32573014       253.01918                                253.01918
              1       126.65793        60.03813     0.028171776       0.1469873      0.15743304     -0.32573014      -0.32573014       253.96732                                253.96732
              2       125.69125        60.03813     0.028171776      0.15470819      0.15664881     -0.32573014      -0.32573014       252.03397                                252.03397
              4       126.07169        60.03813     0.028171776      0.15998362      0.15230324     -0.32573014      -0.32573014       252.79485                                252.79485
              2       126.18986        60.03813     0.028171776      0.15024978      0.15242708     -0.32573014      -0.32573014       253.03117                                253.03117
              4       126.24528        60.03813     0.028171776       0.1490594      0.15715134     -0.32573014      -0.32573014       253.14202                                253.14202
              1       126.11089        60.03211     0.028199651      0.14911181      0.15702116     -0.32573014      -0.32573014       252.87324                                252.87324
              1       126.27131        60.03211     0.028199651         0.14813      0.15645815     -0.32573014      -0.32573014       253.19408                                253.19408
              2       126.61233        60.03211     0.028199651      0.16431971      0.15333985     -0.32573014      -0.32573014       253.87612                                253.87612
              1         126.088        60.03211     0.028199651      0.15864725      0.16146955     -0.32573014      -0.32573014       252.82747                                252.82747
              1       125.47923       60.062907      0.02931685      0.15848692      0.16031304     -0.32573014      -0.32573014       251.60992                                251.60992
              3       125.71918       60.053718     0.028918898      0.15852923      0.16075158     -0.32573014      -0.32573014       252.08983                                252.08983
              1        126.3067       60.053718     0.028918898      0.15967071      0.14756577     -0.32573014      -0.32573014       253.26486                                253.26486
              1       125.63024       60.053718     0.028918898      0.16070224      0.15471105     -0.32573014      -0.32573014       251.91193                                251.91193
              3       125.37612       60.053718     0.028918898      0.15349772      0.15797029     -0.32573014      -0.32573014       251.40369                                251.40369
              4       125.37892       60.053718     0.028918898      0.15708847      0.15305085     -0.32573014      -0.32573014       251.40929                                251.40929
              3       125.00734        60.07296     0.029744313      0.15699921      0.15214396     -0.32573014      -0.32573014       250.66613                                250.66613
              1       124.98173        60.07296     0.029744313      0.15670737      0.15230696     -0.32573014      -0.32573014       250.61492                                250.61492
              8       125.84683        60.07296     0.029744313      0.16364534      0.15800568     -0.32573014      -0.32573014       252.34512                                252.34512
              2       125.83572       60.077773     0.029827245      0.16361244      0.15795754     -0.32573014      -0.32573014        252.3229                                 252.3229
              1       127.17673       60.077773     0.029827245      0.14661811       0.1447294     -0.32573014      -0.32573014       255.00492                                255.00492
              5       124.86942       60.077773     0.029827245      0.15363815      0.15613009     -0.32573014      -0.32573014       250.39029                                250.39029
              3       124.95723       60.077773     0.029827245      0.15402993      0.15828536     -0.32573014      -0.32573014       250.56592                                250.56592
              5       124.84621       60.077773     0.029827245      0.15603265      0.15581366     -0.32573014      -0.32573014       250.34387                                250.34387
              3       125.41309       60.077773     0.029827245      0.15465437      0.14857591     -0.32573014      -0.32573014       251.47764                                251.47764
              3       126.08204       60.077773     0.029827245      0.15534058      0.14538664     -0.32573014      -0.32573014       252.81554                                252.81554
              2       126.15393       60.077773     0.029827245      0.15602388      0.14514095     -0.32573014      -0.32573014       252.95931                                252.95931
              4        128.8752        60.06686      0.02947718      0.14420748      0.14174742     -0.32573014      -0.32573014       258.40187                                258.40187
              1        128.6804        60.06686      0.02947718      0.14408674       0.1424293     -0.32573014      -0.32573014       258.01225                                258.01225
              1       128.27305        60.06686      0.02947718      0.14341253       0.1444317     -0.32573014      -0.32573014       257.19756                                257.19756
              3       129.19074       60.158787     0.029933056      0.14387299      0.14530269     -0.32573014      -0.32573014       259.03293                                259.03293
              1       127.35858       60.158787     0.029933056      0.14676007      0.16158172     -0.32573014      -0.32573014       255.36862                                255.36862
              1       127.12872        60.12707     0.029586155       0.1468292      0.16130076     -0.32573014      -0.32573014       254.90889                                254.90889
              6       126.37376        60.12707     0.029586155      0.14879884      0.15659436     -0.32573014      -0.32573014       253.39897                                253.39897
              2       125.83065       60.013449     0.028123487      0.14931101      0.15561054     -0.32573014      -0.32573014       252.31277                                252.31277
              2       126.08181       60.013449     0.028123487      0.14787277      0.15570325     -0.32573014      -0.32573014       252.81508                                252.81508
              1       125.50709       60.013449     0.028123487      0.15268773      0.15349151     -0.32573014      -0.32573014       251.66564                                251.66564
              3       125.50316       60.013449     0.028123487      0.15285571      0.15335781     -0.32573014      -0.32573014       251.65778                                251.65778
              8       126.14482       60.013449     0.028123487      0.15701593      0.14787373     -0.32573014      -0.32573014       252.94111                                252.94111
              7       125.80451       60.013449     0.028123487      0.15038223      0.15882501     -0.32573014      -0.32573014       252.26049                                252.26049
              1       129.28243       60.090161     0.025165875      0.16184855      0.15742997     -0.32573014      -0.32573014       259.21633                                259.21633
              3       129.50355       60.090161     0.025165875      0.16088437      0.15290478     -0.32573014      -0.32573014       259.65856                                259.65856
              3       126.54004       60.029466     0.027305176      0.15764592      0.15207809     -0.32573014      -0.32573014       253.73155                                253.73155
              4       126.81063       60.029466     0.027305176      0.14993871      0.15421188     -0.32573014      -0.32573014       254.27271                                254.27271
              6       126.64837       60.029466     0.027305176      0.15464512      0.15106353     -0.32573014      -0.32573014       253.94821                                253.94821
              1       126.51911       60.029466     0.027305176       0.1521858      0.15437513     -0.32573014      -0.32573014       253.68968                                253.68968
              2       127.53306        60.16163     0.028373624      0.15279399       0.1555353     -0.32573014      -0.32573014       255.71757                                255.71757
              1       128.26186        60.16163     0.028373624      0.14806681      0.15674503     -0.32573014      -0.32573014       257.17517                                257.17517
              3       127.39128        60.16163     0.028373624      0.15525038      0.15878372     -0.32573014      -0.32573014       255.43401                                255.43401
              1       127.82376        60.16163     0.028373624      0.15485681      0.15081047     -0.32573014      -0.32573014       256.29898                                256.29898
              1       125.21274       60.074068     0.029900737      0.15205971      0.14977859     -0.32573014      -0.32573014       251.07694                                251.07694
              6        124.9844       60.074068     0.029900737      0.15574359      0.15072091     -0.32573014      -0.32573014       250.62027                                250.62027
              1       125.18241       60.074068     0.029900737       0.1606822      0.15305188     -0.32573014      -0.32573014       251.01628                                251.01628
              1       126.00745       60.074068     0.029900737      0.15666662       0.1652752     -0.32573014      -0.32573014       252.66636                                252.66636
              1       127.51256       60.074068     0.029900737      0.15243366      0.14060753     -0.32573014      -0.32573014       255.67657                                255.67657
              2        124.8106       60.074068     0.029900737      0.15282895       0.1568115     -0.32573014      -0.32573014       250.27266                                250.27266
              3       125.85275       60.074068     0.029900737      0.16429993      0.15721214     -0.32573014      -0.32573014       252.35697                                252.35697
              1       125.40242       60.074068     0.029900737      0.16133147      0.15910071     -0.32573014      -0.32573014       251.45631                                251.45631
              2       127.28658       60.074068     0.029900737      0.16499937      0.16548191     -0.32573014      -0.32573014       255.22461                                255.22461
              5       127.19095       60.074068     0.029900737      0.16031816      0.16826378     -0.32573014      -0.32573014       255.03337                                255.03337
              5       124.92855       60.074068     0.029900737      0.15913122      0.15536951     -0.32573014      -0.32573014       250.50857                                250.50857
              7         126.697       60.098455     0.028406055      0.16119615      0.15576717     -0.32573014      -0.32573014       254.04547                                254.04547
              1       126.01287       60.122525     0.029505099      0.16013866      0.15589421     -0.32573014      -0.32573014       252.67721                                252.67721
              2       126.24424       60.122525     0.029505099      0.16152867      0.15393595     -0.32573014      -0.32573014       253.13993                                253.13993
              1       128.38012       60.122525     0.029505099      0.15898233      0.16996605     -0.32573014      -0.32573014        257.4117                                 257.4117
              1       126.31302       60.122525     0.029505099      0.15519307      0.16251726     -0.32573014      -0.32573014       253.27749                                253.27749
              1       126.73289       60.122525     0.029505099      0.15669851       0.1646486     -0.32573014      -0.32573014       254.11723                                254.11723
              5       131.96303       60.132283     0.028115453       0.1483241      0.17456275     -0.32573014      -0.32573014       264.57751                                264.57751
              1        128.6862       60.132283     0.028115453      0.16406903      0.16496549     -0.32573014      -0.32573014       258.02386                                258.02386
              1       128.12048       60.186405     0.029663947      0.16280082      0.16534629     -0.32573014      -0.32573014       256.89242                                256.89242
              1       127.03241       60.186405     0.029663947      0.16033386      0.16089144     -0.32573014      -0.32573014       254.71628                                254.71628
              1       127.25404       60.186405     0.029663947      0.16152962      0.16153428     -0.32573014      -0.32573014       255.15954                                255.15954
              1       128.83289       60.115207      0.02680203      0.16418984      0.16111838     -0.32573014      -0.32573014       258.31723                                258.31723
              1       129.16446       60.115207      0.02680203      0.15769987      0.14766445     -0.32573014      -0.32573014       258.98037                                258.98037
              2       127.83636       60.087728     0.027752221      0.15625577      0.14729207     -0.32573014      -0.32573014       256.32419                                256.32419
              1       128.44858       60.087728     0.027752221      0.16703018      0.15236301     -0.32573014      -0.32573014       257.54862                                257.54862
              1       128.80639       60.087728     0.027752221      0.16848838      0.15307558     -0.32573014      -0.32573014       258.26424                                258.26424
              2       129.01639       60.087728     0.027752221       0.1634698      0.16779262     -0.32573014      -0.32573014       258.68424                                258.68424
              1       128.10238       60.087728     0.027752221      0.15712797      0.16680254     -0.32573014      -0.32573014       256.85621                                256.85621
              1       131.20605       60.087728     0.027752221      0.14678246      0.17268053     -0.32573014      -0.32573014       263.06356                                263.06356
              2        131.6079       60.087728     0.027752221      0.13752461      0.15130295     -0.32573014      -0.32573014       263.86727                                263.86727
              1       130.56258        60.10942     0.027699418      0.14774024      0.14280861     -0.32573014      -0.32573014       261.77662                                261.77662
              1       128.17035        60.10942     0.027699418      0.16529813      0.15458178     -0.32573014      -0.32573014       256.99216                                256.99216
              1       128.46047        60.10942     0.027699418      0.16471654      0.16289316     -0.32573014      -0.32573014       257.57241                                257.57241
              2       127.74361       60.039123     0.027318847      0.16440286       0.1622304     -0.32573014      -0.32573014       256.13868                                256.13868
              1       128.78925       60.039123     0.027318847      0.15679687      0.17000924     -0.32573014      -0.32573014       258.22995                                258.22995
              1       129.62549       60.039123     0.027318847      0.14158344      0.14987351     -0.32573014      -0.32573014       259.90245                                259.90245
              1       126.60875       60.039123     0.027318847      0.15936692      0.15832231     -0.32573014      -0.32573014       253.86895                                253.86895
              1       127.07568       60.039123     0.027318847      0.15430064      0.16329299     -0.32573014      -0.32573014       254.80281                                254.80281
              3       126.59884       60.039123     0.027318847      0.15704623      0.15266656     -0.32573014      -0.32573014       253.84915                                253.84915
              2        127.0605       60.039123     0.027318847      0.15050046      0.16068499     -0.32573014      -0.32573014       254.77246                                254.77246
              1       126.68979       60.039123     0.027318847       0.1521347      0.15865687     -0.32573014      -0.32573014       254.03104                                254.03104
              2       126.77744       60.039123     0.027318847      0.15465457      0.16143128     -0.32573014      -0.32573014       254.20634                                254.20634
              2       127.69083        60.07132     0.026768138      0.15567007       0.1618096     -0.32573014      -0.32573014       256.03313                                256.03313
              1       127.81132        60.07132     0.026768138      0.15448228       0.1623609     -0.32573014      -0.32573014        256.2741                                 256.2741
              1         126.508       60.084168     0.028753245      0.15223618      0.16228451     -0.32573014      -0.32573014       253.66746                                253.66746
              1        128.4701       60.084168     0.028753245      0.14204906      0.15172377     -0.32573014      -0.32573014       257.59166                                257.59166
              1       127.40909       60.084168     0.028753245      0.14475853      0.15719854     -0.32573014      -0.32573014       255.46964                                255.46964
              4       127.73933       60.175273     0.029932843      0.14507265      0.15834698     -0.32573014      -0.32573014       256.13012                                256.13012
              1       127.86244       60.175273     0.029932843      0.16708053      0.15925727     -0.32573014      -0.32573014       256.37633                                256.37633
              1       127.24526       60.175273     0.029932843       0.1649973      0.15790521     -0.32573014      -0.32573014       255.14197                                255.14197
              2       127.74721       60.175273     0.029932843       0.1668834       0.1540036     -0.32573014      -0.32573014       256.14588                                256.14588
              2       126.76178       60.175273     0.029932843       0.1623015      0.15874018     -0.32573014      -0.32573014       254.17502                                254.17502
              1       126.98526       60.175273     0.029932843      0.15636901      0.16423333     -0.32573014      -0.32573014       254.62199                                254.62199
              3        125.4857       60.053825     0.029550536      0.15549618      0.16305995     -0.32573014      -0.32573014       251.62287                                251.62287
              1       125.30056       60.053825     0.029550536      0.15282111      0.16167737     -0.32573014      -0.32573014       251.25258                                251.25258
              2       126.08101       60.053825     0.029550536      0.15077621      0.16473592     -0.32573014      -0.32573014       252.81349                                252.81349
              3       126.16724       60.053825     0.029550536      0.15068185       0.1650492     -0.32573014      -0.32573014       252.98594                                252.98594
              2        125.7741       60.053825     0.029550536      0.15894296      0.16354803     -0.32573014      -0.32573014       252.19967                                252.19967
              1       125.10897       60.053825     0.029550536      0.14961872      0.15437755     -0.32573014      -0.32573014        250.8694                                 250.8694
              1       125.51056       60.053825     0.029550536      0.16292596      0.15508486     -0.32573014      -0.32573014       251.67258                                251.67258
              9       126.09271       60.053825     0.029550536      0.14843133      0.14724571     -0.32573014      -0.32573014       252.83688                                252.83688
              1       126.40292       60.053825     0.029550536      0.14587467      0.14833759     -0.32573014      -0.32573014        253.4573                                 253.4573
              2        125.7211       60.053825     0.029550536      0.14622192      0.15580174     -0.32573014      -0.32573014       252.09365                                252.09365
              9       127.35385       60.134796     0.028872999      0.14792509      0.15668019     -0.32573014      -0.32573014       255.35917                                255.35917
              1       127.94882       60.134796     0.028872999      0.14825801       0.1636348     -0.32573014      -0.32573014       256.54909                                256.54909
              2        129.8527       60.189981     0.029229519      0.14160019      0.15844654     -0.32573014      -0.32573014       260.35686                                260.35686
              4       127.22292       60.189981     0.029229519      0.15228829       0.1559848     -0.32573014      -0.32573014        255.0973                                 255.0973
              3       127.16303       60.189981     0.029229519      0.15639589      0.15301688     -0.32573014      -0.32573014       254.97752                                254.97752
              1       127.23812       60.189981     0.029229519      0.16020002      0.15438459     -0.32573014      -0.32573014       255.12769                                255.12769
              1       127.77014       60.172104     0.028403359      0.16099732      0.15429125     -0.32573014      -0.32573014       256.19175                                256.19175
              3       128.12562       60.123088     0.027291141      0.16179693      0.15391646     -0.32573014      -0.32573014       256.90271                                256.90271
              4       127.13449       60.115557     0.028186703      0.16063739      0.15374891     -0.32573014      -0.32573014       254.92043                                254.92043
              1        128.9832       60.115557     0.028186703      0.14484823      0.16285628     -0.32573014      -0.32573014       258.61786                                258.61786
              1       126.83709       60.115557     0.028186703      0.15694918      0.15815806     -0.32573014      -0.32573014       254.32565                                254.32565
              3       126.59307       60.047201     0.027295135      0.15727127      0.15756738     -0.32573014      -0.32573014       253.83759                                253.83759
              2       128.18733       60.047201     0.027295135      0.15649028      0.14502315     -0.32573014      -0.32573014       257.02612                                257.02612
              1       126.73078       60.047201     0.027295135      0.15903179      0.15409391     -0.32573014      -0.32573014       254.11302                                254.11302
              1       127.01048       60.047201     0.027295135      0.15953292      0.15145612     -0.32573014      -0.32573014       254.67241                                254.67241
              1       126.85153       60.047201     0.027295135      0.16088501      0.15557635     -0.32573014      -0.32573014       254.35452                                254.35452
              4       126.87668       60.156475     0.029001858      0.16003167      0.15649159     -0.32573014      -0.32573014       254.40482                                254.40482
              2       126.76312       60.156475     0.029001858      0.15824951      0.15535242     -0.32573014      -0.32573014        254.1777                                 254.1777
              1        126.8703       60.148896     0.028762272      0.15845445      0.15530144     -0.32573014      -0.32573014       254.39207                                254.39207
              4       126.97045       60.161533     0.028857568      0.15847852      0.15541781     -0.32573014      -0.32573014       254.59236                                254.59236
              2       126.05152       60.151275     0.029784965      0.15872923      0.15634843     -0.32573014      -0.32573014        252.7545                                 252.7545
              2       126.04111       60.151275     0.029784965      0.15306088      0.15573403     -0.32573014      -0.32573014       252.73367                                252.73367
              1       126.64175       60.151275     0.029784965      0.15933946      0.16259802     -0.32573014      -0.32573014       253.93496                                253.93496
              3       128.15106       60.145602     0.029128346      0.15440283        0.144751     -0.32573014      -0.32573014       256.95358                                256.95358
              1       131.48093       60.205661     0.026586289      0.15758551      0.14583015     -0.32573014      -0.32573014       263.61331                                263.61331
              2         131.124       60.205661     0.026586289      0.16911968       0.1579655     -0.32573014      -0.32573014       262.89947                                262.89947
              1       133.40393       60.205661     0.026586289      0.17504539      0.16170531     -0.32573014      -0.32573014       267.45931                                267.45931
              1       133.83559       60.205661     0.026586289      0.14701496      0.17299543     -0.32573014      -0.32573014       268.32265                                268.32265
              2       132.67754       60.205661     0.026586289      0.14652093      0.14749486     -0.32573014      -0.32573014       266.00654                                266.00654
              1       134.51406       60.440205     0.028265517      0.14804631      0.14934703     -0.32573014      -0.32573014       269.67958                                269.67958
              1        132.9389       60.440205     0.028265517      0.14985778      0.15553397     -0.32573014      -0.32573014       266.52925                                266.52925
              1       132.75429       60.440205     0.028265517      0.15785981      0.15005867     -0.32573014      -0.32573014       266.16003                                266.16003
              1       132.43577       60.440205     0.028265517      0.15484798      0.15272534     -0.32573014      -0.32573014       265.52299                                265.52299
              1        132.0538       60.318072     0.026715587      0.15446924      0.15197608     -0.32573014      -0.32573014       264.75905                                264.75905
              1       130.96576       60.384468     0.028959159      0.15381328      0.15193707     -0.32573014      -0.32573014       262.58298                                262.58298
              1       130.89978       60.381129     0.028977414      0.15376563      0.15189727     -0.32573014      -0.32573014       262.45103                                262.45103
              1       130.42578       60.381129     0.028977414      0.16286184       0.1613163     -0.32573014      -0.32573014       261.50303                                261.50303
              2       130.31138       60.381129     0.028977414       0.1618212      0.15594408     -0.32573014      -0.32573014       261.27422                                261.27422
              2       131.40073       60.381129     0.028977414       0.1605456       0.1686067     -0.32573014      -0.32573014       263.45293                                263.45293
              1       130.19512       60.381129     0.028977414      0.16128312      0.15962771     -0.32573014      -0.32573014        261.0417                                 261.0417
              1        129.7173       60.308841     0.028279451      0.16092397      0.15911433     -0.32573014      -0.32573014       260.08605                                260.08605
              2       129.68593       60.308841     0.028279451      0.16040252      0.15729029     -0.32573014      -0.32573014       260.02332                                260.02332
              1       130.31164        60.40651     0.029215073      0.16079028      0.15850867     -0.32573014      -0.32573014       261.27474                                261.27474
              1        128.3072       60.282103     0.029356338      0.15934633      0.15719747     -0.32573014      -0.32573014       257.26586                                257.26586
              1       128.63712       60.281785     0.029270451      0.16122415      0.15443231     -0.32573014      -0.32573014        257.9257                                 257.9257
              6       128.63454       60.281785     0.029270451      0.15254014      0.15605285     -0.32573014      -0.32573014       257.92054                                257.92054
              1       129.69323       60.281785     0.029270451      0.15254361      0.16678827     -0.32573014      -0.32573014       260.03793                                260.03793
              1       128.66774       60.188957     0.028834403      0.15179928       0.1659824     -0.32573014      -0.32573014       257.98694                                257.98694
              2       127.41769       60.188957     0.028834403      0.15421005      0.15805332     -0.32573014      -0.32573014       255.48685                                255.48685
              1       127.58225       60.188957     0.028834403      0.15703731      0.15235948     -0.32573014      -0.32573014       255.81597                                255.81597
              2        126.5843        60.09698     0.028441174      0.15627594      0.15154864     -0.32573014      -0.32573014       253.82007                                253.82007
              6       126.53812       60.066914     0.028300112      0.15190008      0.15072354     -0.32573014      -0.32573014        253.7277                                 253.7277
              2       125.29975       60.082387     0.029968721      0.15104234      0.15034942     -0.32573014      -0.32573014       251.25096                                251.25096
              5       125.49593       60.082387     0.029968721      0.15031456        0.149508     -0.32573014      -0.32573014       251.64332                                251.64332
              1        125.3341       60.082387     0.029968721      0.15908144      0.15001967     -0.32573014      -0.32573014       251.31966                                251.31966
              1       125.10129       60.082387     0.029968721      0.15617405      0.16026043     -0.32573014      -0.32573014       250.85405                                250.85405
              1       125.97793       60.082387     0.029968721      0.16457527      0.15324447     -0.32573014      -0.32573014       252.60732                                252.60732
              2       126.96252       60.082387     0.029968721      0.16754897      0.15937431     -0.32573014      -0.32573014        254.5765                                 254.5765
              1       126.98375        60.07132     0.029748776      0.16756357      0.15933175     -0.32573014      -0.32573014       254.61896                                254.61896
              2       127.26785        60.07132     0.029748776      0.14159559      0.15211734     -0.32573014      -0.32573014       255.18715                                255.18715
              2       126.25921        60.07132     0.029748776      0.16477935      0.15076616     -0.32573014      -0.32573014       253.16989                                253.16989
              1       126.63773        60.07132     0.029748776      0.16392755      0.16350898     -0.32573014      -0.32573014       253.92693                                253.92693
              2        125.2959        60.07132     0.029748776      0.15022483      0.15149958     -0.32573014      -0.32573014       251.24326                                251.24326
              1       125.30986       60.066856     0.029659129      0.15023128      0.15148271     -0.32573014      -0.32573014       251.27117                                251.27117
              4       125.74809       60.066856     0.029659129      0.16108821      0.14918322     -0.32573014      -0.32573014       252.14764                                252.14764
              2       125.70822       60.054153     0.029496807       0.1610495      0.14910564     -0.32573014      -0.32573014       252.06789                                252.06789
              1       125.48406       60.054153     0.029496807      0.16152146      0.15147205     -0.32573014      -0.32573014       251.61958                                251.61958
              2       124.88544       60.054153     0.029496807      0.15639508      0.15260146     -0.32573014      -0.32573014       250.42234                                250.42234
              1       124.90215       60.054153     0.029496807      0.15691631      0.15266222     -0.32573014      -0.32573014       250.45577                                250.45577
              4       125.26598       60.071594     0.029371327      0.15718374      0.15287971     -0.32573014      -0.32573014       251.18342                                251.18342
              1       129.42684       60.071594     0.029371327      0.14641771      0.13937265     -0.32573014      -0.32573014       259.50514                                259.50514
              1         127.701       60.071594     0.029371327      0.16804932      0.14922943     -0.32573014      -0.32573014       256.05347                                256.05347
              2       126.80659       60.071594     0.029371327      0.16130195      0.16536399     -0.32573014      -0.32573014       254.26465                                254.26465
              1        126.5387       60.044365     0.029183662      0.16112039      0.16514665     -0.32573014      -0.32573014       253.72887                                253.72887
              5        127.1852       60.044365     0.029183662      0.15013703      0.14282921     -0.32573014      -0.32573014       255.02185                                255.02185
              1       127.87307       60.044365     0.029183662      0.14889978      0.14130618     -0.32573014      -0.32573014       256.39759                                256.39759
              1       128.08789       60.049003     0.029037058      0.14904056      0.14140009     -0.32573014      -0.32573014       256.82725                                256.82725
              1       127.86393       60.049003     0.029037058       0.1512363      0.14121998     -0.32573014      -0.32573014       256.37932                                256.37932
              2       126.53709       60.049003     0.029037058      0.14995576      0.14621252     -0.32573014      -0.32573014       253.72565                                253.72565
              1       126.56706       60.049003     0.029037058      0.15649832      0.14473254     -0.32573014      -0.32573014       253.78557                                253.78557
              2       126.14481       60.049003     0.029037058      0.15386228      0.16454434     -0.32573014      -0.32573014       252.94109                                252.94109
              1       125.14849       60.049003     0.029037058      0.15360161      0.15683349     -0.32573014      -0.32573014       250.94844                                250.94844
              2       126.28234       60.049003     0.029037058      0.14580928      0.15743645     -0.32573014      -0.32573014       253.21614                                253.21614
              1       125.47815       60.049003     0.029037058      0.15199714      0.15996062     -0.32573014      -0.32573014       251.60775                                251.60775
              3       126.12133       60.049003     0.029037058      0.16338705      0.15157398     -0.32573014      -0.32573014       252.89412                                252.89412
              1       126.16514       60.063006     0.029206817      0.16343536      0.15166242     -0.32573014      -0.32573014       252.98175                                252.98175
              1       125.64376       60.043485     0.029479665      0.16305458      0.15137682     -0.32573014      -0.32573014       251.93898                                251.93898
              4       125.39772       60.043485     0.029479665      0.14794502      0.15844619     -0.32573014      -0.32573014       251.44691                                251.44691
              3       125.03993       60.043485     0.029479665      0.15232174      0.16023911     -0.32573014      -0.32573014       250.73131                                250.73131
              1       124.93111       60.043485     0.029479665      0.15382263      0.15048345     -0.32573014      -0.32573014       250.51369                                250.51369
              2       124.84843       60.043485     0.029479665      0.15417197      0.15114895     -0.32573014      -0.32573014       250.34832                                250.34832
              2       124.88949       60.043485     0.029479665      0.15363676      0.15090204     -0.32573014      -0.32573014       250.43044                                250.43044
              2       124.83599       60.043485     0.029479665      0.15461483      0.15923498     -0.32573014      -0.32573014       250.32344                                250.32344
              2       125.33132       60.043485     0.029479665      0.15272988      0.16231964     -0.32573014      -0.32573014       251.31411                                251.31411
              1       125.63873       60.043485     0.029479665      0.15660132      0.14641539     -0.32573014      -0.32573014       251.92893                                251.92893
              1       126.07016       60.043485     0.029479665      0.16291521      0.14808349     -0.32573014      -0.32573014       252.79179                                252.79179
              1       126.00315       60.043485     0.029479665      0.15822184      0.14529132     -0.32573014      -0.32573014       252.65775                                252.65775
              1       126.03198        60.05055     0.029559502      0.15824979      0.14533778     -0.32573014      -0.32573014       252.71542                                252.71542
              1       125.88286        60.05055     0.029559502      0.15997322      0.14675921     -0.32573014      -0.32573014       252.41718                                252.41718
              2       125.10819        60.05055     0.029559502      0.15241502      0.16055637     -0.32573014      -0.32573014       250.86785                                250.86785
              3       125.05498        60.05055     0.029559502      0.15284739      0.16035211     -0.32573014      -0.32573014       250.76143                                250.76143
              1       124.74867        60.05055     0.029559502      0.15434588      0.15771447     -0.32573014      -0.32573014       250.14881                                250.14881
              3       125.00504        60.05055     0.029559502      0.14989748      0.15577961     -0.32573014      -0.32573014       250.66154                                250.66154
              1       124.75928        60.05055     0.029559502      0.15754921        0.154252     -0.32573014      -0.32573014       250.17002                                250.17002
              1       124.79854        60.05055     0.029559502      0.15655488      0.15238027     -0.32573014      -0.32573014       250.24855                                250.24855
              1       123.99953       60.010875     0.029818331      0.15596287        0.151894     -0.32573014      -0.32573014       248.65053                                248.65053
              1       124.00733       60.010875     0.029818331      0.15541596      0.15791816     -0.32573014      -0.32573014       248.66613                                248.66613
              5       126.28368       60.010875     0.029818331      0.16411357      0.14481175     -0.32573014      -0.32573014       253.21883                                253.21883
              1       126.64571       60.010875     0.029818331      0.14353297      0.16464148     -0.32573014      -0.32573014       253.94289                                253.94289
              1       129.00594       60.104479     0.028515203      0.14535568      0.16600932     -0.32573014      -0.32573014       258.66334                                258.66334
              2       128.44255        60.16513     0.029253656      0.14506171      0.16086331     -0.32573014      -0.32573014       257.53657                                257.53657
              2       126.87076       60.093721     0.029937245      0.14386224      0.15991874     -0.32573014      -0.32573014       254.39298                                254.39298
              3       126.21471       60.093721     0.029937245      0.14544571      0.15680577     -0.32573014      -0.32573014       253.08087                                253.08087
              1       126.13855       60.093721     0.029937245      0.14574376       0.1567173     -0.32573014      -0.32573014       252.92856                                252.92856
              1       126.42225       60.056148     0.028685437      0.14793237      0.15962907     -0.32573014      -0.32573014       253.49595                                253.49595
              1       127.45881       60.056148     0.028685437       0.1431492      0.15501394     -0.32573014      -0.32573014       255.56908                                255.56908
              5        126.8247       60.056148     0.028685437      0.14622765      0.15152492     -0.32573014      -0.32573014       254.30086                                254.30086
              1       125.54172       60.056148     0.028685437      0.15378198      0.15647655     -0.32573014      -0.32573014        251.7349                                 251.7349
              6       126.74206        60.20375      0.02980772      0.15470161      0.15762127     -0.32573014      -0.32573014       254.13559                                254.13559
              4       127.17639        60.20375      0.02980772      0.15014531      0.15673664     -0.32573014      -0.32573014       255.00423                                255.00423
              1       128.07362       60.082618     0.026702057      0.15073456      0.15649321     -0.32573014      -0.32573014       256.79869                                256.79869
              2       128.13078       60.082618     0.026702057      0.16002541      0.15138584     -0.32573014      -0.32573014       256.91303                                256.91303
              1       129.51656       60.082618     0.026702057      0.16434896      0.14728705     -0.32573014      -0.32573014       259.68459                                259.68459
              1       130.51363       60.189137     0.027345518      0.16511502      0.14816618     -0.32573014      -0.32573014       261.67871                                261.67871
              3       126.97309       60.099794     0.029712184      0.16268452      0.14650288     -0.32573014      -0.32573014       254.59765                                254.59765
              3       126.34894       60.099794     0.029712184       0.1613931      0.14848848     -0.32573014      -0.32573014       253.34934                                253.34934
              1       125.59074       60.099794     0.029712184      0.16040101      0.15682504     -0.32573014      -0.32573014       251.83295                                251.83295
              3       126.27756       60.099794     0.029712184      0.15318186      0.16435688     -0.32573014      -0.32573014       253.20658                                253.20658
              4       126.52237       60.099794     0.029712184      0.16524943      0.15403657     -0.32573014      -0.32573014       253.69619                                253.69619
              2       126.52426        60.10034       0.0297193      0.16525101      0.15403987     -0.32573014      -0.32573014       253.69999                                253.69999
              4        126.8248        60.10034       0.0297193      0.14660682      0.14878691     -0.32573014      -0.32573014       254.30106                                254.30106
              2         127.466        60.10034       0.0297193      0.16088125      0.16766365     -0.32573014      -0.32573014       255.58345                                255.58345
              2        127.7092        60.10034       0.0297193      0.16647702      0.16401333     -0.32573014      -0.32573014       256.06987                                256.06987
              4       127.96544        60.10034       0.0297193      0.15878123      0.16988885     -0.32573014      -0.32573014       256.58234                                256.58234
              2       126.38734       60.040007     0.028603179      0.16095954      0.16292479     -0.32573014      -0.32573014       253.42613                                253.42613
              1       125.41171       60.040007     0.028603179      0.15312699      0.15459727     -0.32573014      -0.32573014       251.47489                                251.47489
              2       124.98331       60.051513     0.029298082      0.15282501      0.15449299     -0.32573014      -0.32573014       250.61809                                250.61809
              1       125.55458       60.051513     0.029298082      0.15939192      0.16119403     -0.32573014      -0.32573014       251.76062                                251.76062
              2        125.4683       60.051513     0.029298082      0.15125976      0.16081085     -0.32573014      -0.32573014       251.58806                                251.58806
              4        125.2149       60.051513     0.029298082      0.15741174      0.15982486     -0.32573014      -0.32573014       251.08127                                251.08127
              2       125.46322       60.051513     0.029298082      0.14897581      0.15775554     -0.32573014      -0.32573014        251.5779                                 251.5779
              7       126.63291       60.051513     0.029298082      0.14517737      0.14936629     -0.32573014      -0.32573014       253.91728                                253.91728
              2       125.50463       60.051513     0.029298082      0.14901758      0.15845698     -0.32573014      -0.32573014       251.66073                                251.66073
              4       125.07997       60.051513     0.029298082      0.15870445      0.15657039     -0.32573014      -0.32573014        250.8114                                 250.8114
              2        127.1563       60.051513     0.029298082      0.14985892      0.16765505     -0.32573014      -0.32573014       254.96406                                254.96406
              2       127.22677       60.051513     0.029298082      0.14167753      0.15507389     -0.32573014      -0.32573014       255.10499                                255.10499
              1        127.0078       60.051513     0.029298082      0.15592936      0.14247379     -0.32573014      -0.32573014       254.66706                                254.66706
              1       126.20109       60.051513     0.029298082      0.14644557      0.15028873     -0.32573014      -0.32573014       253.05364                                253.05364
              1       125.12255       60.051513     0.029298082      0.15738952      0.15185714     -0.32573014      -0.32573014       250.89657                                250.89657
              2       125.88959       60.051513     0.029298082      0.15574464      0.16422363     -0.32573014      -0.32573014       252.43064                                252.43064
              1       125.54762       60.051513     0.029298082      0.16157016      0.15850328     -0.32573014      -0.32573014        251.7467                                 251.7467
              3       125.52584       60.051513     0.029298082      0.16099671      0.15927135     -0.32573014      -0.32573014       251.70314                                251.70314
              2       125.69665       60.051513     0.029298082      0.15002872      0.16140939     -0.32573014      -0.32573014       252.04475                                252.04475
              3       125.09424       60.051513     0.029298082      0.15738453      0.15858473     -0.32573014      -0.32573014       250.83993                                250.83993
              1       125.74017       60.051513     0.029298082      0.15808648      0.16299763     -0.32573014      -0.32573014        252.1318                                 252.1318
              1       126.16383       60.051513     0.029298082      0.15065691      0.16430657     -0.32573014      -0.32573014       252.97912                                252.97912
              6       126.37951       60.051513     0.029298082      0.16268402      0.16314118     -0.32573014      -0.32573014       253.41048                                253.41048
              1       126.15648       60.051513     0.029298082      0.15368022      0.14551787     -0.32573014      -0.32573014       252.96443                                252.96443
              5       127.43066       60.051513     0.029298082      0.15123531      0.14177653     -0.32573014      -0.32573014       255.51277                                255.51277
              4       126.98197       60.051513     0.029298082      0.16566283      0.14806266     -0.32573014      -0.32573014       254.61539                                254.61539
              2       127.59588       60.051513     0.029298082      0.15487044      0.14075839     -0.32573014      -0.32573014       255.84322                                255.84322
              1       127.67155       60.130413     0.029270913      0.15845422       0.1451678     -0.32573014      -0.32573014       255.99455                                255.99455
              2       126.23939       60.130413     0.029270913      0.15249124      0.15703126     -0.32573014      -0.32573014       253.13024                                253.13024
              3       127.74336       60.223955     0.029114115      0.15360806      0.15803327     -0.32573014      -0.32573014       256.13817                                256.13817
              4       128.03312       60.223955     0.029114115      0.15101073      0.15742353     -0.32573014      -0.32573014       256.71771                                256.71771
              1       127.12699        60.11942     0.028411997      0.15022652      0.15685016     -0.32573014      -0.32573014       254.90545                                254.90545
              2       127.48797        60.11942     0.028411997      0.14986686      0.15153588     -0.32573014      -0.32573014       255.62739                                255.62739
              2       126.37818       60.075121     0.029444231      0.15076141      0.14664181     -0.32573014      -0.32573014       253.40783                                253.40783
              1       126.95382       60.075121     0.029444231       0.1437171      0.15858551     -0.32573014      -0.32573014       254.55911                                254.55911
              3       127.40538       60.075121     0.029444231      0.16161711      0.16740629     -0.32573014      -0.32573014       255.46223                                255.46223
              1       126.52237       60.075121     0.029444231      0.14537856      0.15889066     -0.32573014      -0.32573014       253.69619                                253.69619
              3       125.05959       60.010866     0.029262394      0.14732657      0.15481974     -0.32573014      -0.32573014       250.77064                                250.77064
              1       125.00023       60.010866     0.029262394      0.14791127      0.15307001     -0.32573014      -0.32573014       250.65192                                250.65192
              7       124.50764       60.010866     0.029262394      0.15807884      0.15657307     -0.32573014      -0.32573014       249.66674                                249.66674
              4       124.94516       60.010866     0.029262394      0.16148745      0.15672148     -0.32573014      -0.32573014       250.54179                                250.54179
              1       125.33986       60.010866     0.029262394      0.14653201      0.15193677     -0.32573014      -0.32573014       251.33117                                251.33117
              1       124.49193       60.010866     0.029262394      0.15796223      0.15640366     -0.32573014      -0.32573014       249.63533                                249.63533
              1        124.5198       60.010866     0.029262394      0.15310891      0.15837128     -0.32573014      -0.32573014       249.69107                                249.69107
              1       126.57713       60.010866     0.029262394      0.14160568      0.15577496     -0.32573014      -0.32573014       253.80571                                253.80571
              2       127.83653       60.052225     0.028639708      0.14457976      0.14760431     -0.32573014      -0.32573014       256.32453                                256.32453
              2       133.66147       60.052225     0.028639708      0.13915614      0.17520472     -0.32573014      -0.32573014       267.97439                                267.97439
              1       133.42559       60.052069     0.028888071      0.13898576      0.17499797     -0.32573014      -0.32573014       267.50265                                267.50265
              1       130.69643       60.052069     0.028888071      0.15052092       0.1758031     -0.32573014      -0.32573014       262.04433                                262.04433
              2       125.83989       60.052069     0.028888071      0.15809701      0.14940204     -0.32573014      -0.32573014       252.33123                                252.33123
              1       125.80462       60.052069     0.028888071      0.15703697      0.16195763     -0.32573014      -0.32573014       252.26071                                252.26071
              2       125.74628       60.051253     0.028938561      0.15699287      0.16190694     -0.32573014      -0.32573014       252.14402                                252.14402
              1       126.39648       60.051253     0.028938561      0.16161419      0.14816651     -0.32573014      -0.32573014       253.44443                                253.44443
              5       126.85521       60.051253     0.028938561      0.15049938      0.16592007     -0.32573014      -0.32573014       254.36189                                254.36189
              3       126.41528       60.051253     0.028938561      0.15820819      0.16494108     -0.32573014      -0.32573014       253.48201                                253.48201
              4       126.53429       60.034723     0.028543257      0.15827706      0.16508511     -0.32573014      -0.32573014       253.72003                                253.72003
              1       126.71279       60.040884     0.028453613      0.15841217      0.16522707     -0.32573014      -0.32573014       254.07704                                254.07704
              2       127.46643       60.040884     0.028453613      0.15900431      0.16782427     -0.32573014      -0.32573014       255.58432                                255.58432
              1       127.77442       60.117443     0.029250361       0.1571193      0.16811818     -0.32573014      -0.32573014       256.20031                                256.20031
              2       127.74543       60.141624     0.029667448      0.15712792      0.16804057     -0.32573014      -0.32573014       256.14232                                256.14232
              1       128.26635       60.141624     0.029667448      0.16938508      0.15517691     -0.32573014      -0.32573014       257.18417                                257.18417
              4           127.6       60.141624     0.029667448      0.14774016      0.14769722     -0.32573014      -0.32573014       255.85146                                255.85146
              1       126.06946       60.141624     0.029667448      0.15678831      0.15951453     -0.32573014      -0.32573014       252.79039                                252.79039
              6       126.11219       60.141624     0.029667448      0.15610383      0.16008187     -0.32573014      -0.32573014       252.87584                                252.87584
              2       126.16115       60.141624     0.029667448        0.160298      0.15587271     -0.32573014      -0.32573014       252.97376                                252.97376
              1       127.00129        60.20536     0.029801531       0.1609756      0.15646501     -0.32573014      -0.32573014       254.65403                                254.65403
              3       126.88581        60.20536     0.029801531      0.15368813      0.15407812     -0.32573014      -0.32573014       254.42308                                254.42308
              2       127.74916       60.079377     0.026609539      0.15433453      0.15532369     -0.32573014      -0.32573014       256.14979                                256.14979
              4       128.04835       60.079377     0.026609539      0.16069179      0.15280749     -0.32573014      -0.32573014       256.74816                                256.74816
              4       127.16363       60.068252     0.027455676      0.15998359      0.15198626     -0.32573014      -0.32573014       254.97872                                254.97872
              1       127.73432       60.068252     0.027455676      0.16075995      0.14879876     -0.32573014      -0.32573014       256.12009                                256.12009
              1       128.58208       60.068252     0.027455676      0.15479515      0.16853136     -0.32573014      -0.32573014       257.81561                                257.81561
              1       128.32658       60.149067      0.02963051      0.14585203      0.16501098     -0.32573014      -0.32573014       257.30462                                257.30462
              1       128.39885       60.149067      0.02963051      0.14364275      0.16203811     -0.32573014      -0.32573014       257.44915                                257.44915
              1       127.94723       60.149067      0.02963051      0.14491292      0.16150926     -0.32573014      -0.32573014       256.54593                                256.54593
              3        127.5467        60.12695     0.029734792      0.14457547      0.16117922     -0.32573014      -0.32573014       255.74485                                255.74485
              3       125.64927        60.12695     0.029734792      0.15621277      0.15475264     -0.32573014      -0.32573014          251.95                                   251.95
              6       124.80223       60.010557     0.028735462      0.15548722      0.15429384     -0.32573014      -0.32573014       250.25592                                250.25592
              1       124.85537       60.010557     0.028735462      0.15635364      0.15725641     -0.32573014      -0.32573014        250.3622                                 250.3622
              3       125.11195       60.010557     0.028735462      0.15030434      0.15690857     -0.32573014      -0.32573014       250.87535                                250.87535
              2       126.73159       60.010557     0.028735462      0.16698915      0.15198541     -0.32573014      -0.32573014       254.11464                                254.11464
              1        125.9785       60.010557     0.028735462      0.14573187      0.15772653     -0.32573014      -0.32573014       252.60846                                252.60846
              1       128.02472       60.010557     0.028735462      0.15773779      0.17112779     -0.32573014      -0.32573014       256.70089                                256.70089
              1       128.39247       60.010557     0.028735462      0.14832547      0.17080534     -0.32573014      -0.32573014        257.4364                                 257.4364
              1       128.69395       60.010557     0.028735462      0.14985031      0.13849379     -0.32573014      -0.32573014       258.03936                                258.03936
              3       127.28402       60.010557     0.028735462       0.1459184      0.16594467     -0.32573014      -0.32573014        255.2195                                 255.2195
              1       125.35059       60.010557     0.028735462       0.1608507      0.15864742     -0.32573014      -0.32573014       251.35265                                251.35265
              9       125.36235       60.010557     0.028735462      0.14892689      0.15798537     -0.32573014      -0.32573014       251.37616                                251.37616
              3       125.38513       60.010557     0.028735462      0.14921406      0.15884154     -0.32573014      -0.32573014       251.42171                                251.42171
              1       125.00466       60.010557     0.028735462      0.15208872      0.15245615     -0.32573014      -0.32573014       250.66078                                250.66078
              1       124.80312       60.010557     0.028735462      0.15539236      0.15422827     -0.32573014      -0.32573014       250.25769                                250.25769
              2       125.36661        60.04268     0.028623213      0.15585587      0.15467525     -0.32573014      -0.32573014       251.38468                                251.38468
              3       126.67396        60.04268     0.028623213      0.16409109      0.15025244     -0.32573014      -0.32573014       253.99937                                253.99937
              5       129.35607        60.04268     0.028623213      0.17211295      0.16169798     -0.32573014      -0.32573014       259.36359                                259.36359
              1       128.75084        60.04268     0.028623213      0.13969364      0.15133767     -0.32573014      -0.32573014       258.15315                                258.15315
              1       128.11409       60.018136     0.029037036      0.13911693      0.15072533     -0.32573014      -0.32573014       256.87965                                256.87965
              7       125.08692       60.018136     0.029037036      0.15970305      0.15884012     -0.32573014      -0.32573014        250.8253                                 250.8253
              1       125.22366       60.018136     0.029037036      0.16033723      0.15940618     -0.32573014      -0.32573014       251.09878                                251.09878
              1       124.99272       60.018136     0.029037036      0.15148575      0.15915116     -0.32573014      -0.32573014        250.6369                                 250.6369
              1       124.91232       60.002597     0.028870676      0.15141124      0.15911711     -0.32573014      -0.32573014       250.47611                                250.47611
              1       125.25763       60.002597     0.028870676       0.1477846      0.15324079     -0.32573014      -0.32573014       251.16672                                251.16672
              1       125.44514       60.002597     0.028870676      0.14733375      0.15172252     -0.32573014      -0.32573014       251.54174                                251.54174
              1       126.56774       60.002597     0.028870676      0.16448011      0.16339996     -0.32573014      -0.32573014       253.78695                                253.78695
              2       127.32635       60.002597     0.028870676      0.16110995       0.1686465     -0.32573014      -0.32573014       255.30415                                255.30415
              2       126.89422       60.002597     0.028870676      0.16481422      0.16450303     -0.32573014      -0.32573014       254.43991                                254.43991
              2       126.47367       60.002597     0.028870676      0.15061343      0.16671396     -0.32573014      -0.32573014       253.59879                                253.59879
              1       126.60016       60.002597     0.028870676      0.15015066       0.1669611     -0.32573014      -0.32573014       253.85178                                253.85178
              1       126.39546       60.002597     0.028870676      0.15296858      0.14323885     -0.32573014      -0.32573014       253.44239                                253.44239
              1       125.15199       60.002597     0.028870676       0.1496676      0.15079803     -0.32573014      -0.32573014       250.95544                                250.95544
              1       125.10254       60.002597     0.028870676      0.14854912      0.15378989     -0.32573014      -0.32573014       250.85655                                250.85655
              2       126.43236       60.002597     0.028870676      0.14330381      0.15175652     -0.32573014      -0.32573014       253.51618                                253.51618
              3        126.9391       60.002597     0.028870676      0.14247447      0.14954225     -0.32573014      -0.32573014       254.52967                                254.52967
              2       126.30288       60.002597     0.028870676      0.14685107      0.14665944     -0.32573014      -0.32573014       253.25721                                253.25721
              2       126.81393       60.101579     0.029965654      0.14730178      0.14684723     -0.32573014      -0.32573014       254.27932                                254.27932
              4       126.33031       60.101579     0.029965654      0.14911763      0.14759776     -0.32573014      -0.32573014       253.31208                                253.31208
              3       126.05949       60.101579     0.029965654      0.14731299      0.15162629     -0.32573014      -0.32573014       252.77043                                252.77043
              2       126.72676       60.101579     0.029965654      0.14787393      0.14673265     -0.32573014      -0.32573014       254.10498                                254.10498
              4       126.20044       60.101579     0.029965654      0.14638385      0.15869746     -0.32573014      -0.32573014       253.05234                                253.05234
              1       125.85589       60.101579     0.029965654      0.14744801      0.15452983     -0.32573014      -0.32573014       252.36325                                252.36325
              2       126.81607       60.155072     0.029707314      0.14826834      0.15533313     -0.32573014      -0.32573014       254.28359                                254.28359
              2       127.97078       60.155072     0.029707314      0.14817537      0.16564971     -0.32573014      -0.32573014       256.59301                                256.59301
              2       128.27005       60.155072     0.029707314      0.14755789      0.16634439     -0.32573014      -0.32573014       257.19157                                257.19157
              1       127.82079       60.132933     0.029181599      0.14773272       0.1639604     -0.32573014      -0.32573014       256.29304                                256.29304
              2       128.10306       60.132933     0.029181599       0.1458679      0.16312792     -0.32573014      -0.32573014       256.85757                                256.85757
              1       126.36306       60.132933     0.029181599      0.15330388      0.15866995     -0.32573014      -0.32573014       253.37759                                253.37759
              2       126.31883       60.132933     0.029181599      0.15325594      0.15464164     -0.32573014      -0.32573014       253.28911                                253.28911
              2       127.56336       60.115042     0.028753642      0.16424768      0.15060283     -0.32573014      -0.32573014       255.77819                                255.77819
              1       129.17776       60.115042     0.028753642      0.14179963       0.1514334     -0.32573014      -0.32573014       259.00698                                259.00698
              1        130.6234       60.115042     0.028753642      0.14167019      0.14465704     -0.32573014      -0.32573014       261.89827                                261.89827
              1       130.46789       60.115042     0.028753642      0.14883792      0.13955406     -0.32573014      -0.32573014       261.58724                                261.58724
              3       130.39773       60.115042     0.028753642      0.14645067      0.14100029     -0.32573014      -0.32573014       261.44692                                261.44692
              1       129.67032       60.115042     0.028753642      0.15100174      0.14068805     -0.32573014      -0.32573014        259.9921                                 259.9921
              1       126.60511       60.115042     0.028753642      0.15165255      0.15409166     -0.32573014      -0.32573014       253.86168                                253.86168
              2        127.1769       60.115042     0.028753642      0.14779249      0.15541148     -0.32573014      -0.32573014       255.00525                                255.00525
              2       127.18435       60.080471     0.028202982      0.14841024      0.15243198     -0.32573014      -0.32573014       255.02016                                255.02016
              7        125.9489       60.011223     0.028547082      0.14734174      0.15138411     -0.32573014      -0.32573014       252.54927                                252.54927
              1       125.44572       60.011223     0.028547082       0.1518815      0.15015471     -0.32573014      -0.32573014        251.5429                                 251.5429
              1       126.75824       60.011223     0.028547082      0.16047189      0.14469294     -0.32573014      -0.32573014       254.16793                                254.16793
              2       126.64331       60.011223     0.028547082      0.16067315      0.14523522     -0.32573014      -0.32573014       253.93808                                253.93808
              2       125.96895       60.011223     0.028547082      0.15033403      0.16292227     -0.32573014      -0.32573014       252.58935                                252.58935
              9       125.00511       60.011223     0.028547082      0.15428996      0.15370333     -0.32573014      -0.32573014       250.66167                                250.66167
              1        125.3991       60.011223     0.028547082      0.15620414      0.14957733     -0.32573014      -0.32573014       251.44965                                251.44965
              2        125.6095       60.011223     0.028547082      0.16206767      0.15343274     -0.32573014      -0.32573014       251.87045                                251.87045
              2       125.87889       60.011223     0.028547082       0.1631953      0.15252596     -0.32573014      -0.32573014       252.40924                                252.40924
              3       125.09154       60.011223     0.028547082      0.15580352      0.15861349     -0.32573014      -0.32573014       250.83454                                250.83454
              2       126.55516       60.011223     0.028547082      0.14574713      0.16144863     -0.32573014      -0.32573014       253.76179                                253.76179
              1       126.62237       60.011223     0.028547082      0.15296471      0.16669358     -0.32573014      -0.32573014        253.8962                                 253.8962
              2       125.40987       60.011223     0.028547082      0.15841608      0.16045347     -0.32573014      -0.32573014        251.4712                                 251.4712
              9       125.23827       60.011223     0.028547082      0.15110914      0.15772507     -0.32573014      -0.32573014         251.128                                  251.128
              2       125.68032       60.089622     0.029348342      0.15151092      0.15792832     -0.32573014      -0.32573014       252.01209                                252.01209
              1       126.83956       60.175215     0.029427347      0.15248946      0.15880717     -0.32573014      -0.32573014       254.33058                                254.33058
              5       126.82708       60.175215     0.029427347      0.15285373      0.15912914     -0.32573014      -0.32573014       254.30562                                254.30562
              4       128.01176       60.175215     0.029427347      0.15201648      0.16618264     -0.32573014      -0.32573014       256.67498                                256.67498
              2       128.01742       60.065725     0.028102465      0.16799569      0.15743716     -0.32573014      -0.32573014        256.6863                                 256.6863
              1        126.9047       60.065725     0.028102465      0.16216923      0.16077017     -0.32573014      -0.32573014       254.46086                                254.46086
              1       126.33699       60.065725     0.028102465      0.15987321      0.15636781     -0.32573014      -0.32573014       253.32543                                253.32543
              4       125.61929         60.0101     0.027970182      0.15929219      0.15586347     -0.32573014      -0.32573014       251.89005                                251.89005
              1       126.58523       60.115767     0.028655352      0.15963894      0.15777834     -0.32573014      -0.32573014       253.82192                                253.82192
              2       127.51564       60.115767     0.028655352      0.16493655      0.15939821     -0.32573014      -0.32573014       255.68275                                255.68275
              1       127.37974       60.115767     0.028655352      0.16123489      0.16346626     -0.32573014      -0.32573014       255.41094                                255.41094
              1       128.13005       60.166349     0.029725703      0.14692796      0.16450605     -0.32573014      -0.32573014       256.91156                                256.91156
              1       128.05777       60.166349     0.029725703      0.14703797      0.16427785     -0.32573014      -0.32573014       256.76699                                256.76699
              8       127.74335       60.166349     0.029725703      0.14864515      0.16437461     -0.32573014      -0.32573014       256.13816                                256.13816
              1       127.44096       60.166349     0.029725703      0.14639043      0.15819135     -0.32573014      -0.32573014       255.53338                                255.53338
              7         126.413       60.166349     0.029725703      0.15859901      0.15323567     -0.32573014      -0.32573014       253.47746                                253.47746
              1       126.78804       60.133106     0.029009368      0.16133869      0.15365122     -0.32573014      -0.32573014       254.22755                                254.22755
              3       127.88834       60.238061     0.029544232      0.16224143       0.1543673     -0.32573014      -0.32573014       256.42815                                256.42815
              2       129.07686       60.238061     0.029544232      0.16155255       0.1465375     -0.32573014      -0.32573014       258.80519                                258.80519
              3       130.21342       60.238061     0.029544232      0.14881702      0.14434982     -0.32573014      -0.32573014       261.07831                                261.07831
              4       127.76884       60.238061     0.029544232      0.15794224      0.15180596     -0.32573014      -0.32573014       256.18913                                256.18913
              1        127.6839       60.238061     0.029544232      0.15626163      0.15237203     -0.32573014      -0.32573014       256.01925                                256.01925
              2       126.41308       60.051908     0.028117787       0.1502645      0.15886168     -0.32573014      -0.32573014       253.47763                                253.47763
              2       126.80274       60.051908     0.028117787      0.16223286      0.15071294     -0.32573014      -0.32573014       254.25694                                254.25694
              6       126.69745       60.051908     0.028117787      0.16345796      0.15455423     -0.32573014      -0.32573014       254.04636                                254.04636
              2       126.42292       60.051908     0.028117787      0.16204191        0.155487     -0.32573014      -0.32573014        253.4973                                 253.4973
              3       128.31706       60.079517     0.026417327      0.16333948      0.15698496     -0.32573014      -0.32573014       257.28559                                257.28559
              1       128.26636       60.079517     0.026417327      0.15747689      0.16325434     -0.32573014      -0.32573014       257.18417                                257.18417
              1       129.13052       60.079517     0.026417327      0.16455421      0.16402598     -0.32573014      -0.32573014        258.9125                                 258.9125
              2        127.8012       60.079517     0.026417327      0.15686908      0.15630797     -0.32573014      -0.32573014       256.25386                                256.25386
              3       125.09867       60.041711     0.028931535      0.15497812      0.15411688     -0.32573014      -0.32573014       250.84879                                250.84879
              1       125.67793       60.041711     0.028931535      0.15545856      0.16241547     -0.32573014      -0.32573014       252.00731                                252.00731
              1       128.28201       60.041711     0.028931535       0.1617702      0.17005663     -0.32573014      -0.32573014       257.21548                                257.21548
              1       127.86859       60.084026      0.02999121      0.16150569      0.16959157     -0.32573014      -0.32573014       256.38863                                256.38863
              1       126.41346       60.084026      0.02999121      0.15812074      0.14435028     -0.32573014      -0.32573014       253.47839                                253.47839
              4       126.10516       60.084026      0.02999121      0.15199225      0.14556203     -0.32573014      -0.32573014       252.86178                                252.86178
              3       127.74679       60.084026      0.02999121      0.14850426      0.16915298     -0.32573014      -0.32573014       256.14505                                256.14505
              1       126.44934       60.084026      0.02999121      0.14368271      0.15561987     -0.32573014      -0.32573014       253.55015                                253.55015
              1       126.54338       60.060641     0.028968422      0.14562755      0.15561549     -0.32573014      -0.32573014       253.73823                                253.73823
              1       126.35013       60.060641     0.028968422      0.15076018      0.14790023     -0.32573014      -0.32573014       253.35172                                253.35172
              4       125.71188       60.060641     0.028968422      0.15227904       0.1510353     -0.32573014      -0.32573014       252.07522                                252.07522
              2       125.72885       60.060641     0.028968422        0.150371      0.15305394     -0.32573014      -0.32573014       252.10917                                252.10917
              4       127.14796       60.060641     0.028968422      0.16500504      0.14840442     -0.32573014      -0.32573014       254.94738                                254.94738
              1       128.07565       60.168821     0.029780083      0.16549505      0.14864451     -0.32573014      -0.32573014       256.80276                                256.80276
              1       126.49468       60.168821     0.029780083      0.15948915      0.15293719     -0.32573014      -0.32573014       253.64082                                253.64082
              4       127.79906       60.106655     0.027186342      0.16051512       0.1544014     -0.32573014      -0.32573014       256.24958                                256.24958
              2       127.66963       60.106655     0.027186342      0.15436598      0.15482833     -0.32573014      -0.32573014       255.99072                                255.99072
              6       127.63139       60.106655     0.027186342      0.15942382      0.15766157     -0.32573014      -0.32573014       255.91423                                255.91423
              2       127.99982       60.126034     0.027069577      0.15967274      0.15790202     -0.32573014      -0.32573014       256.65111                                256.65111
              1       127.80125       60.167133     0.028014236      0.15946779      0.15751401     -0.32573014      -0.32573014       256.25395                                256.25395
              1       128.85447       60.167133     0.028014236       0.1661113      0.15923525     -0.32573014      -0.32573014        258.3604                                 258.3604
              1       127.85731       60.117159     0.028301604      0.16547785      0.15862553     -0.32573014      -0.32573014       256.36607                                256.36607
              1       128.77762       60.117159     0.028301604      0.16397933      0.16666809     -0.32573014      -0.32573014        258.2067                                 258.2067
              1       128.53989       60.015802     0.027000101      0.16385278      0.16685063     -0.32573014      -0.32573014       257.73125                                257.73125
              4       128.20524       60.015802     0.027000101      0.14487632      0.16083789     -0.32573014      -0.32573014       257.06193                                257.06193
              9       127.94527       60.015802     0.027000101      0.15342632      0.16720468     -0.32573014      -0.32573014       256.54199                                256.54199
              3       131.80841       60.015802     0.027000101      0.17668638      0.15758224     -0.32573014      -0.32573014       264.26827                                264.26827
              1       131.44074       60.015802     0.027000101       0.1752919      0.16163756     -0.32573014      -0.32573014       263.53295                                263.53295
              1       127.55778       60.086111     0.028448702      0.16635485      0.15773747     -0.32573014      -0.32573014       255.76703                                255.76703
              1       126.80378       60.045382     0.028721383       0.1662427      0.15590027     -0.32573014      -0.32573014       254.25903                                254.25903
              1       128.76945       60.045382     0.028721383      0.15189933       0.1394243     -0.32573014      -0.32573014       258.19036                                258.19036
              3       129.03623       60.045382     0.028721383      0.13836418      0.15438098     -0.32573014      -0.32573014       258.72393                                258.72393
              1       128.58071       60.045382     0.028721383      0.14194082      0.16435319     -0.32573014      -0.32573014       257.81288                                257.81288
              1       129.18154        60.08362     0.028662873      0.14232633      0.16469819     -0.32573014      -0.32573014       259.01454                                259.01454
              3       129.80215        60.08362     0.028662873      0.13960186      0.16255801     -0.32573014      -0.32573014       260.25576                                260.25576
              1       129.48395       60.013205     0.027848458      0.13945876      0.16261721     -0.32573014      -0.32573014       259.61936                                259.61936
              1       127.21378       60.013205     0.027848458      0.15010181      0.16575097     -0.32573014      -0.32573014       255.07902                                255.07902
              1       128.18298       60.048469      0.02733913      0.15073723      0.16641209     -0.32573014      -0.32573014       257.01742                                257.01742
              3        127.4929       60.036811     0.027915011      0.15027669      0.16588662     -0.32573014      -0.32573014       255.63726                                255.63726
              1        127.0597       60.036811     0.027915011      0.14779496      0.15049573     -0.32573014      -0.32573014       254.77086                                254.77086
              1       127.13926       60.057564        0.028198      0.14781073      0.15044593     -0.32573014      -0.32573014       254.92998                                254.92998
              2       127.22323       60.057564        0.028198      0.15716874      0.16603985     -0.32573014      -0.32573014       255.09791                                255.09791
              1       125.94029       60.057564        0.028198      0.15551462      0.15543749     -0.32573014      -0.32573014       252.53205                                252.53205
              1       126.95047       60.057564        0.028198      0.16385725      0.15987274     -0.32573014      -0.32573014       254.55239                                254.55239
              2       126.74313       60.126506     0.029542178      0.16366126      0.15940296     -0.32573014      -0.32573014       254.13773                                254.13773
              6       125.80464       60.126506     0.029542178      0.15675592      0.15635943     -0.32573014      -0.32573014       252.26073                                252.26073
              1       125.77911       60.000385      0.02743971      0.15689532      0.15695032     -0.32573014      -0.32573014       252.20968                                252.20968
              4        127.3668       60.000385      0.02743971      0.15651334      0.16720888     -0.32573014      -0.32573014       255.38506                                255.38506
              1       127.33634       60.000385      0.02743971      0.15729763      0.16701368     -0.32573014      -0.32573014       255.32413                                255.32413
              1       128.76362       60.000385      0.02743971      0.15060334      0.17051197     -0.32573014      -0.32573014        258.1787                                 258.1787
              1       127.18079       60.000385      0.02743971       0.1473119      0.14931819     -0.32573014      -0.32573014       255.01304                                255.01304
              1       129.68924       60.000385      0.02743971      0.17009437      0.14575943     -0.32573014      -0.32573014       260.02995                                260.02995
              2       128.75241       60.000385      0.02743971      0.16695072      0.14539835     -0.32573014      -0.32573014       258.15627                                258.15627
              5       126.52188       60.000385      0.02743971      0.16284342      0.15279698     -0.32573014      -0.32573014       253.69523                                253.69523
              2        128.1408       60.000385      0.02743971      0.14652555      0.16616154     -0.32573014      -0.32573014       256.93306                                256.93306
              1        127.9404       60.000385      0.02743971      0.14299854      0.15249089     -0.32573014      -0.32573014       256.53226                                256.53226
              2       127.32176       60.000385      0.02743971      0.14788807      0.14790042     -0.32573014      -0.32573014       255.29497                                255.29497
              1       127.57546       60.088868     0.028787498      0.14786849       0.1475817     -0.32573014      -0.32573014       255.80238                                255.80238
              3       127.00395       60.088868     0.028787498      0.14647749      0.15497801     -0.32573014      -0.32573014       254.65936                                254.65936
              1       126.57822       60.088868     0.028787498      0.15179929      0.14976016     -0.32573014      -0.32573014        253.8079                                 253.8079
              5       126.53806       60.088868     0.028787498      0.14881804      0.15438573     -0.32573014      -0.32573014       253.72758                                253.72758
              5       125.64372       60.030876     0.028839573      0.14825591      0.15389011     -0.32573014      -0.32573014        251.9389                                 251.9389
              4       128.18392        60.16451     0.028163451      0.14989307      0.15545102     -0.32573014      -0.32573014        257.0193                                 257.0193
              1       128.43422        60.16451     0.028163451      0.14846702      0.15755798     -0.32573014      -0.32573014        257.5199                                 257.5199
              6       126.64053       60.090894     0.028996951      0.14728177      0.15635089     -0.32573014      -0.32573014       253.93252                                253.93252
              1       126.01134       60.088413      0.02970183      0.14682584      0.15580049     -0.32573014      -0.32573014       252.67414                                252.67414
              1       124.58904       60.044001     0.029600099      0.15290844       0.1552515     -0.32573014      -0.32573014       249.82954                                249.82954
              2       125.60358       60.044001     0.029600099      0.15766366      0.14636374     -0.32573014      -0.32573014       251.85861                                251.85861
              4       125.60852       60.044001     0.029600099      0.15611007       0.1460013     -0.32573014      -0.32573014        251.8685                                 251.8685
              1       125.69826       60.044001     0.029600099       0.1617002      0.14836779     -0.32573014      -0.32573014       252.04799                                252.04799
              2       125.47328       60.044001     0.029600099      0.14643251      0.15415465     -0.32573014      -0.32573014       251.59801                                251.59801
              7       125.31758       60.044001     0.029600099      0.14713737      0.15461154     -0.32573014      -0.32573014       251.28662                                251.28662
              3       127.25616       60.044001     0.029600099      0.14432879      0.14506428     -0.32573014      -0.32573014       255.16377                                255.16377
              1       127.25047       60.044001     0.029600099      0.14430976      0.14510709     -0.32573014      -0.32573014       255.15239                                255.15239
              2       125.09458       60.047919     0.029803811      0.15892153       0.1490022     -0.32573014      -0.32573014       250.84062                                250.84062
              3       124.92882       60.047919     0.029803811      0.15129318      0.16033185     -0.32573014      -0.32573014       250.50911                                250.50911
              4       124.69145       60.047919     0.029803811      0.15883136       0.1526924     -0.32573014      -0.32573014       250.03437                                250.03437
              3       124.72372       60.047919     0.029803811      0.15906799      0.15256845     -0.32573014      -0.32573014       250.09889                                250.09889
              1       125.99191       60.047919     0.029803811      0.15936655      0.14486543     -0.32573014      -0.32573014       252.63529                                252.63529
              1        125.2594       60.047919     0.029803811      0.16006518       0.1488088     -0.32573014      -0.32573014       251.17025                                251.17025
              1       125.47708       60.004207     0.028764872      0.16030419      0.14924726     -0.32573014      -0.32573014       251.60562                                251.60562
              1        125.5686       60.004207     0.028764872       0.1606423      0.14895896     -0.32573014      -0.32573014       251.78865                                251.78865
              2       125.13803       60.004207     0.028764872      0.15306219      0.14946105     -0.32573014      -0.32573014       250.92751                                250.92751
              9       124.98283       60.004207     0.028764872      0.15755368      0.15094889     -0.32573014      -0.32573014       250.61712                                250.61712
              1       125.03589       60.018886     0.028959846      0.15756802      0.15091757     -0.32573014      -0.32573014       250.72324                                250.72324
              2       125.23964       60.018886     0.028959846      0.15923996       0.1601394     -0.32573014      -0.32573014       251.13074                                251.13074
              2       126.19974       60.018886     0.028959846      0.14821168      0.16365885     -0.32573014      -0.32573014       253.05094                                253.05094
              3       125.69682       60.125191     0.029852014       0.1534371      0.15906253     -0.32573014      -0.32573014       252.04509                                252.04509
              1       125.78983       60.125191     0.029852014      0.15874798      0.15223861     -0.32573014      -0.32573014       252.23112                                252.23112
              1       128.54651       60.125191     0.029852014      0.16843417      0.14718335     -0.32573014      -0.32573014       257.74448                                257.74448
              2       128.02966       60.125191     0.029852014      0.16825007      0.14965499     -0.32573014      -0.32573014       256.71077                                256.71077
              1       127.86351       60.052962     0.028794415      0.16823987      0.14988307     -0.32573014      -0.32573014       256.37849                                256.37849
              1       125.47362       60.052962     0.028794415      0.15820597      0.15694575     -0.32573014      -0.32573014       251.59869                                251.59869
              4       125.63745       60.129652     0.029889515       0.1582339      0.15672453     -0.32573014      -0.32573014       251.92636                                251.92636
              2       126.35894       60.129652     0.029889515      0.16304792      0.15874423     -0.32573014      -0.32573014       253.36935                                253.36935
              1       126.39386       60.129652     0.029889515      0.16328842      0.15858267     -0.32573014      -0.32573014       253.43917                                253.43917
              1       127.46895       60.129652     0.029889515      0.16566961      0.14869568     -0.32573014      -0.32573014       255.58935                                255.58935
              1        128.0183       60.129652     0.029889515      0.14281775       0.1500964     -0.32573014      -0.32573014       256.68806                                256.68806
              1       126.45875       60.129652     0.029889515      0.14806405      0.15980994     -0.32573014      -0.32573014       253.56896                                253.56896
              6        126.5178       60.093591     0.029203281      0.14815621      0.16004297     -0.32573014      -0.32573014       253.68707                                253.68707
              2       127.27467       60.093591     0.029203281       0.1525252      0.14464632     -0.32573014      -0.32573014       255.20081                                255.20081
              6       128.15423       60.201616     0.029560987      0.16604318      0.15929897     -0.32573014      -0.32573014       256.95992                                256.95992
              1       128.15392       60.197244     0.029478739      0.16605377      0.15932651     -0.32573014      -0.32573014        256.9593                                 256.9593
              1       127.59495       60.197244     0.029478739      0.15032729      0.15211642     -0.32573014      -0.32573014       255.84137                                255.84137
              1       128.30425       60.231583     0.029261975      0.15077441      0.15254991     -0.32573014      -0.32573014       257.25996                                257.25996
              1       128.20433       60.264786     0.029975862      0.15063914      0.15227357     -0.32573014      -0.32573014       257.06012                                257.06012
              1       127.98152       60.264786     0.029975862      0.15505325      0.15069621     -0.32573014      -0.32573014       256.61449                                256.61449
              1       128.61477       60.264786     0.029975862      0.16492145      0.15196305     -0.32573014      -0.32573014       257.88099                                257.88099
              2       127.45999       60.264786     0.029975862      0.15666072      0.15788916     -0.32573014      -0.32573014       255.57144                                255.57144
              5       128.49888       60.264786     0.029975862      0.16570445      0.15847943     -0.32573014      -0.32573014       257.64922                                257.64922
              2       128.12143       60.218269     0.029634082       0.1654893      0.15837074     -0.32573014      -0.32573014       256.89432                                256.89432
              1       128.73107       60.218269     0.029634082      0.14770842      0.16409154     -0.32573014      -0.32573014        258.1136                                 258.1136
              4       127.71618       60.218269     0.029634082      0.15081258      0.16111115     -0.32573014      -0.32573014       256.08382                                256.08382
              6       127.48289       60.218269     0.029634082      0.15563551      0.16245845     -0.32573014      -0.32573014       255.61724                                255.61724
              5       128.21608       60.244517     0.029245687      0.15969548      0.16230776     -0.32573014      -0.32573014       257.08362                                257.08362
              3       128.10371       60.077718     0.026595028      0.15998539       0.1623563     -0.32573014      -0.32573014       256.85889                                256.85889
              2       126.83315       60.168801     0.029544446      0.15878425      0.16147527     -0.32573014      -0.32573014       254.31776                                254.31776
              1       126.66029       60.164666     0.029671763      0.15865742      0.16136665     -0.32573014      -0.32573014       253.97204                                253.97204
              1       127.95697       60.164666     0.029671763      0.15164838      0.14537982     -0.32573014      -0.32573014        256.5654                                 256.5654
              1       127.68157       60.164666     0.029671763      0.16505455      0.16185595     -0.32573014      -0.32573014        256.0146                                 256.0146
              3       126.87192       60.059461     0.028865622      0.16463635      0.16139405     -0.32573014      -0.32573014        254.3953                                 254.3953
              4       125.63745       60.059461     0.028865622       0.1511213      0.15495724     -0.32573014      -0.32573014       251.92637                                251.92637
              2        126.1394       60.059461     0.028865622       0.1499227      0.15035412     -0.32573014      -0.32573014       252.93025                                252.93025
              3       126.15564       60.059461     0.028865622      0.16300737      0.15387867     -0.32573014      -0.32573014       252.96273                                252.96273
              3       125.82668       60.059461     0.028865622      0.15535401       0.1497912     -0.32573014      -0.32573014       252.30481                                252.30481
              1       125.57211       60.059461     0.028865622      0.15313001      0.15867615     -0.32573014      -0.32573014       251.79569                                251.79569
              1       126.35585       60.059461     0.028865622      0.15229729      0.14752266     -0.32573014      -0.32573014       253.36315                                253.36315
              5       125.91749       60.059461     0.028865622      0.16003542       0.1511222     -0.32573014      -0.32573014       252.48645                                252.48645
              3       125.89562       60.059461     0.028865622      0.14990506      0.15865515     -0.32573014      -0.32573014        252.4427                                 252.4427
              1       125.81666       60.059461     0.028865622      0.16081051      0.15344676     -0.32573014      -0.32573014       252.28477                                252.28477
              5        125.4313       60.015418     0.028569208      0.16060692      0.15323002     -0.32573014      -0.32573014       251.51405                                251.51405
              5       125.20034       60.015418     0.028569208      0.15731317      0.15204992     -0.32573014      -0.32573014       251.05213                                251.05213
              3       126.44244       60.019293     0.027195281      0.15830311       0.1528655     -0.32573014      -0.32573014       253.53634                                253.53634
              1        126.3245       60.019293     0.027195281       0.1570117      0.15372335     -0.32573014      -0.32573014       253.30046                                253.30046
              3        126.4392       60.014506     0.026979912      0.15717644      0.15383499     -0.32573014      -0.32573014       253.52986                                253.52986
              4       127.57817       60.056932     0.026735123      0.15894606      0.15174865     -0.32573014      -0.32573014       255.80779                                255.80779
              7       127.29603       60.056932     0.026735123      0.15370978      0.15737449     -0.32573014      -0.32573014       255.24353                                255.24353
              4       127.31272       60.056932     0.026735123      0.15497409      0.15405728     -0.32573014      -0.32573014       255.27691                                255.27691
              4       128.34049       60.041908     0.025283489      0.15584231       0.1547517     -0.32573014      -0.32573014       257.33245                                257.33245
              2        128.4514       60.041908     0.025283489      0.16048981      0.15483693     -0.32573014      -0.32573014       257.55426                                257.55426
              1       129.23577       60.041908     0.025283489       0.1522011      0.14999257     -0.32573014      -0.32573014       259.12299                                259.12299
              2       128.15111       60.086454     0.027368514      0.15116754      0.14919611     -0.32573014      -0.32573014       256.95369                                256.95369
              2       128.64087       60.086454     0.027368514      0.15325618       0.1460547     -0.32573014      -0.32573014        257.9332                                 257.9332
              1       127.30824       60.086454     0.027368514      0.15890951      0.15319173     -0.32573014      -0.32573014       255.26794                                255.26794
              1       128.01677       60.093378     0.027240213      0.15044608      0.16118444     -0.32573014      -0.32573014         256.685                                  256.685
              1        128.2215       60.133874     0.027705896      0.15049918      0.16127384     -0.32573014      -0.32573014       257.09447                                257.09447
              2       126.03021       60.025743     0.029725511      0.16516933      0.16105362     -0.32573014      -0.32573014       252.71187                                252.71187
              1       126.18325       60.025743     0.029725511      0.16005993      0.16639836     -0.32573014      -0.32573014       253.01797                                253.01797
              2       125.77741       60.025743     0.029725511      0.15422906      0.16624285     -0.32573014      -0.32573014       252.20627                                252.20627
              1       125.92184       60.009037     0.029278462      0.15438416      0.16635101     -0.32573014      -0.32573014       252.49515                                252.49515
              1       127.59707       60.075874     0.028837503      0.15562326      0.16827597     -0.32573014      -0.32573014       255.84561                                255.84561
              1       130.40535       60.075874     0.028837503      0.15995051      0.13690554     -0.32573014      -0.32573014       261.46216                                261.46216
              1       128.51309       60.075874     0.028837503      0.16060176      0.14162658     -0.32573014      -0.32573014       257.67763                                257.67763
              2       127.92681       60.075874     0.028837503       0.1520395      0.14290254     -0.32573014      -0.32573014       256.50507                                256.50507
              1       127.91237       60.075874     0.028837503      0.15171835      0.14304205     -0.32573014      -0.32573014        256.4762                                 256.4762
              3       128.22854       60.075874     0.028837503      0.14689296      0.14456945     -0.32573014      -0.32573014       257.10853                                257.10853
              1        128.4266       60.075874     0.028837503      0.15742503      0.14111184     -0.32573014      -0.32573014       257.50466                                257.50466
              2       125.92848       60.075874     0.028837503      0.16017663      0.15678084     -0.32573014      -0.32573014       252.50842                                252.50842
              1       126.39156       60.075874     0.028837503       0.1528992      0.16299236     -0.32573014      -0.32573014       253.43458                                253.43458
              1       126.65142       60.075874     0.028837503      0.14684765      0.15483944     -0.32573014      -0.32573014        253.9543                                 253.9543
              2       126.62897       60.007506     0.027642546      0.14704181      0.15492106     -0.32573014      -0.32573014        253.9094                                 253.9094
              1       127.13903       60.007506     0.027642546      0.14822681      0.16363471     -0.32573014      -0.32573014       254.92951                                254.92951
              2       125.81785       60.007506     0.027642546      0.15487014      0.15258739     -0.32573014      -0.32573014       252.28716                                252.28716
              5       125.79886       60.007506     0.027642546      0.15494833      0.15280882     -0.32573014      -0.32573014       252.24918                                252.24918
              1       125.72495       60.007506     0.027642546      0.15739814      0.15502538     -0.32573014      -0.32573014       252.10136                                252.10136
              2       125.80174       60.099406     0.029372419      0.15325131      0.15971337     -0.32573014      -0.32573014       252.25494                                252.25494
              1        128.8056       60.099406     0.029372419      0.15811165      0.17169281     -0.32573014      -0.32573014       258.26266                                258.26266
              1       129.38232       60.120894     0.029075736      0.15851737      0.17204962     -0.32573014      -0.32573014        259.4161                                 259.4161
              1       127.25953       60.120894     0.029075736      0.16293861      0.16257147     -0.32573014      -0.32573014       255.17051                                255.17051
              1       126.64726       60.120894     0.029075736      0.15153451      0.16095751     -0.32573014      -0.32573014       253.94597                                253.94597
              3       126.87104       60.120894     0.029075736      0.15289547      0.14897097     -0.32573014      -0.32573014       254.39354                                254.39354
              2       129.28294       60.102938     0.025923658      0.15491706      0.15060717     -0.32573014      -0.32573014       259.21734                                259.21734
              1       128.59501       60.102938     0.025923658      0.15686772       0.1569034     -0.32573014      -0.32573014       257.84148                                257.84148
              2       128.96697        60.12144     0.025815563      0.15711475      0.15712679     -0.32573014      -0.32573014        258.5854                                 258.5854
              1       128.95446       60.101668     0.025550936      0.15776272      0.15561654     -0.32573014      -0.32573014       258.56039                                258.56039
              3       129.45326       60.101668     0.025550936      0.16413212      0.15887326     -0.32573014      -0.32573014       259.55797                                259.55797
              3       129.07954       60.101668     0.025550936      0.16074829      0.15564289     -0.32573014      -0.32573014       258.81053                                258.81053
              2       130.02419       60.101668     0.025550936      0.16631456      0.16137866     -0.32573014      -0.32573014       260.69984                                260.69984
              2        130.6373       60.101668     0.025550936      0.16839539      0.16231325     -0.32573014      -0.32573014       261.92606                                261.92606
              2       129.90268       60.101668     0.025550936      0.16647812      0.15738445     -0.32573014      -0.32573014       260.45683                                260.45683
              3       129.33506       60.101668     0.025550936      0.16345043      0.15836216     -0.32573014      -0.32573014       259.32159                                259.32159
              2       128.48485       60.297262     0.029722537      0.16237218      0.15770025     -0.32573014      -0.32573014       257.62116                                257.62116
              1       126.33052       60.149819     0.029706692      0.16101267      0.15641914     -0.32573014      -0.32573014        253.3125                                 253.3125
              1       129.47645       60.149819     0.029706692      0.17199711      0.15965498     -0.32573014      -0.32573014       259.60436                                259.60436
              1       129.10827       60.149819     0.029706692      0.15933006      0.14071272     -0.32573014      -0.32573014       258.86801                                258.86801
              1       127.87779       60.149819     0.029706692       0.1551845      0.14383021     -0.32573014      -0.32573014       256.40704                                256.40704
              1        127.9236       60.162445     0.029872302      0.15518688      0.14384647     -0.32573014      -0.32573014       256.49865                                256.49865
              2       127.26824       60.162445     0.029872302      0.15615742      0.14617913     -0.32573014      -0.32573014       255.18794                                255.18794
              4       126.03728       60.162445     0.029872302      0.15653369      0.15583331     -0.32573014      -0.32573014       252.72601                                252.72601
              1       126.58619       60.162445     0.029872302      0.16067489      0.15153024     -0.32573014      -0.32573014       253.82384                                253.82384
              4       126.94552       60.162445     0.029872302      0.15149481      0.16338759     -0.32573014      -0.32573014        254.5425                                 254.5425
              5       126.57515       60.162445     0.029872302      0.14934917      0.15595258     -0.32573014      -0.32573014       253.80177                                253.80177
              1       126.54109       60.162445     0.029872302      0.14960349      0.15530896     -0.32573014      -0.32573014       253.73365                                253.73365
              4       126.35848       60.162445     0.029872302      0.15081237      0.15604671     -0.32573014      -0.32573014       253.36842                                253.36842
              5       126.28326       60.162445     0.029872302      0.15952738      0.15353147     -0.32573014      -0.32573014       253.21798                                253.21798
              1       126.24432       60.162445     0.029872302      0.15878224      0.15319192     -0.32573014      -0.32573014       253.14011                                253.14011
              2       126.05979       60.162445     0.029872302      0.15443784      0.15566389     -0.32573014      -0.32573014       252.77103                                252.77103
              6        126.0719       60.162445     0.029872302      0.15623926      0.15785999     -0.32573014      -0.32573014       252.79525                                252.79525
              6       126.05489       60.162445     0.029872302      0.15454923      0.15642189     -0.32573014      -0.32573014       252.76125                                252.76125
              1        125.8607       60.150973     0.029902876      0.15442136      0.15630411     -0.32573014      -0.32573014       252.37285                                252.37285
              5        127.4419       60.150973     0.029902876      0.14459028      0.15490906     -0.32573014      -0.32573014       255.53526                                255.53526
              6       126.62389       60.150973     0.029902876      0.15646902      0.14809321     -0.32573014      -0.32573014       253.89925                                253.89925
              3       127.16734       60.150973     0.029902876      0.15217242      0.16560371     -0.32573014      -0.32573014       254.98613                                254.98613
              1       126.72962       60.150973     0.029902876      0.15648248      0.14757793     -0.32573014      -0.32573014       254.11071                                254.11071
              1       127.23173       60.073966     0.027990256      0.15709462      0.14799228     -0.32573014      -0.32573014       255.11493                                255.11493
              1       126.58541       60.073966     0.027990256       0.1598692      0.15815452     -0.32573014      -0.32573014       253.82228                                253.82228
              1       126.41663       60.073966     0.027990256        0.157985      0.15522945     -0.32573014      -0.32573014       253.48472                                253.48472
              3       126.62246       60.073966     0.027990256      0.15176777      0.15467494     -0.32573014      -0.32573014       253.89639                                253.89639
              3       128.51818       60.073966     0.027990256      0.16673841      0.16377247     -0.32573014      -0.32573014       257.68782                                257.68782
              2       128.44195       60.065639     0.027939823      0.16669601      0.16372829     -0.32573014      -0.32573014       257.53536                                257.53536
              3       129.62699        60.08775      0.02700799      0.16754852      0.16445192     -0.32573014      -0.32573014       259.90544                                259.90544
              3       127.94948        60.08775      0.02700799      0.16256085      0.15974226     -0.32573014      -0.32573014       256.55042                                256.55042
              1       127.17346       60.067247     0.027535283      0.16200417      0.15926286     -0.32573014      -0.32573014       254.99838                                254.99838
              2       127.28085       60.067247     0.027535283      0.16054747      0.16204812     -0.32573014      -0.32573014       255.21317                                255.21317
              3       127.38771       60.067247     0.027535283      0.16231632      0.16105326     -0.32573014      -0.32573014       255.42688                                255.42688
              3       127.64443        60.06465      0.02720618      0.16252067      0.16121777     -0.32573014      -0.32573014       255.94033                                255.94033
              5       127.14279        60.06465      0.02720618       0.1601167      0.15894953     -0.32573014      -0.32573014       254.93703                                254.93703
              1       126.70836         60.0247     0.028077791      0.15298707      0.14656468     -0.32573014      -0.32573014       254.06817                                254.06817
              2       126.68453       60.020901     0.028039291      0.15297849      0.14655334     -0.32573014      -0.32573014       254.02052                                254.02052
              4       126.75593       60.020901     0.028039291      0.15656124      0.16556973     -0.32573014      -0.32573014       254.16333                                254.16333
              6       127.44189       60.020901     0.028039291       0.1449962      0.14953304     -0.32573014      -0.32573014       255.53524                                255.53524
              1       125.64968       60.020901     0.028039291      0.15474996      0.15869771     -0.32573014      -0.32573014       251.95083                                251.95083
              3        125.9917       60.020901     0.028039291      0.15630305      0.16175257     -0.32573014      -0.32573014       252.63487                                252.63487
              1       128.80275       60.020901     0.028039291      0.13994588      0.15937718     -0.32573014      -0.32573014       258.25696                                258.25696
              2       126.28843       60.020901     0.028039291      0.16311743      0.15715574     -0.32573014      -0.32573014       253.22832                                253.22832
              3       126.11695       60.020901     0.028039291      0.16176011      0.15306659     -0.32573014      -0.32573014       252.88535                                252.88535
              1       126.53446       60.020901     0.028039291      0.15012146      0.14871167     -0.32573014      -0.32573014       253.72038                                253.72038
              5       125.86239       60.020901     0.028039291      0.15598885      0.15066754     -0.32573014      -0.32573014       252.37625                                252.37625
              1       125.63801       60.020901     0.028039291      0.15467364      0.15851165     -0.32573014      -0.32573014       251.92748                                251.92748
              2       127.26398       60.020901     0.028039291        0.167083      0.15412958     -0.32573014      -0.32573014       255.17942                                255.17942
              2       127.54921       60.020901     0.028039291      0.15900871      0.14359294     -0.32573014      -0.32573014       255.74988                                255.74988
              1       127.09222       60.022403     0.028599994      0.15862267       0.1432833     -0.32573014      -0.32573014        254.8359                                 254.8359
              3       126.44631       60.022403     0.028599994      0.15943074      0.16504617     -0.32573014      -0.32573014       253.54408                                253.54408
              1       126.07598       60.022403     0.028599994       0.1490561      0.14913356     -0.32573014      -0.32573014       252.80341                                252.80341
              1        125.2512       60.022403     0.028599994      0.15684821      0.15886485     -0.32573014      -0.32573014       251.15387                                251.15387
              2       125.58202       60.046908     0.028625275      0.15700518      0.15903163     -0.32573014      -0.32573014       251.81549                                251.81549
              3       126.13822       60.045668     0.027983965      0.15750381      0.15955039     -0.32573014      -0.32573014        252.9279                                 252.9279
              1        126.5545       60.066637     0.027855195      0.15774456      0.15977914     -0.32573014      -0.32573014       253.76047                                253.76047
              1       127.67539       60.120456     0.029395384      0.14730532      0.14731906     -0.32573014      -0.32573014       256.00224                                256.00224
              3       125.88096       60.120456     0.029395384      0.15388872       0.1568525     -0.32573014      -0.32573014       252.41338                                252.41338
              1       125.83867       60.119511     0.029428418       0.1538586      0.15682661     -0.32573014      -0.32573014       252.32879                                252.32879
              3       125.80831       60.119511     0.029428418      0.15704708       0.1562723     -0.32573014      -0.32573014       252.26808                                252.26808
              1       126.11393       60.049492     0.027901622      0.15762782      0.15662784     -0.32573014      -0.32573014       252.87932                                252.87932
              2        126.1124       60.049492     0.027901622      0.15569299      0.15789033     -0.32573014      -0.32573014       252.87627                                252.87627
              1       128.05673       60.049492     0.027901622      0.15940642       0.1681466     -0.32573014      -0.32573014       256.76493                                256.76493
              2       127.27669       60.038243     0.027754636       0.1650362      0.15973619     -0.32573014      -0.32573014       255.20484                                255.20484
              7       128.27865       60.038243     0.027754636      0.16624224       0.1643863     -0.32573014      -0.32573014       257.20876                                257.20876
              1        128.3408       60.145974     0.029307393      0.16591223      0.16429483     -0.32573014      -0.32573014       257.33305                                257.33305
              1       127.81872       60.136398     0.029731061       0.1655441      0.16398164     -0.32573014      -0.32573014        256.2889                                 256.2889
              2       128.28536       60.136398     0.029731061      0.15281466      0.16976217     -0.32573014      -0.32573014       257.22217                                257.22217
              5       126.36475       60.136398     0.029731061      0.16197448      0.15866174     -0.32573014      -0.32573014       253.38096                                253.38096
              1       127.35147       60.136398     0.029731061      0.15418467      0.16703153     -0.32573014      -0.32573014        255.3544                                 255.3544
              1       127.09965       60.096569     0.029853916        0.149103      0.14448511     -0.32573014      -0.32573014       254.85076                                254.85076
              2       127.52365       60.096569     0.029853916      0.16000842      0.14241299     -0.32573014      -0.32573014       255.69877                                255.69877
              1       127.48869       60.098931     0.029936631      0.15996675      0.14238315     -0.32573014      -0.32573014       255.62884                                255.62884
              1       125.82937       60.098931     0.029936631      0.16269901      0.15301053     -0.32573014      -0.32573014        252.3102                                 252.3102
              1       125.11444       60.098931     0.029936631      0.15496916      0.15775602     -0.32573014      -0.32573014       250.88034                                250.88034
              3       126.59864       60.098931     0.029936631       0.1645947      0.16140555     -0.32573014      -0.32573014       253.84873                                253.84873
              2       126.28835       60.098931     0.029936631      0.16497075      0.15371129     -0.32573014      -0.32573014       253.22815                                253.22815
              1        126.2746       60.098931     0.029936631      0.16492775      0.15378304     -0.32573014      -0.32573014       253.20065                                253.20065
              1        125.0931       60.098931     0.029936631      0.15694669      0.15632393     -0.32573014      -0.32573014       250.83766                                250.83766
              5       125.08244       60.098931     0.029936631      0.15391279      0.15640204     -0.32573014      -0.32573014       250.81633                                250.81633
              1       125.34202       60.098931     0.029936631       0.1506884      0.15404744     -0.32573014      -0.32573014       251.33551                                251.33551
              5       126.01757       60.096714     0.028840563      0.15647642      0.15394714     -0.32573014      -0.32573014       252.68661                                252.68661
              1       125.96053       60.096714     0.028840563      0.15535461      0.15624195     -0.32573014      -0.32573014       252.57252                                252.57252
              2       125.96286       60.096714     0.028840563      0.15546547      0.15660189     -0.32573014      -0.32573014       252.57719                                252.57719
              1       125.98523       60.096714     0.028840563      0.15507843       0.1573273     -0.32573014      -0.32573014       252.62193                                252.62193
              1       126.89997       60.096714     0.028840563      0.15081116      0.16307114     -0.32573014      -0.32573014        254.4514                                 254.4514
              1       126.00254       60.077259      0.02956739      0.15015802      0.16251146     -0.32573014      -0.32573014       252.65654                                252.65654
              4       128.74119       60.077259      0.02956739      0.16313197      0.14028476     -0.32573014      -0.32573014       258.13385                                258.13385
              1       126.44499       60.077259      0.02956739      0.16042273      0.14630826     -0.32573014      -0.32573014       253.54145                                253.54145
              4       125.49257       60.077259      0.02956739      0.15245124      0.15025066     -0.32573014      -0.32573014        251.6366                                 251.6366
              1       127.77913       60.077259      0.02956739      0.16898419      0.16060442     -0.32573014      -0.32573014       256.20972                                256.20972
              9        129.2815       60.077259      0.02956739      0.15857796      0.13743874     -0.32573014      -0.32573014       259.21446                                259.21446
              2       125.52019       60.077259      0.02956739      0.14965915       0.1530932     -0.32573014      -0.32573014       251.69183                                251.69183
              4       125.96108       60.078645     0.029060375      0.15002781       0.1533935     -0.32573014      -0.32573014       252.57361                                252.57361
              1       125.73549       60.078645     0.029060375      0.15142392      0.15689039     -0.32573014      -0.32573014       252.12243                                252.12243
              1       125.92711       60.078645     0.029060375      0.15689555       0.1501127     -0.32573014      -0.32573014       252.50569                                252.50569
              3       126.50277       60.069273      0.02802983      0.15641104      0.15176626     -0.32573014      -0.32573014         253.657                                  253.657
              2       126.48396       60.069273      0.02802983      0.15598901      0.15191727     -0.32573014      -0.32573014       253.61939                                253.61939
              4        128.2723       60.099878     0.027029054      0.16415493      0.15787951     -0.32573014      -0.32573014       257.19607                                257.19607
              4       128.36715       60.099878     0.027029054        0.164382      0.15481061     -0.32573014      -0.32573014       257.38576                                257.38576
              1       126.06314       60.115164     0.029846234      0.16249761      0.15331208     -0.32573014      -0.32573014       252.77774                                252.77774
              1       124.89832       60.025872     0.029721255      0.16194888      0.15272316     -0.32573014      -0.32573014        250.4481                                 250.4481
              2       124.58078       60.025872     0.029721255      0.15373686      0.14930618     -0.32573014      -0.32573014       249.81302                                249.81302
              1       124.59494       60.025872     0.029721255       0.1587706      0.15907245     -0.32573014      -0.32573014       249.84135                                249.84135
              5       124.49381       60.022728     0.029787079      0.15870158      0.15901154     -0.32573014      -0.32573014       249.63908                                249.63908
              4       124.45461       60.022728     0.029787079      0.15885834       0.1584369     -0.32573014      -0.32573014       249.56068                                249.56068
              1       124.56107       60.022728     0.029787079      0.15818836      0.16001255     -0.32573014      -0.32573014       249.77359                                249.77359
              1       124.21391       60.022728     0.029787079      0.15473869      0.15825771     -0.32573014      -0.32573014       249.07927                                249.07927
              1       124.95153       60.022728     0.029787079      0.16296704       0.1545795     -0.32573014      -0.32573014       250.55452                                250.55452
              9        124.8871       60.022728     0.029787079      0.16259868      0.15385546     -0.32573014      -0.32573014       250.42565                                250.42565
              5       125.71577       60.022728     0.029787079        0.164943      0.15972818     -0.32573014      -0.32573014         252.083                                  252.083
              2       126.10435       60.022728     0.029787079      0.16724733      0.15588095     -0.32573014      -0.32573014       252.86017                                252.86017
              3       126.33102       60.035978     0.029738617      0.16737617      0.15600667     -0.32573014      -0.32573014       253.31351                                253.31351
              1       126.02856       60.035978     0.029738617      0.15493817      0.16673217     -0.32573014      -0.32573014       252.70858                                252.70858
              4        124.6801       60.035978     0.029738617      0.16023853      0.15469132     -0.32573014      -0.32573014       250.01166                                250.01166
              2       125.69845       60.035978     0.029738617      0.16202541      0.16263989     -0.32573014      -0.32573014       252.04837                                252.04837
              3       125.39707       60.035978     0.029738617       0.1455537      0.15561371     -0.32573014      -0.32573014       251.44561                                251.44561
              2       127.34166       60.035978     0.029738617      0.13936502       0.1548239     -0.32573014      -0.32573014       255.33479                                255.33479
              1       126.67212       60.035978     0.029738617      0.14937678      0.14242227     -0.32573014      -0.32573014        253.9957                                 253.9957
              1       125.79428       60.035978     0.029738617      0.15485972      0.16590905     -0.32573014      -0.32573014       252.24001                                252.24001
              2       125.78868       60.035978     0.029738617       0.1625384      0.16259975     -0.32573014      -0.32573014       252.22881                                252.22881
              2       125.06999       60.035978     0.029738617      0.15058674      0.16157853     -0.32573014      -0.32573014       250.79144                                250.79144
              2       124.97785       60.035978     0.029738617       0.1507608      0.16111507     -0.32573014      -0.32573014       250.60715                                250.60715
              1       125.06296       60.035978     0.029738617      0.15071995      0.16162122     -0.32573014      -0.32573014       250.77738                                250.77738
              3       124.81076       60.035978     0.029738617      0.16111825      0.15493027     -0.32573014      -0.32573014       250.27299                                250.27299
              1       124.60445       60.035978     0.029738617      0.15725197      0.15077589     -0.32573014      -0.32573014       249.86036                                249.86036
              6       124.54133       60.035978     0.029738617      0.15446813      0.15066428     -0.32573014      -0.32573014       249.73412                                249.73412
              1       126.04174       60.035978     0.029738617      0.15978173      0.14437753     -0.32573014      -0.32573014       252.73494                                252.73494
              1       125.49025       60.035978     0.029738617      0.15150264      0.16415147     -0.32573014      -0.32573014       251.63197                                251.63197
              1       125.62324       60.035978     0.029738617      0.14747311      0.16212959     -0.32573014      -0.32573014       251.89794                                251.89794
              1       125.27121       60.035978     0.029738617      0.16315098      0.15754198     -0.32573014      -0.32573014       251.19387                                251.19387
              2       125.56125       60.035978     0.029738617      0.14915175      0.16324809     -0.32573014      -0.32573014       251.77395                                251.77395
              1       125.53802       60.035978     0.029738617      0.14637963      0.16015045     -0.32573014      -0.32573014       251.72749                                251.72749
              1       125.32785       60.001962     0.029384325      0.14638761      0.16010154     -0.32573014      -0.32573014       251.30716                                251.30716
              1       125.28711       60.001962     0.029384325      0.15954762      0.14655577     -0.32573014      -0.32573014       251.22568                                251.22568
              1       125.85477       60.001962     0.029384325      0.16628896      0.15349251     -0.32573014      -0.32573014       252.36101                                252.36101
             10       125.76795       60.001962     0.029384325      0.15290119      0.16623324     -0.32573014      -0.32573014       252.18735                                252.18735
              4       124.64769       60.001962     0.029384325      0.15862488      0.16008263     -0.32573014      -0.32573014       249.94684                                249.94684
              1       124.15601       60.001962     0.029384325      0.15319055      0.15607942     -0.32573014      -0.32573014       248.96348                                248.96348
              1       124.30909       60.001962     0.029384325      0.15433384      0.15093105     -0.32573014      -0.32573014       249.26965                                249.26965
              1       124.36836       60.001962     0.029384325      0.15817909      0.15204854     -0.32573014      -0.32573014       249.38818                                249.38818
              2       124.33808       60.001962     0.029384325      0.15853532      0.15315367     -0.32573014      -0.32573014       249.32762                                249.32762
              1       125.20204       60.001962     0.029384325      0.14909765      0.16232547     -0.32573014      -0.32573014       251.05555                                251.05555
              1        125.8274       60.001962     0.029384325      0.14309071      0.15551811     -0.32573014      -0.32573014       252.30626                                252.30626
              1        125.7594       60.001962     0.029384325      0.14340212      0.15340848     -0.32573014      -0.32573014       252.17027                                252.17027
              2       124.50839       60.001962     0.029384325      0.16015788      0.15379816     -0.32573014      -0.32573014       249.66825                                249.66825
              1       124.76652       60.001962     0.029384325      0.16173425       0.1535983     -0.32573014      -0.32573014        250.1845                                 250.1845
              3       124.35994       60.001962     0.029384325      0.15689128      0.15875161     -0.32573014      -0.32573014       249.37133                                249.37133
              2       124.40793       60.020393      0.02963164      0.15684778      0.15874644     -0.32573014      -0.32573014       249.46732                                249.46732
              1       125.10807       60.020393      0.02963164      0.15497111      0.14628421     -0.32573014      -0.32573014       250.86759                                250.86759
             12        125.1626       60.020504     0.029568652      0.15501647      0.14632107     -0.32573014      -0.32573014       250.97667                                250.97667
              2       125.55647       60.020504     0.029568652      0.14453735      0.15438564     -0.32573014      -0.32573014        251.7644                                 251.7644
              1       125.56698       60.022138     0.029586244      0.14453656      0.15438766     -0.32573014      -0.32573014       251.78543                                251.78543
              1       125.61331       60.022138     0.029586244      0.14477618      0.15198175     -0.32573014      -0.32573014       251.87807                                251.87807
              3       124.70078       60.022138     0.029586244      0.15168627      0.16024452     -0.32573014      -0.32573014       250.05303                                250.05303
              5       124.74488       60.022138     0.029586244      0.15080364      0.15997419     -0.32573014      -0.32573014       250.14122                                250.14122
              1       125.11351       60.022138     0.029586244        0.159358      0.16194875     -0.32573014      -0.32573014       250.87848                                250.87848
              2         124.602       60.022138     0.029586244      0.15142018      0.15069934     -0.32573014      -0.32573014       249.85546                                249.85546
              2       125.66173       60.022138     0.029586244      0.15798157      0.16512939     -0.32573014      -0.32573014       251.97492                                251.97492
              1       126.49047       60.069781     0.028493182      0.15308318       0.1625136     -0.32573014      -0.32573014        253.6324                                 253.6324
              5       125.99155       60.069781     0.028493182      0.15484253      0.15905885     -0.32573014      -0.32573014       252.63457                                252.63457
              1       126.11704       60.069781     0.028493182       0.1524543       0.1590201     -0.32573014      -0.32573014       252.88553                                252.88553
              1       127.12933       60.069781     0.028493182      0.14770345      0.15005171     -0.32573014      -0.32573014       254.91013                                254.91013
              1       128.13498       60.206627     0.029523934      0.15285141      0.14775931     -0.32573014      -0.32573014       256.92143                                256.92143
              5       128.70676       60.206627     0.029523934      0.15270173       0.1677946     -0.32573014      -0.32573014       258.06497                                258.06497
              3       130.24486       60.206627     0.029523934      0.16254027       0.1417435     -0.32573014      -0.32573014       261.14119                                261.14119
              1       128.85881       60.206627     0.029523934      0.16065613       0.1451697     -0.32573014      -0.32573014       258.36908                                258.36908
              1       129.33363       60.206627     0.029523934       0.1689713      0.15127624     -0.32573014      -0.32573014       259.31872                                259.31872
              1       126.87082       60.078097     0.029269247      0.15798414      0.16649862     -0.32573014      -0.32573014        254.3931                                 254.3931
              2       126.62011       60.078097     0.029269247      0.14536032      0.15709202     -0.32573014      -0.32573014       253.89167                                253.89167
              4       126.81114       60.078097     0.029269247      0.15598018      0.14469849     -0.32573014      -0.32573014       254.27374                                254.27374
              2       127.25442       60.078097     0.029269247      0.15645801      0.16804828     -0.32573014      -0.32573014       255.16029                                255.16029
              2       128.07838       60.078097     0.029269247      0.15542552      0.17049057     -0.32573014      -0.32573014       256.80823                                256.80823
              1        125.7344       60.078097     0.029269247      0.15387881      0.16128546     -0.32573014      -0.32573014       252.12025                                252.12025
              4       125.56371       60.078097     0.029269247      0.15987948      0.15640857     -0.32573014      -0.32573014       251.77888                                251.77888
              2       126.26315       60.078097     0.029269247      0.14723225       0.1585307     -0.32573014      -0.32573014       253.17775                                253.17775
              1       126.02097       60.056171     0.029167561      0.14714775      0.15842671     -0.32573014      -0.32573014        252.6934                                 252.6934
              1       126.03057       60.056171     0.029167561      0.14662174      0.15482625     -0.32573014      -0.32573014        252.7126                                 252.7126
              2       126.00547       60.011994     0.028898055      0.14663769      0.14932474     -0.32573014      -0.32573014        252.6624                                 252.6624
              1       127.53272       60.011994     0.028898055      0.14271872      0.14662487     -0.32573014      -0.32573014       255.71689                                255.71689
              1       127.23888       60.011994     0.028898055      0.16084561      0.14220333     -0.32573014      -0.32573014       255.12922                                255.12922
              2       126.01802       60.011994     0.028898055      0.16230549      0.14792926     -0.32573014      -0.32573014       252.68751                                252.68751
              2       125.42497       60.011994     0.028898055      0.15816262      0.14816165     -0.32573014      -0.32573014       251.50141                                251.50141
              2       126.10952       60.011994     0.028898055      0.15739894      0.16566433     -0.32573014      -0.32573014        252.8705                                 252.8705
              4       126.62465       60.011994     0.028898055      0.16525083      0.16225795     -0.32573014      -0.32573014       253.90077                                253.90077
              1       126.39195       60.011994     0.028898055      0.15810596      0.14395434     -0.32573014      -0.32573014       253.43536                                253.43536
              1       128.06967       60.011994     0.028898055      0.16901141      0.14676182     -0.32573014      -0.32573014       256.79081                                256.79081
              2       127.79278       60.015185     0.029228934      0.16876766      0.14664448     -0.32573014      -0.32573014       256.23703                                256.23703
              1       128.50233       60.015185     0.029228934      0.15797259      0.13738094     -0.32573014      -0.32573014       257.65612                                257.65612
              1       128.69169       60.015185     0.029228934      0.15828161      0.13701723     -0.32573014      -0.32573014       258.03483                                258.03483
              2       127.63823       60.015185     0.029228934      0.16773366      0.14575841     -0.32573014      -0.32573014       255.92792                                255.92792
              1       124.92804       60.015185     0.029228934      0.14890757      0.15686861     -0.32573014      -0.32573014       250.50753                                250.50753
              1       124.90437       60.015112     0.029257162        0.148884      0.15685659     -0.32573014      -0.32573014        250.4602                                 250.4602
              4       125.68336       60.035885     0.028665783      0.14953319      0.15722037     -0.32573014      -0.32573014       252.01819                                252.01819
              2       125.65472       60.035885     0.028665783       0.1495729      0.15462498     -0.32573014      -0.32573014        251.9609                                 251.9609
              1       125.80799       60.100442     0.029434251      0.15285656      0.15161978     -0.32573014      -0.32573014       252.26743                                252.26743
              1       125.68079       60.100442     0.029434251      0.15841835      0.15820329     -0.32573014      -0.32573014       252.01305                                252.01305
              1       125.95716       60.100442     0.029434251      0.15459293      0.16170932     -0.32573014      -0.32573014       252.56577                                252.56577
              3       126.14537       60.100442     0.029434251      0.15044987      0.16075581     -0.32573014      -0.32573014        252.9422                                 252.9422
              1       128.12672       60.100442     0.029434251      0.16116165      0.14246274     -0.32573014      -0.32573014       256.90491                                256.90491
              2       126.61793        60.02095     0.029732937      0.16027722      0.14187753     -0.32573014      -0.32573014       253.88732                                253.88732
              1       127.89616       60.083876     0.029406172       0.1610509      0.14237788     -0.32573014      -0.32573014       256.44377                                256.44377
              1       126.40366       60.083876     0.029406172      0.16443266      0.15307141     -0.32573014      -0.32573014       253.45878                                253.45878
              2       125.70254       60.083876     0.029406172      0.16095502      0.15415409     -0.32573014      -0.32573014       252.05654                                252.05654
              1       125.81411       60.083876     0.029406172      0.16165876      0.15400792     -0.32573014      -0.32573014       252.27967                                252.27967
              5       126.64511       60.083876     0.029406172      0.16518501      0.15225246     -0.32573014      -0.32573014       253.94169                                253.94169
              4        125.9867       60.083876     0.029406172      0.14894762      0.15931368     -0.32573014      -0.32573014       252.62486                                252.62486
              1       125.78791       60.083876     0.029406172      0.15107291       0.1602153     -0.32573014      -0.32573014       252.22728                                252.22728
              2       126.40667       60.096234     0.028865139      0.15161323      0.16050944     -0.32573014      -0.32573014       253.46479                                253.46479
              1       126.91508       60.096234     0.028865139      0.14759721      0.15919648     -0.32573014      -0.32573014       254.48162                                254.48162
              3       129.35561       60.096234     0.028865139      0.14174066      0.16449562     -0.32573014      -0.32573014       259.36269                                259.36269
              4       129.79958       60.097259     0.028281031      0.14222466       0.1647415     -0.32573014      -0.32573014       260.25061                                260.25061
              2       128.07746       60.097259     0.028281031      0.14998086      0.16589082     -0.32573014      -0.32573014       256.80638                                256.80638
              1        128.6062       60.097259     0.028281031      0.15179769      0.16868836     -0.32573014      -0.32573014       257.86386                                257.86386
              1       127.12703       60.097259     0.028281031      0.14925154      0.15881824     -0.32573014      -0.32573014       254.90551                                254.90551
              1        127.6444         60.1015     0.027718744       0.1497437      0.15907387     -0.32573014      -0.32573014       255.94026                                255.94026
              2       127.76071       60.105278     0.027644326      0.14983479      0.15912642     -0.32573014      -0.32573014       256.17288                                256.17288
              1       127.45379       60.168977      0.02860289      0.15258232      0.15802045     -0.32573014      -0.32573014       255.55904                                255.55904
              1       127.35611       60.168977      0.02860289      0.15419056       0.1588629     -0.32573014      -0.32573014       255.36368                                255.36368
              1       127.40388       60.168977      0.02860289      0.15394043      0.15940491     -0.32573014      -0.32573014       255.45921                                255.45921
              2       127.57969       60.168977      0.02860289      0.15181521      0.15896313     -0.32573014      -0.32573014       255.81084                                255.81084
              6       128.52271       60.169309      0.02859793      0.14757785      0.16122401     -0.32573014      -0.32573014       257.69687                                257.69687
              3       127.43533       60.169309      0.02859793      0.15272008      0.15737068     -0.32573014      -0.32573014       255.52212                                255.52212
              3       126.64223       60.171879     0.029589695      0.15193306      0.15697827     -0.32573014      -0.32573014       253.93593                                253.93593
              1       127.68054       60.171879     0.029589695       0.1625947      0.16394879     -0.32573014      -0.32573014       256.01254                                256.01254
              2       126.90215       60.171879     0.029589695      0.15086814        0.153024     -0.32573014      -0.32573014       254.45576                                254.45576
              1       126.30369       60.044126     0.027997273       0.1511347      0.15293476     -0.32573014      -0.32573014       253.25885                                253.25885
              1       126.06586       60.044126     0.027997273      0.15809261      0.15863444     -0.32573014      -0.32573014       252.78319                                252.78319
              2       125.99268       60.044126     0.027997273      0.15468385       0.1583056     -0.32573014      -0.32573014       252.63683                                252.63683
              2       127.65093       60.044126     0.027997273      0.16322034       0.1650674     -0.32573014      -0.32573014       255.95332                                255.95332
              1       128.65497       60.044126     0.027997273      0.16351336      0.16855025     -0.32573014      -0.32573014        257.9614                                 257.9614
              2       127.83471       60.046824     0.027998216      0.15628414      0.16825505     -0.32573014      -0.32573014       256.32087                                256.32087
              1        127.4393       60.046824     0.027998216      0.16500384       0.1617376     -0.32573014      -0.32573014       255.53006                                255.53006
              3        126.8121       60.046824     0.027998216      0.16387284      0.15763928     -0.32573014      -0.32573014       254.27566                                254.27566
              1       127.62893       60.046824     0.027998216      0.15994364      0.14524215     -0.32573014      -0.32573014       255.90931                                255.90931
              4       126.22228       60.046824     0.027998216      0.15408319       0.1516958     -0.32573014      -0.32573014       253.09603                                253.09603
              3       126.47103       60.046824     0.027998216      0.15342031      0.16199768     -0.32573014      -0.32573014       253.59352                                253.59352
              2       127.62326       60.084105     0.027254231      0.15432695      0.16252019     -0.32573014      -0.32573014       255.89798                                255.89798
              2       127.56381       60.077114     0.027204647      0.15431095      0.16249988     -0.32573014      -0.32573014       255.77909                                255.77909
              1       127.48325       60.077114     0.027204647      0.16068416      0.16047627     -0.32573014      -0.32573014       255.61795                                255.61795
              2       124.86713       60.051655     0.029686187      0.15818474       0.1587694     -0.32573014      -0.32573014       250.38572                                250.38572
              1        125.5367       60.051655     0.029686187      0.14728876      0.15109773     -0.32573014      -0.32573014       251.72486                                251.72486
              1        125.2462       60.051655     0.029686187      0.14832796      0.15223407     -0.32573014      -0.32573014       251.14386                                251.14386
              1       124.68565       60.051655     0.029686187      0.15203474      0.15557582     -0.32573014      -0.32573014       250.02277                                250.02277
              2       124.62547       60.054117     0.029802327         0.15196      0.15554244     -0.32573014      -0.32573014        249.9024                                 249.9024
              1       124.66662       60.054117     0.029802327       0.1522234      0.15292365     -0.32573014      -0.32573014       249.98469                                249.98469
              4       125.86011       60.054117     0.029802327      0.16325844      0.16122835     -0.32573014      -0.32573014       252.37167                                252.37167
              4       124.90866       60.054117     0.029802327      0.15951558      0.15836197     -0.32573014      -0.32573014       250.46877                                250.46877
              2       125.37327       60.054117     0.029802327      0.16311929      0.15592568     -0.32573014      -0.32573014         251.398                                  251.398
              1       124.84678       60.054117     0.029802327      0.15798954      0.15099562     -0.32573014      -0.32573014       250.34502                                250.34502
              1       125.00491       60.053833     0.029619009      0.15813655      0.15106926     -0.32573014      -0.32573014       250.66127                                250.66127
              3       125.00821       60.053833     0.029619009      0.15866759      0.15149559     -0.32573014      -0.32573014       250.66788                                250.66788
              1       125.00661       60.053833     0.029619009      0.15869408      0.15153906     -0.32573014      -0.32573014       250.66468                                250.66468
              2       124.70647       60.053833     0.029619009      0.15679307      0.15467841     -0.32573014      -0.32573014       250.06441                                250.06441
              1       124.88972       60.053833     0.029619009      0.15714527      0.15156627     -0.32573014      -0.32573014       250.43091                                250.43091
              6       126.98751       60.116529     0.029381638      0.16510506      0.15338419     -0.32573014      -0.32573014       254.62648                                254.62648
              2       127.71615       60.116529     0.029381638      0.16755246      0.15250437     -0.32573014      -0.32573014       256.08376                                256.08376
              1       128.75996       60.116529     0.029381638       0.1647804      0.14354472     -0.32573014      -0.32573014       258.17138                                258.17138
              2       128.78908        60.11535     0.029317848      0.16482284      0.14356406     -0.32573014      -0.32573014       258.22962                                258.22962
              1        127.4531        60.11535     0.029317848      0.16306546       0.1472061     -0.32573014      -0.32573014       255.55766                                255.55766
              1       128.77967        60.11535     0.029317848      0.15126446      0.14124644     -0.32573014      -0.32573014        258.2108                                 258.2108
              1       129.65598       60.189418     0.029693424      0.15155597      0.14152313     -0.32573014      -0.32573014       259.96342                                259.96342
              1       127.09812       60.189418     0.029693424      0.15090697      0.15994986     -0.32573014      -0.32573014       254.84771                                254.84771
              2       130.64053       60.321926      0.02793607      0.15189789      0.15840915     -0.32573014      -0.32573014       261.93252                                261.93252
              3       130.68515       60.321926      0.02793607      0.15168322      0.15773172     -0.32573014      -0.32573014       262.02175                                262.02175
              1       130.66749       60.321926      0.02793607      0.16425688      0.16163475     -0.32573014      -0.32573014       261.98644                                261.98644
              1       130.73039       60.321926      0.02793607      0.16511373      0.15674007     -0.32573014      -0.32573014       262.11223                                262.11223
              1        128.0556       60.078172     0.026905874      0.16398674      0.15574495     -0.32573014      -0.32573014       256.76266                                256.76266
              4       127.42663       60.078172     0.026905874      0.15494056      0.15850698     -0.32573014      -0.32573014       255.50471                                255.50471
              3       127.14336       60.104016     0.027689733      0.15451058      0.15833538     -0.32573014      -0.32573014       254.93818                                254.93818
              2       127.31452       60.104016     0.027689733      0.15414736      0.16053516     -0.32573014      -0.32573014        255.2805                                 255.2805
              2       126.77209       60.066047     0.027678424      0.15385033      0.16031889     -0.32573014      -0.32573014       254.19565                                254.19565
              1        127.2068       60.066047     0.027678424      0.15034133      0.16098523     -0.32573014      -0.32573014       255.06507                                255.06507
              5       127.95426       60.004226     0.025646489      0.15149763      0.16146014     -0.32573014      -0.32573014       256.55998                                256.55998
              3       126.04518       60.010981      0.02736158      0.15418521      0.15786942     -0.32573014      -0.32573014       252.74183                                252.74183
              2       126.23071       60.010981      0.02736158      0.15317616      0.15973927     -0.32573014      -0.32573014       253.11289                                253.11289
              1       126.13707       60.010981      0.02736158       0.1530674       0.1536281     -0.32573014      -0.32573014        252.9256                                 252.9256
              1       126.17852       60.010981      0.02736158      0.15915454       0.1537152     -0.32573014      -0.32573014       253.00849                                253.00849
              3       126.15576       60.010981      0.02736158      0.15837782      0.15316494     -0.32573014      -0.32573014       252.96297                                252.96297
              1       124.78773       60.001044     0.028748722      0.15716791      0.15253735     -0.32573014      -0.32573014       250.22692                                250.22692
              1       127.67887       60.001044     0.028748722      0.17014447      0.15218717     -0.32573014      -0.32573014       256.00921                                256.00921
              1        126.5206       60.001044     0.028748722      0.16713493      0.15462722     -0.32573014      -0.32573014       253.69267                                253.69267
              1       125.92264       60.001044     0.028748722      0.16226782      0.14824456     -0.32573014      -0.32573014       252.49674                                252.49674
              4       128.42094       60.001044     0.028748722       0.1685657      0.14453166     -0.32573014      -0.32573014       257.49333                                257.49333
              3       126.16686       60.001044     0.028748722      0.16593985      0.15477944     -0.32573014      -0.32573014       252.98517                                252.98517
              1       129.20746       60.001044     0.028748722      0.17356352      0.15149876     -0.32573014      -0.32573014       259.06639                                259.06639
              2       125.49569       60.001044     0.028748722      0.16120823      0.16061121     -0.32573014      -0.32573014       251.64283                                251.64283
              1        125.2025       60.001044     0.028748722      0.15651433      0.16174032     -0.32573014      -0.32573014       251.05646                                251.05646
              1       125.73516       60.001044     0.028748722      0.15908671      0.14682938     -0.32573014      -0.32573014       252.12178                                252.12178
             11       125.75923       60.001044     0.028748722      0.15837431      0.14640453     -0.32573014      -0.32573014       252.16993                                252.16993
              1       124.78845       60.001044     0.028748722      0.15747286      0.15762091     -0.32573014      -0.32573014       250.22837                                250.22837
              1        124.7576       60.001044     0.028748722      0.15689029      0.15764702     -0.32573014      -0.32573014       250.16667                                250.16667
              1       124.75469       60.001044     0.028748722        0.156887      0.15760161     -0.32573014      -0.32573014       250.16085                                250.16085
              5       124.65126       60.001044     0.028748722      0.15398996        0.154976     -0.32573014      -0.32573014       249.95397                                249.95397
              3       124.72211       60.001044     0.028748722      0.15745246      0.15600074     -0.32573014      -0.32573014       250.09569                                250.09569
              2         124.932       60.001044     0.028748722      0.15971407      0.15428582     -0.32573014      -0.32573014       250.51546                                250.51546
              1       125.44799       60.001044     0.028748722      0.15823369      0.16255077     -0.32573014      -0.32573014       251.54745                                251.54745
              6       125.16708       60.001044     0.028748722      0.15288749      0.16134459     -0.32573014      -0.32573014       250.98562                                250.98562
              1       125.21262       60.001044     0.028748722      0.15269039      0.16156389     -0.32573014      -0.32573014       251.07669                                251.07669
              3       125.38337       60.001044     0.028748722       0.1474528      0.15645816     -0.32573014      -0.32573014       251.41821                                251.41821
              1       125.14187       60.001044     0.028748722       0.1559081      0.14894934     -0.32573014      -0.32573014        250.9352                                 250.9352
              1       125.17713       60.001044     0.028748722      0.15728598      0.14908348     -0.32573014      -0.32573014       251.00573                                251.00573
              4       125.34325       60.001044     0.028748722       0.1483475      0.15186241     -0.32573014      -0.32573014       251.33796                                251.33796
              3       125.31726       60.001044     0.028748722      0.14818232      0.15258486     -0.32573014      -0.32573014       251.28599                                251.28599
              1       125.30517       60.001289      0.02876822      0.14816841      0.15257827     -0.32573014      -0.32573014       251.26181                                251.26181
              2       125.72667       60.001289      0.02876822      0.15267752       0.1642728     -0.32573014      -0.32573014       252.10479                                252.10479
              3       124.72729       60.001289      0.02876822      0.15256842      0.15669653     -0.32573014      -0.32573014       250.10604                                250.10604
              1       125.51465       60.001289      0.02876822      0.15637808      0.16350222     -0.32573014      -0.32573014       251.68076                                251.68076
              1       125.70248       60.001289      0.02876822      0.15264761       0.1462553     -0.32573014      -0.32573014       252.05642                                252.05642
              1       125.47789       60.001289      0.02876822      0.15320809      0.14716815     -0.32573014      -0.32573014       251.60724                                251.60724
              3       125.41029       60.001289      0.02876822      0.15217246      0.14783028     -0.32573014      -0.32573014       251.47204                                251.47204
              1       124.77796       60.001289      0.02876822      0.15458553      0.15867559     -0.32573014      -0.32573014       250.20738                                250.20738
              3        125.0267       60.001289      0.02876822      0.16046462      0.15394489     -0.32573014      -0.32573014       250.70487                                250.70487
              1       125.62883       60.001289      0.02876822      0.14689392      0.15155213     -0.32573014      -0.32573014       251.90911                                251.90911
              2       125.93499       60.023351     0.028802747      0.14702396      0.15169537     -0.32573014      -0.32573014       252.52145                                252.52145
              3       125.67663       60.023351     0.028802747      0.14745784      0.15510147     -0.32573014      -0.32573014       252.00473                                252.00473
              1       126.16305       60.023351     0.028802747      0.14567366      0.15263108     -0.32573014      -0.32573014       252.97757                                252.97757
              1       125.32932       60.023351     0.028802747      0.15082926      0.15168723     -0.32573014      -0.32573014        251.3101                                 251.3101
              3       125.13017       60.023351     0.028802747      0.15126953      0.15414316     -0.32573014      -0.32573014        250.9118                                 250.9118
              3       125.92073       60.023351     0.028802747      0.15129284      0.14735233     -0.32573014      -0.32573014       252.49292                                252.49292
              2       125.79511       60.023351     0.028802747        0.147852      0.15932722     -0.32573014      -0.32573014       252.24168                                252.24168
              1       124.99021       60.023351     0.028802747       0.1574626      0.15614028     -0.32573014      -0.32573014       250.63187                                250.63187
              2       126.24565       60.022836     0.027342425      0.15845104       0.1567557     -0.32573014      -0.32573014       253.14276                                253.14276
              2       125.99592       60.006975     0.027364163      0.15832592      0.15663297     -0.32573014      -0.32573014        252.6433                                 252.6433
              1       128.95632       60.006975     0.027364163      0.16980806      0.14946003     -0.32573014      -0.32573014        258.5641                                 258.5641
              2       128.81994       60.006975     0.027364163      0.16805587      0.14712605     -0.32573014      -0.32573014       258.29133                                258.29133
              2       126.76739       60.006975     0.027364163      0.16382543      0.15760091     -0.32573014      -0.32573014       254.18624                                254.18624
              1         127.494       60.006975     0.027364163      0.14620712      0.15021513     -0.32573014      -0.32573014       255.63946                                255.63946
              2        130.5421       60.070101     0.024938212      0.14829434      0.15169536     -0.32573014      -0.32573014       261.73566                                261.73566
              1        130.3336       60.070101     0.024938212      0.15481031      0.16790956     -0.32573014      -0.32573014       261.31866                                261.31866
              4        129.5028       60.070101     0.024938212      0.15243932      0.16185585     -0.32573014      -0.32573014       259.65707                                259.65707
              2       129.26938       60.070101     0.024938212      0.15328725      0.16024106     -0.32573014      -0.32573014       259.19022                                259.19022
              2       128.81403       60.031243     0.025118651      0.15059241      0.15934382     -0.32573014      -0.32573014       258.27952                                258.27952
              1       129.06718       60.022021     0.024650935      0.15084599      0.15947612     -0.32573014      -0.32573014       258.78583                                258.78583
              2       129.28905       60.134963      0.02643487      0.15041991      0.15952805     -0.32573014      -0.32573014       259.22957                                259.22957
              1       129.59561       60.134963      0.02643487      0.14945821      0.16129254     -0.32573014      -0.32573014       259.84267                                259.84267
              1       130.01934       60.134963      0.02643487      0.15259963      0.16701688     -0.32573014      -0.32573014       260.69015                                260.69015
              1       130.21775       60.134963      0.02643487      0.15342087      0.16817974     -0.32573014      -0.32573014       261.08697                                261.08697
              1       131.18414       60.173886     0.025966551      0.15400981      0.16865682     -0.32573014      -0.32573014       263.01973                                263.01973
              1       130.69249       60.173886     0.025966551      0.14965396       0.1544711     -0.32573014      -0.32573014       262.03644                                262.03644
              2       128.89564       60.166114     0.027924916      0.14826953      0.15358524     -0.32573014      -0.32573014       258.44274                                258.44274
              2       128.59438       60.184939     0.028625241      0.14792475      0.15342305     -0.32573014      -0.32573014       257.84022                                257.84022
              1       126.36556       60.080794     0.029373085      0.14669213      0.15236071     -0.32573014      -0.32573014       253.38257                                253.38257
              2        127.1757       60.110755     0.028951013      0.14718731      0.15275405     -0.32573014      -0.32573014       255.00285                                255.00285
              1       126.95976       60.110755     0.028951013      0.14832127      0.15253083     -0.32573014      -0.32573014       254.57097                                254.57097
              4       126.19731       60.110755     0.028951013      0.15387671      0.15362396     -0.32573014      -0.32573014       253.04608                                253.04608
              2       125.37705       60.104479     0.029739716      0.15369829      0.15381251     -0.32573014      -0.32573014       251.40555                                251.40555
              1       125.86536       60.084571     0.028826629      0.15418005      0.15405714     -0.32573014      -0.32573014       252.38219                                252.38219
              1        125.8143       60.084571     0.028826629      0.15452032      0.15529904     -0.32573014      -0.32573014       252.28006                                252.28006
              1       129.00353       60.084571     0.028826629      0.14488688      0.16761325     -0.32573014      -0.32573014       258.65852                                258.65852
              1       129.54552       60.084571     0.028826629      0.14356379      0.16812631     -0.32573014      -0.32573014        259.7425                                 259.7425
              1       127.66896       60.084571     0.028826629      0.15606914      0.14371887     -0.32573014      -0.32573014       255.98939                                255.98939
              2       127.62792       60.084571     0.028826629      0.15633869      0.14386419     -0.32573014      -0.32573014        255.9073                                 255.9073
              2       126.88174       60.137935     0.029796454      0.15799673      0.14665845     -0.32573014      -0.32573014       254.41494                                254.41494
              2       127.98532       60.137935     0.029796454       0.1578014      0.14271168     -0.32573014      -0.32573014        256.6221                                 256.6221
              1       126.72574       60.137935     0.029796454      0.14702308       0.1574177     -0.32573014      -0.32573014       254.10294                                254.10294
              5       126.34762       60.137935     0.029796454      0.15231364      0.16198417     -0.32573014      -0.32573014       253.34669                                253.34669
              1       126.39658       60.137935     0.029796454      0.15236484      0.16232379     -0.32573014      -0.32573014       253.44461                                253.44461
              2       125.47702        60.07187      0.02975323      0.15193455      0.16186933     -0.32573014      -0.32573014        251.6055                                 251.6055
              3       129.08446        60.07187      0.02975323      0.14849685      0.13814844     -0.32573014      -0.32573014       258.82039                                258.82039
              3        128.8655        60.07187      0.02975323      0.15132103      0.13779038     -0.32573014      -0.32573014       258.38245                                258.38245
              2       127.98997        60.07187      0.02975323       0.1516072       0.1398326     -0.32573014      -0.32573014       256.63139                                256.63139
              2         127.845       60.012687     0.028875326      0.15179181      0.13978126     -0.32573014      -0.32573014       256.34147                                256.34147
              1       128.64894       60.012687     0.028875326      0.16654299      0.14184501     -0.32573014      -0.32573014       257.94935                                257.94935
              1       126.47387       60.012687     0.028875326      0.16551383      0.14979244     -0.32573014      -0.32573014       253.59919                                253.59919
              2       125.69293       60.012687     0.028875326      0.16233682       0.1502535     -0.32573014      -0.32573014       252.03732                                252.03732
              4       125.51361       60.012687     0.028875326      0.14716623      0.15663803     -0.32573014      -0.32573014       251.67869                                251.67869
              1       125.33845       60.012687     0.028875326      0.14880318      0.15187669     -0.32573014      -0.32573014       251.32836                                251.32836
              1       126.47753       60.012687     0.028875326      0.15153312      0.14389953     -0.32573014      -0.32573014       253.60651                                253.60651
              4       125.85053       60.012687     0.028875326       0.1593536      0.14672971     -0.32573014      -0.32573014       252.35253                                252.35253
              2       125.94326       60.012687     0.028875326      0.14531018      0.15353892     -0.32573014      -0.32573014       252.53799                                252.53799
              1       125.95276       60.012687     0.028875326      0.14592445      0.15132553     -0.32573014      -0.32573014       252.55698                                252.55698
              3       125.07398       60.012687     0.028875326      0.16044992      0.15560225     -0.32573014      -0.32573014       250.79942                                250.79942
              7       126.07277       60.012687     0.028875326      0.15799635      0.16527161     -0.32573014      -0.32573014         252.797                                  252.797
              2        125.9271       60.012687     0.028875326      0.16185174      0.16236529     -0.32573014      -0.32573014       252.50566                                252.50566
              1        127.3666       60.050074     0.027699128      0.16147216      0.16382018     -0.32573014      -0.32573014       255.38465                                255.38465
              3       127.28651       60.050074     0.027699128      0.16451309      0.15910884     -0.32573014      -0.32573014       255.22448                                255.22448
              1       126.45863       60.050074     0.027699128      0.15360463      0.15297251     -0.32573014      -0.32573014       253.56872                                253.56872
              5       127.11143        60.08159     0.027492953      0.15396396      0.15328545     -0.32573014      -0.32573014       254.87432                                254.87432
              2       128.37628        60.08159     0.027492953      0.16165645      0.16605564     -0.32573014      -0.32573014       257.40401                                257.40401
              2       128.20446       60.060481     0.027348854      0.16160748      0.16596567     -0.32573014      -0.32573014       257.06038                                257.06038
              1       128.18789       60.060481     0.027348854        0.164203      0.16380885     -0.32573014      -0.32573014       257.02725                                257.02725
              1       129.40074       60.060481     0.027348854      0.16657555      0.16678925     -0.32573014      -0.32573014       259.45294                                259.45294
              2       130.69288       60.060481     0.027348854      0.17363209      0.15318027     -0.32573014      -0.32573014       262.03722                                262.03722
              3       127.44804       60.060481     0.027348854      0.16312332      0.15316628     -0.32573014      -0.32573014       255.54755                                255.54755
              7       129.57116       60.062104     0.025018786      0.16472946      0.15437618     -0.32573014      -0.32573014       259.79378                                259.79378
              1       129.55635       60.062104     0.025018786      0.16469188      0.15447151     -0.32573014      -0.32573014       259.76415                                259.76415
              1       129.27563       60.062104     0.025018786      0.15721404      0.15136027     -0.32573014      -0.32573014       259.20272                                259.20272
              2       129.36966       60.062104     0.025018786      0.16018364      0.15133577     -0.32573014      -0.32573014       259.39078                                259.39078
              4       129.40001       60.062104     0.025018786      0.16134981      0.15176439     -0.32573014      -0.32573014       259.45149                                259.45149
              5       128.82678       60.062104     0.025018786      0.15875143      0.15590142     -0.32573014      -0.32573014       258.30501                                258.30501
              8       128.99544       60.101434     0.025497373      0.15869996      0.15597997     -0.32573014      -0.32573014       258.64233                                258.64233
              2       127.68413       60.085706     0.026711362      0.15776583      0.15535274     -0.32573014      -0.32573014       256.01972                                256.01972
              1       127.86706       60.085706     0.026711362      0.15840068      0.15307236     -0.32573014      -0.32573014       256.38558                                256.38558
              3       128.06335       60.085706     0.026711362      0.15105338      0.15698027     -0.32573014      -0.32573014       256.77817                                256.77817
              1       127.85037       60.085706     0.026711362      0.15948136      0.16019056     -0.32573014      -0.32573014       256.35221                                256.35221
              1       128.76803       60.112372     0.026111709      0.16007425      0.16063561     -0.32573014      -0.32573014       258.18751                                258.18751
              2       128.72254       60.112372     0.026111709      0.15729802      0.16118703     -0.32573014      -0.32573014       258.09654                                258.09654
              4       129.04963       60.129683     0.026632383      0.16452684      0.15608914     -0.32573014      -0.32573014       258.75071                                258.75071
              1       128.58658       60.129683     0.026632383      0.16133977      0.15617919     -0.32573014      -0.32573014       257.82462                                257.82462
              1       128.51381       60.129683     0.026632383      0.16080214      0.15722742     -0.32573014      -0.32573014       257.67907                                257.67907
              3       128.63932       60.135104     0.026580026      0.15565141      0.15446909     -0.32573014      -0.32573014        257.9301                                 257.9301
              2        129.7987       60.156584     0.026571232      0.16123952       0.1497262     -0.32573014      -0.32573014       260.24885                                260.24885
              1        127.3886       60.152783     0.029177626      0.15944249      0.14859402     -0.32573014      -0.32573014       255.42867                                255.42867
              1        125.6367       60.014309     0.028840123      0.15870833      0.14774615     -0.32573014      -0.32573014       251.92486                                251.92486
              2       125.96787       60.014309     0.028840123      0.14547729      0.15348241     -0.32573014      -0.32573014        252.5872                                 252.5872
              3       128.50853        60.13864     0.028072148      0.14686403      0.15469774     -0.32573014      -0.32573014       257.66852                                257.66852
              1       128.86483        60.13864     0.028072148      0.14566058      0.15406665     -0.32573014      -0.32573014       258.38112                                258.38112
              3       129.46062        60.13864     0.028072148      0.14341571      0.15677936     -0.32573014      -0.32573014       259.57269                                259.57269
              1       128.66782       60.152214     0.029302272       0.1426745      0.15635499     -0.32573014      -0.32573014       257.98711                                257.98711
              1       126.50405       60.152214     0.029302272      0.15367367      0.15840948     -0.32573014      -0.32573014       253.65956                                253.65956
              2       131.11819       60.246538     0.025615967      0.15683413       0.1606473     -0.32573014      -0.32573014       262.88784                                262.88784
              1       128.09121       60.093985     0.026536733       0.1571178      0.16106661     -0.32573014      -0.32573014       256.83388                                256.83388
              1       129.14185       60.093985     0.026536733      0.15252365      0.16604868     -0.32573014      -0.32573014       258.93516                                258.93516
              1       129.92765       60.093985     0.026536733      0.16267113      0.14588705     -0.32573014      -0.32573014       260.50677                                260.50677
              1       128.10478       60.093985     0.026536733      0.16069619      0.15576609     -0.32573014      -0.32573014       256.86101                                256.86101
              3       128.05167       60.093985     0.026536733      0.16025401      0.15621887     -0.32573014      -0.32573014        256.7548                                 256.7548
              1       128.02136       60.094517     0.026539571      0.15964098      0.15856604     -0.32573014      -0.32573014       256.69418                                256.69418
              2       125.92892       60.072688     0.028583795      0.15810041      0.15754317     -0.32573014      -0.32573014       252.50929                                252.50929
              1       125.89181       60.072688     0.028583795      0.15612823      0.15820889     -0.32573014      -0.32573014       252.43508                                252.43508
              1        125.6281        60.06907     0.028830439      0.15593551      0.15807843     -0.32573014      -0.32573014       251.90765                                251.90765
              2       125.27527        60.03012     0.028582553      0.15583291      0.15790479     -0.32573014      -0.32573014       251.20199                                251.20199
              1       126.00713        60.03012     0.028582553      0.16219866      0.15960506     -0.32573014      -0.32573014       252.66572                                252.66572
              5        126.4215       60.095497     0.029159597      0.16226152      0.15982828     -0.32573014      -0.32573014       253.49446                                253.49446
              1       126.41869       60.095497     0.029159597      0.16227353      0.15977949     -0.32573014      -0.32573014       253.48884                                253.48884
              1       127.51877       60.095497     0.029159597      0.15762761      0.16783389     -0.32573014      -0.32573014       255.68901                                255.68901
              2       127.55033       60.095497     0.029159597      0.14407038      0.15961537     -0.32573014      -0.32573014       255.75211                                255.75211
              2       126.99103       60.067727     0.029334913      0.14375807      0.15934231     -0.32573014      -0.32573014       254.63352                                254.63352
              1       126.45917       60.067727     0.029334913      0.14702243      0.16167646     -0.32573014      -0.32573014       253.56979                                253.56979
              1       126.67761       60.067727     0.029334913      0.14554994      0.16084558     -0.32573014      -0.32573014       254.00668                                254.00668
              2       126.40855       60.019652     0.028756225      0.14565046      0.16066881     -0.32573014      -0.32573014       253.46856                                253.46856
              1       126.16802       60.019652     0.028756225      0.14641394       0.1601748     -0.32573014      -0.32573014        252.9875                                 252.9875
              4       126.47819       60.019652     0.028756225      0.14607696      0.16182607     -0.32573014      -0.32573014       253.60784                                253.60784
              1       126.22661       60.019652     0.028756225      0.15362043       0.1452367     -0.32573014      -0.32573014       253.10468                                253.10468
              6       126.13007       60.014672     0.028784168       0.1535866      0.14517344     -0.32573014      -0.32573014       252.91159                                252.91159
              2       126.27321       60.014672     0.028784168      0.14462026      0.15760107     -0.32573014      -0.32573014       253.19788                                253.19788
              3       125.88236        60.01517     0.029266773       0.1443296      0.15738406     -0.32573014      -0.32573014       252.41619                                252.41619
              2       125.23868        60.01517     0.029266773      0.14683292      0.15619761     -0.32573014      -0.32573014       251.12883                                251.12883
              5       125.60175        60.01517     0.029266773      0.16435639      0.15705671     -0.32573014      -0.32573014       251.85496                                251.85496
              1       125.02054        60.01517     0.029266773      0.15332602      0.14822937     -0.32573014      -0.32573014       250.69253                                250.69253
              8       124.92701        60.01517     0.029266773      0.14904885      0.15232213     -0.32573014      -0.32573014       250.50548                                250.50548
              2       124.60191        60.01517     0.029266773       0.1510267      0.15610318     -0.32573014      -0.32573014       249.85527                                249.85527
              5       124.86426        60.01517     0.029266773      0.15360602      0.14913981     -0.32573014      -0.32573014       250.37998                                250.37998
              3       124.90448        60.01517     0.029266773      0.15845974      0.14989299     -0.32573014      -0.32573014       250.46043                                250.46043
              1       124.84033        60.01517     0.029266773      0.15982118      0.15192509     -0.32573014      -0.32573014       250.33212                                250.33212
              3       124.64405        60.01517     0.029266773      0.15137029       0.1577119     -0.32573014      -0.32573014       249.93957                                249.93957
              1       125.38219        60.01517     0.029266773      0.15057764      0.16278064     -0.32573014      -0.32573014       251.41583                                251.41583
              3         124.691        60.01517     0.029266773      0.15900057      0.15744427     -0.32573014      -0.32573014       250.03346                                250.03346
              2       124.48396        60.01517     0.029266773      0.15721891      0.15602836     -0.32573014      -0.32573014       249.61937                                249.61937
              3        124.6885        60.01517     0.029266773      0.15837482      0.15828019     -0.32573014      -0.32573014       250.02846                                250.02846
              3       124.83227        60.01517     0.029266773      0.15790194      0.16005946     -0.32573014      -0.32573014       250.31601                                250.31601
              3       124.42513        60.01517     0.029266773      0.15619824      0.15481672     -0.32573014      -0.32573014       249.50171                                249.50171
              5       124.62068        60.01517     0.029266773      0.15088756       0.1538689     -0.32573014      -0.32573014       249.89282                                249.89282
              3       124.61511        60.01517     0.029266773      0.15163182        0.152536     -0.32573014      -0.32573014       249.88168                                249.88168
              4       124.55282        60.01517     0.029266773      0.15519556      0.15162052     -0.32573014      -0.32573014        249.7571                                 249.7571
              1       124.64991        60.01517     0.029266773      0.15694369      0.15115631     -0.32573014      -0.32573014       249.95127                                249.95127
              3       126.88697        60.01517     0.029266773      0.14622174      0.16611785     -0.32573014      -0.32573014        254.4254                                 254.4254
              1       127.35229        60.01517     0.029266773      0.14559694      0.16722385     -0.32573014      -0.32573014       255.35603                                255.35603
              3       127.23778        60.01517     0.029266773      0.14726103      0.16799537     -0.32573014      -0.32573014       255.12701                                255.12701
              3        127.2934        60.01517     0.029266773      0.14735302      0.16821906     -0.32573014      -0.32573014       255.23826                                255.23826
              2       127.10252       60.099234     0.028879527      0.14637782      0.15658685     -0.32573014      -0.32573014        254.8565                                 254.8565
              1       127.25735       60.099234     0.028879527      0.14597591      0.15821709     -0.32573014      -0.32573014       255.16617                                255.16617
              2       127.74434        60.13556     0.029000908      0.14602567      0.15852889     -0.32573014      -0.32573014       256.14014                                256.14014
              1       126.48302        60.13556     0.029000908      0.15512635      0.15884764     -0.32573014      -0.32573014       253.61749                                253.61749
              1       126.36896       60.102094     0.028644672      0.15664291      0.15972953     -0.32573014      -0.32573014       253.38938                                253.38938
              3       127.05918       60.118005     0.028115245      0.15701762      0.16013415     -0.32573014      -0.32573014       254.76982                                254.76982
              1       128.71057       60.118005     0.028115245      0.14462285      0.15472045     -0.32573014      -0.32573014        258.0726                                 258.0726
              1       128.45704       60.118005     0.028115245      0.15143222      0.14666084     -0.32573014      -0.32573014       257.56554                                257.56554
              3       127.14419       60.118005     0.028115245      0.15980091      0.15381401     -0.32573014      -0.32573014       254.93984                                254.93984
              6       127.11928        60.12164     0.028202382      0.15976046      0.15381071     -0.32573014      -0.32573014       254.89002                                254.89002
              1       124.00083       60.005481     0.029917927        0.158327      0.15184579     -0.32573014      -0.32573014       248.65312                                248.65312
              1       124.12246       60.005481     0.029917927       0.1490348      0.15647895     -0.32573014      -0.32573014       248.89639                                248.89639
              2       123.76025       60.005481     0.029917927      0.15266407       0.1556136     -0.32573014      -0.32573014       248.17196                                248.17196
              4       124.50389       60.005481     0.029917927      0.16197712      0.15699398     -0.32573014      -0.32573014       249.65923                                249.65923
              2       124.44763       60.005481     0.029917927       0.1616616      0.15704768     -0.32573014      -0.32573014       249.54673                                249.54673
              2       125.68449       60.005481     0.029917927      0.16387849      0.14648693     -0.32573014      -0.32573014       252.02044                                252.02044
              1        126.3588       60.005481     0.029917927      0.16750753      0.14853806     -0.32573014      -0.32573014       253.36907                                253.36907
              5       125.47372       60.005481     0.029917927      0.15990018      0.14415935     -0.32573014      -0.32573014        251.5989                                 251.5989
              1       125.39667       60.005481     0.029917927       0.1586112      0.14385471     -0.32573014      -0.32573014        251.4448                                 251.4448
              1       127.40184       60.005481     0.029917927      0.15992102      0.13842874     -0.32573014      -0.32573014       255.45513                                255.45513
              2       124.41812       60.005481     0.029917927      0.14927906      0.14921924     -0.32573014      -0.32573014        249.4877                                 249.4877
              2       123.84492       60.005481     0.029917927      0.15163865      0.15635651     -0.32573014      -0.32573014        248.3413                                 248.3413
              2       124.18439       60.005481     0.029917927      0.15709097      0.14911094     -0.32573014      -0.32573014       249.02025                                249.02025
              6       125.17684       60.005481     0.029917927      0.14405628      0.15190262     -0.32573014      -0.32573014       251.00515                                251.00515
              6       124.11616       60.005481     0.029917927      0.14895679      0.15323672     -0.32573014      -0.32573014       248.88378                                248.88378
              1       125.69469       60.005481     0.029917927      0.14337377      0.14882818     -0.32573014      -0.32573014       252.04085                                252.04085
              3       125.61726       60.005481     0.029917927      0.15036388      0.16626457     -0.32573014      -0.32573014       251.88598                                251.88598
              2       124.94011       60.005481     0.029917927      0.16259989      0.16014892     -0.32573014      -0.32573014       250.53168                                250.53168
              1       126.90926       60.005481     0.029917927      0.16638523      0.14418013     -0.32573014      -0.32573014       254.46998                                254.46998
              1       127.54227       60.005481     0.029917927      0.14952224      0.17139066     -0.32573014      -0.32573014       255.73601                                255.73601
              4       127.77396       60.005481     0.029917927      0.14031671      0.16565355     -0.32573014      -0.32573014       256.19937                                256.19937
              2       126.11164       60.005481     0.029917927      0.14332451      0.14652951     -0.32573014      -0.32573014       252.87474                                252.87474
              2       125.73046       60.005481     0.029917927      0.16053189      0.16573896     -0.32573014      -0.32573014       252.11239                                252.11239
              1       124.69916       60.005481     0.029917927      0.15417441      0.14577776     -0.32573014      -0.32573014       250.04978                                250.04978
              6       125.26843       60.005481     0.029917927      0.16548856      0.15442153     -0.32573014      -0.32573014       251.18831                                251.18831
              8       124.96949       60.005481     0.029917927      0.16412755      0.15686724     -0.32573014      -0.32573014       250.59044                                250.59044
              2        124.9545       60.005481     0.029917927      0.16414122      0.15650939     -0.32573014      -0.32573014       250.56047                                250.56047
              1       126.49468       60.005481     0.029917927      0.14004056      0.15803006     -0.32573014      -0.32573014       253.64081                                253.64081
              1       128.60245       60.096168     0.029195564      0.14078592      0.15928022     -0.32573014      -0.32573014       257.85636                                257.85636
              2       128.41951       60.114692     0.029798691      0.14048344       0.1591902     -0.32573014      -0.32573014       257.49049                                257.49049
              1       128.80628       60.114692     0.029798691      0.14340703      0.14459752     -0.32573014      -0.32573014       258.26402                                258.26402
              4       128.48657       60.114692     0.029798691      0.14449131      0.14459978     -0.32573014      -0.32573014        257.6246                                 257.6246
              1       128.78623       60.114692     0.029798691      0.14118073      0.14781959     -0.32573014      -0.32573014       258.22393                                258.22393
              1       128.87411       60.114692     0.029798691      0.14201003      0.14608471     -0.32573014      -0.32573014       258.39968                                258.39968
              1       126.31982       60.114692     0.029798691      0.14945841        0.149645     -0.32573014      -0.32573014       253.29111                                253.29111
              1        125.7312       60.114692     0.029798691      0.15138348      0.15259765     -0.32573014      -0.32573014       252.11385                                252.11385
              1       125.39875       60.114692     0.029798691      0.15501554       0.1555852     -0.32573014      -0.32573014       251.44896                                251.44896
              1       125.43474       60.114692     0.029798691      0.15407598         0.15674     -0.32573014      -0.32573014       251.52094                                251.52094
              7       125.41817       60.114692     0.029798691      0.15526002      0.15701263     -0.32573014      -0.32573014        251.4878                                 251.4878
              4        128.3204       60.114692     0.029798691      0.16025198      0.14122563     -0.32573014      -0.32573014       257.29225                                257.29225
              1       127.72715       60.114692     0.029798691      0.16711966      0.14876625     -0.32573014      -0.32573014       256.10577                                256.10577
              1       128.29599       60.114692     0.029798691      0.16496311      0.14388927     -0.32573014      -0.32573014       257.24344                                257.24344
              1       127.09368       60.114692     0.029798691      0.16548147      0.16149686     -0.32573014      -0.32573014       254.83881                                254.83881
              1        126.8522       60.114692     0.029798691      0.14698391      0.16221816     -0.32573014      -0.32573014       254.35585                                254.35585
              1       127.58633       60.114692     0.029798691      0.15484923      0.16887897     -0.32573014      -0.32573014       255.82413                                255.82413
              1       127.28135       60.114692     0.029798691      0.16380342      0.16462636     -0.32573014      -0.32573014       255.21416                                255.21416
              1       128.04243       60.120304     0.029797296      0.16471849      0.16662553     -0.32573014      -0.32573014       256.73632                                256.73632
              1        128.4541       60.075076     0.029208923      0.16831312       0.1646647     -0.32573014      -0.32573014       257.55966                                257.55966
              1        125.5268       60.075076     0.029208923      0.15708472      0.15943386     -0.32573014      -0.32573014       251.70506                                251.70506
              2       129.20462       60.174528     0.026654034      0.15896992      0.16161586     -0.32573014      -0.32573014       259.06071                                259.06071
              6       127.94147         60.1373     0.029085253      0.16523389      0.16274474     -0.32573014      -0.32573014       256.53439                                256.53439
              1       127.49759         60.1373     0.029085253      0.15148235       0.1478768     -0.32573014      -0.32573014       255.64663                                255.64663
              1       126.45024       60.063908     0.029016288      0.15127504      0.14716576     -0.32573014      -0.32573014       253.55193                                253.55193
              3       126.43317       60.063908     0.029016288      0.15093754      0.14742422     -0.32573014      -0.32573014        253.5178                                 253.5178
              1       126.55723       60.063908     0.029016288      0.15087148      0.14687936     -0.32573014      -0.32573014       253.76591                                253.76591
              3        126.8697       60.063908     0.029016288      0.16017927      0.14565072     -0.32573014      -0.32573014       254.39086                                254.39086
              2       126.01129       60.063908     0.029016288      0.16220711      0.15846657     -0.32573014      -0.32573014       252.67404                                252.67404
              1       125.16807       60.050581     0.029780392      0.16169901      0.15798013     -0.32573014      -0.32573014       250.98761                                250.98761
              1       124.80406       60.050581     0.029780392      0.15885214      0.15831597     -0.32573014      -0.32573014       250.25959                                250.25959
              2       124.72346       60.050581     0.029780392       0.1555655      0.15949391     -0.32573014      -0.32573014       250.09837                                250.09837
              2       125.21013       60.050581     0.029780392      0.14733898      0.15531242     -0.32573014      -0.32573014       251.07171                                251.07171
              1        124.9841       60.050581     0.029780392       0.1605328      0.15798856     -0.32573014      -0.32573014       250.61967                                250.61967
              1       125.45856       60.050581     0.029780392      0.15956991      0.16260638     -0.32573014      -0.32573014       251.56858                                251.56858
              2       126.57262       60.050581     0.029780392      0.16286244      0.16524678     -0.32573014      -0.32573014       253.79671                                253.79671
              2       126.85274       60.050581     0.029780392      0.16316133      0.16607087     -0.32573014      -0.32573014       254.35694                                254.35694
              2       125.61984       60.050581     0.029780392      0.16324798      0.15963261     -0.32573014      -0.32573014       251.89115                                251.89115
              2       127.91249       60.030892     0.027915284      0.15484808      0.16889183     -0.32573014      -0.32573014       256.47645                                256.47645
              1       126.31598       60.030892     0.027915284      0.15606776      0.14943993     -0.32573014      -0.32573014       253.28343                                253.28343
              1       127.34409       60.030892     0.027915284      0.16324327      0.14778229     -0.32573014      -0.32573014       255.33965                                255.33965
              3       127.02227       60.030892     0.027915284      0.14877759      0.14887551     -0.32573014      -0.32573014       254.69601                                254.69601
              2       127.73349       60.030892     0.027915284       0.1435899      0.15836573     -0.32573014      -0.32573014       256.11844                                256.11844
              1       128.01689       60.030892     0.027915284      0.14266979      0.15816652     -0.32573014      -0.32573014       256.68523                                256.68523
              1       126.11358       60.015856     0.027320516      0.15757492      0.15637536     -0.32573014      -0.32573014       252.87862                                252.87862
              3        126.2383       60.022153     0.027282059      0.15761959      0.15645678     -0.32573014      -0.32573014       253.12806                                253.12806
              1       126.43274       60.022153     0.027282059      0.15987347      0.15783611     -0.32573014      -0.32573014       253.51694                                253.51694
              1       126.43613       60.022153     0.027282059      0.15775663      0.16008464     -0.32573014      -0.32573014       253.52371                                253.52371
              5       126.12695       60.003381     0.027323738      0.15766767      0.15987549     -0.32573014      -0.32573014       252.90536                                252.90536
              1       126.42781       60.003381     0.027323738      0.15475508      0.16244019     -0.32573014      -0.32573014       253.50708                                253.50708
              1        126.9502       60.003381     0.027323738      0.15256968      0.16457921     -0.32573014      -0.32573014       254.55187                                254.55187
              3       127.60577       60.003381     0.027323738       0.1441618      0.15585822     -0.32573014      -0.32573014         255.863                                  255.863
              2       128.04195       60.098282     0.028671942      0.14366719      0.15619837     -0.32573014      -0.32573014       256.73536                                256.73536
              1        128.1431       60.098282     0.028671942      0.16675469      0.16257309     -0.32573014      -0.32573014       256.93766                                256.93766
              1       129.52379       60.098282     0.028671942      0.16808052      0.16710475     -0.32573014      -0.32573014       259.69904                                259.69904
              1       131.59443       60.318338      0.02914319      0.15805885       0.1723143     -0.32573014      -0.32573014       263.84033                                263.84033
              1       135.04704       60.318338      0.02914319      0.16091214      0.17962268     -0.32573014      -0.32573014       270.74555                                270.74555
              1       129.58235       60.318338      0.02914319      0.15814438      0.16480792     -0.32573014      -0.32573014       259.81615                                259.81615
              1       128.06109       60.245169     0.029633342      0.15759913      0.16384189     -0.32573014      -0.32573014       256.77365                                256.77365
              3       126.77842       60.040196     0.027125616      0.15635449      0.15268447     -0.32573014      -0.32573014        254.2083                                 254.2083
              4       126.01893       60.119156     0.029318438      0.15529413      0.15247468     -0.32573014      -0.32573014       252.68933                                252.68933
              1       125.99484       60.119156     0.029318438      0.15680605      0.15906895     -0.32573014      -0.32573014       252.64114                                252.64114
              1       125.78447       60.045611     0.028330636      0.15715482      0.15877911     -0.32573014      -0.32573014       252.22039                                252.22039
              1       126.78327       60.045611     0.028330636       0.1537183      0.16515169     -0.32573014      -0.32573014         254.218                                  254.218
              1       126.87159       60.045611     0.028330636      0.14685266      0.16025145     -0.32573014      -0.32573014       254.39465                                254.39465
              4       125.92282       60.045611     0.028330636      0.15142411      0.15379324     -0.32573014      -0.32573014       252.49709                                252.49709
              3       125.72517       60.045611     0.028330636      0.15657976       0.1581599     -0.32573014      -0.32573014       252.10181                                252.10181
              1       125.99749       60.024051     0.027863747      0.15505449      0.16045332     -0.32573014      -0.32573014       252.64643                                252.64643
              1       126.26492       60.024051     0.027863747      0.14919359      0.15598384     -0.32573014      -0.32573014        253.1813                                 253.1813
              4       126.72679       60.024051     0.027863747      0.14726676       0.1586512     -0.32573014      -0.32573014       254.10503                                254.10503
              1       127.40066       60.024051     0.027863747       0.1473314      0.14798878     -0.32573014      -0.32573014       255.45278                                255.45278
              2       127.64285       60.024051     0.027863747      0.14645312      0.16400457     -0.32573014      -0.32573014       255.93715                                255.93715
              1       125.90606       60.024051     0.027863747      0.15207981      0.15685121     -0.32573014      -0.32573014       252.46359                                252.46359
              2       125.85416       60.024051     0.027863747      0.15455518      0.15881842     -0.32573014      -0.32573014       252.35978                                252.35978
              1       125.59789       60.041252     0.028330611      0.15465124      0.15643762     -0.32573014      -0.32573014       251.84725                                251.84725
              1       127.23336       60.041252     0.028330611      0.16044835      0.16615499     -0.32573014      -0.32573014       255.11819                                255.11819
              1       126.21703       60.041252     0.028330611      0.15245004      0.16216571     -0.32573014      -0.32573014       253.08551                                253.08551
              2       125.82746       60.027849     0.028544785      0.15231219      0.16191447     -0.32573014      -0.32573014       252.30639                                252.30639
              1       125.54621       60.027849     0.028544785      0.15351297      0.16045286     -0.32573014      -0.32573014       251.74389                                251.74389
              6       125.33624       60.027849     0.028544785      0.15274143      0.15363273     -0.32573014      -0.32573014       251.32393                                251.32393
              1       125.27094        60.00503     0.028231425      0.15274321      0.15350975     -0.32573014      -0.32573014       251.19334                                251.19334
              1       125.25112        60.00503     0.028231425      0.15420915      0.15270919     -0.32573014      -0.32573014        251.1537                                 251.1537
              4       125.59764        60.00503     0.028231425      0.15449645      0.16151905     -0.32573014      -0.32573014       251.84674                                251.84674
              1       125.58844        60.00503     0.028231425      0.15544636      0.16151151     -0.32573014      -0.32573014       251.82834                                251.82834
              1       126.55236       60.116877     0.029078495      0.15567792      0.16242396     -0.32573014      -0.32573014       253.75618                                253.75618
              2        126.5885       60.116877     0.029078495       0.1549008      0.16257554     -0.32573014      -0.32573014       253.82846                                253.82846
              1       124.45233       60.014891     0.029789146      0.15417242      0.16107691     -0.32573014      -0.32573014       249.55613                                249.55613
              2       125.10897       60.014891     0.029789146      0.16086025      0.14760008     -0.32573014      -0.32573014       250.86939                                250.86939
              2       124.67948       60.014891     0.029789146      0.15862053      0.14838813     -0.32573014      -0.32573014       250.01042                                250.01042
              1        124.9441       60.014891     0.029789146      0.16139834      0.14917936     -0.32573014      -0.32573014       250.53966                                250.53966
              1       124.50569       60.014891     0.029789146      0.15807107      0.16041192     -0.32573014      -0.32573014       249.66285                                249.66285
              3       125.00632       60.014891     0.029789146      0.16179222      0.14923774     -0.32573014      -0.32573014       250.66411                                250.66411
              9       124.09842       60.014891     0.029789146      0.15794313      0.15479309     -0.32573014      -0.32573014       248.84829                                248.84829
              3        124.8156       60.014891     0.029789146         0.16089      0.14949542     -0.32573014      -0.32573014       250.28267                                250.28267
              1         124.807       60.014891     0.029789146      0.15967594      0.14835928     -0.32573014      -0.32573014       250.26546                                250.26546
              3        126.3263       60.014891     0.029789146      0.14108015       0.1566943     -0.32573014      -0.32573014       253.30406                                253.30406
              2       125.59969       60.014891     0.029789146      0.16292289      0.16256504     -0.32573014      -0.32573014       251.85085                                251.85085
              4       125.59705       60.014891     0.029789146      0.16368798      0.14797756     -0.32573014      -0.32573014       251.84555                                251.84555
              2       124.94812       60.014891     0.029789146      0.14716749      0.15961519     -0.32573014      -0.32573014       250.54771                                250.54771
              1       124.73848       60.014891     0.029789146      0.16217909      0.15676044     -0.32573014      -0.32573014       250.12843                                250.12843
              2       124.70346        60.01541     0.029840201      0.16216374       0.1567435     -0.32573014      -0.32573014       250.05838                                250.05838
              1       124.54184        60.01541     0.029840201      0.16150109      0.15566401     -0.32573014      -0.32573014       249.73515                                249.73515
              1       124.40441        60.01541     0.029840201      0.16071979      0.15526225     -0.32573014      -0.32573014       249.46028                                249.46028
              9       124.30618        60.01541     0.029840201      0.16007777      0.15493399     -0.32573014      -0.32573014       249.26381                                249.26381
              3       124.30589        60.01541     0.029840201      0.15667543      0.14964761     -0.32573014      -0.32573014       249.26325                                249.26325
              2       124.02208        60.01541     0.029840201      0.15734652      0.15412694     -0.32573014      -0.32573014       248.69561                                248.69561
              2       124.56301        60.01541     0.029840201      0.15419211      0.16192946     -0.32573014      -0.32573014       249.77748                                249.77748
              1       124.45733        60.01541     0.029840201      0.15165053        0.160633     -0.32573014      -0.32573014       249.56613                                249.56613
              1       124.37838        60.01541     0.029840201      0.15393964      0.16079558     -0.32573014      -0.32573014       249.40822                                249.40822
              5       124.65337        60.01541     0.029840201      0.15503221      0.16240966     -0.32573014      -0.32573014       249.95819                                249.95819
              5       125.72363        60.01541     0.029840201      0.16635717      0.15320015     -0.32573014      -0.32573014       252.09873                                252.09873
              1       126.04224       60.004953     0.029271482      0.16650625      0.15333487     -0.32573014      -0.32573014       252.73595                                252.73595
              1       125.98785       60.004953     0.029271482         0.16637      0.15371212     -0.32573014      -0.32573014       252.62716                                252.62716
              1       125.31008       60.004953     0.029271482      0.16361136      0.15275437     -0.32573014      -0.32573014       251.27163                                251.27163
              2       125.09332       60.004953     0.029271482      0.15056839      0.14795883     -0.32573014      -0.32573014        250.8381                                 250.8381
              1       127.24776       60.004953     0.029271482      0.16955125      0.15090289     -0.32573014      -0.32573014       255.14699                                255.14699
              1       127.61139       60.004953     0.029271482      0.17075194      0.15214238     -0.32573014      -0.32573014       255.87423                                255.87423
              4       127.76895        60.00031      0.02899712      0.17082576      0.15221203     -0.32573014      -0.32573014       256.18937                                256.18937
              1        128.6599        60.00031      0.02899712      0.17259148      0.15075207     -0.32573014      -0.32573014       257.97125                                257.97125
              1        125.1253        60.00031      0.02899712      0.15363832      0.16248984     -0.32573014      -0.32573014       250.90205                                250.90205
              1       125.22772        60.00031      0.02899712      0.16222509      0.15197681     -0.32573014      -0.32573014        251.1069                                 251.1069
              2       125.44391        60.00031      0.02899712      0.15659105      0.14620529     -0.32573014      -0.32573014       251.53928                                251.53928
              4       125.53272        60.00031      0.02899712      0.15663275      0.14582398     -0.32573014      -0.32573014        251.7169                                 251.7169
              2        125.7472        60.00031      0.02899712      0.16430958      0.15900228     -0.32573014      -0.32573014       252.14586                                252.14586
              1        125.9734        60.00031      0.02899712      0.16310311      0.16249611     -0.32573014      -0.32573014       252.59826                                252.59826
              1       125.17038        60.00031      0.02899712      0.14749702      0.15731545     -0.32573014      -0.32573014       250.99223                                250.99223
              3       125.13877        60.00031      0.02899712      0.14764866      0.15725398     -0.32573014      -0.32573014         250.929                                  250.929
              6       125.04604       60.005974     0.029202139      0.14760384      0.15722731     -0.32573014      -0.32573014       250.74353                                250.74353
              3       125.20149       60.005974     0.029202139      0.15501699      0.14666942     -0.32573014      -0.32573014       251.05445                                251.05445
              1       124.55566       60.005974     0.029202139      0.15143483      0.15238542     -0.32573014      -0.32573014       249.76279                                249.76279
             10       124.57055       60.005974     0.029202139       0.1511595      0.15253707     -0.32573014      -0.32573014       249.79255                                249.79255
              1       124.39073       60.005974     0.029202139      0.15424556      0.15727499     -0.32573014      -0.32573014       249.43292                                249.43292
              2       124.32353       60.005974     0.029202139       0.1549636      0.15487877     -0.32573014      -0.32573014       249.29852                                249.29852
              1       125.72728       60.005974     0.029202139      0.16271139      0.16197371     -0.32573014      -0.32573014       252.10603                                252.10603
              1       126.20808       60.005974     0.029202139      0.15810029      0.16680841     -0.32573014      -0.32573014       253.06761                                253.06761
              1       125.21958       60.005974     0.029202139      0.15537871      0.16344717     -0.32573014      -0.32573014       251.09062                                251.09062
              2        124.4397       60.005974     0.029202139      0.15728702      0.15327788     -0.32573014      -0.32573014       249.53087                                249.53087
              3       126.58234       60.005974     0.029202139       0.1543465      0.14162985     -0.32573014      -0.32573014       253.81613                                253.81613
              2         125.061       60.005974     0.029202139      0.15299945      0.16246421     -0.32573014      -0.32573014       250.77346                                250.77346
              3       127.98104       60.005974     0.029202139      0.15137199      0.17172254     -0.32573014      -0.32573014       256.61355                                256.61355
              1       124.81654       60.005974     0.029202139      0.15246542      0.16082699     -0.32573014      -0.32573014       250.28455                                250.28455
              7       126.61924       60.005974     0.029202139      0.15204123      0.14180317     -0.32573014      -0.32573014       253.88994                                253.88994
              1       127.90295       60.005974     0.029202139      0.15013702       0.1388227     -0.32573014      -0.32573014       256.45736                                256.45736
              2       124.98826       60.005974     0.029202139      0.15227866      0.16183602     -0.32573014      -0.32573014       250.62799                                250.62799
              3       125.68577       60.005974     0.029202139      0.14477094       0.1575106     -0.32573014      -0.32573014       252.02301                                252.02301
              4       126.51357       60.005974     0.029202139       0.1548997      0.16822029     -0.32573014      -0.32573014       253.67859                                253.67859
              1       124.62808       60.005974     0.029202139       0.1506988      0.15235293     -0.32573014      -0.32573014       249.90762                                249.90762
              2       124.61958       60.005974     0.029202139      0.15909677      0.15280396     -0.32573014      -0.32573014       249.89063                                249.89063
              2       124.74434       60.005974     0.029202139      0.15504395      0.16080697     -0.32573014      -0.32573014       250.14014                                250.14014
              1       124.48879       60.005974     0.029202139      0.15788471      0.15313093     -0.32573014      -0.32573014       249.62904                                249.62904
              5       124.45796       60.005974     0.029202139      0.15766987      0.15346631     -0.32573014      -0.32573014       249.56737                                249.56737
              1       124.70494       60.005974     0.029202139      0.15629295      0.14972013     -0.32573014      -0.32573014       250.06133                                250.06133
              1       126.37225       60.005974     0.029202139      0.16451875      0.14682094     -0.32573014      -0.32573014       253.39597                                253.39597
              1       124.37181       60.013579     0.029610021      0.15031531      0.15301382     -0.32573014      -0.32573014       249.39509                                249.39509
              2       124.57217       60.013579     0.029610021       0.1535481      0.16099081     -0.32573014      -0.32573014       249.79581                                249.79581
              3        125.7087       60.016603     0.028321696      0.15401167      0.16160488     -0.32573014      -0.32573014       252.06887                                252.06887
              2       125.72943       60.016603     0.028321696      0.15262831      0.16125618     -0.32573014      -0.32573014       252.11032                                252.11032
              5       125.27065       60.016603     0.028321696      0.15445262      0.15399082     -0.32573014      -0.32573014       251.19276                                251.19276
              4       125.23854       60.016603     0.028321696      0.15571328      0.15475384     -0.32573014      -0.32573014       251.12854                                251.12854
              1       126.57081       60.084093      0.02792096      0.15617104      0.15571431     -0.32573014      -0.32573014       253.79308                                253.79308
              2       126.52519       60.081191     0.027924302       0.1561562      0.15567925     -0.32573014      -0.32573014       253.70183                                253.70183
              1        126.7458       60.081191     0.027924302       0.1520295      0.15722846     -0.32573014      -0.32573014       254.14307                                254.14307
              2       127.66198       60.081191     0.027924302      0.14727428      0.15966171     -0.32573014      -0.32573014       255.97542                                255.97542
              1       126.89863       60.081191     0.027924302      0.15300123      0.15189409     -0.32573014      -0.32573014       254.44871                                254.44871
              1       126.95303       60.081191     0.027924302      0.15256101      0.15175022     -0.32573014      -0.32573014       254.55752                                254.55752
              1       127.70789       60.068211      0.02685771      0.15287184      0.15207958     -0.32573014      -0.32573014       256.06724                                256.06724
              1       128.36127       60.068211      0.02685771      0.16492175      0.15255224     -0.32573014      -0.32573014       257.37399                                257.37399
              2        128.3593       60.068211      0.02685771       0.1641606      0.15131174     -0.32573014      -0.32573014       257.37007                                257.37007
              1       128.13293       60.068211      0.02685771      0.16492038      0.15693393     -0.32573014      -0.32573014       256.91733                                256.91733
              2       128.10649       60.186127      0.02852885      0.16195566      0.15284049     -0.32573014      -0.32573014       256.86445                                256.86445
              2       128.24074       60.186127      0.02852885      0.15280928      0.16325114     -0.32573014      -0.32573014       257.13293                                257.13293
              1       128.60222       60.186127      0.02852885      0.14906365      0.16181858     -0.32573014      -0.32573014       257.85591                                257.85591
              2       128.64201       60.186127      0.02852885      0.14894398      0.16194907     -0.32573014      -0.32573014       257.93548                                257.93548
              1       128.39764       60.186127      0.02852885      0.14974827      0.15288303     -0.32573014      -0.32573014       257.44675                                257.44675
              1       128.28467       60.220494     0.029230854      0.14966536      0.15296483     -0.32573014      -0.32573014       257.22081                                257.22081
              1       127.93422       60.220494     0.029230854      0.15129968       0.1539836     -0.32573014      -0.32573014       256.51989                                256.51989
              4       128.31431       60.220494     0.029230854      0.16078787      0.16421042     -0.32573014      -0.32573014       257.28007                                257.28007
              1       128.16297       60.203004     0.029103113      0.16075002      0.16406561     -0.32573014      -0.32573014       256.97739                                256.97739
              2       127.49512       60.088033      0.02787475      0.16063673      0.16328844     -0.32573014      -0.32573014        255.6417                                 255.6417
              5       127.30089       60.088033      0.02787475      0.15694854      0.16354724     -0.32573014      -0.32573014       255.25323                                255.25323
              2       127.21226       60.088033      0.02787475      0.15985321       0.1619818     -0.32573014      -0.32573014       255.07599                                255.07599
              6       127.41639       60.088033      0.02787475      0.16134222      0.16225479     -0.32573014      -0.32573014       255.48423                                255.48423
              1       127.83968       60.088033      0.02787475      0.15399667      0.14705896     -0.32573014      -0.32573014       256.33081                                256.33081
              2       127.92545       60.088033      0.02787475      0.15288442      0.14703303     -0.32573014      -0.32573014       256.50236                                256.50236
              3       127.40647       60.088033      0.02787475      0.15237288      0.14983705     -0.32573014      -0.32573014       255.46441                                255.46441
              1       126.83376       60.088033      0.02787475      0.15617321      0.15277819     -0.32573014      -0.32573014       254.31897                                254.31897
              1       126.36476       60.131432     0.029136083      0.15593778        0.152713     -0.32573014      -0.32573014       253.38098                                253.38098
              2        127.0559       60.131432     0.029136083      0.15818378      0.14831218     -0.32573014      -0.32573014       254.76325                                254.76325
              1       127.31711       60.131432     0.029136083      0.16097918      0.16410479     -0.32573014      -0.32573014       255.28568                                255.28568
              1       126.64981       60.108336     0.028466547      0.15730128      0.16012875     -0.32573014      -0.32573014       253.95107                                253.95107
              1       126.49549       60.108336     0.028466547      0.15430123      0.15672586     -0.32573014      -0.32573014       253.64245                                253.64245
              1       127.57763       60.034838     0.027616171       0.1634915      0.14843855     -0.32573014      -0.32573014       255.80672                                255.80672
              1       127.18259       60.034838     0.027616171      0.14669364      0.15581687     -0.32573014      -0.32573014       255.01664                                255.01664
              2       127.54413       60.034838     0.027616171      0.16608496      0.15918188     -0.32573014      -0.32573014       255.73972                                255.73972
              2       126.75813       60.034838     0.027616171      0.16304666      0.15671796     -0.32573014      -0.32573014       254.16772                                254.16772
              3       126.94293       60.034838     0.027616171      0.16392168      0.15484874     -0.32573014      -0.32573014       254.53731                                254.53731
              1       126.69268       60.034838     0.027616171       0.1626723      0.15543855     -0.32573014      -0.32573014       254.03682                                254.03682
              3       126.44013       60.039463     0.027997583      0.16256107      0.15532059     -0.32573014      -0.32573014       253.53172                                253.53172
              1       127.48196       60.039463     0.027997583      0.16576384       0.1612939     -0.32573014      -0.32573014       255.61538                                255.61538
              1       126.98225       60.055359     0.028893312      0.16552633      0.16107507     -0.32573014      -0.32573014       254.61596                                254.61596
              3       125.82458       60.055359     0.028893312      0.15894327       0.1609818     -0.32573014      -0.32573014       252.30062                                252.30062
              3       124.70066       60.044095     0.029451366      0.15438678      0.15680423     -0.32573014      -0.32573014       250.05278                                250.05278
              2       124.72736       60.044095     0.029451366      0.15723952      0.15531356     -0.32573014      -0.32573014       250.10619                                250.10619
              1       124.67927       60.044095     0.029451366      0.15607777      0.15505825     -0.32573014      -0.32573014       250.00999                                250.00999
              1       125.48924       60.044095     0.029451366      0.15976557      0.14870124     -0.32573014      -0.32573014       251.62993                                251.62993
              8        125.2223       60.044095     0.029451366      0.15111089      0.16060643     -0.32573014      -0.32573014       251.09607                                251.09607
              1       125.20793       60.044095     0.029451366      0.14861754      0.15649085     -0.32573014      -0.32573014       251.06732                                251.06732
              1       126.82774        60.10701     0.028719192      0.14916934      0.15754741     -0.32573014      -0.32573014       254.30693                                254.30693
              2       128.40452        60.10701     0.028719192      0.14319673      0.15911438     -0.32573014      -0.32573014        257.4605                                 257.4605
              3       128.00801        60.10701     0.028719192      0.14418405      0.15746487     -0.32573014      -0.32573014       256.66748                                256.66748
              2       127.24991       60.063881     0.028790943      0.14395581      0.15693395     -0.32573014      -0.32573014       255.15128                                255.15128
              2        127.5819       60.063881     0.028790943      0.14339172      0.15199764     -0.32573014      -0.32573014       255.81526                                255.81526
              5       125.77125       60.063881     0.028790943      0.15898378      0.15291434     -0.32573014      -0.32573014       252.19396                                252.19396
              4       125.71422       60.063881     0.028790943      0.15173246      0.15665244     -0.32573014      -0.32573014       252.07991                                252.07991
              1       126.15566       60.063881     0.028790943      0.16231016      0.15783086     -0.32573014      -0.32573014       252.96277                                252.96277
              1       126.13512       60.061162     0.028769507      0.16230311      0.15781227     -0.32573014      -0.32573014        252.9217                                 252.9217
              3       127.00986       60.061162     0.028769507       0.1655181      0.16012895     -0.32573014      -0.32573014       254.67118                                254.67118
              2       129.35723       60.061162     0.028769507      0.16276923       0.1716804     -0.32573014      -0.32573014       259.36592                                259.36592
              1        127.3639       60.061162     0.028769507      0.15836737      0.16759289     -0.32573014      -0.32573014       255.37925                                255.37925
              1       126.46019       60.061162     0.028769507      0.14994526      0.14905033     -0.32573014      -0.32573014       253.57185                                253.57185
              2       127.63212       60.061162     0.028769507      0.15244373      0.16840027     -0.32573014      -0.32573014        255.9157                                 255.9157
              2       127.50103       60.114217     0.028930485      0.14996764      0.16465486     -0.32573014      -0.32573014       255.65352                                255.65352
              3       125.10201       60.013316     0.029844154      0.14935925      0.16309773     -0.32573014      -0.32573014       250.85548                                250.85548
              7       124.71409       60.013316     0.029844154      0.14967514      0.16123378     -0.32573014      -0.32573014       250.07965                                250.07965
              4       123.99797       60.013316     0.029844154      0.15176771      0.15364626     -0.32573014      -0.32573014        248.6474                                 248.6474
              2       124.90821       60.013316     0.029844154       0.1456637      0.15354432     -0.32573014      -0.32573014       250.46788                                250.46788
              3       125.24026       60.013316     0.029844154      0.14490576      0.15844976     -0.32573014      -0.32573014       251.13198                                251.13198
              2       124.10348       60.013316     0.029844154      0.15132129      0.15212862     -0.32573014      -0.32573014       248.85842                                248.85842
              3       124.26455       60.013316     0.029844154      0.14954791      0.15253419     -0.32573014      -0.32573014       249.18056                                249.18056
              1       124.44189       60.023689     0.029820803      0.14959613      0.15265846     -0.32573014      -0.32573014       249.53524                                249.53524
              3       125.21817       60.023689     0.029820803        0.163741      0.15780132     -0.32573014      -0.32573014       251.08781                                251.08781
              1       125.06562       60.023689     0.029820803       0.1601959      0.16187294     -0.32573014      -0.32573014        250.7827                                 250.7827
              1       124.18449       60.023689     0.029820803      0.15728074      0.15305751     -0.32573014      -0.32573014       249.02043                                249.02043
              3       125.60531       60.028335     0.028196142      0.15762988      0.15393201     -0.32573014      -0.32573014       251.86209                                251.86209
              2       125.59889       60.028335     0.028196142       0.1534656      0.15404484     -0.32573014      -0.32573014       251.84925                                251.84925
              1       125.74489        60.02292     0.027937413       0.1534954      0.15411739     -0.32573014      -0.32573014       252.14124                                252.14124
              8       125.79262        60.02292     0.027937413      0.15368326      0.15309307     -0.32573014      -0.32573014        252.2367                                 252.2367
              2       125.68017        60.02292     0.027937413      0.15419835      0.15525815     -0.32573014      -0.32573014        252.0118                                 252.0118
              4       125.68864        60.02292     0.027937413      0.15694725      0.15696112     -0.32573014      -0.32573014       252.02874                                252.02874
              1       125.66563        60.02292     0.027937413      0.15587877      0.15691088     -0.32573014      -0.32573014       251.98272                                251.98272
              7       125.49586       60.039361     0.028512329      0.15757618      0.15389125     -0.32573014      -0.32573014       251.64317                                251.64317
              2       125.36521       60.067089     0.029138312       0.1575654      0.15387424     -0.32573014      -0.32573014       251.38188                                251.38188
              1        127.0171       60.051273     0.026889054      0.15795549       0.1548438     -0.32573014      -0.32573014       254.68566                                254.68566
              1       127.54024       60.051273     0.026889054      0.16321791      0.15618803     -0.32573014      -0.32573014       255.73194                                255.73194
              6        128.7225       60.028293     0.025072814      0.16349011      0.15686028     -0.32573014      -0.32573014       258.09645                                258.09645
              6       128.28919       60.028293     0.025072814      0.15721718      0.15486292     -0.32573014      -0.32573014       257.22983                                257.22983
              8        128.4588        60.03165     0.024936087        0.157259      0.15496867     -0.32573014      -0.32573014       257.56905                                257.56905
              4         128.606        60.03165     0.024936087      0.15325424      0.15619334     -0.32573014      -0.32573014       257.86347                                257.86347
              1       127.62038       60.185478     0.028637078      0.15314814      0.15598322     -0.32573014      -0.32573014       255.89222                                255.89222
              2       127.36845       60.175197     0.028742637      0.15308362      0.15581824     -0.32573014      -0.32573014       255.38836                                255.38836
              1       129.17065       60.175197     0.028742637      0.16035807      0.16873131     -0.32573014      -0.32573014       258.99276                                258.99276
              4       126.32832       60.048858      0.02995116       0.1595832       0.1667489     -0.32573014      -0.32573014        253.3081                                 253.3081
              2       126.60279       60.048858      0.02995116      0.15807698      0.16812272     -0.32573014      -0.32573014       253.85704                                253.85704
              2       125.85767       60.048858      0.02995116      0.16508238      0.15904314     -0.32573014      -0.32573014        252.3668                                 252.3668
              1       124.75436       60.048858      0.02995116       0.1605862      0.15630652     -0.32573014      -0.32573014       250.16018                                250.16018
              3       124.75243       60.048858      0.02995116      0.16070343      0.15469454     -0.32573014      -0.32573014       250.15631                                250.15631
              1       125.01087       60.048858      0.02995116      0.16217919      0.15591608     -0.32573014      -0.32573014       250.67321                                250.67321
              2       125.14873       60.048858      0.02995116      0.15564995       0.1631552     -0.32573014      -0.32573014       250.94892                                250.94892
              1       127.82725       60.071011     0.027199782      0.15630111      0.16479101     -0.32573014      -0.32573014       256.30596                                256.30596
              6       127.07373       60.071011     0.027199782      0.15408982      0.15744864     -0.32573014      -0.32573014       254.79891                                254.79891
              3       128.62801       60.114469     0.026551108      0.16275971      0.15577474     -0.32573014      -0.32573014       257.90749                                257.90749
              1       129.49491       60.114469     0.026551108      0.15779112      0.16752784     -0.32573014      -0.32573014       259.64129                                259.64129
              3       130.12995       60.101745      0.02560487      0.15792978      0.16786993     -0.32573014      -0.32573014       260.91136                                260.91136
              2        130.0262       60.067908     0.025124813      0.15788534      0.16774669     -0.32573014      -0.32573014       260.70386                                260.70386
              1       130.97704       60.096614     0.024545425      0.15812325      0.16835174     -0.32573014      -0.32573014       262.60554                                262.60554
              2       129.83056       60.096614     0.024545425      0.15509848      0.15932496     -0.32573014      -0.32573014       260.31258                                260.31258
              1       129.75034       60.096614     0.024545425      0.15619495      0.15797589     -0.32573014      -0.32573014       260.15214                                260.15214
              3       129.87003       60.068429     0.023928687      0.15620193      0.15798326     -0.32573014      -0.32573014       260.39152                                260.39152
              2       132.59303       60.068429     0.023928687      0.16584926      0.17101246     -0.32573014      -0.32573014       265.83751                                265.83751
              2        132.8738       60.068429     0.023928687      0.16655866      0.17142919     -0.32573014      -0.32573014       266.39906                                266.39906
              4       130.55323       60.068429     0.023928687      0.16255459      0.16456267     -0.32573014      -0.32573014       261.75791                                261.75791
              1       130.17449       60.068429     0.023928687       0.1575992      0.15307664     -0.32573014      -0.32573014       261.00044                                261.00044
              1        127.9447       60.028765     0.025791732      0.15705488      0.15170166     -0.32573014      -0.32573014       256.54086                                256.54086
              1       127.80346       60.028765     0.025791732      0.15709716      0.16112128     -0.32573014      -0.32573014       256.25839                                256.25839
              2       127.87487       60.028765     0.025791732      0.15430117      0.15296246     -0.32573014      -0.32573014        256.4012                                 256.4012
              4       127.62639       60.028765     0.025791732      0.15823416      0.15609807     -0.32573014      -0.32573014       255.90424                                255.90424
              6       126.79158       60.090419     0.027822618      0.15808053      0.15573611     -0.32573014      -0.32573014       254.23463                                254.23463
              2       126.78214       60.090419     0.027822618      0.15654955      0.15477472     -0.32573014      -0.32573014       254.21574                                254.21574
              1        127.0475       60.090419     0.027822618      0.15145449      0.15714502     -0.32573014      -0.32573014       254.74646                                254.74646
              4       124.39911       60.007397     0.029373468      0.15079176      0.15545846     -0.32573014      -0.32573014       249.44969                                249.44969
              3       124.40085       60.003493     0.029305133      0.15078926       0.1554508     -0.32573014      -0.32573014       249.45317                                249.45317
              1       124.43257       60.003493     0.029305133      0.15129958      0.15238089     -0.32573014      -0.32573014        249.5166                                 249.5166
              2       125.76277       60.102602     0.029624795      0.14990439      0.15558674     -0.32573014      -0.32573014         252.177                                  252.177
              1       127.75527       60.003813     0.025758722      0.15027472      0.15647715     -0.32573014      -0.32573014       256.16201                                256.16201
              2       128.43041       60.003813     0.025758722      0.14755404      0.16018183     -0.32573014      -0.32573014       257.51229                                257.51229
              2       131.29672       60.050086     0.027579712      0.16563554      0.13896083     -0.32573014      -0.32573014       263.24489                                263.24489
              4       132.02673       60.050086     0.027579712      0.16561993      0.13735047     -0.32573014      -0.32573014       264.70492                                264.70492
              1       130.66373       60.019486     0.028826365      0.16523869      0.13638641     -0.32573014      -0.32573014       261.97891                                261.97891
              3       125.06079       60.019486     0.028826365      0.15423312      0.15943575     -0.32573014      -0.32573014       250.77304                                250.77304
              3       125.07303       60.019486     0.028826365      0.15436643      0.15957932     -0.32573014      -0.32573014       250.79752                                250.79752
              2       125.07557       60.019486     0.028826365      0.15127012      0.15725719     -0.32573014      -0.32573014       250.80261                                250.80261
              4       125.02499       60.019486     0.028826365      0.15201503       0.1575577     -0.32573014      -0.32573014       250.70145                                250.70145
              1       124.95763       60.025126      0.02899979      0.15200348      0.15753086     -0.32573014      -0.32573014       250.56671                                250.56671
              4       125.07527       60.025126      0.02899979      0.15979903      0.15410123     -0.32573014      -0.32573014       250.80201                                250.80201
              1       125.06112       60.025305     0.029020188      0.15979565      0.15409282     -0.32573014      -0.32573014        250.7737                                 250.7737
              1       124.95332       60.017747     0.029023405      0.15976331      0.15400928     -0.32573014      -0.32573014       250.55809                                250.55809
              1       124.74358       60.017747     0.029023405      0.15776125      0.15543724     -0.32573014      -0.32573014       250.13863                                250.13863
              1       125.88135       60.017747     0.029023405      0.14568785       0.1520445     -0.32573014      -0.32573014       252.41415                                252.41415
              2       126.09195       60.017747     0.029023405      0.14935569      0.16430808     -0.32573014      -0.32573014       252.83537                                252.83537
              3       126.23855       60.032635     0.029106713      0.14940119      0.16442718     -0.32573014      -0.32573014       253.12855                                253.12855
              3        126.9797       60.032635     0.029106713      0.15001728      0.16750663     -0.32573014      -0.32573014       254.61087                                254.61087
              1       125.52955       60.032635     0.029106713      0.16219875      0.15821159     -0.32573014      -0.32573014       251.71056                                251.71056
              6       125.49164       60.038674     0.029272523      0.16219042      0.15819294     -0.32573014      -0.32573014       251.63474                                251.63474
              1       126.14927       60.002758     0.027823459      0.16233389      0.15853873     -0.32573014      -0.32573014       252.94999                                252.94999
              7       126.99496       60.002758     0.027823459      0.14829085      0.16407823     -0.32573014      -0.32573014       254.64138                                254.64138
              2       125.66688       60.002758     0.027823459      0.15244357       0.1584722     -0.32573014      -0.32573014       251.98522                                251.98522
              1       125.97275       60.002758     0.027823459      0.16157601      0.15373749     -0.32573014      -0.32573014       252.59696                                252.59696
              3       125.14194       60.008487      0.02866294      0.15070889      0.15777958     -0.32573014      -0.32573014       250.93533                                250.93533
              2       126.05472       60.133223      0.02977514      0.15100613      0.15856738     -0.32573014      -0.32573014       252.76089                                252.76089
              1       126.73388       60.133223      0.02977514      0.14669571      0.15459171     -0.32573014      -0.32573014       254.11923                                254.11923
              1       126.44667       60.115501     0.029617076      0.15099787      0.14880926     -0.32573014      -0.32573014        253.5448                                 253.5448
              1       125.68877       60.115501     0.029617076      0.15790684      0.15367761     -0.32573014      -0.32573014       252.02901                                252.02901
              5        125.6359       60.115501     0.029617076      0.15742018      0.15426661     -0.32573014      -0.32573014       251.92326                                251.92326
              3       126.15409       60.115501     0.029617076      0.14959645      0.15254783     -0.32573014      -0.32573014       252.95963                                252.95963
              1       127.49687       60.115501     0.029617076      0.16053831      0.16715061     -0.32573014      -0.32573014       255.64521                                255.64521
              1       131.14147       60.115501     0.029617076      0.16809073       0.1726784     -0.32573014      -0.32573014        262.9344                                 262.9344
              1       126.78638       60.115501     0.029617076      0.14862217      0.16273136     -0.32573014      -0.32573014       254.22423                                254.22423
              1       125.89817       60.115501     0.029617076      0.15530209      0.15064913     -0.32573014      -0.32573014        252.4478                                 252.4478
              1       125.76052       60.026325     0.028056042      0.15770659      0.15869186     -0.32573014      -0.32573014       252.17251                                252.17251
              2       126.32623       60.026325     0.028056042      0.15726815      0.16322039     -0.32573014      -0.32573014       253.30393                                253.30393
              1       125.80162       60.026325     0.028056042      0.15957469       0.1555944     -0.32573014      -0.32573014        252.2547                                 252.2547
              1       125.88056       60.026325     0.028056042      0.15524465        0.151081     -0.32573014      -0.32573014       252.41259                                252.41259
              4       126.20179       60.026325     0.028056042      0.15644752      0.14893261     -0.32573014      -0.32573014       253.05504                                253.05504
              1       126.03972       60.026325     0.028056042      0.15612997      0.14990631     -0.32573014      -0.32573014        252.7309                                 252.7309
              1       125.74185       60.044341     0.028711611      0.15597638      0.14973259     -0.32573014      -0.32573014       252.13517                                252.13517
              2        127.2353       60.044341     0.028711611      0.14412453      0.16058722     -0.32573014      -0.32573014       255.12206                                255.12206
              2       125.35071       60.044341     0.028711611      0.15393294      0.15695131     -0.32573014      -0.32573014       251.35287                                251.35287
              6       125.37572       60.046877     0.028726272       0.1539385      0.15697021     -0.32573014      -0.32573014        251.4029                                 251.4029
              2       125.96572       60.046877     0.028726272       0.1608364      0.16025113     -0.32573014      -0.32573014        252.5829                                 252.5829
              1       125.83807       60.069384     0.029215173      0.15795171      0.16208231     -0.32573014      -0.32573014       252.32761                                252.32761
              2       124.66525       60.037527     0.029602117      0.15602441      0.15917176     -0.32573014      -0.32573014       249.98196                                249.98196
              1       125.11711       60.037527     0.029602117      0.14874594      0.15904677     -0.32573014      -0.32573014       250.88567                                250.88567
              5       125.85834       60.037527     0.029602117      0.14631413      0.14891924     -0.32573014      -0.32573014       252.36815                                252.36815
              1       125.97781       60.037527     0.029602117      0.14824729      0.14629579     -0.32573014      -0.32573014       252.60708                                252.60708
              1       125.93952       60.037527     0.029602117      0.16060163      0.16437813     -0.32573014      -0.32573014        252.5305                                 252.5305
              2       124.97846       60.037527     0.029602117      0.16123656      0.15647711     -0.32573014      -0.32573014       250.60839                                250.60839
              2       126.18004       60.037527     0.029602117      0.16490127      0.14905108     -0.32573014      -0.32573014       253.01154                                253.01154
             10       125.97471       60.037527     0.029602117      0.16207832      0.14676226     -0.32573014      -0.32573014       252.60087                                252.60087
              1       125.09822       60.037527     0.029602117      0.16109593      0.15146712     -0.32573014      -0.32573014        250.8479                                 250.8479
              1       124.84195       60.000663      0.02930448      0.16104472      0.15123973     -0.32573014      -0.32573014       250.33536                                250.33536
              2       125.67287       60.000663      0.02930448      0.14663423      0.16229016     -0.32573014      -0.32573014       251.99721                                251.99721
              1       126.40151       60.000663      0.02930448      0.14742641      0.16608241     -0.32573014      -0.32573014       253.45447                                253.45447
              1        127.0818       60.000663      0.02930448      0.15549863      0.17014552     -0.32573014      -0.32573014       254.81506                                254.81506
              1       126.81128       60.000487     0.029616326      0.15538869      0.16996951     -0.32573014      -0.32573014       254.27402                                254.27402
              3       126.17873       60.000487     0.029616326      0.16337886      0.16489037     -0.32573014      -0.32573014       253.00892                                253.00892
              2       126.60405       60.000487     0.029616326      0.16900328      0.15286112     -0.32573014      -0.32573014       253.85955                                253.85955
              1       126.70608       60.000487     0.029616326      0.16927194      0.15281948     -0.32573014      -0.32573014       254.06362                                254.06362
              1       126.30157       60.000487     0.029616326      0.15948836      0.16767302     -0.32573014      -0.32573014        253.2546                                 253.2546
              2       126.83861       60.000487     0.029616326      0.16082551      0.16869612     -0.32573014      -0.32573014       254.32867                                254.32867
              1       126.80954       60.000487     0.029616326      0.15805501      0.16957266     -0.32573014      -0.32573014       254.27055                                254.27055
              4       125.79885       60.000487     0.029616326      0.14922875      0.14367036     -0.32573014      -0.32573014       252.24916                                252.24916
              2        124.1643       60.000487     0.029616326      0.15001677      0.15569332     -0.32573014      -0.32573014       248.98006                                248.98006
              4       124.06037       60.000487     0.029616326      0.15282009      0.15798081     -0.32573014      -0.32573014        248.7722                                 248.7722
              4       124.16294        60.00326     0.029544555      0.15285691      0.15805049     -0.32573014      -0.32573014       248.97733                                248.97733
              2       124.16914        60.00326     0.029544555      0.15831918       0.1550211     -0.32573014      -0.32573014       248.98975                                248.98975
              1       125.07408        60.00326     0.029544555      0.14665053      0.15015386     -0.32573014      -0.32573014       250.79962                                250.79962
              1       126.05233        60.00326     0.029544555       0.1531306      0.14211205     -0.32573014      -0.32573014       252.75611                                252.75611
              4       125.89129       60.011551     0.029875224      0.15304977      0.14201594     -0.32573014      -0.32573014       252.43404                                252.43404
              2       123.86041       60.011551     0.029875224      0.15577239      0.15550427     -0.32573014      -0.32573014       248.37228                                248.37228
              6       124.16189       60.011551     0.029875224      0.15584186      0.14978602     -0.32573014      -0.32573014       248.97523                                248.97523
              3       124.41681       60.011551     0.029875224      0.15839214      0.14914158     -0.32573014      -0.32573014       249.48509                                249.48509
              1       126.90829       60.011551     0.029875224      0.16921421      0.15975099     -0.32573014      -0.32573014       254.46804                                254.46804
              2       126.31039       60.011551     0.029875224      0.16527009      0.16364559     -0.32573014      -0.32573014       253.27224                                253.27224
              1       126.37452       60.011551     0.029875224       0.1686118       0.1553778     -0.32573014      -0.32573014       253.40051                                253.40051
              4       125.14899       60.011551     0.029875224      0.14441779      0.15590141     -0.32573014      -0.32573014       250.94945                                250.94945
              1       125.22653       60.011551     0.029875224      0.14410544      0.15575256     -0.32573014      -0.32573014       251.10452                                251.10452
              2       125.58168       60.011551     0.029875224      0.14291827      0.15640121     -0.32573014      -0.32573014       251.81483                                251.81483
              4        123.9873       60.011551     0.029875224      0.15772427       0.1560787     -0.32573014      -0.32573014       248.62606                                248.62606
              4       124.36683       60.011551     0.029875224      0.15803378      0.16019206     -0.32573014      -0.32573014       249.38513                                249.38513
              2       124.33417       60.011551     0.029875224      0.15780076       0.1601011     -0.32573014      -0.32573014        249.3198                                 249.3198
              7       124.05298       60.011551     0.029875224      0.15060099      0.15329665     -0.32573014      -0.32573014       248.75741                                248.75741
              2       123.85476       60.011551     0.029875224      0.15553807      0.15388635     -0.32573014      -0.32573014       248.36099                                248.36099
              1       123.92695       60.011551     0.029875224      0.15722456      0.15452539     -0.32573014      -0.32573014       248.50535                                248.50535
              4       124.31766       60.011551     0.029875224       0.1570493      0.16038479     -0.32573014      -0.32573014       249.28679                                249.28679
              4        124.7791       60.011551     0.029875224      0.16298357      0.15628768     -0.32573014      -0.32573014       250.20966                                250.20966
              2       124.75057       60.011551     0.029875224      0.16289413      0.15602988     -0.32573014      -0.32573014       250.15259                                250.15259
              5        125.3852       60.011551     0.029875224      0.16498261      0.15122935     -0.32573014      -0.32573014       251.42185                                251.42185
              3       124.10598       60.011551     0.029875224      0.15178718       0.1584971     -0.32573014      -0.32573014       248.86342                                248.86342
              6       124.00102       60.011551     0.029875224      0.15803702      0.15561118     -0.32573014      -0.32573014        248.6535                                 248.6535
              3       125.57198       60.011551     0.029875224      0.14499012      0.14791354     -0.32573014      -0.32573014       251.79542                                251.79542
              4       129.22329       60.011551     0.029875224      0.13690579      0.14403336     -0.32573014      -0.32573014       259.09804                                259.09804
              5       125.10036       60.011551     0.029875224      0.14461459      0.15349716     -0.32573014      -0.32573014       250.85219                                250.85219
              7       123.99312       60.011551     0.029875224      0.15680854      0.15744801     -0.32573014      -0.32573014        248.6377                                 248.6377
              4       125.23567       60.061715      0.02925772      0.15723628       0.1583284     -0.32573014      -0.32573014       251.12281                                251.12281
              3       125.19105       60.061715      0.02925772      0.15779416      0.15411143     -0.32573014      -0.32573014       251.03357                                251.03357
              2       125.62817       60.061715      0.02925772       0.1617714      0.15487226     -0.32573014      -0.32573014       251.90779                                251.90779
              1       125.76215       60.052546     0.028943402      0.16184279      0.15494988     -0.32573014      -0.32573014       252.17575                                252.17575
              2       125.67818       60.052546     0.028943402      0.16083224      0.15313863     -0.32573014      -0.32573014       252.00782                                252.00782
              1       125.74422       60.052546     0.028943402      0.14959257      0.15280069     -0.32573014      -0.32573014        252.1399                                 252.1399
              4       127.12227        60.08726     0.027985983       0.1500742      0.15370594     -0.32573014      -0.32573014       254.89601                                254.89601
              1       126.93701        60.08726     0.027985983      0.15948113       0.1520035     -0.32573014      -0.32573014       254.52548                                254.52548
              1       126.19455       60.044621     0.028152451      0.15924306      0.15145529     -0.32573014      -0.32573014       253.04056                                253.04056
              2       126.06168       60.044621     0.028152451       0.1596134      0.15335557     -0.32573014      -0.32573014       252.77482                                252.77482
              3       126.05588       60.044621     0.028152451      0.15956583      0.15337254     -0.32573014      -0.32573014       252.76321                                252.76321
              1       125.82342       60.044621     0.028152451      0.15745758       0.1560258     -0.32573014      -0.32573014       252.29831                                252.29831
              2       125.69834       60.048402     0.028363502      0.15739962      0.15594832     -0.32573014      -0.32573014       252.04813                                252.04813
              1       126.21138       60.030007      0.02744858      0.15764243      0.15626281     -0.32573014      -0.32573014       253.07422                                253.07422
              5        127.3402       60.030007      0.02744858      0.16511183      0.15886977     -0.32573014      -0.32573014       255.33185                                255.33185
              2       127.12427       60.030007      0.02744858      0.16427654      0.15839912     -0.32573014      -0.32573014           254.9                                    254.9
              1       126.97627       60.030007      0.02744858      0.16090886      0.14993196     -0.32573014      -0.32573014       254.60401                                254.60401
              1       127.16156       60.030007      0.02744858      0.16078057      0.14875672     -0.32573014      -0.32573014       254.97458                                254.97458
              1       127.26498       60.030007      0.02744858      0.16189057      0.14902709     -0.32573014      -0.32573014       255.18141                                255.18141
              1       125.62484       60.027594     0.029402475      0.16119621      0.14791028     -0.32573014      -0.32573014       251.90115                                251.90115
              1       125.59093       60.002463     0.029015551      0.16122574      0.14785803     -0.32573014      -0.32573014       251.83332                                251.83332
              2       124.95404       60.002463     0.029015551      0.15378895      0.16151551     -0.32573014      -0.32573014       250.55955                                250.55955
              1       124.71545       60.037553     0.029912441      0.15362284      0.16138933     -0.32573014      -0.32573014       250.08236                                250.08236
              2       124.24342       60.037553     0.029912441      0.15534282      0.15715625     -0.32573014      -0.32573014       249.13829                                249.13829
              1       124.46989       60.037553     0.029912441      0.15951893      0.15495408     -0.32573014      -0.32573014       249.59124                                249.59124
              1       125.49456       60.037553     0.029912441      0.16381317       0.1595241     -0.32573014      -0.32573014       251.64058                                251.64058
              3       126.52629       60.037553     0.029912441      0.15448748      0.16860502     -0.32573014      -0.32573014       253.70404                                253.70404
             10       126.95617       60.041016      0.02947649      0.15465474      0.16888543     -0.32573014      -0.32573014       254.56379                                254.56379
              1       124.68988       60.041016      0.02947649       0.1523296      0.15554889     -0.32573014      -0.32573014       250.03122                                250.03122
              4       124.94694       60.041016      0.02947649      0.16013539       0.1543161     -0.32573014      -0.32573014       250.54534                                250.54534
              4       124.75179       60.041016      0.02947649      0.15460975      0.15172856     -0.32573014      -0.32573014       250.15504                                250.15504
              2       127.11337       60.041016      0.02947649      0.14175434       0.1504593     -0.32573014      -0.32573014       254.87819                                254.87819
              2         126.006       60.041016      0.02947649      0.14448648       0.1547952     -0.32573014      -0.32573014       252.66346                                252.66346
              4       126.24505       60.041016      0.02947649      0.15307764       0.1664779     -0.32573014      -0.32573014       253.14157                                253.14157
              2        125.2976       60.041016      0.02947649      0.15961595      0.16101359     -0.32573014      -0.32573014       251.24665                                251.24665
              9       126.05293       60.090291     0.029413185      0.15984588      0.16157503     -0.32573014      -0.32573014       252.75733                                252.75733
              2       125.45997       60.056824     0.029550178       0.1596568      0.16114122     -0.32573014      -0.32573014       251.57139                                251.57139
              1        124.9497       60.056824     0.029550178      0.15169379      0.15357024     -0.32573014      -0.32573014       250.55086                                250.55086
              2       125.35785       60.056824     0.029550178      0.14955341      0.15129432     -0.32573014      -0.32573014       251.36716                                251.36716
              1       127.42393       60.056824     0.029550178      0.15288318      0.16967135     -0.32573014      -0.32573014       255.49933                                255.49933
              1       128.94732       60.056824     0.029550178      0.14506873      0.17049127     -0.32573014      -0.32573014        258.5461                                 258.5461
              2       127.49321       60.056824     0.029550178       0.1423994      0.14798033     -0.32573014      -0.32573014       255.63787                                255.63787
              4       126.94749       60.056824     0.029550178      0.16804551      0.15710708     -0.32573014      -0.32573014       254.54644                                254.54644
              1       125.51745       60.056824     0.029550178      0.14842616      0.15915163     -0.32573014      -0.32573014       251.68636                                251.68636
              3       126.66198       60.056824     0.029550178      0.14592752      0.16340901     -0.32573014      -0.32573014       253.97542                                253.97542
              4       125.13342       60.056824     0.029550178      0.15194482      0.15969276     -0.32573014      -0.32573014        250.9183                                 250.9183
              6       125.04759       60.056824     0.029550178      0.15709023      0.15101283     -0.32573014      -0.32573014       250.74663                                250.74663
              1       125.30789       60.056824     0.029550178       0.1565813      0.16169823     -0.32573014      -0.32573014       251.26723                                251.26723
              1       125.86098       60.115146     0.029902751      0.15670375      0.16212404     -0.32573014      -0.32573014       252.37342                                252.37342
              3       126.15202       60.115146     0.029902751      0.15785605      0.16344292     -0.32573014      -0.32573014        252.9555                                 252.9555
              2       127.40674       60.115146     0.029902751      0.16321857       0.1454004     -0.32573014      -0.32573014       255.46494                                255.46494
              1       126.54852       60.115146     0.029902751      0.15076257      0.16437197     -0.32573014      -0.32573014        253.7485                                 253.7485
              6        129.0251       60.026102     0.025563208      0.15190667      0.16584444     -0.32573014      -0.32573014       258.70166                                258.70166
              3       127.99902       60.026102     0.025563208      0.16010964      0.16018675     -0.32573014      -0.32573014       256.64951                                256.64951
              1       128.08781       60.026102     0.025563208      0.16062262      0.15350448     -0.32573014      -0.32573014       256.82708                                256.82708
              1       128.17408       60.026102     0.025563208      0.16199573      0.15984214     -0.32573014      -0.32573014       256.99963                                256.99963
              1       129.53361       60.046347     0.024318236      0.16251703      0.16075346     -0.32573014      -0.32573014       259.71868                                259.71868
              1       133.94398       60.046347     0.024318236      0.14871179      0.14064793     -0.32573014      -0.32573014       268.53941                                268.53941
              1       130.01353       60.046347     0.024318236      0.15523045      0.15001414     -0.32573014      -0.32573014       260.67852                                260.67852
              1        130.0859       60.046347     0.024318236      0.15066662      0.15300793     -0.32573014      -0.32573014       260.82327                                260.82327
              2       129.19362       60.046347     0.024318236      0.15765747      0.15996161     -0.32573014      -0.32573014       259.03869                                259.03869
              1       129.21908       60.045407     0.024287487        0.155722      0.15697826     -0.32573014      -0.32573014       259.08963                                259.08963
              4       130.70578       60.045407     0.024287487       0.1558015      0.16888266     -0.32573014      -0.32573014       262.06303                                262.06303
              2        130.1847       60.045407     0.024287487      0.15649903      0.16691299     -0.32573014      -0.32573014       261.02087                                261.02087
              2       130.73393       60.293556     0.027962438      0.15694373      0.16749098     -0.32573014      -0.32573014       262.11933                                262.11933
              2       130.15061       60.293556     0.027962438      0.15501973      0.16376608     -0.32573014      -0.32573014       260.95268                                260.95268
              1       128.59565       60.299612     0.029792637      0.15443257      0.16283176     -0.32573014      -0.32573014       257.84277                                257.84277
              1         128.414       60.299612     0.029792637      0.15435234      0.16122853     -0.32573014      -0.32573014       257.47947                                257.47947
              1       132.79311       60.299612     0.029792637      0.13807479      0.15843113     -0.32573014      -0.32573014       266.23768                                266.23768
              1       130.48975       60.299612     0.029792637      0.16615073      0.16768711     -0.32573014      -0.32573014       261.63096                                261.63096
              1       130.46564       60.297574     0.029785816      0.16613906      0.16766963     -0.32573014      -0.32573014       261.58273                                261.58273
              1        128.2831       60.297574     0.029785816      0.15635916      0.16107374     -0.32573014      -0.32573014       257.21766                                257.21766
              1       128.20292       60.286141     0.029667799      0.15632104      0.16101915     -0.32573014      -0.32573014       257.05731                                257.05731
              1       128.08132       60.286141     0.029667799      0.15657661      0.15940718     -0.32573014      -0.32573014        256.8141                                 256.8141
              2       128.01646       60.283427     0.029694894      0.15654862      0.15936419     -0.32573014      -0.32573014       256.68438                                256.68438
              1       128.92275       60.176109     0.026855951      0.15678565      0.15979515     -0.32573014      -0.32573014       258.49695                                258.49695
              1       130.82348       60.176109     0.026855951      0.14562251      0.16103869     -0.32573014      -0.32573014       262.29842                                262.29842
              1       133.28728       60.187735     0.026349888      0.17415367      0.15214206     -0.32573014      -0.32573014       267.22602                                267.22602
              5        133.8733       60.187735     0.026349888      0.17649044      0.15906166     -0.32573014      -0.32573014       268.39806                                268.39806
              1       131.54102       60.263141     0.027343922      0.16866595      0.16399536     -0.32573014      -0.32573014        263.7335                                 263.7335
              1       130.39684       60.263141     0.027343922       0.1580124      0.16567327     -0.32573014      -0.32573014       261.44515                                261.44515
              1       129.81345       60.316403     0.028939865      0.15783052       0.1653575     -0.32573014      -0.32573014       260.27837                                260.27837
              3       129.44741       60.300404     0.029078201      0.15767291      0.16511574     -0.32573014      -0.32573014       259.54628                                259.54628
              1        124.8046       60.008777     0.029410691      0.15555216       0.1619019     -0.32573014      -0.32573014       250.26066                                250.26066
              2       124.49592       60.008777     0.029410691      0.15893745      0.15751262     -0.32573014      -0.32573014        249.6433                                 249.6433
              1       125.13975       60.008777     0.029410691      0.16135037      0.16053368     -0.32573014      -0.32573014       250.93096                                250.93096
              8       124.22164       60.008777     0.029410691       0.1553758      0.15648156     -0.32573014      -0.32573014       249.09474                                249.09474
              1       124.31694       60.008777     0.029410691      0.15792363      0.15499743     -0.32573014      -0.32573014       249.28533                                249.28533
              1       124.24642       60.037403     0.029985385      0.15792313      0.15498196     -0.32573014      -0.32573014       249.14431                                249.14431
              2       124.28367       60.037403     0.029985385      0.15120792      0.15375013     -0.32573014      -0.32573014        249.2188                                 249.2188
              2       124.23728       60.037403     0.029985385      0.15157653        0.154586     -0.32573014      -0.32573014       249.12602                                249.12602
              4       126.38629       60.037403     0.029985385      0.16149502      0.14333669     -0.32573014      -0.32573014       253.42404                                253.42404
              6       125.37249       60.037403     0.029985385      0.14553772      0.15881031     -0.32573014      -0.32573014       251.39645                                251.39645
              2        124.1775       60.037403     0.029985385      0.15693419      0.15506779     -0.32573014      -0.32573014       249.00646                                249.00646
              5       124.19984       60.037403     0.029985385      0.15589531      0.15256747     -0.32573014      -0.32573014       249.05114                                249.05114
              1        123.8845         60.0156     0.029989567      0.15574386      0.15233846     -0.32573014      -0.32573014       248.42046                                248.42046
              2       125.44272       60.007033     0.027999879      0.15636854      0.15333357     -0.32573014      -0.32573014        251.5369                                 251.5369
              1       125.44758       60.007033     0.027999879      0.15693373      0.15355942     -0.32573014      -0.32573014       251.54662                                251.54662
              4       126.47626       60.007033     0.027999879      0.15243282      0.16456021     -0.32573014      -0.32573014       253.60398                                253.60398
              3       125.38888       60.007033     0.027999879      0.15596866        0.156966     -0.32573014      -0.32573014       251.42922                                251.42922
              2       125.54649       60.010443     0.027873964      0.15603539      0.15707008     -0.32573014      -0.32573014       251.74445                                251.74445
              1       127.01428       60.093354     0.027590659      0.15670319      0.15808666     -0.32573014      -0.32573014       254.68003                                254.68003
              2       125.99412       60.118483     0.029201274       0.1563227      0.15747033     -0.32573014      -0.32573014        252.6397                                 252.6397
              2       125.98428        60.11532     0.029158781      0.15631554      0.15746059     -0.32573014      -0.32573014       252.62003                                252.62003
              3       126.18094       60.117976     0.028975995      0.15639662      0.15758781     -0.32573014      -0.32573014       253.01335                                253.01335
              5       126.49633       60.196485     0.029948589      0.15660262      0.15787426     -0.32573014      -0.32573014       253.64412                                253.64412
              1       126.55358       60.199514     0.029933888      0.15662852      0.15791377     -0.32573014      -0.32573014       253.75862                                253.75862
              3        126.7205       60.194023     0.029648314      0.15668885      0.15801228     -0.32573014      -0.32573014       254.09247                                254.09247
              1       127.21007       60.194023     0.029648314      0.15220082      0.15155181     -0.32573014      -0.32573014        255.0716                                 255.0716
              3       127.37839       60.194023     0.029648314      0.15177485       0.1506556     -0.32573014      -0.32573014       255.40824                                255.40824
              7       128.70337       60.154802     0.027503725      0.15224184      0.15141635     -0.32573014      -0.32573014        258.0582                                 258.0582
              1        124.1328        60.01094     0.029567046      0.15419913      0.15677519     -0.32573014      -0.32573014       248.91706                                248.91706
              1       124.18582       60.013768     0.029553157      0.15422336      0.15681216     -0.32573014      -0.32573014        249.0231                                 249.0231
              2       124.41805       60.013768     0.029553157      0.15018177      0.15363504     -0.32573014      -0.32573014       249.48756                                249.48756
              2       124.46601       60.020961     0.029907692      0.15115798      0.14932584     -0.32573014      -0.32573014       249.58349                                249.58349
              3       124.40593       60.020961     0.029907692      0.15989275      0.15767889     -0.32573014      -0.32573014       249.46333                                249.46333
              6       124.93457       60.020961     0.029907692      0.14575166      0.15480603     -0.32573014      -0.32573014        250.5206                                 250.5206
              4       124.84465       60.020961     0.029907692      0.14655751      0.15222021     -0.32573014      -0.32573014       250.34077                                250.34077
              1       125.42263       60.020961     0.029907692      0.14541178      0.14908338     -0.32573014      -0.32573014       251.49672                                251.49672
              3       124.64023       60.020961     0.029907692      0.16160173      0.15715337     -0.32573014      -0.32573014       249.93191                                249.93191
              3       124.49579       60.020961     0.029907692      0.15600433      0.14830804     -0.32573014      -0.32573014       249.64305                                249.64305
              2       124.05071       60.020961     0.029907692       0.1529726      0.15231903     -0.32573014      -0.32573014       248.75288                                248.75288
              2       124.12683       60.020961     0.029907692      0.15646424       0.1514497     -0.32573014      -0.32573014       248.90513                                248.90513
              5       124.30355       60.020961     0.029907692      0.15052072      0.15130848     -0.32573014      -0.32573014       249.25856                                249.25856
              1       123.96014       60.020961     0.029907692      0.15495216      0.15361329     -0.32573014      -0.32573014       248.57174                                248.57174
              2       124.09432       60.020961     0.029907692       0.1580243      0.15439822     -0.32573014      -0.32573014       248.84009                                248.84009
              3       125.34133       60.020961     0.029907692      0.16492306      0.15311709     -0.32573014      -0.32573014       251.33412                                251.33412
              1       124.63015       60.020961     0.029907692      0.16180709      0.15345043     -0.32573014      -0.32573014       249.91176                                249.91176
              3       125.43588       60.020961     0.029907692       0.1458899      0.14828842     -0.32573014      -0.32573014       251.52322                                251.52322
              5       124.46535       60.020961     0.029907692      0.15057591      0.14974758     -0.32573014      -0.32573014       249.58216                                249.58216
              1       124.18245       60.020961     0.029907692      0.15176904      0.15144541     -0.32573014      -0.32573014       249.01636                                249.01636
              5       124.09905       60.020961     0.029907692      0.15793816      0.15585446     -0.32573014      -0.32573014       248.84956                                248.84956
              2       124.19203       60.020961     0.029907692      0.15124192      0.15773969     -0.32573014      -0.32573014       249.03553                                249.03553
              2       124.28676       60.023914     0.029848593      0.15128254       0.1578026     -0.32573014      -0.32573014       249.22499                                249.22499
              2         124.397       60.023914     0.029848593      0.15054515      0.15830202     -0.32573014      -0.32573014       249.44546                                249.44546
              2       124.53741       60.023914     0.029848593      0.16027159      0.15205244     -0.32573014      -0.32573014       249.72629                                249.72629
              3       124.74295       60.023914     0.029848593      0.16138707      0.15166356     -0.32573014      -0.32573014       250.13737                                250.13737
              5       125.94991       60.023914     0.029848593      0.16640137      0.15139387     -0.32573014      -0.32573014       252.55129                                252.55129
              1       125.61822       60.023914     0.029848593      0.16411612      0.16075069     -0.32573014      -0.32573014        251.8879                                 251.8879
              8        124.1068       60.023914     0.029848593      0.15702878      0.15485042     -0.32573014      -0.32573014       248.86507                                248.86507
              3       124.86481       60.023914     0.029848593      0.15853238      0.14773205     -0.32573014      -0.32573014       250.38107                                250.38107
              3       124.77907       60.023914     0.029848593      0.16161852      0.15171933     -0.32573014      -0.32573014        250.2096                                 250.2096
              1       124.94347       60.023914     0.029848593      0.15100201      0.16252726     -0.32573014      -0.32573014        250.5384                                 250.5384
              2       124.80389       60.023914     0.029848593      0.15460747      0.14702556     -0.32573014      -0.32573014       250.25924                                250.25924
              4       124.97904       60.036359     0.029851927      0.15469196      0.14715316     -0.32573014      -0.32573014       250.60955                                250.60955
              3       125.07949       60.036359     0.029851927      0.15415001      0.14667919     -0.32573014      -0.32573014       250.81044                                250.81044
              2       124.51528       60.036359     0.029851927      0.15065472      0.15229218     -0.32573014      -0.32573014       249.68202                                249.68202
              1       124.99675       60.036359     0.029851927      0.14742944       0.1521184     -0.32573014      -0.32573014       250.64496                                250.64496
              2       126.61051       60.036359     0.029851927      0.14124635      0.15737926     -0.32573014      -0.32573014       253.87247                                253.87247
              4       126.41242       60.036359     0.029851927      0.14753285      0.16601419     -0.32573014      -0.32573014       253.47629                                253.47629
              4       124.96834       60.036359     0.029851927      0.14708556      0.15573858     -0.32573014      -0.32573014       250.58814                                250.58814
              3       126.22826       60.058982     0.028816518      0.14759697      0.15653805     -0.32573014      -0.32573014       253.10799                                253.10799
              1       127.41487       60.020595     0.026812391      0.14802145      0.15723094     -0.32573014      -0.32573014        255.4812                                 255.4812
              5       126.76602       60.020595     0.026812391       0.1600378      0.15752277     -0.32573014      -0.32573014        254.1835                                 254.1835
              2       124.95538       60.015666     0.028910625      0.15928296      0.15632815     -0.32573014      -0.32573014       250.56221                                250.56221
              9       124.76457       60.015666     0.028910625      0.15584352      0.15338837     -0.32573014      -0.32573014       250.18059                                250.18059
              6       125.51007       60.015666     0.028910625      0.15857055      0.16239308     -0.32573014      -0.32573014        251.6716                                 251.6716
              2       125.83658       60.015666     0.028910625      0.16441474      0.15589579     -0.32573014      -0.32573014       252.32463                                252.32463
              1         125.113       60.015666     0.028910625      0.16060886      0.15596482     -0.32573014      -0.32573014       250.87745                                250.87745
              4       125.19604       60.022058     0.028920503      0.16064945      0.15602591     -0.32573014      -0.32573014       251.04354                                251.04354
              1       125.59738       60.022058     0.028920503      0.16262976      0.15283672     -0.32573014      -0.32573014       251.84622                                251.84622
              2       127.11863       60.022058     0.028920503      0.16854672      0.15642226     -0.32573014      -0.32573014       254.88872                                254.88872
              2       126.93988       60.022058     0.028920503      0.16318049      0.14511021     -0.32573014      -0.32573014       254.53122                                254.53122
              2       128.29326       60.022058     0.028920503      0.16695739      0.14368027     -0.32573014      -0.32573014       257.23799                                257.23799
              2       129.28726       60.019209     0.028886298      0.17148888      0.14607085     -0.32573014      -0.32573014       259.22598                                259.22598
              2        125.5739       60.019209     0.028886298      0.15647197      0.14750934     -0.32573014      -0.32573014       251.79927                                251.79927
              3       125.55139       60.019209     0.028886298      0.15133605      0.16213788     -0.32573014      -0.32573014       251.75423                                251.75423
              1       126.28904       60.019209     0.028886298      0.16554533       0.1582735     -0.32573014      -0.32573014       253.22953                                253.22953
              2       126.32676       60.019209     0.028886298      0.15675123       0.1662535     -0.32573014      -0.32573014       253.30497                                253.30497
              1       126.48348       60.019209     0.028886298       0.1580971      0.16652842     -0.32573014      -0.32573014       253.61842                                253.61842
              2        126.2562       60.019209     0.028886298      0.16540443      0.15228268     -0.32573014      -0.32573014       253.16386                                253.16386
              1       126.09881       60.019209     0.028886298      0.16462089      0.15178594     -0.32573014      -0.32573014       252.84907                                252.84907
              1       126.00468       60.013321     0.028901475      0.16457516      0.15171644     -0.32573014      -0.32573014       252.66082                                252.66082
              2        126.4541       60.013321     0.028901475      0.16041923      0.16578803     -0.32573014      -0.32573014       253.55965                                253.55965
              2       126.88402       60.013321     0.028901475      0.14905881      0.16701836     -0.32573014      -0.32573014       254.41951                                254.41951
              2       126.56237       60.013321     0.028901475      0.14394784      0.16020727     -0.32573014      -0.32573014       253.77621                                253.77621
              1       128.21595       60.013321     0.028901475      0.17140428      0.15820805     -0.32573014      -0.32573014       257.08336                                257.08336
              1       125.75983       60.013321     0.028901475      0.15930826      0.16342079     -0.32573014      -0.32573014       252.17111                                252.17111
              3       125.93166       60.013321     0.028901475      0.15092981       0.1643006     -0.32573014      -0.32573014       252.51478                                252.51478
              1       126.68422       60.013321     0.028901475      0.14811992      0.16575488     -0.32573014      -0.32573014       254.01989                                254.01989
              2       127.47296       60.104108     0.029575434      0.14851301      0.16633173     -0.32573014      -0.32573014       255.59738                                255.59738
              6       127.38265       60.104108     0.029575434      0.15262485      0.16782716     -0.32573014      -0.32573014       255.41676                                255.41676
              1       126.74082       60.104108     0.029575434       0.1628207      0.16276994     -0.32573014      -0.32573014        254.1331                                 254.1331
              1       126.77469       60.010227     0.027763496      0.16002119      0.16432359     -0.32573014      -0.32573014       254.20084                                254.20084
              4        126.4136       60.010227     0.027763496      0.15513797      0.14784538     -0.32573014      -0.32573014       253.47866                                253.47866
              1       130.16877       60.010227     0.027763496      0.16927509      0.14268012     -0.32573014      -0.32573014         260.989                                  260.989
              4       128.82727       60.010227     0.027763496      0.15174243      0.14030247     -0.32573014      -0.32573014       258.30601                                258.30601
              2       128.30883       60.010227     0.027763496      0.15042959      0.14212563     -0.32573014      -0.32573014       257.26911                                257.26911
              1       127.45633       60.010227     0.027763496      0.14642503      0.16363773     -0.32573014      -0.32573014       255.56413                                255.56413
              1       126.63031       60.010227     0.027763496      0.15153953      0.16382224     -0.32573014      -0.32573014       253.91208                                253.91208
              3       126.60787       60.010227     0.027763496      0.15074683       0.1632434     -0.32573014      -0.32573014        253.8672                                 253.8672
              2       126.25509       60.010227     0.027763496      0.14969297      0.15977515     -0.32573014      -0.32573014       253.16164                                253.16164
              1         126.457       60.010227     0.027763496      0.14927384      0.15065435     -0.32573014      -0.32573014       253.56547                                253.56547
              2       126.60252       60.018068     0.027731694      0.14933072      0.15075702     -0.32573014      -0.32573014       253.85649                                253.85649
              2       125.95871       60.018068     0.027731694       0.1594973      0.15708461     -0.32573014      -0.32573014       252.56889                                252.56889
              1       126.50168        60.00384     0.026839284      0.15968466      0.15741239     -0.32573014      -0.32573014       253.65481                                253.65481
              2       130.51161       60.175481     0.026081059      0.16600605      0.16170362     -0.32573014      -0.32573014       261.67468                                261.67468
              1       128.29846       60.246718     0.029973467      0.16524402      0.16037402     -0.32573014      -0.32573014       257.24837                                257.24837
              2       128.12415       60.246718     0.029973467      0.14963057      0.16186334     -0.32573014      -0.32573014       256.89976                                256.89976
              5       128.51235       60.246718     0.029973467      0.15367352      0.14696065     -0.32573014      -0.32573014       257.67616                                257.67616
              4       127.69296       60.246718     0.029973467       0.1517069      0.15277717     -0.32573014      -0.32573014       256.03739                                256.03739
              1       127.66346       60.246718     0.029973467      0.15652144      0.15063371     -0.32573014      -0.32573014       255.97838                                255.97838
              2       127.84008       60.246718     0.029973467      0.14990844      0.15419375     -0.32573014      -0.32573014       256.33163                                256.33163
              4       127.69433       60.246718     0.029973467      0.15616296      0.16316165     -0.32573014      -0.32573014       256.04012                                256.04012
              1        127.2273       60.246718     0.029973467       0.1547525      0.15676547     -0.32573014      -0.32573014       255.10606                                255.10606
              7       126.09824       60.087178     0.028644642      0.15384222      0.15826222     -0.32573014      -0.32573014       252.84795                                252.84795
              2       126.17633       60.087178     0.028644642      0.15537886      0.15218938     -0.32573014      -0.32573014       253.00411                                253.00411
              2       127.99152       60.087178     0.028644642      0.14336103      0.15478354     -0.32573014      -0.32573014        256.6345                                 256.6345
              3       129.32026       60.109594     0.027599772      0.14381542      0.15559326     -0.32573014      -0.32573014       259.29198                                259.29198
              1       130.67092       60.109594     0.027599772      0.16274436      0.14144494     -0.32573014      -0.32573014       261.99331                                261.99331
              1       132.57565        60.25764     0.027766088      0.16358391      0.14296877     -0.32573014      -0.32573014       265.80275                                265.80275
              1       131.48004       60.255026     0.029021049      0.16318436      0.14226123     -0.32573014      -0.32573014       263.61154                                263.61154
              1        128.3994       60.255026     0.029021049       0.1526951      0.15697756     -0.32573014      -0.32573014       257.45026                                257.45026
              1       131.06995       60.255026     0.029021049      0.14436483      0.14923378     -0.32573014      -0.32573014       262.79137                                262.79137
              1       130.79222       60.227318     0.028859431      0.14424761      0.14901918     -0.32573014      -0.32573014        262.2359                                 262.2359
              2       131.44513       60.209257     0.027873217      0.14444062      0.14935593     -0.32573014      -0.32573014       263.54173                                263.54173
              2       130.39436       60.209257     0.027873217      0.14719142      0.15061721     -0.32573014      -0.32573014       261.44019                                261.44019
              4       130.24116       60.209257     0.027873217      0.14990226       0.1483721     -0.32573014      -0.32573014       261.13378                                261.13378
              1       130.56578       60.208552     0.027196456      0.15352145      0.14767773     -0.32573014      -0.32573014       261.78302                                261.78302
              1       127.40601       60.089517      0.02881675      0.15230995      0.14550343     -0.32573014      -0.32573014       255.46347                                255.46347
              1       127.38323       60.089517      0.02881675      0.15238534      0.14556505     -0.32573014      -0.32573014       255.41792                                255.41792
              2       127.52426       60.035341     0.027756861      0.15238366      0.14554798     -0.32573014      -0.32573014       255.69998                                255.69998
              2       129.75613       60.035341     0.027756861      0.15722275      0.13879081     -0.32573014      -0.32573014       260.16372                                260.16372
              2        130.3419       60.041464     0.027164644      0.15744071      0.13917799     -0.32573014      -0.32573014       261.33526                                261.33526
              1       128.52412       60.041464     0.027164644      0.15346678      0.14430837     -0.32573014      -0.32573014        257.6997                                 257.6997
              1       127.99213       60.041464     0.027164644      0.16596304      0.15255882     -0.32573014      -0.32573014       256.63572                                256.63572
              1       128.33251       60.041464     0.027164644      0.16211231      0.14625134     -0.32573014      -0.32573014       257.31649                                257.31649
              2        127.7305       60.156169     0.029810329      0.16199302      0.14607016     -0.32573014      -0.32573014       256.11246                                256.11246
              1       127.28687       60.156169     0.029810329      0.16411046      0.15025563     -0.32573014      -0.32573014       255.22519                                255.22519
              2       126.04181       60.156169     0.029810329      0.15412651      0.15512265     -0.32573014      -0.32573014       252.73508                                252.73508
              2       126.03491       60.156169     0.029810329      0.15548676       0.1578675     -0.32573014      -0.32573014       252.72128                                252.72128
              1       126.04598       60.156169     0.029810329      0.15723673      0.15759077     -0.32573014      -0.32573014       252.74342                                252.74342
              8        126.4013       60.146013     0.029222876      0.15735532      0.15779793     -0.32573014      -0.32573014       253.45407                                253.45407
              1       127.94485       60.146013     0.029222876      0.16173381      0.16598715     -0.32573014      -0.32573014       256.54116                                256.54116
              1       128.07138       60.133273     0.028848646      0.16177164      0.16605077     -0.32573014      -0.32573014       256.79423                                256.79423
              1       126.67994       60.133273     0.028848646      0.15585465      0.15247058     -0.32573014      -0.32573014       254.01134                                254.01134
              1       126.59285       60.181736     0.029971227      0.15632904      0.15084522     -0.32573014      -0.32573014       253.83715                                253.83715
              3       127.06443       60.181736     0.029971227      0.16354973      0.15326783     -0.32573014      -0.32573014       254.78032                                254.78032
              2       126.79529       60.181736     0.029971227      0.16092782      0.16073951     -0.32573014      -0.32573014       254.24205                                254.24205
              1       127.51589       60.181736     0.029971227      0.16598839      0.15510809     -0.32573014      -0.32573014       255.68324                                255.68324
              2       129.14468       60.235674     0.028898269      0.16664097      0.15627663     -0.32573014      -0.32573014       258.94081                                258.94081
              4       129.02136       60.237127     0.029073099      0.16659624      0.15619787     -0.32573014      -0.32573014       258.69418                                258.69418
              1        128.5012       60.191879     0.028933811      0.16636669         0.15578     -0.32573014      -0.32573014       257.65387                                257.65387
              3       128.24224       60.191879     0.028933811      0.16192113      0.14991054     -0.32573014      -0.32573014       257.13594                                257.13594
              1       128.45635       60.191879     0.028933811      0.15958169       0.1660603     -0.32573014      -0.32573014       257.56416                                257.56416
              1       127.29216       60.154479     0.029642723      0.15913993      0.16526903     -0.32573014      -0.32573014       255.23578                                255.23578
              1       126.29491       60.098477     0.028838398      0.15730743      0.16079108     -0.32573014      -0.32573014       253.24128                                253.24128
              2       126.85525       60.098477     0.028838398      0.15712494      0.16426916     -0.32573014      -0.32573014       254.36196                                254.36196
              2       126.57822       60.098477     0.028838398      0.15847611      0.16238578     -0.32573014      -0.32573014        253.8079                                 253.8079
              8        126.3822       60.098477     0.028838398      0.16012846      0.15964638     -0.32573014      -0.32573014       253.41587                                253.41587
              1       126.03446       60.098477     0.028838398      0.15708151      0.15451488     -0.32573014      -0.32573014       252.72038                                252.72038
              1       127.39918       60.098477     0.028838398      0.15194149      0.14620259     -0.32573014      -0.32573014       255.44981                                255.44981
              1       127.69655       60.072088     0.028062466      0.15202009      0.14633477     -0.32573014      -0.32573014       256.04456                                256.04456
              1       128.17597       60.072088     0.028062466      0.14656545      0.14837223     -0.32573014      -0.32573014        257.0034                                 257.0034
              1       129.00873       60.094795     0.027529001      0.14686518      0.14890841     -0.32573014      -0.32573014       258.66891                                258.66891
              1       129.19519       60.094795     0.027529001      0.14607444      0.14898876     -0.32573014      -0.32573014       259.04183                                259.04183
              3       129.40279       60.094795     0.027529001      0.16126709      0.14394099     -0.32573014      -0.32573014       259.45705                                259.45705
              1       130.14792       60.094795     0.027529001      0.16850466      0.14675966     -0.32573014      -0.32573014        260.9473                                 260.9473
              1       129.66232       60.022478     0.026919743      0.16825605        0.146301     -0.32573014      -0.32573014        259.9761                                 259.9761
              1       130.61656       60.022478     0.026919743      0.17273339      0.14952166     -0.32573014      -0.32573014       261.88459                                261.88459
              3        128.0954       60.022478     0.026919743      0.15845255      0.14540906     -0.32573014      -0.32573014       256.84225                                256.84225
              1       127.53468        60.03841     0.027851473      0.15826341      0.14507859     -0.32573014      -0.32573014       255.72082                                255.72082
              3       127.01605        60.03841     0.027851473      0.15378936       0.1470485     -0.32573014      -0.32573014       254.68356                                254.68356
              1        126.2413        60.03841     0.027851473      0.15902162      0.15956327     -0.32573014      -0.32573014       253.13406                                253.13406
              3       126.37109       60.080341     0.028423357       0.1590989      0.15971091     -0.32573014      -0.32573014       253.39364                                253.39364
              3       126.59809       60.080341     0.028423357      0.15146621       0.1514515     -0.32573014      -0.32573014       253.84765                                253.84765
              1       127.75705       60.080341     0.028423357      0.16496799      0.14902966     -0.32573014      -0.32573014       256.16557                                256.16557
              3       127.58034       60.080341     0.028423357      0.16662509      0.15775147     -0.32573014      -0.32573014       255.81213                                255.81213
              2       126.25726       60.070046      0.02990217      0.16611089      0.15683908     -0.32573014      -0.32573014       253.16598                                253.16598
              2       125.45573       60.070046      0.02990217      0.14880418      0.15032202     -0.32573014      -0.32573014       251.56293                                251.56293
              1       125.02776       60.070046      0.02990217      0.16030689      0.15417378     -0.32573014      -0.32573014       250.70697                                250.70697
              1       125.91435       60.070046      0.02990217      0.15506432      0.16523537     -0.32573014      -0.32573014       252.48016                                252.48016
              1       125.88148       60.068834     0.029919261       0.1550518      0.16521291     -0.32573014      -0.32573014       252.41442                                252.41442
              9       124.80668       60.068834     0.029919261        0.152369      0.15250853     -0.32573014      -0.32573014       250.26482                                250.26482
              4       124.87875       60.068834     0.029919261      0.15234999      0.15882351     -0.32573014      -0.32573014       250.40896                                250.40896
              2        125.2156       60.068834     0.029919261      0.15195624      0.16134281     -0.32573014      -0.32573014       251.08266                                251.08266
              2       125.74367       60.068834     0.029919261      0.16216318      0.14914199     -0.32573014      -0.32573014       252.13881                                252.13881
              1       125.69712       60.068834     0.029919261      0.16330668      0.15913481     -0.32573014      -0.32573014        252.0457                                 252.0457
              2       126.03505       60.075437      0.02961629      0.16343905      0.15937072     -0.32573014      -0.32573014       252.72155                                252.72155
              4       127.26611       60.075437      0.02961629      0.14522563      0.16440641     -0.32573014      -0.32573014       255.18369                                255.18369
              1       127.18336       60.072759      0.02966062      0.14519597      0.16435323     -0.32573014      -0.32573014       255.01818                                255.01818
              4       127.09404       60.072759      0.02966062      0.14709704      0.14499448     -0.32573014      -0.32573014       254.83953                                254.83953
              2       126.96883       60.072759      0.02966062      0.14690167      0.14564971     -0.32573014      -0.32573014       254.58913                                254.58913
              1       125.16329       60.072759      0.02966062        0.155494      0.15993262     -0.32573014      -0.32573014       250.97804                                250.97804
              6       125.88737       60.072759      0.02966062      0.16048159      0.14833601     -0.32573014      -0.32573014       252.42619                                252.42619
              2        125.2568       60.072759      0.02966062      0.15934244      0.15213885     -0.32573014      -0.32573014       251.16507                                251.16507
              2       125.33992       60.072759      0.02966062      0.16055469      0.15305734     -0.32573014      -0.32573014        251.3313                                 251.3313
              1       125.54885       60.072759      0.02966062      0.14814926      0.15423455     -0.32573014      -0.32573014       251.74916                                251.74916
              1       126.90367       60.072759      0.02966062      0.14393033      0.14983337     -0.32573014      -0.32573014       254.45879                                254.45879
              2        127.1167       60.072112     0.029626414      0.15162253      0.14269059     -0.32573014      -0.32573014       254.88487                                254.88487
              3       126.10159       60.072112     0.029626414      0.15564955      0.14573004     -0.32573014      -0.32573014       252.85464                                252.85464
              2       126.52529       60.072112     0.029626414       0.1444676      0.15870417     -0.32573014      -0.32573014       253.70204                                253.70204
              1       126.23523       60.072112     0.029626414      0.15403216       0.1452514     -0.32573014      -0.32573014       253.12192                                253.12192
              3       125.89922       60.072112     0.029626414      0.15977613      0.14789739     -0.32573014      -0.32573014        252.4499                                 252.4499
              1       125.92265       60.072112     0.029626414       0.1590004      0.14735264     -0.32573014      -0.32573014       252.49677                                252.49677
              5       126.31857       60.107752     0.029746962      0.15917789      0.14767591     -0.32573014      -0.32573014       253.28859                                253.28859
              3       126.40879       60.107752     0.029746962       0.1464977       0.1537068     -0.32573014      -0.32573014       253.46904                                253.46904
              1       126.08323       60.107752     0.029746962      0.14805016      0.15374405     -0.32573014      -0.32573014       252.81793                                252.81793
              2       125.85836       60.107752     0.029746962      0.15124302      0.15082791     -0.32573014      -0.32573014       252.36818                                252.36818
              1       127.05863       60.107752     0.029746962       0.1455386      0.14956771     -0.32573014      -0.32573014       254.76871                                254.76871
              1       127.05542       60.107752     0.029746962      0.14415045      0.15301006     -0.32573014      -0.32573014       254.76229                                254.76229
              4       127.13978       60.107752     0.029746962      0.15899171        0.167083     -0.32573014      -0.32573014       254.93102                                254.93102
              1       125.45093       60.107752     0.029746962      0.15302993      0.15738847     -0.32573014      -0.32573014       251.55332                                251.55332
              2       126.65395       60.107752     0.029746962      0.16158052      0.16381144     -0.32573014      -0.32573014       253.95935                                253.95935
              1       126.50434       60.107752     0.029746962      0.15425998      0.16521321     -0.32573014      -0.32573014       253.66015                                253.66015
              3        127.6677       60.107752     0.029746962      0.14734484      0.14477377     -0.32573014      -0.32573014       255.98687                                255.98687
              1       126.43833       60.107752     0.029746962      0.15190432      0.14702074     -0.32573014      -0.32573014       253.52812                                253.52812
              1       125.79664       60.107752     0.029746962      0.15856765      0.15051182     -0.32573014      -0.32573014       252.24475                                252.24475
              2        126.7563       60.107752     0.029746962       0.1541642      0.14512573     -0.32573014      -0.32573014       254.16407                                254.16407
              2       125.52503       60.107752     0.029746962      0.15900538      0.15425904     -0.32573014      -0.32573014       251.70153                                251.70153
              1        126.0179       60.137893     0.029677738      0.15923249       0.1545647     -0.32573014      -0.32573014       252.68726                                252.68726
              2       126.01426       60.137893     0.029677738      0.15371988      0.15908912     -0.32573014      -0.32573014       252.67998                                252.67998
              1        126.9854       60.129516     0.029694043      0.15937109      0.14649854     -0.32573014      -0.32573014       254.62227                                254.62227
              1       128.74601        60.15562     0.029865744      0.16928741      0.14975396     -0.32573014      -0.32573014       258.14348                                258.14348
              2       130.65524        60.15562     0.029865744      0.16140996      0.17456679     -0.32573014      -0.32573014       261.96194                                261.96194
              2       129.94631       60.023252     0.028467327      0.16099136      0.17413403     -0.32573014      -0.32573014       260.54408                                260.54408
              1       129.06946       60.070057     0.027239442      0.14549515      0.16354596     -0.32573014      -0.32573014       258.79039                                258.79039
              1       127.45859       60.070057     0.027239442      0.16152944      0.16039344     -0.32573014      -0.32573014       255.56864                                255.56864
              2       126.67271        60.07968      0.02833929      0.16122052       0.1598916     -0.32573014      -0.32573014       253.99688                                253.99688
              1       126.20442        60.07968      0.02833929      0.15408478      0.15480246     -0.32573014      -0.32573014        253.0603                                 253.0603
              3       124.90048       60.012661     0.028704206      0.15350807      0.15401012     -0.32573014      -0.32573014       250.45243                                250.45243
              1       124.89354       60.012661     0.028704206      0.15328227      0.15468619     -0.32573014      -0.32573014       250.43854                                250.43854
              2       125.41026       60.012661     0.028704206      0.16173553      0.15616968     -0.32573014      -0.32573014       251.47199                                251.47199
              1       124.87311       60.012661     0.028704206      0.15521706      0.15684394     -0.32573014      -0.32573014       250.39768                                250.39768
              1       124.90511       60.012661     0.028704206      0.15304788      0.15599018     -0.32573014      -0.32573014       250.46168                                250.46168
              2       125.22321       60.037284     0.028755218      0.15319684       0.1561824     -0.32573014      -0.32573014       251.09787                                251.09787
              1       129.27884       60.037284     0.028755218      0.14343109       0.1691038     -0.32573014      -0.32573014       259.20915                                259.20915
              1       129.37957       60.076776     0.029302434      0.14351179      0.16916346     -0.32573014      -0.32573014        259.4106                                 259.4106
              1       126.57997       60.076776     0.029302434      0.14561402      0.15830335     -0.32573014      -0.32573014        253.8114                                 253.8114
              3       125.55738       60.076776     0.029302434      0.15599676      0.16037279     -0.32573014      -0.32573014       251.76623                                251.76623
              3       125.83708       60.076776     0.029302434      0.15515217      0.16233572     -0.32573014      -0.32573014       252.32562                                252.32562
              2       125.62423       60.076776     0.029302434       0.1562048      0.16087356     -0.32573014      -0.32573014       251.89992                                251.89992
              1       125.34579       60.076776     0.029302434       0.1544866       0.1579268     -0.32573014      -0.32573014       251.34305                                251.34305
              2       125.36972        60.07813      0.02929769      0.15449736      0.15794141     -0.32573014      -0.32573014       251.39091                                251.39091
              1        125.8425        60.07813      0.02929769       0.1619834      0.15554963     -0.32573014      -0.32573014       252.33647                                252.33647
              1       127.17543        60.07813      0.02929769      0.16025419      0.16685241     -0.32573014      -0.32573014       255.00233                                255.00233
              1       126.31681        60.07813      0.02929769      0.16437719       0.1555794     -0.32573014      -0.32573014       253.28509                                253.28509
              1       125.87679       60.085291     0.029961144          0.1642      0.15528877     -0.32573014      -0.32573014       252.40505                                252.40505
              1       125.78422       60.085291     0.029961144      0.16328959      0.15827023     -0.32573014      -0.32573014       252.21991                                252.21991
              4       126.05902       60.085291     0.029961144      0.14599818      0.15898858     -0.32573014      -0.32573014        252.7695                                 252.7695
              1       128.08482       60.085291     0.029961144      0.13924891      0.15359029     -0.32573014      -0.32573014        256.8211                                 256.8211
              2       127.11845       60.085291     0.029961144       0.1441741      0.14758012     -0.32573014      -0.32573014       254.88836                                254.88836
              3       129.04398       60.085291     0.029961144      0.17220705      0.14906014     -0.32573014      -0.32573014       258.73941                                258.73941
              2       129.68811       60.034169     0.028233986      0.17244895      0.14952722     -0.32573014      -0.32573014       260.02768                                260.02768
              1       128.85073         60.0327     0.029289148      0.17208031      0.14895039     -0.32573014      -0.32573014       258.35291                                258.35291
              1       128.91739         60.0327     0.029289148      0.17209149       0.1485702     -0.32573014      -0.32573014       258.48625                                258.48625
              3       128.07965         60.0327     0.029289148      0.17142771      0.15565217     -0.32573014      -0.32573014       256.81075                                256.81075
              1       128.24425         60.0327     0.029289148      0.17177766      0.15644205     -0.32573014      -0.32573014       257.13996                                257.13996
              3       125.82376         60.0327     0.029289148      0.16387066      0.15904728     -0.32573014      -0.32573014       252.29898                                252.29898
              2       125.76985       60.024708     0.029218085      0.16384084      0.15901401     -0.32573014      -0.32573014       252.19116                                252.19116
              1       125.76198       60.024708     0.029218085      0.14605347      0.15882239     -0.32573014      -0.32573014       252.17542                                252.17542
              2       125.95765       60.024708     0.029218085       0.1445849      0.15498196     -0.32573014      -0.32573014       252.56677                                252.56677
              2       125.15887       60.024708     0.029218085      0.15069667       0.1499525     -0.32573014      -0.32573014       250.96919                                250.96919
              1       125.49031       60.024708     0.029218085      0.14797287       0.1504309     -0.32573014      -0.32573014       251.63209                                251.63209
              2       125.74993       60.024708     0.029218085      0.15899609      0.14644212     -0.32573014      -0.32573014       252.15132                                252.15132
              2        126.2319       60.019899     0.029199641      0.15945348      0.14443654     -0.32573014      -0.32573014       253.11527                                253.11527
              1       125.14952       60.019899     0.029199641      0.14802648      0.15412606     -0.32573014      -0.32573014       250.95049                                250.95049
              3       125.32454       60.019899     0.029199641      0.16273029      0.15382568     -0.32573014      -0.32573014       251.30055                                251.30055
              1       125.34398       60.019899     0.029199641      0.16275314      0.15343639     -0.32573014      -0.32573014       251.33943                                251.33943
              4       124.58527       60.019899     0.029199641      0.15691656      0.15436376     -0.32573014      -0.32573014         249.822                                  249.822
              2       125.37344       60.019899     0.029199641      0.16120255      0.14991399     -0.32573014      -0.32573014       251.39833                                251.39833
              1       124.80512       60.019899     0.029199641      0.15883404      0.15256967     -0.32573014      -0.32573014       250.26169                                250.26169
              1       126.97098       60.019899     0.029199641      0.14994893      0.16815307     -0.32573014      -0.32573014       254.59343                                254.59343
              1       124.57443       60.019899     0.029199641      0.15389977      0.15352336     -0.32573014      -0.32573014       249.80031                                249.80031
              4       125.50534       60.019899     0.029199641      0.16363256      0.15617135     -0.32573014      -0.32573014       251.66213                                251.66213
              1       126.67964       60.019899     0.029199641      0.16035994      0.16703663     -0.32573014      -0.32573014       254.01073                                254.01073
              1       126.78418       60.019899     0.029199641      0.14346441       0.1619317     -0.32573014      -0.32573014       254.21982                                254.21982
              2        127.9217       60.019899     0.029199641      0.14389221      0.16724148     -0.32573014      -0.32573014       256.49486                                256.49486
              2       132.87397       60.019899     0.029199641      0.13388631      0.16978822     -0.32573014      -0.32573014       266.39939                                266.39939
              3       126.08443       60.019899     0.029199641      0.14675799      0.16263254     -0.32573014      -0.32573014       252.82031                                252.82031
              3       125.04804       60.019899     0.029199641      0.15090128       0.1601399     -0.32573014      -0.32573014       250.74754                                250.74754
              1       125.05375       60.019899     0.029199641      0.15049666      0.15982714     -0.32573014      -0.32573014       250.75896                                250.75896
              1       124.86362       60.019899     0.029199641      0.15766317      0.15077136     -0.32573014      -0.32573014       250.37871                                250.37871
              2       125.19251       60.019899     0.029199641      0.14805579      0.15736005     -0.32573014      -0.32573014       251.03647                                251.03647
              1       124.87841       60.019899     0.029199641      0.14988514      0.15657952     -0.32573014      -0.32573014       250.40829                                250.40829
              3       124.88812       60.019899     0.029199641      0.16024266      0.15548862     -0.32573014      -0.32573014        250.4277                                 250.4277
              1       124.82394       60.019899     0.029199641      0.15974185      0.15553584     -0.32573014      -0.32573014       250.29934                                250.29934
              1        124.6309       60.019899     0.029199641      0.15778262      0.15506728     -0.32573014      -0.32573014       249.91325                                249.91325
              3       124.73395       60.019899     0.029199641      0.15836146      0.15727677     -0.32573014      -0.32573014       250.11937                                250.11937
              2       125.29936       60.019899     0.029199641       0.1471863      0.15584028     -0.32573014      -0.32573014       251.25018                                251.25018
              1       126.72198       60.046329     0.027748904      0.15680612      0.14949858     -0.32573014      -0.32573014       254.09543                                254.09543
              2       127.65149       60.046329     0.027748904      0.16595276      0.16027333     -0.32573014      -0.32573014       255.95444                                255.95444
              1        126.8415       60.046329     0.027748904      0.16267643      0.15903453     -0.32573014      -0.32573014       254.33446                                254.33446
              1       127.10867       60.046329     0.027748904      0.15999297      0.16382676     -0.32573014      -0.32573014       254.86881                                254.86881
              1       127.12637         60.0468     0.027736009      0.16000053      0.16383785     -0.32573014      -0.32573014       254.90421                                254.90421
              3       126.62724       60.079102     0.029151143      0.16402442      0.16033079     -0.32573014      -0.32573014       253.90593                                253.90593
              1       127.26148       60.079102     0.029151143      0.16575088      0.16194757     -0.32573014      -0.32573014       255.17443                                255.17443
              1       125.47066       60.079102     0.029151143      0.15375844       0.1555592     -0.32573014      -0.32573014       251.59279                                251.59279
              1       126.76017        60.09508     0.029610562      0.15914219      0.14540798     -0.32573014      -0.32573014       254.17179                                254.17179
              1       127.64813       60.136254     0.029263641      0.15953822      0.14596034     -0.32573014      -0.32573014       255.94771                                255.94771
              3       126.87179       60.136254     0.029263641      0.16038639      0.15019776     -0.32573014      -0.32573014       254.39504                                254.39504
              2       125.44388        60.03652     0.029193059      0.15938289      0.14943063     -0.32573014      -0.32573014       251.53923                                251.53923
              2       125.75428        60.03652     0.029193059      0.15962862      0.14775632     -0.32573014      -0.32573014       252.16002                                252.16002
              3       127.27016        60.03652     0.029193059      0.15478317      0.16938693     -0.32573014      -0.32573014       255.19178                                255.19178
              1       126.70331       60.056563      0.02972853      0.15895858      0.16747762     -0.32573014      -0.32573014       254.05808                                254.05808
              1        126.1853       60.056563      0.02972853      0.15300249      0.16622118     -0.32573014      -0.32573014       253.02207                                253.02207
              3        125.3545       60.056563      0.02972853      0.15682637      0.14773348     -0.32573014      -0.32573014       251.36047                                251.36047
              1       126.01921       60.056563      0.02972853      0.15833323      0.14516761     -0.32573014      -0.32573014       252.68989                                252.68989
              2       124.69032       60.056563      0.02972853      0.15737419       0.1543594     -0.32573014      -0.32573014        250.0321                                 250.0321
              1       124.75903       60.056563      0.02972853      0.15759961      0.15745306     -0.32573014      -0.32573014       250.16953                                250.16953
              2       124.88734       60.056563      0.02972853      0.15112429      0.15784422     -0.32573014      -0.32573014       250.42614                                250.42614
              1       124.98515       60.056563      0.02972853      0.14959811      0.15583228     -0.32573014      -0.32573014       250.62177                                250.62177
              1       125.70995       60.056563      0.02972853      0.16061778      0.14776134     -0.32573014      -0.32573014       252.07135                                252.07135
              2       126.92134       60.056563      0.02972853      0.16299837      0.14430585     -0.32573014      -0.32573014       254.49415                                254.49415
              3       127.45458       60.056563      0.02972853       0.1697588      0.15747323     -0.32573014      -0.32573014       255.56061                                255.56061
              1       126.79687       60.056563      0.02972853      0.15842659      0.16793485     -0.32573014      -0.32573014        254.2452                                 254.2452
              3       126.69077       60.056563      0.02972853      0.15830946      0.16763136     -0.32573014      -0.32573014         254.033                                  254.033
              2       126.92453       60.056563      0.02972853      0.16094757      0.16737857     -0.32573014      -0.32573014       254.50053                                254.50053
              4       124.80599       60.056563      0.02972853      0.15637852       0.1589114     -0.32573014      -0.32573014       250.26345                                250.26345
              1        124.9684       60.056563      0.02972853      0.15190012      0.15955194     -0.32573014      -0.32573014       250.58826                                250.58826
              1       124.98929       60.056563      0.02972853      0.15105271      0.15140105     -0.32573014      -0.32573014       250.63004                                250.63004
              2       124.84693       60.056563      0.02972853       0.1552114      0.15955159     -0.32573014      -0.32573014       250.34532                                250.34532
              4       124.80675       60.056563      0.02972853      0.15370459      0.15895463     -0.32573014      -0.32573014       250.26496                                250.26496
              1       124.80634       60.056563      0.02972853      0.15369543      0.15894706     -0.32573014      -0.32573014       250.26414                                250.26414
              4       125.24293       60.056563      0.02972853      0.15290839      0.16198935     -0.32573014      -0.32573014       251.13731                                251.13731
              3       125.00731       60.045321     0.029812313      0.15280398      0.16184438     -0.32573014      -0.32573014       250.66607                                250.66607
              1       124.73405       60.045321     0.029812313      0.15409636       0.1603477     -0.32573014      -0.32573014       250.11956                                250.11956
              2        126.3951       60.055583     0.028058966      0.15476174      0.16137593     -0.32573014      -0.32573014       253.44166                                253.44166
              2       126.60495       60.055583     0.028058966      0.15633445      0.16283828     -0.32573014      -0.32573014       253.86136                                253.86136
              1        128.8027       60.055583     0.028058966      0.16060038      0.17013793     -0.32573014      -0.32573014       258.25686                                258.25686
              3       126.45178       60.055583     0.028058966      0.15987123      0.16025428     -0.32573014      -0.32573014       253.55502                                253.55502
              1       126.47427       60.055583     0.028058966      0.16023215      0.16009784     -0.32573014      -0.32573014       253.59999                                253.59999
              1       127.59276       60.055583     0.028058966      0.14757564      0.14864717     -0.32573014      -0.32573014       255.83698                                255.83698
              5       127.66222       60.055583     0.028058966      0.16189432      0.14641968     -0.32573014      -0.32573014        255.9759                                 255.9759
              1       128.18733       60.055583     0.028058966      0.15696613      0.16913049     -0.32573014      -0.32573014       257.02613                                257.02613
              1        127.8513       60.055583     0.028058966       0.1549333      0.16808073     -0.32573014      -0.32573014       256.35406                                256.35406
              3       126.57134       60.055583     0.028058966      0.15846911      0.15003175     -0.32573014      -0.32573014       253.79413                                253.79413
              3       126.51697       60.055583     0.028058966      0.15657694      0.14986171     -0.32573014      -0.32573014        253.6854                                 253.6854
              2        126.4282       60.055583     0.028058966      0.15593776      0.15041252     -0.32573014      -0.32573014       253.50786                                253.50786
              1       127.01356       60.010101     0.026588729      0.15616996      0.15082728     -0.32573014      -0.32573014       254.67858                                254.67858
              1       127.48194       60.010101     0.026588729      0.15613796       0.1481429     -0.32573014      -0.32573014       255.61534                                255.61534
              2       127.58442       60.010101     0.026588729      0.14812806      0.15965937     -0.32573014      -0.32573014        255.8203                                 255.8203
              2       128.60133       60.010101     0.026588729      0.16727765      0.15065815     -0.32573014      -0.32573014       257.85412                                257.85412
              4       127.53381       60.161279     0.029773338      0.16555806      0.15167924     -0.32573014      -0.32573014       255.71909                                255.71909
              1       126.37651       60.161279     0.029773338       0.1516404      0.15799138     -0.32573014      -0.32573014       253.40448                                253.40448
              2       128.41175       60.161279     0.029773338      0.14620368      0.14674908     -0.32573014      -0.32573014       257.47497                                257.47497
              3       129.13972       60.161279     0.029773338      0.15557062       0.1405914     -0.32573014      -0.32573014        258.9309                                 258.9309
              1       129.35431       60.161279     0.029773338      0.16288851       0.1416591     -0.32573014      -0.32573014       259.36009                                259.36009
              3       129.06951       60.161279     0.029773338      0.15165474      0.14138066     -0.32573014      -0.32573014       258.79048                                258.79048
              2       126.15388       60.161279     0.029773338      0.15610437      0.15406178     -0.32573014      -0.32573014       252.95921                                252.95921
              2       126.16766       60.161279     0.029773338      0.15360987       0.1560341     -0.32573014      -0.32573014       252.98679                                252.98679
              2        127.3303       60.161279     0.029773338      0.15264465      0.16545988     -0.32573014      -0.32573014       255.31206                                255.31206
              3       126.19258       60.161279     0.029773338      0.15717763      0.15854324     -0.32573014      -0.32573014       253.03663                                253.03663
              1       125.85097       60.117221     0.029426246      0.15700689      0.15837995     -0.32573014      -0.32573014       252.35341                                252.35341
              1       128.29431       60.117221     0.029426246      0.16000392      0.16945358     -0.32573014      -0.32573014       257.24009                                257.24009
              1       128.70068       60.117221     0.029426246       0.1579796      0.17105144     -0.32573014      -0.32573014       258.05281                                258.05281
              1       126.54359       60.117221     0.029426246      0.14999562      0.16137961     -0.32573014      -0.32573014       253.73864                                253.73864
              2       128.18475       60.117221     0.029426246       0.1466828      0.14538697     -0.32573014      -0.32573014       257.02096                                257.02096
              2       128.72141       60.117221     0.029426246      0.17056993      0.15935158     -0.32573014      -0.32573014       258.09428                                258.09428
              2       128.95159       60.067164     0.028286388       0.1706498      0.15955716     -0.32573014      -0.32573014       258.55463                                258.55463
              1       127.60188       60.067164     0.028286388      0.16341442       0.1477383     -0.32573014      -0.32573014       255.85522                                255.85522
              2       127.64953       60.067164     0.028286388      0.14504461      0.15965114     -0.32573014      -0.32573014       255.95053                                255.95053
              2       127.94081       60.066406     0.028281769      0.14488115      0.15029404     -0.32573014      -0.32573014       256.53308                                256.53308
              3       131.52681       60.066406     0.028281769      0.15646042      0.13508595     -0.32573014      -0.32573014       263.70508                                263.70508
              3       128.93308       60.028622      0.02890815      0.16128668      0.13857694     -0.32573014      -0.32573014       258.51761                                258.51761
              2       128.12696       60.028622      0.02890815      0.16968824      0.14886656     -0.32573014      -0.32573014       256.90537                                256.90537
              1       129.28139       60.028622      0.02890815      0.17249681      0.16197757     -0.32573014      -0.32573014       259.21423                                259.21423
              1       126.32359       60.028622      0.02890815      0.16396096      0.16125555     -0.32573014      -0.32573014       253.29864                                253.29864
              2       125.41244       60.028622      0.02890815       0.1560769      0.14908418     -0.32573014      -0.32573014       251.47634                                251.47634
              5       125.18815       60.028622      0.02890815      0.15559215      0.15063989     -0.32573014      -0.32573014       251.02776                                251.02776
              2       125.52623       60.028622      0.02890815      0.15012074      0.16025304     -0.32573014      -0.32573014       251.70392                                251.70392
              4       126.05419       60.028622      0.02890815      0.14927872      0.16288947     -0.32573014      -0.32573014       252.75983                                252.75983
              3       126.59631       60.028622      0.02890815      0.15975391      0.16602477     -0.32573014      -0.32573014       253.84407                                253.84407
              4       126.46738       60.028622      0.02890815      0.15336802      0.16638569     -0.32573014      -0.32573014       253.58622                                253.58622
              5       126.71903       60.028622      0.02890815      0.15311657       0.1672186     -0.32573014      -0.32573014       254.08951                                254.08951
              2       126.08844       60.028622      0.02890815      0.15837464      0.16453613     -0.32573014      -0.32573014       252.82833                                252.82833
              5       125.81519       60.009066     0.029418281      0.15450695      0.14355446     -0.32573014      -0.32573014       252.28185                                252.28185
              6         125.947       60.009066     0.029418281      0.15058787      0.14385799     -0.32573014      -0.32573014       252.54545                                252.54545
              5       125.25479       60.009066     0.029418281      0.15536523      0.14573632     -0.32573014      -0.32573014       251.16104                                251.16104
              3       124.67474       60.009066     0.029418281      0.14970684      0.15126771     -0.32573014      -0.32573014       250.00094                                250.00094
              3       125.64706       60.009066     0.029418281      0.16077119      0.14603927     -0.32573014      -0.32573014       251.94559                                251.94559
              1       124.73361       60.009066     0.029418281      0.15918227      0.15008921     -0.32573014      -0.32573014       250.11868                                250.11868
              2       124.65935       60.009066     0.029418281      0.15684997      0.14917791     -0.32573014      -0.32573014       249.97017                                249.97017
              4       125.59935       60.009066     0.029418281      0.16184212      0.16275796     -0.32573014      -0.32573014       251.85015                                251.85015
              5       124.93544       60.009066     0.029418281      0.16212189      0.15699576     -0.32573014      -0.32573014       250.52235                                250.52235
              4       124.99618       60.036843     0.029818452      0.16216292      0.15700357     -0.32573014      -0.32573014       250.64383                                250.64383
              1       124.59167       60.036843     0.029818452       0.1531103      0.15994078     -0.32573014      -0.32573014        249.8348                                 249.8348
              1       125.99745       60.036843     0.029818452      0.16586344      0.15876506     -0.32573014      -0.32573014       252.64636                                252.64636
              6       125.59234       60.036843     0.029818452      0.16399369      0.15952465     -0.32573014      -0.32573014       251.83615                                251.83615
              1       125.45279       60.036843     0.029818452      0.16303925      0.16012751     -0.32573014      -0.32573014       251.55704                                251.55704
              2       124.50994       60.036843     0.029818452      0.15695257      0.15097994     -0.32573014      -0.32573014       249.67133                                249.67133
              1        125.1837       60.036843     0.029818452      0.16220328      0.15927085     -0.32573014      -0.32573014       251.01885                                251.01885
              1       125.64404       60.042449      0.02935345      0.16241205      0.15955874     -0.32573014      -0.32573014       251.93954                                251.93954
              3       125.44788       60.042449      0.02935345      0.16126503      0.15957911     -0.32573014      -0.32573014       251.54721                                251.54721
              1       125.96875       60.088155      0.02950061      0.16152037       0.1598602     -0.32573014      -0.32573014       252.58897                                252.58897
              3       126.38204       60.088155      0.02950061      0.16450851      0.15779017     -0.32573014      -0.32573014       253.41555                                253.41555
              4       125.81245       60.088155      0.02950061      0.16091828      0.15917968     -0.32573014      -0.32573014       252.27636                                252.27636
              2       125.92377       60.088155      0.02950061      0.16227233      0.15347835     -0.32573014      -0.32573014       252.49901                                252.49901
              1       126.17269       60.088155      0.02950061      0.16303403      0.15198828     -0.32573014      -0.32573014       252.99683                                252.99683
              3       128.45131       60.007682     0.025374566      0.16400498      0.15352201     -0.32573014      -0.32573014       257.55409                                257.55409
              4       128.06909       60.007682     0.025374566      0.16257404      0.15618507     -0.32573014      -0.32573014       256.78965                                256.78965
              1       130.20654       60.007682     0.025374566      0.16981749      0.16277068     -0.32573014      -0.32573014       261.06454                                261.06454
              1       129.73738       60.180806     0.028889106      0.16969836      0.16228406     -0.32573014      -0.32573014       260.12623                                260.12623
              1       127.37473       60.180806     0.028889106      0.15841646      0.16051665     -0.32573014      -0.32573014       255.40092                                255.40092
              1       127.55917        60.19457     0.028907925      0.15850272      0.16061468     -0.32573014      -0.32573014       255.76979                                255.76979
              2        127.8164        60.19457     0.028907925      0.15058367      0.15694232     -0.32573014      -0.32573014       256.28426                                256.28426
              1       127.39897       60.196165     0.029400332      0.15041358       0.1566965     -0.32573014      -0.32573014        255.4494                                 255.4494
              1       124.91645       60.032631     0.029436751       0.1492932      0.15539544     -0.32573014      -0.32573014       250.48436                                250.48436
              4       126.37802       60.032631     0.029436751      0.16562975      0.16082781     -0.32573014      -0.32573014       253.40749                                253.40749
              3       126.10392       60.032631     0.029436751       0.1522122      0.16606083     -0.32573014      -0.32573014       252.85931                                252.85931
             11       124.51416       60.032631     0.029436751      0.15544982      0.15511454     -0.32573014      -0.32573014       249.67977                                249.67977
              1        124.8368       60.032631     0.029436751      0.15866403      0.15857468     -0.32573014      -0.32573014       250.32507                                250.32507
              3        125.9275       60.032631     0.029436751      0.16479527      0.15141542     -0.32573014      -0.32573014       252.50647                                252.50647
              6       124.81801       60.032631     0.029436751      0.15520123      0.16007903     -0.32573014      -0.32573014       250.28748                                250.28748
              2       124.66151       60.032631     0.029436751      0.15301343      0.15802034     -0.32573014      -0.32573014       249.97448                                249.97448
              1       124.89314       60.032631     0.029436751      0.15508255      0.16065567     -0.32573014      -0.32573014       250.43774                                250.43774
              3       124.88387       60.032631     0.029436751      0.16032629      0.15548349     -0.32573014      -0.32573014        250.4192                                 250.4192
              1       125.10684       60.053757     0.029528868      0.16043546      0.15560078     -0.32573014      -0.32573014       250.86513                                250.86513
              4       125.41469       60.053757     0.029528868      0.16006026      0.16062593     -0.32573014      -0.32573014       251.48083                                251.48083
              2       124.84777       60.053757     0.029528868       0.1523656       0.1564075     -0.32573014      -0.32573014         250.347                                  250.347
              3       125.31065       60.053757     0.029528868      0.15620468      0.14863965     -0.32573014      -0.32573014       251.27277                                251.27277
              1       126.34465       60.033826     0.027969512      0.15664258      0.14930145     -0.32573014      -0.32573014       253.34076                                253.34076
              1       126.52453       60.033826     0.027969512      0.15857221      0.16303222     -0.32573014      -0.32573014       253.70052                                253.70052
              2       126.77319       60.033826     0.027969512      0.16037323      0.16344185     -0.32573014      -0.32573014       254.19784                                254.19784
              2       125.79029       60.033826     0.027969512      0.15500323      0.15559855     -0.32573014      -0.32573014       252.23203                                252.23203
              5       125.79508       60.033826     0.027969512      0.15541435      0.15497175     -0.32573014      -0.32573014       252.24162                                252.24162
              1       125.87669       60.033826     0.027969512      0.15800291      0.15736693     -0.32573014      -0.32573014       252.40485                                252.40485
              4       126.04958       60.033826     0.027969512       0.1601822      0.15684573     -0.32573014      -0.32573014       252.75063                                252.75063
              2       125.14797       60.048054     0.029287173      0.15979448        0.156266     -0.32573014      -0.32573014        250.9474                                 250.9474
              1       125.28139       60.048054     0.029287173      0.16017588      0.15813245     -0.32573014      -0.32573014       251.21424                                251.21424
              1       125.02771       60.048054     0.029287173      0.15566065      0.15895377     -0.32573014      -0.32573014       250.70688                                250.70688
              3        126.8801       60.048054     0.029287173      0.16279812      0.16541319     -0.32573014      -0.32573014       254.41167                                254.41167
              1       127.84159        60.03923     0.029372594       0.1663373      0.16632771     -0.32573014      -0.32573014       256.33464                                256.33464
              3       126.06318        60.03923     0.029372594      0.16484891      0.15891737     -0.32573014      -0.32573014       252.77782                                252.77782
              1        125.6796        60.03923     0.029372594      0.16063437      0.16224013     -0.32573014      -0.32573014       252.01066                                252.01066
              1       125.45266       60.039422     0.029084458      0.15921667      0.16054348     -0.32573014      -0.32573014       251.55678                                251.55678
              1       125.73606       60.039422     0.029084458      0.14912327      0.15004149     -0.32573014      -0.32573014       252.12358                                252.12358
              1       128.16832       60.039422     0.029084458      0.15955232      0.13990886     -0.32573014      -0.32573014       256.98811                                256.98811
              1       128.60268       60.039422     0.029084458      0.17043012      0.14780397     -0.32573014      -0.32573014       257.85683                                257.85683
              1       128.59867       60.062801     0.029498109      0.17043643      0.14777024     -0.32573014      -0.32573014        257.8488                                 257.8488
              4       125.11768       60.062801     0.029498109      0.15872728      0.15320156     -0.32573014      -0.32573014       250.88682                                250.88682
              2       125.17761       60.062801     0.029498109      0.15389261      0.15993532     -0.32573014      -0.32573014       251.00668                                251.00668
             14       124.94448       60.062801     0.029498109      0.15322577      0.15540749     -0.32573014      -0.32573014       250.54042                                250.54042
              3       125.87434       60.119714     0.029393075      0.15364962      0.15590874     -0.32573014      -0.32573014       252.40015                                252.40015
              1       125.98228       60.095311      0.02885406      0.15368243      0.15600021     -0.32573014      -0.32573014       252.61602                                252.61602
              1       126.04708       60.095311      0.02885406      0.15270786      0.15604158     -0.32573014      -0.32573014       252.74562                                252.74562
              2        126.2701        60.10401      0.02874713      0.15280603      0.15616586     -0.32573014      -0.32573014       253.19165                                253.19165
              2       126.59807        60.10401      0.02874713      0.16027435      0.15203697     -0.32573014      -0.32573014        253.8476                                 253.8476
              2       126.72061        60.10401      0.02874713       0.1606652      0.15134758     -0.32573014      -0.32573014       254.09268                                254.09268
              3       126.38538        60.10401      0.02874713      0.15208949      0.15412737     -0.32573014      -0.32573014       253.42223                                253.42223
              5       126.37188        60.10401      0.02874713      0.15229081      0.15401768     -0.32573014      -0.32573014       253.39522                                253.39522
              4        125.3178       60.030036     0.028687491      0.15182243      0.15348422     -0.32573014      -0.32573014       251.28706                                251.28706
              4       125.35198       60.030036     0.028687491      0.15097785      0.15589659     -0.32573014      -0.32573014       251.35543                                251.35543
              1       125.38472       60.030036     0.028687491      0.15139548      0.15301333     -0.32573014      -0.32573014       251.42091                                251.42091
              5       125.12719       60.030036     0.028687491      0.15623479      0.15498641     -0.32573014      -0.32573014       250.90585                                250.90585
              3       127.13599       60.030036     0.028687491      0.14273136      0.15460121     -0.32573014      -0.32573014       254.92343                                254.92343
              1       125.76704       60.030036     0.028687491      0.16245354      0.15526745     -0.32573014      -0.32573014       252.18554                                252.18554
              6        125.9317       60.039019     0.028643462      0.16253452      0.15535637     -0.32573014      -0.32573014       252.51485                                252.51485
              1       126.36107       60.039019     0.028643462      0.15251776      0.16441311     -0.32573014      -0.32573014       253.37359                                253.37359
              1       125.77867       60.006318     0.028517149      0.15557107      0.14709155     -0.32573014      -0.32573014        252.2088                                 252.2088
              3       125.45683       60.006318     0.028517149      0.14873875      0.15657544     -0.32573014      -0.32573014       251.56512                                251.56512
              7         125.144       60.006318     0.028517149      0.15105858      0.15422542     -0.32573014      -0.32573014       250.93946                                250.93946
              1        125.7326       60.006318     0.028517149      0.16304195      0.15692039     -0.32573014      -0.32573014       252.11666                                252.11666
              3       126.41089       60.006318     0.028517149      0.16585066      0.15723456     -0.32573014      -0.32573014       253.47325                                253.47325
              1       126.80659       60.006318     0.028517149      0.14952486      0.14450414     -0.32573014      -0.32573014       254.26464                                254.26464
              2       126.52596       60.069151     0.029937067       0.1492788      0.14431266     -0.32573014      -0.32573014       253.70339                                253.70339
              2        126.8392       60.069151     0.029937067       0.1513156      0.14244037     -0.32573014      -0.32573014       254.32986                                254.32986
              2       125.14451       60.069151     0.029937067      0.15300949      0.14903563     -0.32573014      -0.32573014       250.94047                                250.94047
              1       125.03352       60.069151     0.029937067      0.15479913      0.14944162     -0.32573014      -0.32573014        250.7185                                 250.7185
              2       125.97362       60.096856     0.029323867      0.15527341       0.1499406     -0.32573014      -0.32573014       252.59871                                252.59871
              3       125.83767       60.117862     0.029840184      0.15517158      0.14985699     -0.32573014      -0.32573014       252.32679                                252.32679
              2       125.76314       60.117862     0.029840184      0.15702399       0.1506065     -0.32573014      -0.32573014       252.17774                                252.17774
              1       125.56434        60.09954     0.029758927      0.15693925      0.15050567     -0.32573014      -0.32573014       251.78014                                251.78014
              4       125.60778        60.09954     0.029758927      0.14978602      0.15594566     -0.32573014      -0.32573014       251.86702                                251.86702
              1       124.92197       60.006628     0.028950235      0.14954279      0.15562107     -0.32573014      -0.32573014       250.49539                                250.49539
              7       124.61404       60.006628     0.028950235      0.15355036      0.15332929     -0.32573014      -0.32573014       249.87955                                249.87955
              2       125.42763       60.006628     0.028950235      0.14963429      0.14872588     -0.32573014      -0.32573014       251.50672                                251.50672
              6       126.58123       60.041375      0.02822962      0.15020634      0.14932888     -0.32573014      -0.32573014       253.81392                                253.81392
              3        126.5043       60.041375      0.02822962      0.15445573      0.14779472     -0.32573014      -0.32573014       253.66005                                253.66005
              3       126.05829       60.041375      0.02822962      0.15203115       0.1600551     -0.32573014      -0.32573014       252.76804                                252.76804
              1       125.80085       60.020175     0.028166004      0.15191879      0.15992412     -0.32573014      -0.32573014       252.25315                                252.25315
              1       125.67206       60.020175     0.028166004       0.1527228      0.15927228     -0.32573014      -0.32573014       251.99558                                251.99558
              2       125.83476       60.020175     0.028166004      0.15916116      0.15125559     -0.32573014      -0.32573014       252.32098                                252.32098
              1       126.43805       60.090801     0.028665478      0.15940024      0.15155658     -0.32573014      -0.32573014       253.52756                                253.52756
              2       126.35543       60.090801     0.028665478      0.16095587       0.1565289     -0.32573014      -0.32573014       253.36232                                253.36232
              2       126.46376       60.090801     0.028665478      0.15177921      0.16035062     -0.32573014      -0.32573014       253.57899                                253.57899
              3       127.66813       60.090801     0.028665478      0.16551994       0.1620951     -0.32573014      -0.32573014       255.98772                                255.98772
              1       126.05673       60.090801     0.028665478      0.15722941      0.15512332     -0.32573014      -0.32573014       252.76491                                252.76491
              8       127.36144       60.090801     0.028665478      0.16376454      0.14950489     -0.32573014      -0.32573014       255.37435                                255.37435
              5        127.5021       60.090801     0.028665478      0.16425016      0.14926888     -0.32573014      -0.32573014       255.65566                                255.65566
              1       127.45392       60.090801     0.028665478      0.16643301      0.15677469     -0.32573014      -0.32573014       255.55929                                255.55929
              2       129.92431       60.090801     0.028665478      0.17328239      0.15451952     -0.32573014      -0.32573014       260.50008                                260.50008
              1       131.35062       60.070515     0.029180944      0.17487189       0.1655615     -0.32573014      -0.32573014        263.3527                                 263.3527
              6       125.38405       60.070515     0.029180944      0.15501893      0.15862584     -0.32573014      -0.32573014       251.41955                                251.41955
              1       125.24641        60.07895     0.029499359       0.1549258      0.15853997     -0.32573014      -0.32573014       251.14428                                251.14428
              2       127.77878       60.031232     0.025740553      0.15637317      0.15994726     -0.32573014      -0.32573014       256.20903                                256.20903
              2       127.91251       60.038894     0.025717628      0.15643537      0.16001622     -0.32573014      -0.32573014       256.47649                                256.47649
              3       126.49521       60.087938     0.028195465      0.15559928      0.15922203     -0.32573014      -0.32573014       253.64188                                253.64188
              1       126.42024       60.087938     0.028195465      0.15567859      0.15793319     -0.32573014      -0.32573014       253.49193                                253.49193
              1       127.15588       60.087938     0.028195465      0.15597357      0.16412374     -0.32573014      -0.32573014       254.96322                                254.96322
              3       126.43284       60.129805     0.029751087        0.155523      0.16370923     -0.32573014      -0.32573014       253.51714                                253.51714
              2       126.81976       60.129805     0.029751087      0.14611363       0.1563428     -0.32573014      -0.32573014       254.29098                                254.29098
              1       129.18548       60.129805     0.029751087      0.13916967      0.15358949     -0.32573014      -0.32573014       259.02242                                259.02242
              3       126.37395       60.129805     0.029751087      0.14958175      0.16029244     -0.32573014      -0.32573014       253.39935                                253.39935
              1       127.62636       60.129805     0.029751087      0.14339842      0.15795423     -0.32573014      -0.32573014       255.90418                                255.90418
              1       127.56482       60.129805     0.029751087      0.14840309      0.14593974     -0.32573014      -0.32573014       255.78109                                255.78109
              1       127.72847       60.099246     0.029031186      0.14853654      0.14604666     -0.32573014      -0.32573014       256.10841                                256.10841
              1       127.60447       60.099246     0.029031186      0.14848362      0.14659844     -0.32573014      -0.32573014       255.86041                                255.86041
              2       128.84453       60.030134     0.026401535      0.14925643      0.14731177     -0.32573014      -0.32573014       258.34051                                258.34051
              4       128.47284       60.145134     0.029713985      0.14221973      0.15198726     -0.32573014      -0.32573014       257.59713                                257.59713
              1       127.49309       60.145134     0.029713985      0.14546638      0.15187988     -0.32573014      -0.32573014       255.63764                                255.63764
              1       126.92957       60.145134     0.029713985      0.14858475      0.16129669     -0.32573014      -0.32573014       254.51061                                254.51061
              1       129.18577       60.145134     0.029713985      0.14015657      0.15944896     -0.32573014      -0.32573014         259.023                                  259.023
              2       128.82401       60.145134     0.029713985      0.14221471      0.14938304     -0.32573014      -0.32573014       258.29948                                258.29948
              1       129.08488       60.091807     0.029989926      0.14071453      0.14440222     -0.32573014      -0.32573014       258.82121                                258.82121
              1       127.58695       60.091807     0.029989926      0.15738811      0.14094101     -0.32573014      -0.32573014       255.82537                                255.82537
              2       129.07047       60.091807     0.029989926      0.14324126      0.14170719     -0.32573014      -0.32573014       258.79241                                258.79241
              2       129.00993       60.091807     0.029989926      0.14316083      0.14195672     -0.32573014      -0.32573014       258.67131                                258.67131
              1       129.12587       60.079107     0.029633533       0.1432432      0.14202809     -0.32573014      -0.32573014       258.90321                                258.90321
              2       125.17406       60.079107     0.029633533      0.15874457      0.15548827     -0.32573014      -0.32573014       250.99959                                250.99959
              1       125.22678       60.079107     0.029633533      0.15534508      0.15953381     -0.32573014      -0.32573014       251.10502                                251.10502
              2       125.75226       60.079107     0.029633533      0.16094044      0.16051104     -0.32573014      -0.32573014       252.15598                                252.15598
              3       125.46329       60.079107     0.029633533       0.1514069      0.15093974     -0.32573014      -0.32573014       251.57804                                251.57804
              3       127.80247       60.079107     0.029633533      0.15119644      0.14115309     -0.32573014      -0.32573014        256.2564                                 256.2564
              5       128.55351       60.079107     0.029633533      0.14538923      0.14195111     -0.32573014      -0.32573014       257.75848                                257.75848
              1       125.11991       60.079107     0.029633533      0.15805402       0.1551291     -0.32573014      -0.32573014       250.89128                                250.89128
              3       125.61419       60.079107     0.029633533      0.15208611      0.16156547     -0.32573014      -0.32573014       251.87984                                251.87984
              2       126.30762       60.079107     0.029633533      0.15861216      0.14591977     -0.32573014      -0.32573014        253.2667                                 253.2667
              3       125.89896       60.079107     0.029633533      0.14988379      0.16185363     -0.32573014      -0.32573014       252.44937                                252.44937
              1       126.54119       60.079107     0.029633533      0.16270798      0.16350124     -0.32573014      -0.32573014       253.73384                                253.73384
              3       125.13242       60.079107     0.029633533      0.15740529        0.157552     -0.32573014      -0.32573014       250.91631                                250.91631
              2       126.11252       60.014497     0.027389252      0.15802709      0.15811808     -0.32573014      -0.32573014        252.8765                                 252.8765
              6       127.20424       60.044095     0.027162706      0.15406002      0.16283854     -0.32573014      -0.32573014       255.05993                                255.05993
              4       127.09151       60.044095     0.027162706      0.15238871      0.16111558     -0.32573014      -0.32573014       254.83448                                254.83448
              4       126.93268       60.024943     0.027017272      0.15232858      0.16103866     -0.32573014      -0.32573014       254.51682                                254.51682
              2        127.8142       60.024943     0.027017272      0.14585794      0.15615384     -0.32573014      -0.32573014       256.27987                                256.27987
              1       127.81019       60.024943     0.027017272       0.1571828      0.14607073     -0.32573014      -0.32573014       256.27185                                256.27185
              1       126.83636       60.024943     0.027017272      0.16142601      0.15564237     -0.32573014      -0.32573014       254.32418                                254.32418
              2       127.03167       60.024943     0.027017272      0.15828796      0.15002439     -0.32573014      -0.32573014       254.71481                                254.71481
              4       128.21501       60.024943     0.027017272      0.15995551       0.1674559     -0.32573014      -0.32573014       257.08149                                257.08149
              1       128.41132       60.024943     0.027017272      0.15756638      0.16866714     -0.32573014      -0.32573014       257.47409                                257.47409
              1       128.03439       60.024943     0.027017272      0.16247612      0.16545982     -0.32573014      -0.32573014       256.72024                                256.72024
              2       128.33982       60.024943     0.027017272      0.16822144      0.15647073     -0.32573014      -0.32573014        257.3311                                 257.3311
              1       126.98776       60.024943     0.027017272      0.15993044      0.16146589     -0.32573014      -0.32573014       254.62698                                254.62698
              5       125.88842       60.040109     0.028569949      0.15930206      0.16085006     -0.32573014      -0.32573014        252.4283                                 252.4283
              4       125.76022       60.040109     0.028569949      0.15544765      0.15002409     -0.32573014      -0.32573014       252.17189                                252.17189
              7       127.29363       60.091633     0.028438738      0.16390524      0.16078307     -0.32573014      -0.32573014       255.23871                                255.23871
              1       126.55411       60.091633     0.028438738      0.15095341      0.15660553     -0.32573014      -0.32573014       253.75967                                253.75967
              1       126.46747       60.091633     0.028438738      0.15206726      0.15435984     -0.32573014      -0.32573014        253.5864                                 253.5864
              5       126.38575       60.091633     0.028438738      0.15900429      0.15440977     -0.32573014      -0.32573014       253.42295                                253.42295
              2       126.51286       60.091633     0.028438738      0.15856994      0.15222755     -0.32573014      -0.32573014       253.67718                                253.67718
              3       127.97535       60.091633     0.028438738       0.1479529      0.14763202     -0.32573014      -0.32573014       256.60216                                256.60216
              2       127.02168       60.091633     0.028438738      0.16385895      0.15655916     -0.32573014      -0.32573014       254.69481                                254.69481
              4       126.64362       60.091633     0.028438738      0.15767647      0.16168131     -0.32573014      -0.32573014       253.93869                                253.93869
              2       127.09541       60.118679     0.028366741      0.15789183       0.1619205     -0.32573014      -0.32573014       254.84228                                254.84228
              2       127.02492       60.118679     0.028366741      0.16042695      0.15949949     -0.32573014      -0.32573014       254.70131                                254.70131
              2       126.90445       60.118679     0.028366741      0.15796132      0.16024455     -0.32573014      -0.32573014       254.46037                                254.46037
              2       126.40955       60.142057     0.029324056      0.15766803      0.15997134     -0.32573014      -0.32573014       253.47055                                253.47055
              1       126.88904       60.155926     0.029013452      0.15790717      0.16022285     -0.32573014      -0.32573014       254.42955                                254.42955
              1       126.81107       60.155926     0.029013452      0.15940897      0.15577461     -0.32573014      -0.32573014       254.27361                                254.27361
              3       127.16848       60.155926     0.029013452       0.1618438      0.15376317     -0.32573014      -0.32573014       254.98841                                254.98841
              2       127.03373       60.155926     0.029013452      0.15578687      0.15119688     -0.32573014      -0.32573014       254.71892                                254.71892
              2       127.17818       60.155926     0.029013452       0.1577553      0.15036546     -0.32573014      -0.32573014       255.00781                                255.00781
              3       127.50944       60.036204     0.026582217      0.15809516      0.15060119     -0.32573014      -0.32573014       255.67034                                255.67034
              1       126.73578       60.057656     0.027841788       0.1576468      0.15017107     -0.32573014      -0.32573014       254.12301                                254.12301
              8       127.29859       60.057656     0.027841788      0.16387853       0.1516468     -0.32573014      -0.32573014       255.24864                                255.24864
              2       128.82101       60.064648     0.026193062      0.16470078      0.15247604     -0.32573014      -0.32573014       258.29348                                258.29348
              2       128.73607       60.064648     0.026193062       0.1648795      0.15365915     -0.32573014      -0.32573014       258.12359                                258.12359
              1       127.98096       60.064648     0.026193062      0.15295465      0.15777945     -0.32573014      -0.32573014       256.61339                                256.61339
              1       127.84668       60.064648     0.026193062       0.1574229      0.15480575     -0.32573014      -0.32573014       256.34482                                256.34482
              2        127.8136       60.064648     0.026193062      0.15835545      0.15616913     -0.32573014      -0.32573014       256.27865                                256.27865
              3        126.6009       60.029009     0.026980379      0.15766214      0.15550904     -0.32573014      -0.32573014       253.85327                                253.85327
              2       126.74533       60.029009     0.026980379      0.15981715      0.15741257     -0.32573014      -0.32573014       254.14213                                254.14213
              1       131.47928       60.016437     0.022739397      0.15908701      0.16901638     -0.32573014      -0.32573014       263.61002                                263.61002
              1       129.42433       60.020921     0.025153698      0.15782266      0.16777836     -0.32573014      -0.32573014       259.50012                                259.50012
              1       131.12559       60.020921     0.025153698      0.15781994      0.17294455     -0.32573014      -0.32573014       262.90263                                262.90263
              2       130.47072       60.020921     0.025153698      0.15300834      0.17059591     -0.32573014      -0.32573014        261.5929                                 261.5929
              1       129.57906       60.020921     0.025153698      0.14617427      0.15904976     -0.32573014      -0.32573014       259.80959                                259.80959
              2         128.516       60.020921     0.025153698      0.15934348      0.15148484     -0.32573014      -0.32573014       257.68346                                257.68346
              3       131.36278       60.043701     0.023698919       0.1481218      0.16431168     -0.32573014      -0.32573014       263.37702                                263.37702
              6       133.46844       60.043701     0.023698919      0.14731975      0.17193623     -0.32573014      -0.32573014       267.58835                                267.58835
              1       131.13769       60.115325     0.027574788      0.14577791      0.17039389     -0.32573014      -0.32573014       262.92685                                262.92685
              2       127.82963       60.115325     0.027574788      0.15039426      0.15644659     -0.32573014      -0.32573014       256.31073                                256.31073
              1       128.66466       60.115325     0.027574788      0.16500868      0.16282769     -0.32573014      -0.32573014       257.98079                                257.98079
              2       129.22864       60.115325     0.027574788      0.16611983      0.16463166     -0.32573014      -0.32573014       259.10875                                259.10875
              1       127.72385       60.115325     0.027574788      0.15644828       0.1624772     -0.32573014      -0.32573014       256.09916                                256.09916
              1       127.72444       60.115325     0.027574788      0.15644532      0.16248129     -0.32573014      -0.32573014       256.10034                                256.10034
              4       127.90173       60.028687     0.025919984      0.15667904      0.16275244     -0.32573014      -0.32573014       256.45491                                256.45491
              1       127.59287       60.003885     0.025859813      0.15652356       0.1626127     -0.32573014      -0.32573014       255.83721                                255.83721
              5       129.20252        60.01244     0.024155981       0.1575046      0.16356738     -0.32573014      -0.32573014       259.05651                                259.05651
              1        129.1457       60.006096     0.024114053      0.15747909      0.16354558     -0.32573014      -0.32573014       258.94286                                258.94286
              1       129.33816       60.009379     0.023949626      0.15759239      0.16365469     -0.32573014      -0.32573014       259.32777                                259.32777
              3         129.757       60.009379     0.023949626      0.16332476      0.15194961     -0.32573014      -0.32573014       260.16546                                260.16546
              2       129.44094       60.009379     0.023949626      0.16400401      0.15862575     -0.32573014      -0.32573014       259.53334                                259.53334
              1       130.44308       60.009379     0.023949626      0.16428729      0.16654822     -0.32573014      -0.32573014       261.53763                                261.53763
              2       131.37592       60.009379     0.023949626      0.16404181      0.17020744     -0.32573014      -0.32573014       263.40331                                263.40331
              1       130.36572       60.009379     0.023949626       0.1578688      0.16856357     -0.32573014      -0.32573014        261.3829                                 261.3829
              1       130.28522       60.053905     0.024776185      0.15776154      0.16843678     -0.32573014      -0.32573014        261.2219                                 261.2219
              1       130.06264       60.046626     0.024887757      0.15589891      0.16814277     -0.32573014      -0.32573014       260.77673                                260.77673
              1       128.71388       60.046626     0.024887757      0.15586539      0.15932253     -0.32573014      -0.32573014       258.07922                                258.07922
              1       128.69821       60.046626     0.024887757      0.15592554      0.15896937     -0.32573014      -0.32573014       258.04788                                258.04788
              1       129.17995       60.046626     0.024887757      0.15900202      0.16396226     -0.32573014      -0.32573014       259.01135                                259.01135
              3       130.26409       60.046626     0.024887757      0.14704208      0.15328929     -0.32573014      -0.32573014       261.17965                                261.17965
              5       129.89599       60.046626     0.024887757       0.1485803      0.15320279     -0.32573014      -0.32573014       260.44345                                260.44345
              1       129.03773       60.035247     0.025666141      0.14807554      0.15271503     -0.32573014      -0.32573014       258.72692                                258.72692
              1       128.79512       60.013419     0.025554254      0.14797039      0.15262301     -0.32573014      -0.32573014       258.24169                                258.24169
              3       128.79117       60.012883     0.025549193      0.14796905      0.15262197     -0.32573014      -0.32573014        258.2338                                 258.2338
              3        128.5406       60.008081     0.025537337      0.15804821       0.1479546     -0.32573014      -0.32573014       257.73266                                257.73266
              2       127.88974       60.008081     0.025537337      0.15178695      0.15448529     -0.32573014      -0.32573014       256.43093                                256.43093
              1       128.86191        60.13339      0.02661304      0.15215754      0.15478574     -0.32573014      -0.32573014       258.37527                                258.37527
              2       128.48537       60.083891     0.026187504      0.15201148      0.15466738     -0.32573014      -0.32573014       257.62219                                257.62219
              1       130.25562       60.083891     0.026187504      0.15381444      0.17007452     -0.32573014      -0.32573014       261.16271                                261.16271
              6       128.27067       60.083891     0.026187504      0.15875514      0.15365908     -0.32573014      -0.32573014       257.19279                                257.19279
              1       125.98079       60.064373     0.028493171      0.15736742      0.15231231     -0.32573014      -0.32573014       252.61304                                252.61304
              1       125.99157       60.064373     0.028493171      0.15808203      0.15261079     -0.32573014      -0.32573014        252.6346                                 252.6346
              2       125.82594       60.064373     0.028493171      0.15646361      0.15420801     -0.32573014      -0.32573014       252.30334                                252.30334
              2       125.84613       60.064373     0.028493171      0.15412343      0.15431655     -0.32573014      -0.32573014       252.34373                                252.34373
              1       125.83069       60.064373     0.028493171       0.1571655      0.15724344     -0.32573014      -0.32573014       252.31284                                252.31284
              5       125.36525       60.113036     0.029854811      0.15680183      0.15686398     -0.32573014      -0.32573014       251.38195                                251.38195
              2       125.48065       60.113036     0.029854811      0.15865568      0.15707903     -0.32573014      -0.32573014       251.61275                                251.61275
              4       125.36778       60.113036     0.029854811      0.15516766      0.15378972     -0.32573014      -0.32573014       251.38702                                251.38702
              2       128.08658       60.113036     0.029854811      0.14091236      0.15326962     -0.32573014      -0.32573014       256.82463                                256.82463
              2       126.35816       60.113036     0.029854811      0.14726784      0.15183684     -0.32573014      -0.32573014       253.36778                                253.36778
              4       125.94633       60.113036     0.029854811      0.15280083      0.14913568     -0.32573014      -0.32573014       252.54412                                252.54412
              2         125.762       60.113036     0.029854811      0.15179769      0.16028381     -0.32573014      -0.32573014       252.17546                                252.17546
              1       126.93404       60.117865      0.02857585      0.15252203      0.16098942     -0.32573014      -0.32573014       254.51955                                254.51955
              2       126.97689       60.121207     0.028582774      0.15254362      0.16100887     -0.32573014      -0.32573014       254.60524                                254.60524
              4       127.54629       60.073519     0.027115275      0.15297161      0.16145072     -0.32573014      -0.32573014       255.74405                                255.74405
              3       126.16139       60.131178     0.029696237      0.15202036      0.16049252     -0.32573014      -0.32573014       252.97425                                252.97425
              2       125.77499       60.131178     0.029696237      0.15763804      0.15552685     -0.32573014      -0.32573014       252.20144                                252.20144
              4       125.84154       60.131178     0.029696237      0.15267151       0.1561602     -0.32573014      -0.32573014       252.33454                                252.33454
              4       125.71465       60.122629     0.029697319      0.15260618      0.15610056     -0.32573014      -0.32573014       252.08075                                252.08075
              1       125.44489       60.061129      0.02895705      0.15253849      0.15606471     -0.32573014      -0.32573014       251.54124                                251.54124
              1       128.79523       60.061129      0.02895705      0.17189546      0.15509124     -0.32573014      -0.32573014       258.24191                                258.24191
              1        128.5599       60.061129      0.02895705      0.15219647      0.17132564     -0.32573014      -0.32573014       257.77126                                257.77126
              1       127.73596         60.0361     0.029515135      0.15170679      0.17085935     -0.32573014      -0.32573014       256.12338                                256.12338
              4        127.0554         60.0361     0.029515135       0.1434343      0.14677244     -0.32573014      -0.32573014       254.76225                                254.76225
              1        125.3783         60.0361     0.029515135       0.1587816       0.1477048     -0.32573014      -0.32573014       251.40807                                251.40807
              2       127.44413         60.0361     0.029515135      0.15335899      0.13989925     -0.32573014      -0.32573014       255.53973                                255.53973
              6       125.73019         60.0361     0.029515135      0.15562762      0.14524495     -0.32573014      -0.32573014       252.11183                                252.11183
              3       124.56639         60.0361     0.029515135      0.15258722      0.15565009     -0.32573014      -0.32573014       249.78424                                249.78424
              2       124.28442       60.025205     0.029666951      0.15378966      0.15265995     -0.32573014      -0.32573014       249.22031                                249.22031
              3        124.8385       60.025205     0.029666951      0.15236174      0.14828534     -0.32573014      -0.32573014       250.32846                                250.32846
              2       124.36755       60.025205     0.029666951      0.15689446       0.1521104     -0.32573014      -0.32573014       249.38656                                249.38656
              3       124.59382       60.025205     0.029666951      0.15207606       0.1500997     -0.32573014      -0.32573014       249.83909                                249.83909
              1       126.94431       60.025205     0.029666951      0.15648413      0.16960405     -0.32573014      -0.32573014       254.54008                                254.54008
              2       128.46251       60.025205     0.029666951      0.16467183      0.17039418     -0.32573014      -0.32573014       257.57648                                257.57648
              3       125.00536       60.025205     0.029666951      0.14815379      0.15937155     -0.32573014      -0.32573014       250.66219                                250.66219
              2       124.63538       60.025205     0.029666951       0.1593683      0.15847451     -0.32573014      -0.32573014       249.92223                                249.92223
              1       125.33252       60.025205     0.029666951      0.15369012       0.1643576     -0.32573014      -0.32573014       251.31649                                251.31649
              2       124.63472       60.025205     0.029666951      0.14908385      0.15369868     -0.32573014      -0.32573014        249.9209                                 249.9209
              1       125.97988       60.025205     0.029666951       0.1648122      0.14878126     -0.32573014      -0.32573014       252.61121                                252.61121
              2       124.31706       60.025205     0.029666951      0.15766035      0.15457697     -0.32573014      -0.32573014       249.28558                                249.28558
              2        124.5224       60.025205     0.029666951      0.14977695      0.15461376     -0.32573014      -0.32573014       249.69626                                249.69626
              1        124.6848       60.003307     0.029079666      0.14992691      0.15477114     -0.32573014      -0.32573014       250.02106                                250.02106
              1       124.76617       60.003307     0.029079666      0.14930954      0.15516137     -0.32573014      -0.32573014       250.18379                                250.18379
              7       124.49349       60.003307     0.029079666      0.15180426      0.15513815     -0.32573014      -0.32573014       249.63845                                249.63845
              2       124.49326       60.003307     0.029079666      0.15180736      0.15514017     -0.32573014      -0.32573014       249.63797                                249.63797
              1       125.66763       60.003307     0.029079666      0.16132126       0.1473035     -0.32573014      -0.32573014       251.98671                                251.98671
              4       125.10571       60.003307     0.029079666      0.15357514      0.14754604     -0.32573014      -0.32573014       250.86289                                250.86289
              1       125.10049       60.003307     0.029079666      0.15421962      0.14749184     -0.32573014      -0.32573014       250.85244                                250.85244
              4       124.91019       60.003307     0.029079666      0.14938804      0.15154401     -0.32573014      -0.32573014       250.47185                                250.47185
              1       124.64938       60.003307     0.029079666      0.15771507       0.1587123     -0.32573014      -0.32573014       249.95022                                249.95022
              1       124.91548       60.003307     0.029079666      0.14896635      0.15224338     -0.32573014      -0.32573014       250.48241                                250.48241
              2       125.26446       60.003307     0.029079666      0.14671131      0.15314993     -0.32573014      -0.32573014       251.18039                                251.18039
              5       128.65988       60.003307     0.029079666      0.13659309      0.15334522     -0.32573014      -0.32573014       257.97122                                257.97122
              3       128.11193       60.003307     0.029079666      0.13777791      0.15371802     -0.32573014      -0.32573014       256.87531                                256.87531
              1       128.57002       60.003307     0.029079666      0.15475827      0.13679619     -0.32573014      -0.32573014       257.79149                                257.79149
              1       128.36347       60.003133     0.029168085      0.16762971      0.14255566     -0.32573014      -0.32573014       257.37839                                257.37839
              1        125.9436       60.003133     0.029168085      0.16386193      0.16183683     -0.32573014      -0.32573014       252.53866                                252.53866
              1       124.81815       60.003133     0.029168085      0.15788137      0.16055664     -0.32573014      -0.32573014       250.28777                                250.28777
              4       125.30469        60.04368     0.029268626      0.15813439      0.16078396     -0.32573014      -0.32573014       251.26084                                251.26084
              1       125.20646        60.04368     0.029268626      0.15965416      0.15853687     -0.32573014      -0.32573014       251.06437                                251.06437
              1       125.08951       60.061688       0.0297036      0.15955663      0.15843268     -0.32573014      -0.32573014       250.83047                                250.83047
              1       124.92747       60.061688       0.0297036      0.15869495      0.15733059     -0.32573014      -0.32573014        250.5064                                 250.5064
              1       125.31867       60.079294     0.029541031      0.15891572      0.15753769     -0.32573014      -0.32573014       251.28881                                251.28881
              2        125.3618       60.079294     0.029541031      0.15512343      0.16007013     -0.32573014      -0.32573014       251.37507                                251.37507
              2       126.23838        60.11269     0.029323557      0.16178842       0.1565243     -0.32573014      -0.32573014       253.12822                                253.12822
              7       126.41952        60.11269     0.029323557      0.16285856      0.15655565     -0.32573014      -0.32573014       253.49051                                253.49051
              1       127.13436        60.11269     0.029323557      0.14618264      0.15178237     -0.32573014      -0.32573014       254.92018                                254.92018
              1       127.23061        60.11269     0.029323557      0.14626272      0.15079073     -0.32573014      -0.32573014       255.11267                                255.11267
              1       126.14268        60.04824     0.029467001      0.14569746         0.15027     -0.32573014      -0.32573014       252.93683                                252.93683
              2       127.00916        60.04824     0.029467001      0.16779184       0.1595236     -0.32573014      -0.32573014       254.66979                                254.66979
              3       126.00398        60.04824     0.029467001      0.15023449      0.14637075     -0.32573014      -0.32573014       252.65941                                252.65941
              2        126.0558        60.04824     0.029467001      0.15000206       0.1642681     -0.32573014      -0.32573014       252.76306                                252.76306
              2       125.37276        60.04824     0.029467001      0.16173756      0.15257687     -0.32573014      -0.32573014       251.39698                                251.39698
              2       124.95505       60.019739     0.029475058      0.16151737      0.15237571     -0.32573014      -0.32573014       250.56157                                250.56157
              2       124.83644       60.019739     0.029475058      0.16125014      0.15397384     -0.32573014      -0.32573014       250.32434                                250.32434
              5       124.90749       60.019739     0.029475058      0.16159422      0.15356196     -0.32573014      -0.32573014       250.46644                                250.46644
              6       124.87897       60.019739     0.029475058      0.16148704       0.1561419     -0.32573014      -0.32573014        250.4094                                 250.4094
              1       125.04104       60.031161     0.029475212      0.16157346      0.15622073     -0.32573014      -0.32573014       250.73355                                250.73355
              2        125.8664       60.031161     0.029475212      0.16537642       0.1542936     -0.32573014      -0.32573014       252.38427                                252.38427
              1       124.89956       60.031161     0.029475212      0.15929937      0.15116764     -0.32573014      -0.32573014       250.45057                                250.45057
              2       124.88823       60.031161     0.029475212      0.15923546      0.15121024     -0.32573014      -0.32573014       250.42791                                250.42791
              1       125.33768       60.031161     0.029475212      0.16309898      0.15377229     -0.32573014      -0.32573014       251.32682                                251.32682
              2       124.96848       60.031161     0.029475212      0.16094131      0.15701358     -0.32573014      -0.32573014       250.58842                                250.58842
              1       124.94828       60.031161     0.029475212      0.16012151      0.15848514     -0.32573014      -0.32573014       250.54803                                250.54803
              1       125.85045       60.080099     0.029224308      0.16064291      0.15898144     -0.32573014      -0.32573014       252.35237                                252.35237
              1       126.54738       60.080099     0.029224308        0.162872      0.14952398     -0.32573014      -0.32573014       253.74621                                253.74621
              3       126.35232       60.080099     0.029224308      0.16293176      0.15104538     -0.32573014      -0.32573014       253.35611                                253.35611
              3       125.93858       60.080099     0.029224308       0.1607256      0.15980614     -0.32573014      -0.32573014       252.52862                                252.52862
              1       124.67525        60.02247     0.029754521      0.15999909      0.15907246     -0.32573014      -0.32573014       250.00197                                250.00197
              1       124.79432        60.02247     0.029754521      0.14733711      0.15377395     -0.32573014      -0.32573014        250.2401                                 250.2401
              2       124.84266        60.01772     0.029615906      0.14736461      0.15382939     -0.32573014      -0.32573014       250.33679                                250.33679
              1        124.9416        60.01772     0.029615906      0.14776439      0.15106396     -0.32573014      -0.32573014       250.53465                                250.53465
              4       124.64275        60.01772     0.029615906       0.1495326      0.15134083     -0.32573014      -0.32573014       249.93696                                249.93696
              2       125.36373        60.01772     0.029615906       0.1459892      0.15041791     -0.32573014      -0.32573014       251.37892                                251.37892
              7       124.15985        60.01772     0.029615906       0.1537101       0.1542314     -0.32573014      -0.32573014       248.97116                                248.97116
              2       124.61936        60.01772     0.029615906      0.15361828      0.14884807     -0.32573014      -0.32573014       249.89017                                249.89017
              5       125.85902       60.059811     0.029747162      0.15438537       0.1454043     -0.32573014      -0.32573014       252.36949                                252.36949
              2       125.84484       60.059811     0.029747162      0.14531548       0.1558595     -0.32573014      -0.32573014       252.34115                                252.34115
              4         125.994       60.059811     0.029747162      0.14496994      0.15753827     -0.32573014      -0.32573014       252.63946                                252.63946
              1       125.94403       60.059811     0.029747162       0.1449032      0.15529183     -0.32573014      -0.32573014       252.53953                                252.53953
              1       124.75975       60.059811     0.029747162      0.15804749        0.154824     -0.32573014      -0.32573014       250.17096                                250.17096
              3       126.00381       60.059811     0.029747162      0.15946154       0.1646259     -0.32573014      -0.32573014       252.65908                                252.65908
              1       125.93758       60.059811     0.029747162      0.16025609      0.16390253     -0.32573014      -0.32573014       252.52662                                252.52662
              3       125.94097       60.059676     0.029741091       0.1602579      0.16390547     -0.32573014      -0.32573014        252.5334                                 252.5334
              2       125.90082       60.068101     0.029922435      0.16024003      0.16384816     -0.32573014      -0.32573014        252.4531                                 252.4531
              1       125.07599       60.068101     0.029922435      0.15277582      0.14956671     -0.32573014      -0.32573014       250.80345                                250.80345
              2       125.06389       60.068101     0.029922435      0.15411301      0.14928585     -0.32573014      -0.32573014       250.77924                                250.77924
              1       125.17929       60.068101     0.029922435      0.15039659        0.150352     -0.32573014      -0.32573014       251.01003                                251.01003
              2       125.14672       60.068101     0.029922435      0.15053725      0.15048725     -0.32573014      -0.32573014        250.9449                                 250.9449
              1       124.87282       60.068101     0.029922435      0.15328804      0.15942656     -0.32573014      -0.32573014       250.39709                                250.39709
              5        127.3975       60.068101     0.029922435      0.16830485      0.14874229     -0.32573014      -0.32573014       255.44647                                255.44647
              5       124.80896       60.068101     0.029922435      0.15885485        0.155961     -0.32573014      -0.32573014       250.26939                                250.26939
              7       124.64919       60.068101     0.029922435       0.1563127       0.1563045     -0.32573014      -0.32573014       249.94985                                249.94985
              1       124.64385       60.068101     0.029922435       0.1552417      0.15678121     -0.32573014      -0.32573014       249.93916                                249.93916
             10       124.76349       60.060752     0.029658024      0.15530819      0.15689873     -0.32573014      -0.32573014       250.17844                                250.17844
              2         124.872       60.060752     0.029658024      0.15327945      0.15812035     -0.32573014      -0.32573014       250.39547                                250.39547
              2       125.64411       60.060752     0.029658024      0.14885215      0.16107031     -0.32573014      -0.32573014       251.93969                                251.93969
              1       125.65241       60.060752     0.029658024      0.15179518      0.16318656     -0.32573014      -0.32573014       251.95629                                251.95629
              1       124.84952       60.060752     0.029658024      0.15470474      0.15834437     -0.32573014      -0.32573014       250.35049                                250.35049
              1       124.93207       60.060752     0.029658024       0.1560676      0.15916286     -0.32573014      -0.32573014        250.5156                                 250.5156
              1       125.00381       60.060752     0.029658024      0.15554139      0.15992427     -0.32573014      -0.32573014       250.65907                                250.65907
              1       127.60606       60.060752     0.029658024      0.14102053      0.14993888     -0.32573014      -0.32573014       255.86358                                255.86358
              6       125.38538       60.060752     0.029658024      0.14936966      0.15090204     -0.32573014      -0.32573014       251.42221                                251.42221
              1       124.92946       60.060752     0.029658024      0.15846577      0.15324326     -0.32573014      -0.32573014       250.51038                                250.51038
              3       125.96138       60.060752     0.029658024      0.16141548      0.14772952     -0.32573014      -0.32573014       252.57422                                252.57422
              1       126.17859       60.007794     0.028444201       0.1615632      0.14813677     -0.32573014      -0.32573014       253.00864                                253.00864
              1        126.2753       60.007794     0.028444201      0.16261378      0.14862963     -0.32573014      -0.32573014       253.20206                                253.20206
              1       125.14304       60.007794     0.028444201      0.15848428      0.15639824     -0.32573014      -0.32573014       250.93755                                250.93755
              2        125.0883       60.007794     0.028444201      0.15660734      0.15776586     -0.32573014      -0.32573014       250.82807                                250.82807
              1       125.02025       60.007794     0.028444201      0.15467477      0.15413607     -0.32573014      -0.32573014       250.69195                                250.69195
              4       127.42643       60.137227      0.02793629      0.15442648       0.1554941     -0.32573014      -0.32573014       255.50431                                255.50431
              1       127.55369       60.137227      0.02793629      0.15673431      0.16101545     -0.32573014      -0.32573014       255.75883                                255.75883
              1       125.73346       60.129578     0.029885666      0.15573725      0.15972349     -0.32573014      -0.32573014       252.11838                                252.11838
              1       127.53538        60.11658      0.02738337      0.15734574      0.15818712     -0.32573014      -0.32573014       255.72222                                255.72222
              3       127.94445       60.143117     0.027365209      0.15757197      0.15838129     -0.32573014      -0.32573014       256.54036                                256.54036
              1       128.94709       60.204826      0.02727049      0.15812319      0.15886618     -0.32573014      -0.32573014       258.54564                                258.54564
              1       129.24063       60.204826      0.02727049      0.16253419      0.15731567     -0.32573014      -0.32573014       259.13272                                259.13272
              2       129.72279       60.204826      0.02727049      0.14987279      0.15919648     -0.32573014      -0.32573014       260.09704                                260.09704
              1       129.50758       60.204826      0.02727049      0.15314879      0.16289051     -0.32573014      -0.32573014       259.66663                                259.66663
              1       128.96481       60.204826      0.02727049        0.156015       0.1579685     -0.32573014      -0.32573014       258.58108                                258.58108
              1       129.07759       60.204826      0.02727049      0.16101387      0.15756515     -0.32573014      -0.32573014       258.80664                                258.80664
              1       126.70025       60.177154     0.029533819      0.15970219      0.15593579     -0.32573014      -0.32573014       254.05195                                254.05195
              3       126.70709       60.194881     0.029896327      0.15401634      0.15279045     -0.32573014      -0.32573014       254.06563                                254.06563
              1        125.9225       60.125934     0.029611238      0.15358784      0.15249721     -0.32573014      -0.32573014       252.49646                                252.49646
              2       126.82987       60.125934     0.029611238      0.15519349      0.14652171     -0.32573014      -0.32573014       254.31121                                254.31121
              4       126.45553       60.125934     0.029611238      0.16191957      0.16025275     -0.32573014      -0.32573014       253.56252                                253.56252
              2       126.66739       60.125934     0.029611238      0.16269418      0.16093801     -0.32573014      -0.32573014       253.98625                                253.98625
              2       126.56787       60.125934     0.029611238      0.16211875       0.1609314     -0.32573014      -0.32573014        253.7872                                 253.7872
              1       129.19111       60.125934     0.029611238       0.1710488      0.16193694     -0.32573014      -0.32573014       259.03368                                259.03368
              3       126.18063       60.125934     0.029611238      0.16165331      0.15653564     -0.32573014      -0.32573014       253.01272                                253.01272
              2       126.18851       60.125934     0.029611238      0.16044641      0.15966173     -0.32573014      -0.32573014       253.02847                                253.02847
              1       125.85169       60.125934     0.029611238      0.15718752      0.15874347     -0.32573014      -0.32573014       252.35484                                252.35484
              3       127.24593       60.119637     0.027907242      0.15795265      0.15978345     -0.32573014      -0.32573014       255.14331                                255.14331
              5        125.6427       60.117669     0.029715204      0.15706993      0.15862049     -0.32573014      -0.32573014       251.93687                                251.93687
              1       126.70401       60.117669     0.029715204       0.1642167      0.16009869     -0.32573014      -0.32573014       254.05947                                254.05947
              1       127.12903       60.106742     0.029043532      0.16444909      0.16045051     -0.32573014      -0.32573014       254.90951                                254.90951
              1       126.36485       60.106742     0.029043532      0.16162446      0.15547795     -0.32573014      -0.32573014       253.38117                                253.38117
              3       126.21342       60.106742     0.029043532      0.15120473      0.15496388     -0.32573014      -0.32573014       253.07831                                253.07831
              3       128.57088       60.206655     0.028057026      0.15249655      0.15627865     -0.32573014      -0.32573014       257.79323                                257.79323
              1       127.52425       60.092422     0.027286278      0.15192963      0.15598251     -0.32573014      -0.32573014       255.69996                                255.69996
              1       127.39047       60.092422     0.027286278      0.15660999      0.15332779     -0.32573014      -0.32573014       255.43241                                255.43241
              9       128.06618       60.053142     0.025813092      0.15699415      0.15399405     -0.32573014      -0.32573014       256.78382                                256.78382
              2       129.18951       60.053142     0.025813092      0.14809732      0.15284086     -0.32573014      -0.32573014       259.03048                                259.03048
              4       128.46772       60.019474     0.026047243      0.14770911       0.1524603     -0.32573014      -0.32573014       257.58689                                257.58689
              3       127.65048       60.019474     0.026047243      0.15222196      0.15301086     -0.32573014      -0.32573014       255.95241                                255.95241
              4       127.65294       60.019474     0.026047243      0.15220541      0.15300427     -0.32573014      -0.32573014       255.95735                                255.95735
              1       127.61899       60.019474     0.026047243        0.157933      0.15139184     -0.32573014      -0.32573014       255.88943                                255.88943
              2       127.54142       60.111376     0.027775025      0.15785816      0.15092586     -0.32573014      -0.32573014       255.73431                                255.73431
              1       127.60049       60.111376     0.027775025       0.1627843      0.15727434     -0.32573014      -0.32573014       255.85245                                255.85245
              1       127.49601       60.111376     0.027775025        0.154649      0.16205195     -0.32573014      -0.32573014       255.64348                                255.64348
              1       128.15063       60.019138     0.025516003      0.15497573      0.16285336     -0.32573014      -0.32573014       256.95272                                256.95272
              4       128.10642       60.019138     0.025516003      0.16157246      0.16037427     -0.32573014      -0.32573014       256.86431                                256.86431
              2       128.64199       60.019138     0.025516003      0.16435018      0.16143542     -0.32573014      -0.32573014       257.93545                                257.93545
              2       128.10531       60.019138     0.025516003      0.16218204      0.15922163     -0.32573014      -0.32573014       256.86208                                256.86208
              2       129.70085       60.250976     0.027602482      0.16308229      0.15949063     -0.32573014      -0.32573014       260.05315                                260.05315
              1        129.3677       60.250976     0.027602482      0.15943251      0.15746353     -0.32573014      -0.32573014       259.38685                                259.38685
              1       130.41295       60.291778     0.027117922      0.15999922      0.15805238     -0.32573014      -0.32573014       261.47737                                261.47737
              1       132.79266       60.291778     0.027117922      0.16798777      0.14868439     -0.32573014      -0.32573014       266.23677                                266.23677
              1       130.42156       60.291778     0.027117922      0.15874914      0.15691317     -0.32573014      -0.32573014       261.49457                                261.49457
              2       127.55646       60.090668     0.026916737      0.15719711      0.15565705     -0.32573014      -0.32573014       255.76438                                255.76438
              3       127.58447       60.090668     0.026916737      0.15544063      0.15544451     -0.32573014      -0.32573014       255.82039                                255.82039
              8       127.70702       60.090668     0.026916737      0.15691385      0.15325844     -0.32573014      -0.32573014        256.0655                                 256.0655
              1       127.89658       60.092728     0.026732726      0.15701894       0.1533896     -0.32573014      -0.32573014       256.44462                                256.44462
              3       127.55555       60.083385     0.026936251       0.1568448      0.15319591     -0.32573014      -0.32573014       255.76256                                255.76256
              2       127.80569       60.083385     0.026936251      0.15103693      0.15575607     -0.32573014      -0.32573014       256.26285                                256.26285
              1          128.05       60.089467     0.026791575      0.15115612       0.1558899     -0.32573014      -0.32573014       256.75147                                256.75147
              5       126.25827       60.118923     0.029364386      0.15016438      0.15445694     -0.32573014      -0.32573014       253.16801                                253.16801
              1        126.9239       60.118923     0.029364386      0.15511493      0.16525994     -0.32573014      -0.32573014       254.49927                                254.49927
              1       126.22072       60.118923     0.029364386      0.16121945      0.15672061     -0.32573014      -0.32573014        253.0929                                 253.0929
              1       125.90079       60.118686     0.029396931      0.15845165      0.15666954     -0.32573014      -0.32573014       252.45304                                252.45304
              2        126.1725       60.118686     0.029396931      0.15842821      0.15122708     -0.32573014      -0.32573014       252.99647                                252.99647
              1        126.0707       60.118686     0.029396931      0.15597375      0.15130927     -0.32573014      -0.32573014       252.79286                                252.79286
              2       126.03384       60.119866     0.029460839      0.15595279      0.15127676     -0.32573014      -0.32573014       252.71914                                252.71914
              2       125.92006       60.119866     0.029460839      0.15262077      0.15763315     -0.32573014      -0.32573014       252.49159                                252.49159
              4       125.83738       60.119866     0.029460839        0.157529      0.15429328     -0.32573014      -0.32573014       252.32621                                252.32621
              6       125.76162       60.058492     0.028494139      0.15748929       0.1544855     -0.32573014      -0.32573014       252.17471                                252.17471
              1       125.88798       60.058492     0.028494139      0.15890904      0.15802079     -0.32573014      -0.32573014       252.42742                                252.42742
              1       124.72082       60.051684     0.029738831      0.15825663      0.15718262     -0.32573014      -0.32573014        250.0931                                 250.0931
              2       128.20939       60.051684     0.029738831      0.17183646      0.15337472     -0.32573014      -0.32573014       257.07023                                257.07023
              1        125.7745       60.051684     0.029738831       0.1477024      0.16192744     -0.32573014      -0.32573014       252.20047                                252.20047
              2       124.72565       60.051684     0.029738831      0.15260278      0.15832938     -0.32573014      -0.32573014       250.10275                                250.10275
              3       124.88605       60.051769     0.029380862      0.15462065      0.15727262     -0.32573014      -0.32573014       250.42355                                250.42355
              6       124.90553       60.051769     0.029380862      0.15647831      0.15726442     -0.32573014      -0.32573014       250.46251                                250.46251
              3       126.27402       60.051769     0.029380862      0.15150554      0.14529616     -0.32573014      -0.32573014       253.19951                                253.19951
              2       128.39567       60.084612     0.028815876      0.15515722      0.14158745     -0.32573014      -0.32573014       257.44281                                257.44281
              2       126.71718       60.084612     0.028815876      0.15204325      0.14825052     -0.32573014      -0.32573014       254.08581                                254.08581
              3       126.57062       60.084612     0.028815876      0.14891865      0.15216602     -0.32573014      -0.32573014       253.79271                                253.79271
              3        126.3921       60.042955     0.028280507      0.14885609      0.15229166     -0.32573014      -0.32573014       253.43566                                253.43566
              3       127.53795       60.042955     0.028280507      0.15105252      0.14448381     -0.32573014      -0.32573014       255.72736                                255.72736
              2        126.9057       60.042955     0.028280507      0.15261351       0.1463166     -0.32573014      -0.32573014       254.46287                                254.46287
              1       129.17671        60.18789     0.028270506      0.15374901      0.14721483     -0.32573014      -0.32573014       259.00487                                259.00487
              1       128.99344        60.18789     0.028270506      0.15577538      0.14749843     -0.32573014      -0.32573014       258.63834                                258.63834
              6       128.59195        60.18789     0.028270506      0.15554056      0.14936024     -0.32573014      -0.32573014       257.83535                                257.83535
              3       127.80177        60.18789     0.028270506      0.15667681      0.15743505     -0.32573014      -0.32573014       256.25499                                256.25499
             12        124.1534       60.024168     0.029715231      0.15469158      0.15539826     -0.32573014      -0.32573014       248.95827                                248.95827
              2       128.32085       60.024168     0.029715231        0.147908       0.1380496     -0.32573014      -0.32573014       257.29317                                257.29317
              7       124.76527       60.024168     0.029715231      0.16020019      0.15064735     -0.32573014      -0.32573014         250.182                                  250.182
              2        125.1498       60.024168     0.029715231      0.16281185      0.15134045     -0.32573014      -0.32573014       250.95107                                250.95107
              1       124.90566       60.024168     0.029715231      0.15299316      0.14736815     -0.32573014      -0.32573014       250.46278                                250.46278
              5       124.26379       60.024168     0.029715231      0.15767425        0.154651     -0.32573014      -0.32573014       249.17903                                249.17903
              4       128.33732       60.024168     0.029715231      0.13706769      0.15075896     -0.32573014      -0.32573014       257.32609                                257.32609
              1       129.52115       60.024168     0.029715231      0.15177517      0.13447053     -0.32573014      -0.32573014       259.69376                                259.69376
              3       129.41723       60.024168     0.029715231      0.15237078      0.13459511     -0.32573014      -0.32573014       259.48592                                259.48592
              2       124.65951       60.024168     0.029715231      0.14973096      0.15100297     -0.32573014      -0.32573014       249.97048                                249.97048
              2       124.39989       60.024168     0.029715231      0.15884811      0.15336225     -0.32573014      -0.32573014       249.45124                                249.45124
              4       124.52524       60.024168     0.029715231      0.15779941      0.15043936     -0.32573014      -0.32573014       249.70195                                249.70195
              5        125.1662       60.024168     0.029715231      0.15608082      0.16380009     -0.32573014      -0.32573014       250.98386                                250.98386
              2        125.6808       60.002085     0.028798263      0.15635798      0.16431817     -0.32573014      -0.32573014       252.01307                                252.01307
              1        126.3171       60.002085     0.028798263      0.15137479      0.16626516     -0.32573014      -0.32573014       253.28565                                253.28565
              2       126.63469       60.002085     0.028798263      0.14697593      0.16499187     -0.32573014      -0.32573014       253.92085                                253.92085
              1       126.45104       60.002085     0.028798263      0.15784062      0.16694737     -0.32573014      -0.32573014       253.55354                                253.55354
              1       125.13211       60.002085     0.028798263      0.14968323      0.15880239     -0.32573014      -0.32573014       250.91567                                250.91567
              2       126.73062       60.002085     0.028798263      0.14217783      0.15670746     -0.32573014      -0.32573014        254.1127                                 254.1127
              4       124.94878       60.002085     0.028798263      0.15775573      0.15082853     -0.32573014      -0.32573014       250.54902                                250.54902
              5       124.39355       60.012988     0.029664148      0.15741639      0.15027813     -0.32573014      -0.32573014       249.43856                                249.43856
              3       125.50758       60.049954     0.028978877      0.15804061      0.15099404     -0.32573014      -0.32573014       251.66662                                251.66662
              5       126.50007       60.049954     0.028978877      0.16423493      0.16068684     -0.32573014      -0.32573014        253.6516                                 253.6516
              4       125.20566       60.049954     0.028978877      0.15572855      0.15753128     -0.32573014      -0.32573014       251.06279                                251.06279
              7       125.27636       60.049954     0.028978877      0.15517634      0.15241821     -0.32573014      -0.32573014       251.20417                                251.20417
              2       129.40653       60.049954     0.028978877      0.13713269      0.15394201     -0.32573014      -0.32573014       259.46452                                259.46452
              2       129.58308       60.049954     0.028978877      0.13679672      0.15351975     -0.32573014      -0.32573014       259.81763                                259.81763
              2       128.80183       60.049954     0.028978877      0.13847755      0.15403592     -0.32573014      -0.32573014       258.25512                                258.25512
              6       125.28428       60.049954     0.028978877      0.15654075      0.15851917     -0.32573014      -0.32573014       251.22002                                251.22002
              2       125.56577       60.049954     0.028978877      0.16058733      0.15769838     -0.32573014      -0.32573014         251.783                                  251.783
              1       125.34898       60.049954     0.028978877      0.15317855      0.15883495     -0.32573014      -0.32573014       251.34942                                251.34942
              2       125.29715       60.050495     0.029047182       0.1531493      0.15878958     -0.32573014      -0.32573014       251.24577                                251.24577
              1       125.11742       60.050495     0.029047182      0.15611574      0.15483597     -0.32573014      -0.32573014        250.8863                                 250.8863
              2       126.44899       60.050495     0.029047182      0.16410548      0.16082171     -0.32573014      -0.32573014       253.54945                                253.54945
              4       126.47346       60.050495     0.029047182      0.16424626      0.16076577     -0.32573014      -0.32573014       253.59838                                253.59838
              4       126.15238       60.050495     0.029047182      0.14801334      0.16095625     -0.32573014      -0.32573014       252.95622                                252.95622
              1       127.77612         60.0858     0.027802935      0.14889857      0.16206054     -0.32573014      -0.32573014       256.20369                                256.20369
              1       128.08608         60.0858     0.027802935      0.14766275      0.15049608     -0.32573014      -0.32573014       256.82363                                256.82363
              1       127.54763       60.011012     0.027456802      0.15730174      0.16735986     -0.32573014      -0.32573014       255.74673                                255.74673
              1       129.72478       60.011012     0.027456802      0.14904996      0.17208207     -0.32573014      -0.32573014       260.10102                                260.10102
              3       129.89773       60.031862     0.027577501      0.14915344      0.17212419     -0.32573014      -0.32573014       260.44692                                260.44692
              3       126.39798       60.031862     0.027577501      0.15140695      0.15811801     -0.32573014      -0.32573014       253.44742                                253.44742
              4         126.472       60.031862     0.027577501      0.15103416      0.15863599     -0.32573014      -0.32573014       253.59546                                253.59546
              1       127.70365       60.031862     0.027577501      0.16711254      0.15540512     -0.32573014      -0.32573014       256.05876                                256.05876
              1       127.77083       60.031862     0.027577501      0.16736562      0.15604676     -0.32573014      -0.32573014       256.19312                                256.19312
              1       130.45928       60.031862     0.027577501      0.16392835      0.17288961     -0.32573014      -0.32573014       261.57002                                261.57002
              1       128.52559       60.040373     0.029777678      0.16291641      0.17137308     -0.32573014      -0.32573014       257.70263                                257.70263
              1       125.36518       60.040373     0.029777678      0.16329074      0.15809749     -0.32573014      -0.32573014       251.38182                                251.38182
              4       126.88656       60.040373     0.029777678      0.15317523      0.14088205     -0.32573014      -0.32573014       254.42458                                254.42458
              2       126.43448       60.040373     0.029777678      0.16502425      0.14718976     -0.32573014      -0.32573014       253.52042                                253.52042
              4       125.04016       60.025029     0.029718393      0.15411492      0.14658602     -0.32573014      -0.32573014       250.73177                                250.73177
              1       124.17849       60.025029     0.029718393      0.15526697      0.15386343     -0.32573014      -0.32573014       249.00844                                249.00844
              1       125.28806       60.025029     0.029718393      0.14565437      0.15746556     -0.32573014      -0.32573014       251.22758                                251.22758
              4       127.63538       60.025029     0.029718393      0.14805681      0.17013738     -0.32573014      -0.32573014       255.92223                                255.92223
              1       127.26031       60.025029     0.029718393      0.14263674      0.16485527     -0.32573014      -0.32573014       255.17207                                255.17207
              1       125.43614       60.010109     0.028431999      0.15042708      0.15828821     -0.32573014      -0.32573014       251.52375                                251.52375
              2       125.39147       60.010109     0.028431999      0.15002597      0.15605929     -0.32573014      -0.32573014       251.43441                                251.43441
             10       125.57885       60.010109     0.028431999      0.16046597      0.15936622     -0.32573014      -0.32573014       251.80916                                251.80916
              3       125.06758       60.010109     0.028431999      0.15430151      0.15430607     -0.32573014      -0.32573014       250.78662                                250.78662
              3       124.82847       60.076297      0.02986103      0.15411744      0.15369403     -0.32573014      -0.32573014       250.30839                                250.30839
              4       125.54299       60.076297      0.02986103      0.14950529      0.16066991     -0.32573014      -0.32573014       251.73745                                251.73745
              3       125.02468       60.076297      0.02986103      0.15193164      0.15832085     -0.32573014      -0.32573014       250.70082                                250.70082
              3        125.3852       60.076297      0.02986103      0.14871181      0.15785846     -0.32573014      -0.32573014       251.42186                                251.42186
              1       127.37749       60.076297      0.02986103      0.15178503      0.16928541     -0.32573014      -0.32573014       255.40644                                255.40644
              5       127.60978       60.092983     0.029855788      0.15191776      0.16939174     -0.32573014      -0.32573014       255.87103                                255.87103
              5       126.67847       60.092983     0.029855788      0.16120009      0.14571252     -0.32573014      -0.32573014       254.00839                                254.00839
              1       127.17052       60.092983     0.029855788      0.16152856      0.14405711     -0.32573014      -0.32573014       254.99251                                254.99251
              1       126.80073       60.092983     0.029855788      0.16695653      0.15406928     -0.32573014      -0.32573014       254.25292                                254.25292
              2       125.27743       60.092983     0.029855788      0.15842555      0.15855155     -0.32573014      -0.32573014       251.20633                                251.20633
              1       125.75618       60.092983     0.029855788      0.16207425      0.15872707     -0.32573014      -0.32573014       252.16381                                252.16381
              1       125.67567       60.092983     0.029855788      0.14974369      0.15094323     -0.32573014      -0.32573014        252.0028                                 252.0028
              3       126.49228       60.092983     0.029855788      0.16569609       0.1530751     -0.32573014      -0.32573014       253.63603                                253.63603
              3       125.59503       60.085339     0.029665856       0.1610332      0.15821376     -0.32573014      -0.32573014       251.84152                                251.84152
              1       125.16956       60.053468     0.029635722      0.16079935      0.15803929     -0.32573014      -0.32573014       250.99058                                250.99058
              2       125.07618       60.053468     0.029635722      0.15961498      0.15882735     -0.32573014      -0.32573014       250.80382                                250.80382
              1        125.1003       60.053468     0.029635722      0.15411876      0.14926675     -0.32573014      -0.32573014       250.85205                                250.85205
              1       126.25652       60.053468     0.029635722      0.16081687      0.14552674     -0.32573014      -0.32573014        253.1645                                 253.1645
              2       124.67505       60.053468     0.029635722      0.15640924      0.15447674     -0.32573014      -0.32573014       250.00157                                250.00157
              6       124.76107       60.053468     0.029635722      0.15501594      0.15216547     -0.32573014      -0.32573014        250.1736                                 250.1736
              1       125.54618       60.053468     0.029635722      0.15251311      0.16331818     -0.32573014      -0.32573014       251.74383                                251.74383
              3       125.03197       60.053468     0.029635722      0.15985573      0.15789925     -0.32573014      -0.32573014        250.7154                                 250.7154
              3       124.97091       60.053468     0.029635722      0.15457951      0.15014162     -0.32573014      -0.32573014       250.59329                                250.59329
              4       124.99003       60.053468     0.029635722      0.16022604      0.15506463     -0.32573014      -0.32573014       250.63152                                250.63152
              2       124.88872       60.033699     0.029600082      0.15572587      0.16132472     -0.32573014      -0.32573014       250.42889                                250.42889
              1       124.76488       60.033699     0.029600082      0.15447847      0.16053913     -0.32573014      -0.32573014       250.18122                                250.18122
              1       124.99911       60.033699     0.029600082      0.15158089      0.16121936     -0.32573014      -0.32573014       250.64969                                250.64969
              3       125.97098       60.033699     0.029600082      0.15479996      0.16629074     -0.32573014      -0.32573014       252.59343                                252.59343
              1       125.33235       60.033699     0.029600082      0.14889014      0.16132365     -0.32573014      -0.32573014       251.31617                                251.31617
              1         125.104       60.033699     0.029600082      0.14961165      0.16046968     -0.32573014      -0.32573014       250.85947                                250.85947
              3       124.65488       60.033699     0.029600082      0.15176762      0.15848557     -0.32573014      -0.32573014       249.96121                                249.96121
              4       125.14885       60.030863      0.02898707      0.15204594      0.15890525     -0.32573014      -0.32573014       250.94915                                250.94915
              3       125.04329       60.030863      0.02898707      0.15577166      0.15903735     -0.32573014      -0.32573014       250.73804                                250.73804
              2       125.01414       60.030863      0.02898707      0.15292196      0.15792639     -0.32573014      -0.32573014       250.67973                                250.67973
              3       125.60607       60.030863      0.02898707      0.16028699       0.1497178     -0.32573014      -0.32573014        251.8636                                 251.8636
              1       125.84825       60.067941     0.029360409      0.16039325      0.14967955     -0.32573014      -0.32573014       252.34796                                252.34796
              4       126.50072       60.067941     0.029360409      0.16476227      0.16010576     -0.32573014      -0.32573014       253.65289                                253.65289
              2       126.90641        60.10388     0.029470332      0.16498875      0.16024835     -0.32573014      -0.32573014       254.46427                                254.46427
              5       126.55976       60.053538      0.02906242      0.16479596      0.16022969     -0.32573014      -0.32573014       253.77099                                253.77099
              3       126.47536       60.053538      0.02906242      0.15927746      0.16504921     -0.32573014      -0.32573014       253.60218                                253.60218
              1       126.12225       60.053538      0.02906242      0.15592138      0.16436828     -0.32573014      -0.32573014       252.89597                                252.89597
              4        125.2197       60.053538      0.02906242      0.15776106      0.15468903     -0.32573014      -0.32573014       251.09086                                251.09086
              6       126.06171       60.053538      0.02906242      0.16362995      0.15363931     -0.32573014      -0.32573014       252.77489                                252.77489
              4       125.17432       60.053538      0.02906242      0.15647501      0.15418382     -0.32573014      -0.32573014        251.0001                                 251.0001
              1       125.31148       60.053538      0.02906242      0.15902182      0.15588262     -0.32573014      -0.32573014       251.27443                                251.27443
              1       125.29921       60.053538      0.02906242      0.15885617       0.1561347     -0.32573014      -0.32573014       251.24988                                251.24988
              1       126.06541       60.053538      0.02906242      0.16278735       0.1513617     -0.32573014      -0.32573014       252.78229                                252.78229
              1       126.66038       60.053538      0.02906242      0.16621583      0.15639642     -0.32573014      -0.32573014       253.97223                                253.97223
              1       126.71871       60.053538      0.02906242       0.1664158      0.15456322     -0.32573014      -0.32573014       254.08889                                254.08889
              1       126.72963       60.053325     0.029045968      0.16642221      0.15457364     -0.32573014      -0.32573014       254.11072                                254.11072
              3       126.23536       60.009578     0.028896659      0.16616877      0.15439723     -0.32573014      -0.32573014       253.12218                                253.12218
              2       125.63128       60.009578     0.028896659      0.16339692      0.15245027     -0.32573014      -0.32573014       251.91402                                251.91402
              5       125.28755       60.009578     0.028896659      0.16148596      0.15218835     -0.32573014      -0.32573014       251.22656                                251.22656
              8       125.18036       60.009578     0.028896659       0.1615233       0.1548316     -0.32573014      -0.32573014       251.01217                                251.01217
              2       125.13319       60.009578     0.028896659      0.16123042      0.15564603     -0.32573014      -0.32573014       250.91784                                250.91784
              1       124.80031       60.009578     0.028896659      0.15858493      0.15497784     -0.32573014      -0.32573014       250.25207                                250.25207
              3       124.72599       60.009578     0.028896659      0.15234131      0.15507659     -0.32573014      -0.32573014       250.10344                                250.10344
              1       124.95198       60.009578     0.028896659      0.15105557      0.15215295     -0.32573014      -0.32573014       250.55542                                250.55542
              4       124.69853       60.009578     0.028896659      0.15378018      0.15334584     -0.32573014      -0.32573014       250.04853                                250.04853
              1       125.12788        60.04916     0.029078953      0.15398656      0.15347163     -0.32573014      -0.32573014       250.90722                                250.90722
              1       126.30825        60.04916     0.029078953      0.14579917      0.15253264     -0.32573014      -0.32573014       253.26797                                253.26797
              1        127.8286        60.04916     0.029078953      0.14668126      0.14340893     -0.32573014      -0.32573014       256.30865                                256.30865
              1       127.48665       60.038981     0.029858984      0.13883857       0.1542763     -0.32573014      -0.32573014       255.62476                                255.62476
              2       125.97504       60.038981     0.029858984      0.14392626      0.15927598     -0.32573014      -0.32573014       252.60154                                252.60154
              1       125.40164       60.038981     0.029858984      0.14576122      0.15810999     -0.32573014      -0.32573014       251.45474                                251.45474
              4       125.01248       60.038981     0.029858984      0.15288816      0.16256578     -0.32573014      -0.32573014       250.67642                                250.67642
              7        124.7534       60.038981     0.029858984      0.15038595       0.1503957     -0.32573014      -0.32573014       250.15827                                250.15827
              2       124.56701       60.038981     0.029858984      0.14982008      0.15405308     -0.32573014      -0.32573014       249.78548                                249.78548
              2       124.63486       60.038981     0.029858984      0.14923149      0.15498841     -0.32573014      -0.32573014       249.92119                                249.92119
              3       125.07069       60.038981     0.029858984      0.14689366       0.1566725     -0.32573014      -0.32573014       250.79283                                250.79283
              1       124.42262       60.038981     0.029858984      0.15291023      0.15171008     -0.32573014      -0.32573014        249.4967                                 249.4967
              2       124.43998       60.038981     0.029858984      0.15136525      0.15694305     -0.32573014      -0.32573014       249.53142                                249.53142
              3        125.0721       60.038981     0.029858984      0.16135202      0.15965785     -0.32573014      -0.32573014       250.79567                                250.79567
              1       124.74811       60.038981     0.029858984      0.15858988      0.16000778     -0.32573014      -0.32573014       250.14768                                250.14768
              7       124.84594       60.038981     0.029858984      0.15695972      0.14842604     -0.32573014      -0.32573014       250.34333                                250.34333
              1       124.30158       60.038981     0.029858984      0.15684946      0.15540857     -0.32573014      -0.32573014       249.25462                                249.25462
              1       124.34748       60.038981     0.029858984      0.15761487      0.15491518     -0.32573014      -0.32573014       249.34642                                249.34642
              2       125.87522       60.038981     0.029858984      0.16281174      0.16298545     -0.32573014      -0.32573014       252.40191                                252.40191
              1       125.82404       60.042074     0.029964052      0.16278374      0.16293017     -0.32573014      -0.32573014       252.29954                                252.29954
              1       126.04089       60.042074     0.029964052      0.16140755      0.16502337     -0.32573014      -0.32573014       252.73324                                252.73324
              4       125.78981       60.042074     0.029964052      0.16118169      0.16414279     -0.32573014      -0.32573014       252.23109                                252.23109
              6       125.02611       60.042074     0.029964052      0.15332988      0.14696786     -0.32573014      -0.32573014       250.70368                                250.70368
              1       124.81905       60.042074     0.029964052      0.15574144       0.1480031     -0.32573014      -0.32573014       250.28956                                250.28956
              2        126.3915       60.089066     0.029765159      0.14975267      0.16418562     -0.32573014      -0.32573014       253.43447                                253.43447
              1       126.14371       60.089066     0.029765159      0.15450943      0.16477329     -0.32573014      -0.32573014       252.93887                                252.93887
              1       126.09909       60.089066     0.029765159      0.15593081      0.16458811     -0.32573014      -0.32573014       252.84964                                252.84964
              7       126.17456       60.094609     0.029767188      0.15597112      0.16462257     -0.32573014      -0.32573014       253.00059                                253.00059
              2        125.9795       60.094609     0.029767188      0.15573129      0.14732355     -0.32573014      -0.32573014       252.61047                                252.61047
              2        126.1049       60.099619     0.029706018      0.15579833      0.14739986     -0.32573014      -0.32573014       252.86125                                252.86125
              1       125.98799       60.099619     0.029706018      0.15482282      0.14799792     -0.32573014      -0.32573014       252.62744                                252.62744
              2       127.30737       60.212105     0.029298421       0.1576747      0.15845249     -0.32573014      -0.32573014       255.26619                                255.26619
              3       128.04736       60.212105     0.029298421      0.16448006      0.15710456     -0.32573014      -0.32573014       256.74618                                256.74618
              1       126.86552       60.136544     0.029408849      0.16386343      0.15653587     -0.32573014      -0.32573014        254.3825                                 254.3825
              3       126.88379       60.136284     0.029370224      0.16388025      0.15656187     -0.32573014      -0.32573014       254.41904                                254.41904
              4       126.34654       60.136284     0.029370224      0.15422249      0.16050243     -0.32573014      -0.32573014       253.34455                                253.34455
              8       126.36755       60.136284     0.029370224      0.16066924        0.155277     -0.32573014      -0.32573014       253.38655                                253.38655
              6       127.08533       60.136284     0.029370224      0.15102267       0.1636457     -0.32573014      -0.32573014       254.82212                                254.82212
              3       127.50215       60.136284     0.029370224      0.14532582      0.15693008     -0.32573014      -0.32573014       255.65576                                255.65576
              3       128.29858       60.136284     0.029370224      0.14267756      0.15580307     -0.32573014      -0.32573014       257.24863                                257.24863
              2       126.89642       60.136284     0.029370224       0.1569416      0.14806617     -0.32573014      -0.32573014        254.4443                                 254.4443
              1       127.35735       60.114698     0.028431507       0.1572367      0.14859914     -0.32573014      -0.32573014       255.36616                                255.36616
              3       127.45293       60.114698     0.028431507      0.15973892      0.16396723     -0.32573014      -0.32573014       255.55732                                255.55732
              1       127.14212       60.114698     0.028431507      0.15091138      0.16050031     -0.32573014      -0.32573014        254.9357                                 254.9357
              1       126.93265       60.114698     0.028431507      0.15093019      0.15691188     -0.32573014      -0.32573014       254.51676                                254.51676
              2        125.9148       60.133392     0.029920918      0.15034606      0.15596546     -0.32573014      -0.32573014       252.48106                                252.48106
              4       126.08819       60.133392     0.029920918       0.1616924      0.15382151     -0.32573014      -0.32573014       252.82783                                252.82783
              4       126.11025       60.133392     0.029920918       0.1618112      0.15375477     -0.32573014      -0.32573014       252.87195                                252.87195
              2       126.76591       60.133392     0.029920918      0.14594482      0.15469142     -0.32573014      -0.32573014       254.18329                                254.18329
              9       128.72461       60.133392     0.029920918      0.17011271      0.16191968     -0.32573014      -0.32573014       258.10068                                258.10068
              1       128.25624       60.133392     0.029920918      0.16975593       0.1525557     -0.32573014      -0.32573014       257.16394                                257.16394
              2       127.87821       60.035299     0.028697557      0.16961925      0.15279703     -0.32573014      -0.32573014       256.40788                                256.40788
              4       127.24282       60.035299     0.028697557      0.16301353      0.14534535     -0.32573014      -0.32573014       255.13711                                255.13711
              3        125.5955       60.035299     0.028697557      0.16096084      0.15650302     -0.32573014      -0.32573014       251.84245                                251.84245
              2       125.48145       60.035299     0.028697557      0.15829434      0.15167358     -0.32573014      -0.32573014       251.61435                                251.61435
              2       130.08298       60.035299     0.028697557      0.17316909      0.14735091     -0.32573014      -0.32573014       260.81742                                260.81742
              1       131.52631        60.07427     0.027603385      0.17399091      0.14838764     -0.32573014      -0.32573014       263.70407                                263.70407
              1       130.39589        60.07427     0.027603385      0.16932431      0.16749048     -0.32573014      -0.32573014       261.44325                                261.44325
              2       131.50742       60.236859     0.029326752      0.16873036      0.16998556     -0.32573014      -0.32573014        263.6663                                 263.6663
              1       130.41257       60.236859     0.029326752      0.16299211      0.17066018     -0.32573014      -0.32573014       261.47661                                261.47661
              2       130.41159       60.236859     0.029326752      0.16298931      0.17065858     -0.32573014      -0.32573014       261.47464                                261.47464
              1       128.53104       60.236859     0.029326752      0.16217325      0.15035329     -0.32573014      -0.32573014       257.71354                                257.71354
              2       128.65487       60.197785     0.028477171      0.16229476      0.15070908     -0.32573014      -0.32573014       257.96119                                257.96119
              1       129.45202       60.197785     0.028477171       0.1676234      0.15289119     -0.32573014      -0.32573014        259.5555                                 259.5555
              3       127.51898       60.039556     0.028029116      0.16666207      0.15218721     -0.32573014      -0.32573014       255.68942                                255.68942
              2       127.82234       60.039556     0.028029116      0.16356825      0.16579362     -0.32573014      -0.32573014       256.29615                                256.29615
              1       128.85012       60.039556     0.028029116      0.14125468      0.15055986     -0.32573014      -0.32573014       258.35169                                258.35169
              1       128.76051       60.039556     0.028029116      0.14459397      0.14552268     -0.32573014      -0.32573014       258.17249                                258.17249
              1        129.4718       60.039556     0.028029116      0.17040891      0.16442173     -0.32573014      -0.32573014       259.59506                                259.59506
              3       127.89694       60.039556     0.028029116      0.14533934      0.16342878     -0.32573014      -0.32573014       256.44535                                256.44535
              1       128.68905       60.112997     0.028344307      0.14573345      0.16367867     -0.32573014      -0.32573014       258.02956                                258.02956
              2       128.69207       60.112997     0.028344307      0.16631219      0.14862054     -0.32573014      -0.32573014       258.03561                                258.03561
              1       129.70293       60.112997     0.028344307      0.17172685      0.15749271     -0.32573014      -0.32573014       260.05733                                260.05733
              1       131.12147       60.104185     0.026024782      0.17147618      0.15989782     -0.32573014      -0.32573014       262.89441                                262.89441
              1       129.00537       60.104185     0.026024782      0.16163112      0.16211493     -0.32573014      -0.32573014       258.66221                                258.66221
              1       130.38591       60.407621     0.029322733       0.1607235      0.15511009     -0.32573014      -0.32573014       261.42329                                261.42329
              1       132.22523       60.407621     0.029322733      0.17023968      0.16333749     -0.32573014      -0.32573014       265.10192                                265.10192
              1       132.40348       60.407621     0.029322733       0.1672604      0.16856641     -0.32573014      -0.32573014       265.45841                                265.45841
              1       130.38844       60.407621     0.029322733      0.15736962      0.16273095     -0.32573014      -0.32573014       261.42833                                261.42833
              3       133.34105       60.556988     0.028514358      0.15840874      0.16358878     -0.32573014      -0.32573014       267.33355                                267.33355
              1       134.57184       60.556988     0.028514358      0.16301198      0.17060552     -0.32573014      -0.32573014       269.79513                                269.79513
              1        134.5754       60.557203     0.028513907       0.1630138      0.17060723     -0.32573014      -0.32573014       269.80225                                269.80225
              1       134.19526       60.557203     0.028513907      0.15779181      0.16909551     -0.32573014      -0.32573014       269.04198                                269.04198
              2       133.72945       60.562731     0.029133029      0.15166541      0.16370283     -0.32573014      -0.32573014       268.11036                                268.11036
              1       135.37664       60.562731     0.029133029       0.1454548      0.16008706     -0.32573014      -0.32573014       271.40474                                271.40474
              1       133.85121       60.502583      0.02822537       0.1631482      0.15068181     -0.32573014      -0.32573014       268.35388                                268.35388
              1       132.24327       60.358876     0.027453212      0.16245249      0.15030422     -0.32573014      -0.32573014       265.13799                                265.13799
              1       132.46706       60.358876     0.027453212      0.16337065      0.14973417     -0.32573014      -0.32573014       265.58559                                265.58559
              2       133.31841       60.358876     0.027453212      0.17160066      0.16298539     -0.32573014      -0.32573014       267.28828                                267.28828
              1       130.60669       60.276009     0.029171396      0.17014868        0.161217     -0.32573014      -0.32573014       261.86485                                261.86485
              1       130.83045       60.223808     0.028435498      0.17118741      0.16077343     -0.32573014      -0.32573014       262.31236                                262.31236
              1       126.95017       60.026659     0.029757078      0.16907655      0.15854892     -0.32573014      -0.32573014        254.5518                                 254.5518
              1       125.33247       60.000268     0.028684427      0.15330405      0.16222558     -0.32573014      -0.32573014        251.3164                                 251.3164
              1       125.26393       60.000268     0.028684427      0.15426193      0.16200479     -0.32573014      -0.32573014       251.17932                                251.17932
              2       126.83375       60.152686     0.029345756      0.15507637      0.16251826     -0.32573014      -0.32573014       254.31896                                254.31896
              4       126.89021       60.152686     0.029345756      0.15492863      0.16284384     -0.32573014      -0.32573014       254.43188                                254.43188
              1       127.47446       60.134769     0.028424213      0.15524274      0.16338828     -0.32573014      -0.32573014       255.60037                                255.60037
              1       127.22835       60.134769     0.028424213      0.16075725      0.15950847     -0.32573014      -0.32573014       255.10816                                255.10816
              2       127.02456       60.134769     0.028424213      0.15854112      0.15923123     -0.32573014      -0.32573014       254.70058                                254.70058
              3       127.96705       60.134769     0.028424213      0.16235829      0.14950261     -0.32573014      -0.32573014       256.58556                                256.58556
              1        126.9172       60.134769     0.028424213      0.15631834      0.15484375     -0.32573014      -0.32573014       254.48586                                254.48586
              4       125.95881       60.104384     0.029015941      0.15580454      0.15422277     -0.32573014      -0.32573014       252.56908                                252.56908
              4       126.01773       60.104384     0.029015941      0.15831587      0.15480231     -0.32573014      -0.32573014       252.68691                                252.68691
              1       125.97573       60.107257     0.029114334      0.15828949       0.1547504     -0.32573014      -0.32573014       252.60293                                252.60293
              1        126.5575       60.107257     0.029114334      0.15395603      0.16311936     -0.32573014      -0.32573014       253.76646                                253.76646
              3       125.35708        60.04427     0.029456295      0.15332062      0.16246618     -0.32573014      -0.32573014       251.36562                                251.36562
              3       125.40144        60.04427     0.029456295      0.15365947      0.16277637     -0.32573014      -0.32573014       251.45433                                251.45433
              1       125.09218        60.04427     0.029456295      0.15162808      0.15050336     -0.32573014      -0.32573014       250.83582                                250.83582
              2       126.05825        60.04427     0.029456295      0.16325054       0.1487371     -0.32573014      -0.32573014       252.76797                                252.76797
              1       125.46194        60.04427     0.029456295      0.15855093      0.14810522     -0.32573014      -0.32573014       251.57534                                251.57534
              2       125.24966        60.04427     0.029456295      0.15466642      0.14841945     -0.32573014      -0.32573014       251.15078                                251.15078
              1       125.34987        60.04427     0.029456295      0.16222838      0.15384118     -0.32573014      -0.32573014       251.35119                                251.35119
              1       125.05784        60.04427     0.029456295      0.15960571      0.15841513     -0.32573014      -0.32573014       250.76714                                250.76714
              1        125.8341        60.04427     0.029456295       0.1465013      0.15082845     -0.32573014      -0.32573014       252.31966                                252.31966
              2       125.30031        60.04427     0.029456295      0.14821884      0.15331275     -0.32573014      -0.32573014       251.25208                                251.25208
              2       126.32505        60.04427     0.029456295      0.15104814      0.14446376     -0.32573014      -0.32573014       253.30157                                253.30157
              1       126.50344        60.04427     0.029456295      0.16223968      0.14556955     -0.32573014      -0.32573014       253.65833                                253.65833
              1       125.17495        60.04427     0.029456295      0.16134809      0.15488364     -0.32573014      -0.32573014       251.00136                                251.00136
              2        125.4571        60.04427     0.029456295      0.14914175      0.16053481     -0.32573014      -0.32573014       251.56565                                251.56565
              5       124.77271        60.04427     0.029456295        0.153702      0.15260323     -0.32573014      -0.32573014       250.19688                                250.19688
              1       127.00388       60.183468     0.029263515      0.15483506      0.15371698     -0.32573014      -0.32573014       254.65922                                254.65922
              1       127.79616       60.183468     0.029263515      0.15166152      0.16375269     -0.32573014      -0.32573014       256.24378                                256.24378
              1       126.03061       60.050304     0.029080237       0.1507581        0.162941     -0.32573014      -0.32573014       252.71268                                252.71268
              2       125.70655       60.050304     0.029080237      0.15169928      0.14936591     -0.32573014      -0.32573014       252.06456                                252.06456
              1        125.2553       60.050304     0.029080237       0.1516284      0.15444088     -0.32573014      -0.32573014       251.16205                                251.16205
              2       126.43926       60.050304     0.029080237      0.14597269      0.15090935     -0.32573014      -0.32573014       253.52998                                253.52998
              1       125.99348       60.050304     0.029080237      0.15688452      0.14708505     -0.32573014      -0.32573014       252.63841                                252.63841
              1       125.66766       60.050304     0.029080237      0.16105529       0.1591572     -0.32573014      -0.32573014       251.98678                                251.98678
              2       126.56115       60.050304     0.029080237      0.16406286      0.14916062     -0.32573014      -0.32573014       253.77377                                253.77377
              1       125.28799       60.050304     0.029080237      0.15753877      0.15894849     -0.32573014      -0.32573014       251.22744                                251.22744
              3       127.11725       60.050304     0.029080237      0.14547731      0.14740942     -0.32573014      -0.32573014       254.88596                                254.88596
              1       128.11896       60.050304     0.029080237      0.14072963      0.15022319     -0.32573014      -0.32573014       256.88939                                256.88939
              1       127.69216       60.056291     0.029695966        0.140472       0.1498404     -0.32573014      -0.32573014       256.03578                                256.03578
              6         126.469       60.056291     0.029695966      0.14371291      0.15929817     -0.32573014      -0.32573014       253.58946                                253.58946
              4       127.28869        60.10075     0.029514218       0.1441338      0.15973684     -0.32573014      -0.32573014       255.22883                                255.22883
              2       126.05463        60.10075     0.029514218      0.14894064      0.15805773     -0.32573014      -0.32573014       252.76072                                252.76072
              1       127.13512       60.062911     0.027642933      0.14957707       0.1590827     -0.32573014      -0.32573014       254.92169                                254.92169
              2       126.99606       60.062911     0.027642933       0.1511057      0.15256259     -0.32573014      -0.32573014       254.64359                                254.64359
              3       127.05819       60.062911     0.027642933      0.15077326      0.15237793     -0.32573014      -0.32573014       254.76785                                254.76785
              2       126.51669       60.062911     0.027642933      0.15712621      0.15733118     -0.32573014      -0.32573014       253.68484                                253.68484
              4       126.31631       60.060036     0.027825665      0.15701505       0.1571848     -0.32573014      -0.32573014       253.28408                                253.28408
              2       127.54978       60.106085     0.028346214      0.16331089      0.15090714     -0.32573014      -0.32573014       255.75102                                255.75102
              1       127.54171       60.108609     0.028400685      0.16330298      0.15088733     -0.32573014      -0.32573014       255.73487                                255.73487
              1       126.71656       60.108609     0.028400685      0.15224393      0.15721548     -0.32573014      -0.32573014       254.08459                                254.08459
              5       126.72017       60.108609     0.028400685      0.15218868      0.15711735     -0.32573014      -0.32573014       254.09179                                254.09179
              2       126.53262       60.181165     0.029852961      0.15201695      0.15662617     -0.32573014      -0.32573014       253.71669                                253.71669
              1       127.05097       60.223233      0.02997612      0.15227031      0.15683754     -0.32573014      -0.32573014        254.7534                                 254.7534
              8       127.13205       60.223233      0.02997612      0.15210945       0.1543243     -0.32573014      -0.32573014       254.91557                                254.91557
              1       126.88508       60.223233      0.02997612      0.15825261      0.15594034     -0.32573014      -0.32573014       254.42161                                254.42161
              4        128.8082       60.316146     0.029644002       0.1538381      0.16097505     -0.32573014      -0.32573014       258.26787                                258.26787
              3       127.34932       60.197223     0.029305974      0.15311689       0.1603705     -0.32573014      -0.32573014        255.3501                                 255.3501
              1       129.57551       60.197223     0.029305974      0.14485267      0.14867445     -0.32573014      -0.32573014       259.80248                                259.80248
              1       127.65791       60.197223     0.029305974      0.15256347      0.15089016     -0.32573014      -0.32573014       255.96728                                255.96728
              2       130.83883       60.197223     0.029305974      0.15838487      0.13942311     -0.32573014      -0.32573014       262.32912                                262.32912
              1       131.00848       60.078849      0.02676911      0.15874728      0.14034007     -0.32573014      -0.32573014       262.66843                                262.66843
              1       127.62831       60.078849      0.02676911      0.15616478      0.16028747     -0.32573014      -0.32573014       255.90808                                255.90808
              3       127.63028       60.078849      0.02676911      0.16008576      0.15745984     -0.32573014      -0.32573014       255.91201                                255.91201
              1       129.11795       60.078849      0.02676911      0.16177976      0.16715981     -0.32573014      -0.32573014       258.88736                                258.88736
              1       130.92766       60.078849      0.02676911      0.15847869      0.17340787     -0.32573014      -0.32573014       262.50678                                262.50678
              1       131.80238       60.078849      0.02676911      0.13939288      0.16312452     -0.32573014      -0.32573014       264.25622                                264.25622
              1       131.65022       60.078849      0.02676911      0.14022492       0.1643403     -0.32573014      -0.32573014        263.9519                                 263.9519
              1       131.57254       60.052012     0.026397536      0.14020714      0.16440768     -0.32573014      -0.32573014       263.79653                                263.79653
              1        132.2227       60.052012     0.026397536      0.13913163      0.16532218     -0.32573014      -0.32573014       265.09686                                265.09686
              4       129.02213       60.052012     0.026397536      0.16572249      0.16369473     -0.32573014      -0.32573014       258.69572                                258.69572
              1       129.07714       60.052012     0.026397536      0.16045565      0.16780561     -0.32573014      -0.32573014       258.80573                                258.80573
              1       129.04303       60.052012     0.026397536       0.1551096      0.16821871     -0.32573014      -0.32573014       258.73753                                258.73753
              4         128.627       60.026441     0.026451485      0.15489236      0.16800132     -0.32573014      -0.32573014       257.90545                                257.90545
              1       127.65319       60.099165     0.028665679      0.15434781      0.16698544     -0.32573014      -0.32573014       255.95785                                255.95785
              1        127.8141       60.099165     0.028665679      0.15165858       0.1668369     -0.32573014      -0.32573014       256.27966                                256.27966
              1       128.21776       60.099165     0.028665679      0.14858502      0.16664119     -0.32573014      -0.32573014       257.08699                                257.08699
              1       127.08099       60.099165     0.028665679      0.15183455      0.16372793     -0.32573014      -0.32573014       254.81344                                254.81344
              2       127.37701       60.099165     0.028665679      0.15784844      0.16586036     -0.32573014      -0.32573014       255.40549                                255.40549
              2       127.16071       60.083697     0.028663526       0.1577341      0.16575287     -0.32573014      -0.32573014       254.97288                                254.97288
              2       127.54933       60.083697     0.028663526      0.15511927      0.16737525     -0.32573014      -0.32573014       255.75011                                255.75011
              1       126.35196       60.083697     0.028663526      0.15217133      0.16060647     -0.32573014      -0.32573014       253.35537                                253.35537
              2          127.64       60.083697     0.028663526      0.15983418      0.14504208     -0.32573014      -0.32573014       255.93146                                255.93146
              4       127.13649       60.083697     0.028663526      0.15365577      0.14640937     -0.32573014      -0.32573014       254.92444                                254.92444
              3       126.24508       60.083697     0.028663526      0.15655244      0.16104625     -0.32573014      -0.32573014       253.14162                                253.14162
              1        126.7529       60.083697     0.028663526      0.14981478        0.161492     -0.32573014      -0.32573014       254.15726                                254.15726
              1       127.00384       60.083697     0.028663526      0.16001111      0.14774924     -0.32573014      -0.32573014       254.65915                                254.65915
              2       126.57228       60.083697     0.028663526      0.14865273      0.15553067     -0.32573014      -0.32573014       253.79601                                253.79601
              1        126.4111       60.083697     0.028663526      0.15760857      0.15002595     -0.32573014      -0.32573014       253.47366                                253.47366
              1       126.21632       60.083697     0.028663526      0.15905887      0.15242444     -0.32573014      -0.32573014       253.08411                                253.08411
              3       125.93217       60.083697     0.028663526      0.15560547      0.15499349     -0.32573014      -0.32573014       252.51579                                252.51579
              3       125.41694       60.053904     0.028753356      0.15533912      0.15472159     -0.32573014      -0.32573014       251.48535                                251.48535
              2       126.75155       60.030801     0.026796808      0.15612734      0.15590924     -0.32573014      -0.32573014       254.15456                                254.15456
              1       126.75743       60.030801     0.026796808      0.15578116      0.15573689     -0.32573014      -0.32573014       254.16631                                254.16631
              3         127.676       60.134818      0.02753188      0.15619624      0.15596238     -0.32573014      -0.32573014       256.00345                                256.00345
              2       127.21544       60.111907     0.027667897      0.15595855      0.15570708     -0.32573014      -0.32573014       255.08234                                255.08234
              1       124.69868       60.048611     0.029514408      0.15457981      0.15398667     -0.32573014      -0.32573014       250.04883                                250.04883
              3       124.70049       60.048611     0.029514408      0.15463077      0.15391427     -0.32573014      -0.32573014       250.05244                                250.05244
              6       124.68646       60.048611     0.029514408      0.15550083      0.15602337     -0.32573014      -0.32573014       250.02439                                250.02439
              8       125.05586       60.048611     0.029514408      0.14970517      0.15405789     -0.32573014      -0.32573014       250.76318                                250.76318
              1       125.06571       60.048611     0.029514408       0.1495556      0.15449922     -0.32573014      -0.32573014       250.78289                                250.78289
              4       125.04368        60.04198      0.02942602      0.14954953      0.15451351     -0.32573014      -0.32573014       250.73882                                250.73882
              1       124.69919        60.04198      0.02942602      0.15552914      0.15344673     -0.32573014      -0.32573014       250.04983                                250.04983
              1       125.01784       60.049315     0.029160489      0.15571422      0.15368168     -0.32573014      -0.32573014       250.68715                                250.68715
              1       125.12412       60.061085     0.029253662      0.15575628      0.15370029     -0.32573014      -0.32573014        250.8997                                 250.8997
              4       125.12188       60.061085     0.029253662      0.15569908      0.15725695     -0.32573014      -0.32573014       250.89522                                250.89522
              2       126.44955       60.103839     0.028440999        0.156417      0.15811907     -0.32573014      -0.32573014       253.55057                                253.55057
              3       126.42987       60.103839     0.028440999       0.1561839      0.15765358     -0.32573014      -0.32573014        253.5112                                 253.5112
              1       127.46066       60.103839     0.028440999      0.16039205      0.16437429     -0.32573014      -0.32573014       255.57279                                255.57279
              2       128.63863       60.101081     0.027085053      0.16103718      0.16529074     -0.32573014      -0.32573014       257.92872                                257.92872
              1        128.3585       60.187641     0.027904872      0.16141334      0.15823292     -0.32573014      -0.32573014       257.36845                                257.36845
              1       128.14503       60.187641     0.027904872      0.15564685      0.15745126     -0.32573014      -0.32573014       256.94152                                256.94152
              1       126.39835       60.145031     0.029180065      0.15470292      0.15627092     -0.32573014      -0.32573014       253.44816                                253.44816
              5       126.51318       60.145031     0.029180065      0.15684977      0.15953305     -0.32573014      -0.32573014       253.67783                                253.67783
              5       126.51104       60.144735     0.029177611      0.15684877      0.15953266     -0.32573014      -0.32573014       253.67354                                253.67354
              3       126.94401       60.144735     0.029177611      0.15708915      0.16296435     -0.32573014      -0.32573014       254.53948                                254.53948
              1       127.99658       60.144735     0.029177611      0.16486873      0.16342894     -0.32573014      -0.32573014       256.64461                                256.64461
              1       127.89776       60.144735     0.029177611       0.1506822      0.16587482     -0.32573014      -0.32573014       256.44698                                256.44698
              1        129.6702       60.095682     0.028593869      0.14009754      0.16114842     -0.32573014      -0.32573014       259.99186                                259.99186
              2       128.38548       60.095682     0.028593869      0.14647571      0.14685592     -0.32573014      -0.32573014       257.42241                                257.42241
              1       128.06359       60.095682     0.028593869      0.14550298      0.14973205     -0.32573014      -0.32573014       256.77863                                256.77863
              2       127.84869       60.095682     0.028593869      0.14505651      0.15234447     -0.32573014      -0.32573014       256.34885                                256.34885
              3       127.12676       60.018531     0.028745563      0.14805522      0.16661099     -0.32573014      -0.32573014       254.90497                                254.90497
              2       126.63147       60.018531     0.028745563      0.14384715      0.15825353     -0.32573014      -0.32573014       253.91439                                253.91439
              1       126.13495       60.058744     0.029998733      0.14353189       0.1576719     -0.32573014      -0.32573014       252.92136                                252.92136
              3       126.28792       60.058744     0.029998733      0.14339987      0.15906048     -0.32573014      -0.32573014       253.22729                                253.22729
              1       125.65066       60.058744     0.029998733      0.16287022      0.16089481     -0.32573014      -0.32573014       251.95278                                251.95278
              2       125.38655       60.058744     0.029998733      0.15603676      0.16381775     -0.32573014      -0.32573014       251.42456                                251.42456
              6       125.10457       60.058744     0.029998733      0.15686562      0.16223924     -0.32573014      -0.32573014        250.8606                                 250.8606
              4       125.08048       60.058744     0.029998733       0.1570095        0.162061     -0.32573014      -0.32573014       250.81242                                250.81242
              1       125.11704       60.058744     0.029998733      0.14743163      0.15491035     -0.32573014      -0.32573014       250.88554                                250.88554
              2       125.23537       60.058744     0.029998733      0.14701497      0.15336248     -0.32573014      -0.32573014       251.12219                                251.12219
              4       124.43928       60.058744     0.029998733      0.15508083      0.15358748     -0.32573014      -0.32573014       249.53001                                249.53001
              5       125.14201       60.058744     0.029998733      0.14920156      0.15003239     -0.32573014      -0.32573014       250.93549                                250.93549
             10       124.94606       60.058744     0.029998733      0.14958214       0.1588555     -0.32573014      -0.32573014       250.54357                                250.54357
              3       125.89034       60.027213     0.028393817      0.15013486      0.15974108     -0.32573014      -0.32573014       252.43215                                252.43215
              2       126.78119       60.027213     0.028393817      0.14765974       0.1630472     -0.32573014      -0.32573014       254.21384                                254.21384
              1       127.13288       60.027213     0.028393817      0.14601019      0.16299529     -0.32573014      -0.32573014       254.91722                                254.91722
              2       126.71398       60.027213     0.028393817      0.14533083      0.15835992     -0.32573014      -0.32573014       254.07943                                254.07943
              3       127.83716       60.027213     0.028393817      0.14138047      0.15543204     -0.32573014      -0.32573014       256.32579                                256.32579
              4       127.90492       60.027213     0.028393817      0.15328056       0.1414695     -0.32573014      -0.32573014        256.4613                                 256.4613
              3       127.75756       60.056993      0.02914204      0.15310874      0.14115452     -0.32573014      -0.32573014       256.16658                                256.16658
              2       127.01288       60.056993      0.02914204      0.16752725      0.15540366     -0.32573014      -0.32573014       254.67722                                254.67722
              1       127.19917       60.056993      0.02914204      0.14655735      0.16495113     -0.32573014      -0.32573014       255.04979                                255.04979
              5       125.95048       60.056993      0.02914204      0.14782063      0.15877017     -0.32573014      -0.32573014       252.55242                                252.55242
              2        124.8144       60.003311     0.029562468       0.1471775      0.15807479     -0.32573014      -0.32573014       250.28026                                250.28026
              3       124.68342       60.003311     0.029562468      0.14778429      0.15781041     -0.32573014      -0.32573014        250.0183                                 250.0183
              2        129.0614       60.003311     0.029562468      0.16748889      0.17016056     -0.32573014      -0.32573014       258.77426                                258.77426
              3        130.1317       60.003311     0.029562468      0.16063552      0.17607777     -0.32573014      -0.32573014       260.91485                                260.91485
              2       124.40276       60.003311     0.029562468      0.15359351      0.16053278     -0.32573014      -0.32573014       249.45698                                249.45698
              1       125.99038       60.122226     0.029696311      0.15444448      0.16131266     -0.32573014      -0.32573014       252.63222                                252.63222
              1        126.2317       60.122226     0.029696311      0.16253581      0.15724278     -0.32573014      -0.32573014       253.11486                                253.11486
              2        126.1521       60.122226     0.029696311      0.15420446      0.14930758     -0.32573014      -0.32573014       252.95565                                252.95565
              2       126.66992       60.122226     0.029696311      0.16035261      0.14790033     -0.32573014      -0.32573014       253.99129                                253.99129
              2       128.64994       60.211381     0.028915599      0.16146514       0.1491141     -0.32573014      -0.32573014       257.95134                                257.95134
              3       129.04545       60.211381     0.028915599      0.15548413      0.16773177     -0.32573014      -0.32573014       258.74237                                258.74237
              1       129.24545       60.212691     0.028719844      0.15559973      0.16788118     -0.32573014      -0.32573014       259.14237                                259.14237
              2        131.6275        60.40464     0.029221656      0.15687735      0.16915832     -0.32573014      -0.32573014       263.90646                                263.90646
              9       131.13454        60.40464     0.029221656      0.15948669      0.15013489     -0.32573014      -0.32573014       262.92054                                262.92054
              1       133.61602        60.40464     0.029221656      0.17473446      0.15733554     -0.32573014      -0.32573014        267.8835                                 267.8835
              4       134.99985        60.40464     0.029221656      0.16569513      0.17675211     -0.32573014      -0.32573014       270.65116                                270.65116
              1       135.58179        60.40464     0.029221656       0.1694801      0.17607801     -0.32573014      -0.32573014       271.81503                                271.81503
              1       131.96862        60.40464     0.029221656      0.16856853      0.16464978     -0.32573014      -0.32573014       264.58869                                264.58869
              1        130.7251        60.40464     0.029221656      0.16474372      0.15956445     -0.32573014      -0.32573014       262.10165                                262.10165
              4       128.75465       60.257656     0.029005307      0.16371929      0.15863683     -0.32573014      -0.32573014       258.16077                                258.16077
              1       129.23435       60.264877     0.028584533      0.16400196      0.15899042     -0.32573014      -0.32573014       259.12016                                259.12016
              3       129.94728       60.338802     0.029003846      0.16434997      0.15923527     -0.32573014      -0.32573014       260.54602                                260.54602
              4       130.23114       60.339173     0.028693189      0.16452016       0.1594598     -0.32573014      -0.32573014       261.11375                                261.11375
              6       129.15656       60.276573     0.028864645      0.16394189      0.15887652     -0.32573014      -0.32573014       258.96458                                258.96458
              2       128.70271       60.276573     0.028864645      0.15720118      0.15483443     -0.32573014      -0.32573014       258.05689                                258.05689
              1       128.87205       60.276573     0.028864645      0.15999333      0.15379304     -0.32573014      -0.32573014       258.39555                                258.39555
              1        127.3723       60.202034     0.029312938      0.15917329      0.15292421     -0.32573014      -0.32573014       255.39605                                255.39605
              1       127.34177       60.174524     0.028870192      0.15919819       0.1530378     -0.32573014      -0.32573014         255.335                                  255.335
              1       128.96613       60.174524     0.028870192      0.16350455      0.16675584     -0.32573014      -0.32573014       258.58371                                258.58371
              1       129.80362       60.174524     0.028870192      0.16241546      0.14326324     -0.32573014      -0.32573014       260.25869                                260.25869
              1       128.52604       60.174524     0.028870192      0.16071977      0.14687303     -0.32573014      -0.32573014       257.70355                                257.70355
              1       128.84191       60.174524     0.028870192      0.16668306       0.1626752     -0.32573014      -0.32573014       258.33528                                258.33528
              1       129.08703       60.201071     0.029015795      0.16681071      0.16276668     -0.32573014      -0.32573014       258.82553                                258.82553
              3       127.77559       60.026969     0.027738075      0.16614741      0.16239722     -0.32573014      -0.32573014       256.20264                                256.20264
              1       128.04372       60.026969     0.027738075      0.16878253      0.15598844     -0.32573014      -0.32573014       256.73891                                256.73891
              5        128.0705       60.026969     0.027738075       0.1688628      0.15602193     -0.32573014      -0.32573014       256.79245                                256.79245
              1       126.00944       60.026969     0.027738075      0.15521938      0.15912767     -0.32573014      -0.32573014       252.67035                                252.67035
              1       126.66101       60.026969     0.027738075      0.15285613      0.14866292     -0.32573014      -0.32573014       253.97348                                253.97348
              1        126.3426       60.101421     0.029493111      0.15248884      0.14795797     -0.32573014      -0.32573014       253.33666                                253.33666
              1       127.02846       60.210744     0.029632426      0.15846108      0.15811375     -0.32573014      -0.32573014       254.70838                                254.70838
              2       128.88666       60.210744     0.029632426      0.14692245      0.16453219     -0.32573014      -0.32573014       258.42478                                258.42478
              2       130.15501       60.210744     0.029632426      0.15405405       0.1724382     -0.32573014      -0.32573014       260.96148                                260.96148
              2       129.06171       60.078751     0.028817603      0.15346832      0.17204824     -0.32573014      -0.32573014       258.77487                                258.77487
              1       128.28875       60.078751     0.028817603      0.14385087      0.16382747     -0.32573014      -0.32573014       257.22897                                257.22897
              2       126.18905       60.078751     0.028817603      0.15574251      0.14973572     -0.32573014      -0.32573014       253.02957                                253.02957
              1       126.00369       60.078751     0.028817603      0.15459101      0.16056362     -0.32573014      -0.32573014       252.65883                                252.65883
              1       126.37868       60.078751     0.028817603      0.15112732      0.16153822     -0.32573014      -0.32573014       253.40883                                253.40883
              1       125.98056       60.078751     0.028817603      0.15293086       0.1521923     -0.32573014      -0.32573014       252.61258                                252.61258
              3       127.48559       60.078751     0.028817603      0.16742628      0.15503986     -0.32573014      -0.32573014       255.62264                                255.62264
              1       126.01978       60.078751     0.028817603      0.15091892      0.15467179     -0.32573014      -0.32573014       252.69103                                252.69103
              2       127.31054       60.078751     0.028817603       0.1447533      0.15340817     -0.32573014      -0.32573014       255.27254                                255.27254
              2       127.14486       60.068893     0.028787854      0.14507325      0.15249751     -0.32573014      -0.32573014       254.94118                                254.94118
              1       126.64541       60.087373     0.029717825      0.14471584      0.15196958     -0.32573014      -0.32573014       253.94229                                253.94229
              2        127.0042       60.087373     0.029717825      0.14547455      0.16301562     -0.32573014      -0.32573014       254.65987                                254.65987
              2       126.74874       60.073715     0.029781951        0.145334      0.16286929     -0.32573014      -0.32573014       254.14895                                254.14895
              3       124.90111       60.073715     0.029781951      0.15650847       0.1530862     -0.32573014      -0.32573014       250.45369                                250.45369
              1       125.19323       60.073715     0.029781951      0.15860001      0.15109737     -0.32573014      -0.32573014       251.03793                                251.03793
              1        125.8416       60.073715     0.029781951       0.1474966      0.15055757     -0.32573014      -0.32573014       252.33465                                252.33465
              1       129.81664       60.073715     0.029781951      0.13906782       0.1670168     -0.32573014      -0.32573014       260.28475                                260.28475
              1       129.63142       60.022415     0.029159076      0.13900508      0.16708385     -0.32573014      -0.32573014       259.91431                                259.91431
              1       131.38857       60.022415     0.029159076      0.13191531      0.15459073     -0.32573014      -0.32573014        263.4286                                 263.4286
              2       125.60402       60.022415     0.029159076      0.16331474      0.15211575     -0.32573014      -0.32573014        251.8595                                 251.8595
              2       125.73888       60.022415     0.029159076      0.16355875       0.1511928     -0.32573014      -0.32573014       252.12923                                252.12923
              2         125.977       60.022415     0.029159076      0.16441007      0.15079049     -0.32573014      -0.32573014       252.60547                                252.60547
              2       126.29347       60.022415     0.029159076      0.16286216      0.14672538     -0.32573014      -0.32573014        253.2384                                 253.2384
              1       126.28778       60.022415     0.029159076      0.16063211      0.14510088     -0.32573014      -0.32573014       253.22701                                253.22701
              3       125.32111       60.022415     0.029159076      0.15528082      0.14762178     -0.32573014      -0.32573014       251.29368                                251.29368
              1       125.13886       60.022415     0.029159076      0.15575339      0.14868733     -0.32573014      -0.32573014       250.92918                                250.92918
              1       125.23503       60.022415     0.029159076      0.15772285      0.14863985     -0.32573014      -0.32573014       251.12151                                251.12151
              1       125.68722       60.022415     0.029159076      0.15050962      0.16333712     -0.32573014      -0.32573014        252.0259                                 252.0259
              1       124.92462       60.022415     0.029159076      0.15504278      0.15010366     -0.32573014      -0.32573014        250.5007                                 250.5007
              3       125.47181       60.097967     0.029845347      0.15525964      0.15016989     -0.32573014      -0.32573014       251.59508                                251.59508
              1       125.46543       60.097967     0.029845347      0.15530164      0.15021725     -0.32573014      -0.32573014       251.58232                                251.58232
              1       126.13396       60.097967     0.029845347      0.14965894      0.14852695     -0.32573014      -0.32573014       252.91938                                252.91938
              2       126.30983       60.097967     0.029845347      0.15000563      0.14735118     -0.32573014      -0.32573014       253.27111                                253.27111
              2       127.73644       60.097967     0.029845347      0.14536744      0.14510633     -0.32573014      -0.32573014       256.12435                                256.12435
              3       125.48623       60.097967     0.029845347      0.14991191      0.15603942     -0.32573014      -0.32573014       251.62392                                251.62392
              2       128.29678       60.097967     0.029845347      0.15240058      0.17116338     -0.32573014      -0.32573014       257.24502                                257.24502
              3       127.90367       60.048856     0.029529795       0.1521893      0.17102713     -0.32573014      -0.32573014       256.45881                                256.45881
              1       126.23887       60.048856     0.029529795      0.14511893      0.16028724     -0.32573014      -0.32573014       253.12921                                253.12921
              2       126.63186       60.048856     0.029529795      0.14499178      0.16259882     -0.32573014      -0.32573014       253.91519                                253.91519
              1       126.34621         60.0498     0.029870168      0.14481579      0.16236275     -0.32573014      -0.32573014       253.34388                                253.34388
              1       126.08423         60.0498     0.029870168      0.16513538      0.16031843     -0.32573014      -0.32573014       252.81992                                252.81992
              1       127.20304       60.050051     0.029625862      0.16883483      0.15871538     -0.32573014      -0.32573014       255.05754                                255.05754
              6       129.35214       60.050051     0.029625862      0.17397076      0.15170798     -0.32573014      -0.32573014       259.35575                                259.35575
              6       124.98309       60.050051     0.029625862      0.14955312      0.15460823     -0.32573014      -0.32573014       250.61764                                250.61764
              4       125.16777       60.050051     0.029625862      0.14836078       0.1558734     -0.32573014      -0.32573014         250.987                                  250.987
              2       125.14839       60.050051     0.029625862      0.14848294      0.15593468     -0.32573014      -0.32573014       250.94824                                250.94824
              3       125.05293       60.050051     0.029625862       0.1570992      0.16079964     -0.32573014      -0.32573014       250.75732                                250.75732
              3       125.08823       60.050051     0.029625862      0.14905324      0.15348508     -0.32573014      -0.32573014       250.82792                                250.82792
              1       128.59689       60.005605     0.028919924      0.13996291      0.14550921     -0.32573014      -0.32573014       257.84524                                257.84524
              2       125.42685       60.005605     0.028919924      0.15244601      0.16308592     -0.32573014      -0.32573014       251.50515                                251.50515
              1       125.09432       60.005605     0.028919924      0.15015678      0.15956328     -0.32573014      -0.32573014        250.8401                                 250.8401
              3       125.25585       60.005605     0.028919924        0.160339      0.15006375     -0.32573014      -0.32573014       251.16316                                251.16316
              2        125.2329       60.005605     0.028919924      0.15869412      0.14888619     -0.32573014      -0.32573014       251.11726                                251.11726
              5       125.86107       60.005605     0.028919924      0.16432842      0.15136882     -0.32573014      -0.32573014       252.37361                                252.37361
              3       125.91147       60.005605     0.028919924      0.14497213      0.15773894     -0.32573014      -0.32573014        252.4744                                 252.4744
              2       125.78921       60.027684      0.02944166      0.14486253      0.15752898     -0.32573014      -0.32573014       252.22988                                252.22988
              2        126.5163       60.027684      0.02944166      0.14350667      0.16095364     -0.32573014      -0.32573014       253.68405                                253.68405
              1       126.77319       60.027684      0.02944166      0.15167441      0.16834361     -0.32573014      -0.32573014       254.19783                                254.19783
              1       126.03197       60.027684      0.02944166      0.15443924      0.16635648     -0.32573014      -0.32573014       252.71541                                252.71541
              1       125.83782       60.027684      0.02944166      0.16530707      0.15395228     -0.32573014      -0.32573014        252.3271                                 252.3271
              1       125.81855       60.027684      0.02944166      0.16526449      0.15427457     -0.32573014      -0.32573014       252.28856                                252.28856
              3       127.04296       60.027684      0.02944166      0.14116406      0.15102527     -0.32573014      -0.32573014       254.73738                                254.73738
              4       125.29079       60.027684      0.02944166       0.1468113      0.15366895     -0.32573014      -0.32573014       251.23304                                251.23304
              1       125.18486       60.027684      0.02944166      0.14747894      0.15711873     -0.32573014      -0.32573014       251.02118                                251.02118
              4       124.63503       60.027684      0.02944166      0.15160881      0.15284268     -0.32573014      -0.32573014       249.92153                                249.92153
              2        125.2909       60.027684      0.02944166      0.14670937      0.15570265     -0.32573014      -0.32573014       251.23326                                251.23326
              1       125.54266       60.027684      0.02944166       0.1613513       0.1618511     -0.32573014      -0.32573014       251.73678                                251.73678
              1       126.01645       60.027684      0.02944166      0.16006037      0.16502329     -0.32573014      -0.32573014       252.68435                                252.68435
              1       125.92527       60.027684      0.02944166      0.15588084      0.14425703     -0.32573014      -0.32573014       252.50199                                252.50199
              2       126.02612       60.027684      0.02944166      0.15264662      0.14407532     -0.32573014      -0.32573014       252.70369                                252.70369
              3       126.44705       60.027684      0.02944166      0.16180404      0.14454286     -0.32573014      -0.32573014       253.54556                                253.54556
              1       126.89149       60.008987     0.028546436      0.16214105      0.14504438     -0.32573014      -0.32573014       254.43445                                254.43445
              2       125.20969       60.008987     0.028546436      0.15466426      0.16011437     -0.32573014      -0.32573014       251.07085                                251.07085
              2       125.25807       60.037113     0.028673992      0.15409391      0.15468307     -0.32573014      -0.32573014        251.1676                                 251.1676
              1       129.21224       60.037113     0.028673992      0.14076092      0.14555566     -0.32573014      -0.32573014       259.07594                                259.07594
              1       128.97462       60.037113     0.028673992      0.14064675      0.14673672     -0.32573014      -0.32573014       258.60069                                258.60069
              1       127.13292       60.041675     0.029661921      0.14038932      0.15502388     -0.32573014      -0.32573014        254.9173                                 254.9173
              4       127.00998       60.033798     0.029667723      0.14032505      0.15496174     -0.32573014      -0.32573014       254.67142                                254.67142
              1       127.28456       60.033798     0.029667723      0.13972462      0.15698748     -0.32573014      -0.32573014       255.22059                                255.22059
              2       126.05929       60.033798     0.029667723      0.14352343      0.15219247     -0.32573014      -0.32573014       252.77005                                252.77005
              1       129.50423       60.033798     0.029667723      0.14085014      0.14042326     -0.32573014      -0.32573014       259.65991                                259.65991
              3       128.56375       60.033798     0.029667723      0.15346879      0.13673837     -0.32573014      -0.32573014       257.77896                                257.77896
              1       126.36092       60.033798     0.029667723      0.15842658      0.14285841     -0.32573014      -0.32573014        253.3733                                 253.3733
              1       124.95807       60.033798     0.029667723      0.15877627      0.14920074     -0.32573014      -0.32573014        250.5676                                 250.5676
              1       125.96442        60.07836     0.029226493      0.15935981      0.14984383     -0.32573014      -0.32573014        252.5803                                 252.5803
              1       129.41038        60.07836     0.029226493      0.16628167      0.16995133     -0.32573014      -0.32573014       259.47222                                259.47222
              1       128.68281        60.07836     0.029226493      0.14237767       0.1652686     -0.32573014      -0.32573014       258.01708                                258.01708
              2       127.78616        60.07836     0.029226493      0.16907958      0.15804348     -0.32573014      -0.32573014       256.22377                                256.22377
              2       127.79051       60.073548     0.029152921       0.1690748      0.15806164     -0.32573014      -0.32573014       256.23249                                256.23249
              1       126.36399       60.073548     0.029152921      0.15406277      0.16453584     -0.32573014      -0.32573014       253.37943                                253.37943
              4        125.7001       60.051289     0.029547617        0.153655      0.16412099     -0.32573014      -0.32573014       252.05165                                252.05165
              1       125.26688       60.051289     0.029547617      0.15606485      0.16196671     -0.32573014      -0.32573014       251.18522                                251.18522
              1       125.31182       60.051289     0.029547617      0.15485465      0.16230134     -0.32573014      -0.32573014        251.2751                                 251.2751
              3       125.45139       60.062815     0.029573837      0.15494483      0.16235965     -0.32573014      -0.32573014       251.55424                                251.55424
              1       125.93388       60.062815     0.029573837      0.14584015      0.15506562     -0.32573014      -0.32573014       252.51922                                252.51922
              3       125.84537       60.062815     0.029573837      0.14634626      0.15382216     -0.32573014      -0.32573014        252.3422                                 252.3422
              1       126.05062       60.062815     0.029573837      0.14547215      0.15383218     -0.32573014      -0.32573014        252.7527                                 252.7527
              1        125.8649        60.04015     0.029439037      0.14533062      0.15310745     -0.32573014      -0.32573014       252.38127                                252.38127
              3       125.37902        60.04015     0.029439037      0.14729232      0.15462428     -0.32573014      -0.32573014        251.4095                                 251.4095
              3       125.20616        60.04015     0.029439037      0.15900605      0.16072848     -0.32573014      -0.32573014       251.06378                                251.06378
              1       125.23966        60.04015     0.029439037        0.151296      0.16117327     -0.32573014      -0.32573014       251.13078                                251.13078
              2       125.05635        60.01059     0.029170047      0.15117057      0.16116063     -0.32573014      -0.32573014       250.76415                                250.76415
              2       125.01356        60.01059     0.029170047      0.15428299       0.1619417     -0.32573014      -0.32573014       250.67858                                250.67858
              6        125.7838        60.01059     0.029170047      0.16496963      0.15734489     -0.32573014      -0.32573014       252.21906                                252.21906
              2       126.94505        60.01059     0.029170047      0.14126205      0.15872404     -0.32573014      -0.32573014       254.54155                                254.54155
              5       125.18866        60.01059     0.029170047      0.14793299      0.15862727     -0.32573014      -0.32573014       251.02878                                251.02878
              5       125.25836        60.00401     0.028980618      0.14797303      0.15871239     -0.32573014      -0.32573014       251.16818                                251.16818
              1       125.72077        60.00401     0.028980618       0.1530262      0.14538402     -0.32573014      -0.32573014         252.093                                  252.093
              2       124.85372        60.00401     0.028980618      0.15081383       0.1515875     -0.32573014      -0.32573014       250.35891                                250.35891
              2       125.48602        60.00401     0.028980618      0.14700567      0.15106573     -0.32573014      -0.32573014       251.62349                                251.62349
              2       125.19086        60.00401     0.028980618      0.16145959      0.15868497     -0.32573014      -0.32573014       251.03318                                251.03318
              1       125.81552        60.00401     0.028980618      0.14492412      0.15733417     -0.32573014      -0.32573014        252.2825                                 252.2825
              5        125.8628        60.00401     0.028980618      0.16529681      0.15554502     -0.32573014      -0.32573014       252.37706                                252.37706
              1       125.96777        60.00401     0.028980618      0.16566022       0.1559765     -0.32573014      -0.32573014       252.58699                                252.58699
              3       126.31746        60.00401     0.028980618      0.16687826      0.15579847     -0.32573014      -0.32573014       253.28638                                253.28638
              4       126.11632        60.00401     0.028980618      0.16592655      0.15254038     -0.32573014      -0.32573014        252.8841                                 252.8841
              1       125.38586        60.00401     0.028980618      0.16331702      0.15500169     -0.32573014      -0.32573014       251.42319                                251.42319
              2       124.75463        60.00401     0.028980618      0.15637405      0.15071691     -0.32573014      -0.32573014       250.16072                                250.16072
              7         124.294       60.006973     0.029586324      0.15608301      0.15032539     -0.32573014      -0.32573014       249.23946                                249.23946
              1       124.54128       60.006973     0.029586324      0.14818655      0.15528586     -0.32573014      -0.32573014       249.73401                                249.73401
              2       125.28975       60.006973     0.029586324      0.15205983      0.16458068     -0.32573014      -0.32573014       251.23096                                251.23096
              1       125.61031       60.006973     0.029586324      0.15156368      0.16568094     -0.32573014      -0.32573014       251.87209                                251.87209
              2       125.44826       60.006973     0.029586324      0.14789295      0.16310291     -0.32573014      -0.32573014       251.54798                                251.54798
              1       124.75263       60.006973     0.029586324      0.15033972      0.16118847     -0.32573014      -0.32573014       250.15672                                250.15672
              2       124.74086        60.00019     0.029490623      0.15032876      0.16120863     -0.32573014      -0.32573014       250.13319                                250.13319
              1       124.58627        60.00019     0.029490623      0.15688994      0.14836018     -0.32573014      -0.32573014       249.82401                                249.82401
              1       124.66714        60.00019     0.029490623      0.15060971      0.14871641     -0.32573014      -0.32573014       249.98574                                249.98574
              1        126.4098       60.132578     0.029583038      0.16020665      0.15096961     -0.32573014      -0.32573014       253.47105                                253.47105
              4       126.32936       60.132578     0.029583038      0.16010809      0.15155506     -0.32573014      -0.32573014       253.31018                                253.31018
              2       126.58393       60.132578     0.029583038      0.16106038      0.16148975     -0.32573014      -0.32573014       253.81931                                253.81931
              4       126.02972       60.098312     0.029657199       0.1607125      0.16121315     -0.32573014      -0.32573014        252.7109                                 252.7109
              1       126.06863       60.098312     0.029657199      0.14877075      0.15988646     -0.32573014      -0.32573014       252.78872                                252.78872
              3       126.32451       60.098312     0.029657199      0.14807124      0.16097141     -0.32573014      -0.32573014       253.30049                                253.30049
              3       125.83514       60.098312     0.029657199      0.15211117      0.16139129     -0.32573014      -0.32573014       252.32173                                252.32173
              2       125.31952       60.098312     0.029657199      0.15445981      0.15717148     -0.32573014      -0.32573014        251.2905                                 251.2905
              1       125.89065       60.098312     0.029657199      0.15742864      0.16229979     -0.32573014      -0.32573014       252.43276                                252.43276
              1       127.78412       60.109072     0.027702526       0.1585511      0.16369746     -0.32573014      -0.32573014       256.21969                                256.21969
              6       129.69687       60.109072     0.027702526      0.15956992      0.17071475     -0.32573014      -0.32573014       260.04519                                260.04519
              2        129.7973       60.109072     0.027702526      0.14739382      0.16805323     -0.32573014      -0.32573014       260.24607                                260.24607
              2       127.76153       60.109072     0.027702526      0.15387432      0.16334305     -0.32573014      -0.32573014       256.17452                                256.17452
              4        127.1174       60.004169     0.026731598      0.15343777      0.16330932     -0.32573014      -0.32573014       254.88626                                254.88626
              2       126.62438       60.004169     0.026731598      0.15815809       0.1527241     -0.32573014      -0.32573014       253.90022                                253.90022
              3       126.58787       60.004169     0.026731598      0.15242902      0.15544161     -0.32573014      -0.32573014        253.8272                                 253.8272
              2       126.51847       60.004169     0.026731598      0.15380123      0.15443462     -0.32573014      -0.32573014       253.68841                                253.68841
              1       126.19846       60.010557     0.027400967      0.15628942      0.16060495     -0.32573014      -0.32573014       253.04838                                253.04838
              1        126.5381       60.010557     0.027400967      0.15381246      0.14933113     -0.32573014      -0.32573014       253.72767                                253.72767
              8       125.30745       60.020631     0.029166564      0.15063544      0.14885317     -0.32573014      -0.32573014       251.26635                                251.26635
              1       126.46685       60.020631     0.029166564      0.14292806      0.15309934     -0.32573014      -0.32573014       253.58516                                253.58516
              1       125.83968       60.020631     0.029166564      0.15023415      0.14630966     -0.32573014      -0.32573014       252.33081                                252.33081
              1       126.23233       60.021176     0.029121746      0.16431987      0.16162687     -0.32573014      -0.32573014       253.11612                                253.11612
              1       125.59677       60.021176     0.029121746      0.15967563        0.162741     -0.32573014      -0.32573014         251.845                                  251.845
              2       124.95705       60.013594     0.029739745      0.15928305      0.16227151     -0.32573014      -0.32573014       250.56557                                250.56557
              1       124.28784       60.013594     0.029739745      0.15872163      0.15208941     -0.32573014      -0.32573014       249.22715                                249.22715
              2       125.14885       60.013594     0.029739745      0.15037014      0.14615568     -0.32573014      -0.32573014       250.94916                                250.94916
              1       125.67307       60.013594     0.029739745      0.16162777      0.14561161     -0.32573014      -0.32573014       251.99761                                251.99761
              2       124.96567       60.013594     0.029739745      0.16182813      0.14975929     -0.32573014      -0.32573014       250.58279                                250.58279
              5       124.78437       60.013594     0.029739745      0.15972377      0.16093793     -0.32573014      -0.32573014        250.2202                                 250.2202
              5       125.00399       60.013594     0.029739745      0.15760753      0.16332373     -0.32573014      -0.32573014       250.65943                                250.65943
              2       124.81414       60.013594     0.029739745      0.14830318      0.15994236     -0.32573014      -0.32573014       250.27974                                250.27974
              1       124.53181       60.013594     0.029739745      0.14805754      0.15562367     -0.32573014      -0.32573014       249.71507                                249.71507
              2       124.10776       60.013594     0.029739745      0.15778249      0.15506945     -0.32573014      -0.32573014       248.86698                                248.86698
              2       126.51336       60.013594     0.029739745      0.16836647      0.15787694     -0.32573014      -0.32573014       253.67819                                253.67819
              1       126.90027       60.013594     0.029739745      0.16956828      0.15707642     -0.32573014      -0.32573014         254.452                                  254.452
              1       125.01291       60.013594     0.029739745      0.14665374      0.15053871     -0.32573014      -0.32573014       250.67729                                250.67729
              7       126.41552       60.074708     0.029142983      0.14751786      0.15134727     -0.32573014      -0.32573014       253.48251                                253.48251
              1       126.26376       60.088969     0.029650012      0.15890523      0.16424588     -0.32573014      -0.32573014       253.17897                                253.17897
              2       125.30635       60.088969     0.029650012      0.15251155      0.15340232     -0.32573014      -0.32573014       251.26416                                251.26416
              3       126.28201       60.105484     0.029830374      0.15279227      0.16434427     -0.32573014      -0.32573014       253.21547                                253.21547
              2       128.69483       60.105484     0.029830374      0.14879167      0.17079853     -0.32573014      -0.32573014       258.04112                                258.04112
              1       127.03601       60.105484     0.029830374      0.16683547       0.1588019     -0.32573014      -0.32573014       254.72348                                254.72348
              2       126.66611       60.030289     0.029015654      0.16658485      0.15885832     -0.32573014      -0.32573014       253.98369                                253.98369
              1       125.05674       60.030289     0.029015654      0.15498345      0.15114893     -0.32573014      -0.32573014       250.76494                                250.76494
              1       126.43305       60.030289     0.029015654      0.15493176      0.16660906     -0.32573014      -0.32573014       253.51756                                253.51756
              1       126.63126       60.030289     0.029015654      0.14333703      0.15669827     -0.32573014      -0.32573014       253.91398                                253.91398
              2       125.68839       60.030289     0.029015654      0.14968401       0.1491942     -0.32573014      -0.32573014       252.02824                                252.02824
              5       125.26596       60.030289     0.029015654      0.15055682      0.15172707     -0.32573014      -0.32573014       251.18339                                251.18339
              1       125.37729       60.030289     0.029015654      0.15469251      0.16188972     -0.32573014      -0.32573014       251.40603                                251.40603
              5       125.68461       60.030289     0.029015654      0.15904505      0.16254716     -0.32573014      -0.32573014       252.02068                                252.02068
              4       125.28603       60.030289     0.029015654      0.15306499      0.16095486     -0.32573014      -0.32573014       251.22351                                251.22351
              1       126.39317       60.030289     0.029015654      0.16054421      0.14564233     -0.32573014      -0.32573014       253.43781                                253.43781
              1       125.75611       60.030289     0.029015654      0.16080926      0.16169962     -0.32573014      -0.32573014       252.16368                                252.16368
              1       125.85306       60.030289     0.029015654      0.14900402       0.1618908     -0.32573014      -0.32573014       252.35759                                252.35759
              4       125.56587       60.030289     0.029015654      0.16118086      0.15991099     -0.32573014      -0.32573014        251.7832                                 251.7832
              1       127.69806       60.030289     0.029015654      0.16734038      0.16407437     -0.32573014      -0.32573014       256.04759                                256.04759
              1       127.50859       60.030289     0.029015654      0.16723464      0.16332957     -0.32573014      -0.32573014       255.66864                                255.66864
              2       127.64567       60.030289     0.029015654      0.14042338      0.15328765     -0.32573014      -0.32573014        255.9428                                 255.9428
              1       125.89232       60.030289     0.029015654      0.14613146      0.15675167     -0.32573014      -0.32573014        252.4361                                 252.4361
              2       125.87572       60.030289     0.029015654      0.16389455      0.15751412     -0.32573014      -0.32573014       252.40289                                252.40289
              1       125.37375       60.030289     0.029015654      0.16016024      0.15947499     -0.32573014      -0.32573014       251.39897                                251.39897
              1       125.38063       60.030289     0.029015654       0.1602659       0.1594087     -0.32573014      -0.32573014       251.41272                                251.41272
              5       125.61987       60.030289     0.029015654      0.15586269       0.1632029     -0.32573014      -0.32573014       251.89119                                251.89119
              2       125.54784       60.030289     0.029015654      0.15567006      0.16284656     -0.32573014      -0.32573014       251.74713                                251.74713
              1       125.85742       60.029474     0.028652947      0.15585299      0.16308735     -0.32573014      -0.32573014       252.36629                                252.36629
              1         126.241       60.029474     0.028652947      0.16157987      0.14858563     -0.32573014      -0.32573014       253.13346                                253.13346
              1       126.54297       60.029474     0.028652947      0.16134841      0.14686129     -0.32573014      -0.32573014       253.73739                                253.73739
              1       126.25234       60.017335     0.029251132      0.16276957      0.14612586     -0.32573014      -0.32573014       253.15614                                253.15614
              5       127.45281       60.017335     0.029251132      0.15419478      0.13965637     -0.32573014      -0.32573014       255.55709                                255.55709
              3       125.76714       60.017335     0.029251132       0.1472999      0.14826966     -0.32573014      -0.32573014       252.18574                                252.18574
              5       125.43928       60.017335     0.029251132      0.14901712      0.14846539     -0.32573014      -0.32573014       251.53003                                251.53003
              1       125.19367       60.017335     0.029251132      0.15286884      0.14766445     -0.32573014      -0.32573014        251.0388                                 251.0388
              1       125.05653       60.017335     0.029251132      0.15301919      0.14839339     -0.32573014      -0.32573014       250.76451                                250.76451
              2       124.91732       60.017335     0.029251132      0.15503891      0.14898272     -0.32573014      -0.32573014        250.4861                                 250.4861
              3       125.47832       60.017335     0.029251132      0.15816271      0.14666518     -0.32573014      -0.32573014       251.60811                                251.60811
              4       127.68258       60.017335     0.029251132      0.16025922       0.1702014     -0.32573014      -0.32573014       256.01661                                256.01661
              1       127.24578       60.017335     0.029251132      0.15940878      0.16930777     -0.32573014      -0.32573014       255.14303                                255.14303
              2       128.72367        60.04589     0.027614128      0.16285617      0.16836581     -0.32573014      -0.32573014        258.0988                                 258.0988
              1       127.78578        60.04589     0.027614128      0.15071819      0.16583363     -0.32573014      -0.32573014       256.22303                                256.22303
              2       126.13473       60.075679     0.028437077      0.15255156      0.15578021     -0.32573014      -0.32573014       252.92092                                252.92092
              1       125.84232       60.083142     0.028904996      0.15237338      0.15551191     -0.32573014      -0.32573014        252.3361                                 252.3361
              6       127.16008       60.083142     0.028904996      0.14655868      0.15023886     -0.32573014      -0.32573014       254.97162                                254.97162
              2          126.69       60.083142     0.028904996      0.14729422      0.15314554     -0.32573014      -0.32573014       254.03146                                254.03146
              3       126.78752       60.083142     0.028904996      0.14648998      0.15683491     -0.32573014      -0.32573014        254.2265                                 254.2265
              2       127.09717       60.083142     0.028904996      0.15900622      0.14590152     -0.32573014      -0.32573014       254.84579                                254.84579
              1       127.66298       60.127961     0.029050866      0.15933383      0.14609847     -0.32573014      -0.32573014       255.97742                                255.97742
              1       127.88902       60.127961     0.029050866      0.14867498      0.16499479     -0.32573014      -0.32573014        256.4295                                 256.4295
              3       128.30244       60.127961     0.029050866      0.16728469      0.15028194     -0.32573014      -0.32573014       257.25634                                257.25634
              1       128.66486       60.127961     0.029050866      0.16848077        0.150284     -0.32573014      -0.32573014       257.98118                                257.98118
              5       128.33695       60.127961     0.029050866       0.1684698      0.15926417     -0.32573014      -0.32573014       257.32537                                257.32537
              1       127.04326       60.127961     0.029050866      0.15591768       0.1642271     -0.32573014      -0.32573014       254.73799                                254.73799
              2       125.53468       60.011082     0.028798698      0.14948823      0.14966138     -0.32573014      -0.32573014       251.72083                                251.72083
              1       130.22429       60.011082     0.028798698      0.14630376      0.13635647     -0.32573014      -0.32573014       261.10005                                261.10005
              1       130.52457       60.030638     0.028806922      0.14647389      0.13648428     -0.32573014      -0.32573014       261.70061                                261.70061
              5       125.53162       60.030638     0.028806922      0.16115671      0.15316827     -0.32573014      -0.32573014       251.71471                                251.71471
              2       126.48979       60.030638     0.028806922      0.16493841      0.16008845     -0.32573014      -0.32573014       253.63103                                253.63103
              2       126.40465       60.030638     0.028806922      0.15339876      0.16578373     -0.32573014      -0.32573014       253.46076                                253.46076
              3       126.45674       60.030638     0.028806922      0.15352396      0.16600363     -0.32573014      -0.32573014       253.56494                                253.56494
              4       126.43237       60.030638     0.028806922      0.15469982      0.14486668     -0.32573014      -0.32573014        253.5162                                 253.5162
              1       126.47411       60.030638     0.028806922       0.1563084      0.14475167     -0.32573014      -0.32573014       253.59969                                253.59969
              2        125.0994       60.030638     0.028806922      0.15715513      0.15708379     -0.32573014      -0.32573014       250.85026                                250.85026
              2       125.02791       60.030638     0.028806922      0.15556428      0.15467971     -0.32573014      -0.32573014       250.70728                                250.70728
              1       125.43811       60.030638     0.028806922      0.16067771      0.15363548     -0.32573014      -0.32573014       251.52768                                251.52768
              1       125.52351       60.030638     0.028806922      0.15605974      0.16173137     -0.32573014      -0.32573014       251.69848                                251.69848
              9        125.1681       60.030638     0.028806922      0.15181934      0.15551402     -0.32573014      -0.32573014       250.98766                                250.98766
              1       125.16208       60.030638     0.028806922       0.1518921      0.15529788     -0.32573014      -0.32573014       250.97562                                250.97562
              1         126.302       60.030638     0.028806922       0.1649642      0.15299266     -0.32573014      -0.32573014       253.25546                                253.25546
              1       126.44256       60.065828     0.029229733      0.16502784      0.15293902     -0.32573014      -0.32573014       253.53657                                253.53657
              6       127.27386       60.065828     0.029229733       0.1674429      0.15995568     -0.32573014      -0.32573014       255.19917                                255.19917
              2       126.74448       60.065828     0.029229733      0.15331592      0.14449631     -0.32573014      -0.32573014       254.14041                                254.14041
              3       125.91722       60.065828     0.029229733      0.14882755      0.15135644     -0.32573014      -0.32573014        252.4859                                 252.4859
              1       127.21799       60.084118      0.02801069      0.14971582      0.15232875     -0.32573014      -0.32573014       255.08744                                255.08744
              1       127.58299       60.116518     0.028156949      0.14991886      0.15244831     -0.32573014      -0.32573014       255.81744                                255.81744
              4       127.84579       60.116518     0.028156949       0.1625599      0.16297636     -0.32573014      -0.32573014       256.34304                                256.34304
              1       127.81983       60.116518     0.028156949      0.16451925      0.15334938     -0.32573014      -0.32573014       256.29112                                256.29112
