#        weight    minuslogpost              H0           ombh2            tf_1            tf_2   minuslogprior minuslogprior__0            chi2 chi2__cx_likelihood_intCAMB.CXLikelihood
             23       128.95754       60.137606     0.026986299       0.1607103      0.16443399     -0.32573014      -0.32573014       258.56653                                258.56653
             91       127.36135       60.012242     0.027095706       0.1607103      0.16443399     -0.32573014      -0.32573014       255.37417                                255.37417
            114       127.65505       60.012242     0.027095706      0.14556233      0.15399462     -0.32573014      -0.32573014       255.96155                                255.96155
              3       127.17136       60.012242     0.027095706      0.14929262      0.15062033     -0.32573014      -0.32573014       254.99418                                254.99418
             31       127.84608       60.012242     0.027095706      0.14617101      0.15048344     -0.32573014      -0.32573014       256.34361                                256.34361
             11       128.43795       60.072756     0.027584264      0.14617101      0.15048344     -0.32573014      -0.32573014       257.52735                                257.52735
             10       129.25288       60.072756     0.027584264      0.14999182      0.16928168     -0.32573014      -0.32573014       259.15722                                259.15722
              9       129.03523       60.173458     0.029575046      0.14999182      0.16928168     -0.32573014      -0.32573014       258.72193                                258.72193
             13       129.95311       60.245996     0.029641906      0.14999182      0.16928168     -0.32573014      -0.32573014       260.55768                                260.55768
             98       127.72623       60.001691     0.028379982      0.14999182      0.16928168     -0.32573014      -0.32573014       256.10393                                256.10393
             23       128.51307       60.001691     0.028379982      0.16981656      0.14730977     -0.32573014      -0.32573014        257.6776                                 257.6776
              6       125.89105       60.001691     0.028379982      0.15091016      0.14797362     -0.32573014      -0.32573014       252.43356                                252.43356
             78       126.31184       60.019918     0.028276849      0.15091016      0.14797362     -0.32573014      -0.32573014       253.27514                                253.27514
             57       128.82933       60.019918     0.028276849         0.15819      0.13915204     -0.32573014      -0.32573014       258.31011                                258.31011
             34       128.80352       60.019918     0.028276849      0.14696599      0.16994528     -0.32573014      -0.32573014       258.25851                                258.25851
              1        129.0744       60.019918     0.028276849      0.14091426      0.16488225     -0.32573014      -0.32573014       258.80026                                258.80026
             35       130.69796       60.101347     0.027952606      0.14091426      0.16488225     -0.32573014      -0.32573014       262.04739                                262.04739
              2       130.43549       60.101347     0.027952606      0.14040544      0.16224493     -0.32573014      -0.32573014       261.52245                                261.52245
             29        128.4731       60.057011     0.029172697      0.14040544      0.16224493     -0.32573014      -0.32573014       257.59766                                257.59766
             11       128.67458       60.057011     0.029172697       0.1391273      0.16011746     -0.32573014      -0.32573014       258.00061                                258.00061
             26        128.8126       60.057011     0.029172697      0.13933682      0.16175262     -0.32573014      -0.32573014       258.27666                                258.27666
             19        131.4014       60.057011     0.029172697      0.17084149      0.17152937     -0.32573014      -0.32573014       263.45427                                263.45427
             14       131.30525       60.041843     0.029139901      0.17084149      0.17152937     -0.32573014      -0.32573014       263.26195                                263.26195
             22       128.85549       60.041843     0.029139901       0.1665492      0.16894181     -0.32573014      -0.32573014       258.36245                                258.36245
              1       128.70094       60.022541     0.029111042       0.1665492      0.16894181     -0.32573014      -0.32573014       258.05334                                258.05334
              4       129.01172       60.022541     0.029111042      0.17282511      0.15009635     -0.32573014      -0.32573014       258.67489                                258.67489
             28       131.37589       60.129022     0.027625365      0.17282511      0.15009635     -0.32573014      -0.32573014       263.40324                                263.40324
             18       129.99116       60.129022     0.027625365      0.15423649      0.14308737     -0.32573014      -0.32573014       260.63379                                260.63379
              9       129.40924       60.092953      0.02754426      0.15423649      0.14308737     -0.32573014      -0.32573014       259.46995                                259.46995
              1       129.48344       60.092953      0.02754426      0.16910513      0.15087783     -0.32573014      -0.32573014       259.61833                                259.61833
              4       133.52927       60.092953      0.02754426      0.13508251      0.14935355     -0.32573014      -0.32573014       267.71001                                267.71001
             14       133.29197       60.092953      0.02754426      0.13618529      0.14765755     -0.32573014      -0.32573014        267.2354                                 267.2354
             61       132.65597       60.092953      0.02754426      0.17742793      0.15818448     -0.32573014      -0.32573014       265.96341                                265.96341
             21       132.28072       60.092953      0.02754426      0.17676845      0.15685227     -0.32573014      -0.32573014        265.2129                                 265.2129
              4       132.57507       60.162774     0.028232351      0.17676845      0.15685227     -0.32573014      -0.32573014       265.80159                                265.80159
              3       136.84999       60.471662     0.027046776      0.17676845      0.15685227     -0.32573014      -0.32573014       274.35144                                274.35144
             23       129.89264       60.218964     0.027466627      0.16590468      0.15577262     -0.32573014      -0.32573014       260.43674                                260.43674
             23       130.16917       60.218964     0.027466627      0.16548638      0.15211234     -0.32573014      -0.32573014        260.9898                                 260.9898
              7       130.22052       60.245075     0.027850808      0.16548638      0.15211234     -0.32573014      -0.32573014       261.09249                                261.09249
             14       126.80714       60.045537     0.028658854      0.16548638      0.15211234     -0.32573014      -0.32573014       254.26574                                254.26574
             53       127.58354       60.045537     0.028658854      0.16747471      0.15020053     -0.32573014      -0.32573014       255.81853                                255.81853
              4       127.89031       60.045537     0.028658854      0.15292116      0.14172261     -0.32573014      -0.32573014       256.43209                                256.43209
             20        127.8566       60.042738     0.028642398      0.15292116      0.14172261     -0.32573014      -0.32573014       256.36466                                256.36466
             10       127.09401       60.042738     0.028642398      0.14998085      0.16611571     -0.32573014      -0.32573014       254.83949                                254.83949
              1        127.5419       60.067757     0.028507146      0.14998085      0.16611571     -0.32573014      -0.32573014       255.73527                                255.73527
             34       127.26921       60.018302     0.028004314      0.14998085      0.16611571     -0.32573014      -0.32573014       255.18988                                255.18988
              2       127.32633       60.014816     0.027872955      0.14998085      0.16611571     -0.32573014      -0.32573014       255.30412                                255.30412
             14       126.71493       60.014816     0.027872955      0.15919982      0.14705333     -0.32573014      -0.32573014       254.08132                                254.08132
             21       126.29339       60.014816     0.027872955      0.15999725      0.14976145     -0.32573014      -0.32573014       253.23824                                253.23824
             40       126.80296       60.014816     0.027872955      0.15185007      0.14670648     -0.32573014      -0.32573014       254.25738                                254.25738
             11       127.46748       60.014816     0.027872955      0.15078897      0.16703119     -0.32573014      -0.32573014       255.58642                                255.58642
             22       127.49846       60.088966     0.029096082      0.15078897      0.16703119     -0.32573014      -0.32573014       255.64837                                255.64837
             15       126.97388       60.088966     0.029096082      0.15294606      0.16583807     -0.32573014      -0.32573014       254.59921                                254.59921
              2       127.06503       60.096442     0.029103932      0.15294606      0.16583807     -0.32573014      -0.32573014       254.78152                                254.78152
             35       126.07637       60.023292     0.029173605      0.15294606      0.16583807     -0.32573014      -0.32573014       252.80421                                252.80421
              1        126.1315       60.023292     0.029173605      0.15380753      0.16617034     -0.32573014      -0.32573014       252.91445                                252.91445
             48       124.66155       60.023292     0.029173605      0.15580777      0.15726558     -0.32573014      -0.32573014       249.97456                                249.97456
              3       124.94016       60.023292     0.029173605       0.1558483       0.1500609     -0.32573014      -0.32573014       250.53178                                250.53178
             39       125.19708       60.023292     0.029173605      0.15511093      0.14830083     -0.32573014      -0.32573014       251.04562                                251.04562
             30       125.19338       60.023292     0.029173605      0.15496162      0.14832094     -0.32573014      -0.32573014       251.03823                                251.03823
             22       125.11774       60.018738     0.029175991      0.15496162      0.14832094     -0.32573014      -0.32573014       250.88693                                250.88693
             83       126.03314       60.018738     0.029175991      0.16536008      0.15820019     -0.32573014      -0.32573014       252.71773                                252.71773
             33        127.1449       60.117371     0.029235373      0.16536008      0.15820019     -0.32573014      -0.32573014       254.94126                                254.94126
             34       126.66699       60.116959     0.029911389      0.16536008      0.15820019     -0.32573014      -0.32573014       253.98543                                253.98543
             86       126.48318       60.116959     0.029911389      0.16482146       0.1541173     -0.32573014      -0.32573014       253.61782                                253.61782
             15       126.87565       60.116959     0.029911389      0.15929354      0.14528135     -0.32573014      -0.32573014       254.40275                                254.40275
             88       126.98768       60.116959     0.029911389      0.14667227      0.16297912     -0.32573014      -0.32573014       254.62682                                254.62682
             16       125.59831       60.006961     0.029648534      0.14667227      0.16297912     -0.32573014      -0.32573014       251.84809                                251.84809
             91       125.50189       60.002438     0.029685531      0.14667227      0.16297912     -0.32573014      -0.32573014       251.65524                                251.65524
              4       125.86318        60.02404     0.029627739      0.14667227      0.16297912     -0.32573014      -0.32573014       252.37783                                252.37783
             31       125.70436        60.01403     0.029643842      0.14667227      0.16297912     -0.32573014      -0.32573014       252.06017                                252.06017
              3        124.8567        60.01403     0.029643842      0.15879265      0.14811349     -0.32573014      -0.32573014       250.36486                                250.36486
              4       125.42007        60.01403     0.029643842      0.16485681      0.15634317     -0.32573014      -0.32573014        251.4916                                 251.4916
             52       124.96185        60.01403     0.029643842      0.16190553      0.15910954     -0.32573014      -0.32573014       250.57515                                250.57515
              1       125.13962       60.029039     0.029644558      0.16190553      0.15910954     -0.32573014      -0.32573014        250.9307                                 250.9307
             12       125.12371       60.028444     0.029657035      0.16190553      0.15910954     -0.32573014      -0.32573014       250.89888                                250.89888
              3       125.08413       60.025118     0.029657087      0.16190553      0.15910954     -0.32573014      -0.32573014       250.81972                                250.81972
             14       125.62401       60.025118     0.029657087       0.1451029      0.15073735     -0.32573014      -0.32573014       251.89948                                251.89948
             84       124.66727       60.025118     0.029657087      0.15026336      0.15892132     -0.32573014      -0.32573014         249.986                                  249.986
             10       125.83574       60.025118     0.029657087       0.1647532      0.16019412     -0.32573014      -0.32573014       252.32294                                252.32294
             20       124.83913       60.025118     0.029657087      0.15930662      0.16031092     -0.32573014      -0.32573014       250.32971                                250.32971
             29       125.22557       60.025118     0.029657087      0.16283858      0.15870584     -0.32573014      -0.32573014       251.10261                                251.10261
             41       124.48347       60.025118     0.029657087      0.15637254      0.15929235     -0.32573014      -0.32573014        249.6184                                 249.6184
             14       124.34675       60.025118     0.029657087       0.1551479      0.15818799     -0.32573014      -0.32573014       249.34497                                249.34497
             16       124.33241       60.022699     0.029633784       0.1551479      0.15818799     -0.32573014      -0.32573014       249.31629                                249.31629
             35       124.77927       60.022699     0.029633784      0.15963696      0.15962155     -0.32573014      -0.32573014          250.21                                   250.21
              4       124.40324       60.022699     0.029633784      0.15491734      0.15898175     -0.32573014      -0.32573014       249.45795                                249.45795
             17       126.33433       60.022699     0.029633784      0.16413258      0.14599155     -0.32573014      -0.32573014       253.32013                                253.32013
              4       125.91943       60.022699     0.029633784      0.16017619      0.14461577     -0.32573014      -0.32573014       252.49033                                252.49033
              2       128.58534       60.167477     0.029272135      0.16017619      0.14461577     -0.32573014      -0.32573014       257.82214                                257.82214
             21       127.02005       60.167477     0.029272135      0.15761926      0.15102353     -0.32573014      -0.32573014       254.69156                                254.69156
             47       125.17941       60.049649     0.029311328      0.15761926      0.15102353     -0.32573014      -0.32573014       251.01028                                251.01028
              7       125.81114       60.093899     0.029352408      0.15761926      0.15102353     -0.32573014      -0.32573014       252.27374                                252.27374
             17       124.46751       60.012778      0.02950111      0.15761926      0.15102353     -0.32573014      -0.32573014       249.58649                                249.58649
             14       124.99895       60.012778      0.02950111      0.15908146      0.14809457     -0.32573014      -0.32573014       250.64936                                250.64936
             14       125.15248       60.020804     0.029464179      0.15908146      0.14809457     -0.32573014      -0.32573014       250.95642                                250.95642
             65       124.34079       60.020804     0.029464179       0.1535975      0.15430254     -0.32573014      -0.32573014       249.33305                                249.33305
             46       125.43275       60.094156     0.029485057       0.1535975      0.15430254     -0.32573014      -0.32573014       251.51696                                251.51696
             44       125.71217       60.110841     0.029460376       0.1535975      0.15430254     -0.32573014      -0.32573014        252.0758                                 252.0758
             34       124.94908       60.068469     0.029587447       0.1535975      0.15430254     -0.32573014      -0.32573014       250.54962                                250.54962
             29       124.94219        60.06808     0.029588653       0.1535975      0.15430254     -0.32573014      -0.32573014       250.53583                                250.53583
             32       125.08298        60.06808     0.029588653      0.15273574      0.15836152     -0.32573014      -0.32573014       250.81743                                250.81743
             72       126.20135        60.06808     0.029588653      0.15008212      0.14657974     -0.32573014      -0.32573014       253.05415                                253.05415
              1       125.32783        60.06808     0.029588653      0.15047509      0.15192321     -0.32573014      -0.32573014       251.30712                                251.30712
             24       127.00402       60.006463      0.02678924      0.15047509      0.15192321     -0.32573014      -0.32573014       254.65951                                254.65951
             11       127.59364       60.186667     0.029315287      0.15047509      0.15192321     -0.32573014      -0.32573014       255.83873                                255.83873
             11       125.14872       60.055282     0.029556558      0.15047509      0.15192321     -0.32573014      -0.32573014       250.94891                                250.94891
             62       125.45569       60.055282     0.029556558      0.15498827      0.14772754     -0.32573014      -0.32573014       251.56285                                251.56285
             31       125.54669       60.055282     0.029556558      0.15820133      0.16266282     -0.32573014      -0.32573014       251.74483                                251.74483
             10       128.10979       60.229456     0.029089512      0.15820133      0.16266282     -0.32573014      -0.32573014       256.87104                                256.87104
              9        130.8985       60.314705     0.027125656      0.15820133      0.16266282     -0.32573014      -0.32573014       262.44847                                262.44847
              3       128.23603       60.167098     0.027871047      0.15820133      0.16266282     -0.32573014      -0.32573014       257.12352                                257.12352
             27       126.71478       60.024308     0.027428632      0.15820133      0.16266282     -0.32573014      -0.32573014       254.08102                                254.08102
            124       126.33625       60.004568     0.027604318      0.15820133      0.16266282     -0.32573014      -0.32573014       253.32397                                253.32397
             21       125.77016       60.004568     0.027604318       0.1563931      0.15860874     -0.32573014      -0.32573014       252.19178                                252.19178
              3       126.06651       60.026881     0.027622142       0.1563931      0.15860874     -0.32573014      -0.32573014       252.78447                                252.78447
             25       125.98095       60.026881     0.027622142      0.15573133      0.15641735     -0.32573014      -0.32573014       252.61336                                252.61336
             13       125.99874       60.021242     0.027504731      0.15573133      0.15641735     -0.32573014      -0.32573014       252.64893                                252.64893
             62       126.07152       60.021242     0.027504731      0.15397193      0.15448508     -0.32573014      -0.32573014        252.7945                                 252.7945
             62       127.62288       60.021242     0.027504731      0.15759801      0.14481577     -0.32573014      -0.32573014       255.89723                                255.89723
             15       126.52306       60.066164     0.029404101      0.15759801      0.14481577     -0.32573014      -0.32573014       253.69758                                253.69758
             15       129.09557       60.066164     0.029404101      0.14807689      0.17193694     -0.32573014      -0.32573014        258.8426                                 258.8426
              1       125.15316       60.066164     0.029404101      0.15287227      0.15337704     -0.32573014      -0.32573014       250.95778                                250.95778
             45       125.21055       60.066164     0.029404101       0.1519738      0.15352269     -0.32573014      -0.32573014       251.07256                                251.07256
              2       125.72651       60.066164     0.029404101      0.15839874      0.14871133     -0.32573014      -0.32573014       252.10448                                252.10448
             14       125.06843       60.066164     0.029404101      0.15561596      0.15367204     -0.32573014      -0.32573014       250.78831                                250.78831
             13       125.33493       60.083991     0.029404175      0.15561596      0.15367204     -0.32573014      -0.32573014       251.32133                                251.32133
              1       127.16331       60.083991     0.029404175      0.14736442      0.14648513     -0.32573014      -0.32573014       254.97808                                254.97808
             55       126.46115       60.048761     0.029452835      0.14736442      0.14648513     -0.32573014      -0.32573014       253.57377                                253.57377
             92       128.04588       60.048761     0.029452835      0.15699358      0.17139761     -0.32573014      -0.32573014       256.74323                                256.74323
              1       128.86071       60.048761     0.029452835      0.14382659      0.14113269     -0.32573014      -0.32573014       258.37288                                258.37288
              4       126.27789       60.048761     0.029452835      0.15044454      0.14521692     -0.32573014      -0.32573014       253.20724                                253.20724
              1       126.41924       60.048761     0.029452835      0.14837043       0.1458618     -0.32573014      -0.32573014       253.48993                                253.48993
              2       128.33824       60.048761     0.029452835      0.14475985      0.14190081     -0.32573014      -0.32573014       257.32794                                257.32794
              2        126.8928       60.048761     0.029452835      0.16582232      0.16266377     -0.32573014      -0.32573014       254.43707                                254.43707
              3       125.88389       60.048761     0.029452835      0.16233572      0.16144809     -0.32573014      -0.32573014       252.41924                                252.41924
              1       126.04163       60.048761     0.029452835      0.15662147      0.16536659     -0.32573014      -0.32573014       252.73472                                252.73472
              1       126.46985       60.048761     0.029452835      0.16656471      0.15325154     -0.32573014      -0.32573014       253.59115                                253.59115
              2       127.42343       60.048761     0.029452835      0.14054264      0.15564273     -0.32573014      -0.32573014       255.49832                                255.49832
              1       125.95291       60.048761     0.029452835      0.15882903      0.16437811     -0.32573014      -0.32573014       252.55728                                252.55728
              1       125.65755       60.024453      0.02940481      0.15902693      0.16408477     -0.32573014      -0.32573014       251.96655                                251.96655
              6       125.37506       60.024453      0.02940481       0.1587389      0.16288761     -0.32573014      -0.32573014       251.40159                                251.40159
              1       125.46616       60.024453      0.02940481       0.1585839      0.16341061     -0.32573014      -0.32573014       251.58378                                251.58378
              2       125.22549       60.024453      0.02940481      0.16146499       0.1506084     -0.32573014      -0.32573014       251.10245                                251.10245
              1       124.55933       60.024453      0.02940481      0.15605981      0.15821002     -0.32573014      -0.32573014       249.77012                                249.77012
              2       125.52305       60.081294     0.029257182      0.15557482      0.15927197     -0.32573014      -0.32573014       251.69755                                251.69755
              1        125.5526       60.081294     0.029257182      0.15736991      0.15226242     -0.32573014      -0.32573014       251.75667                                251.75667
              1       125.46806       60.081294     0.029257182       0.1571634      0.15329287     -0.32573014      -0.32573014       251.58758                                251.58758
              1       124.88278       60.007379     0.028758882      0.15773499       0.1529105     -0.32573014      -0.32573014       250.41701                                250.41701
              2       124.93845       60.007379     0.028758882      0.15819955      0.15257773     -0.32573014      -0.32573014       250.52837                                250.52837
              1       125.30669       60.007379     0.028758882      0.16071951      0.15900511     -0.32573014      -0.32573014       251.26485                                251.26485
              1       126.62264       60.007379     0.028758882      0.15002236      0.16647077     -0.32573014      -0.32573014       253.89674                                253.89674
              1       126.90452       60.007379     0.028758882      0.14891665      0.16690384     -0.32573014      -0.32573014       254.46049                                254.46049
              2       125.98757       60.007379     0.028758882      0.14669319      0.14980348     -0.32573014      -0.32573014        252.6266                                 252.6266
              4       125.02614       60.007379     0.028758882      0.15058652      0.15325667     -0.32573014      -0.32573014       250.70375                                250.70375
              1       124.81802       60.007379     0.028758882      0.15333263      0.15309576     -0.32573014      -0.32573014       250.28749                                250.28749
              1       126.36652       60.066895     0.028027226      0.15277543      0.15504253     -0.32573014      -0.32573014       253.38449                                253.38449
              2       126.37383       60.134706     0.029251138      0.15231666      0.15428409     -0.32573014      -0.32573014       253.39912                                253.39912
              3        127.4359       60.134706     0.029251138      0.16593688       0.1566913     -0.32573014      -0.32573014       255.52326                                255.52326
              1       127.64152       60.134706     0.029251138      0.15403424      0.14548974     -0.32573014      -0.32573014        255.9345                                 255.9345
              1       127.80097        60.14161     0.029154818      0.15396862      0.14573213     -0.32573014      -0.32573014       256.25339                                256.25339
              1       126.34958        60.14161     0.029154818      0.15661912      0.15614926     -0.32573014      -0.32573014       253.35063                                253.35063
              1       127.09602        60.14161     0.029154818      0.14917519      0.15967481     -0.32573014      -0.32573014       254.84349                                254.84349
              3       126.89871       60.031631     0.027445232      0.14994282      0.16050646     -0.32573014      -0.32573014       254.44888                                254.44888
              2        127.0943       60.031631     0.027445232      0.15237545      0.14855425     -0.32573014      -0.32573014       254.84006                                254.84006
              1       126.98027       60.031631     0.027445232      0.16372554      0.15702554     -0.32573014      -0.32573014         254.612                                  254.612
              3       126.56728       60.031631     0.027445232      0.15460298      0.16139191     -0.32573014      -0.32573014       253.78603                                253.78603
              1       128.33529       60.031631     0.027445232      0.16264293      0.14502078     -0.32573014      -0.32573014       257.32204                                257.32204
              3       126.54773       60.031631     0.027445232      0.15715662      0.16127955     -0.32573014      -0.32573014       253.74691                                253.74691
              7        129.0263       60.031631     0.027445232      0.14413405      0.14706693     -0.32573014      -0.32573014       258.70406                                258.70406
              2       130.72618       60.115741     0.028386807      0.14060775       0.1476066     -0.32573014      -0.32573014       262.10383                                262.10383
              1        131.6985       60.115741     0.028386807      0.13870746      0.14687765     -0.32573014      -0.32573014       264.04845                                264.04845
              2       131.61282       60.121646     0.028617379      0.13867812      0.14663224     -0.32573014      -0.32573014       263.87711                                263.87711
              1       126.87537       60.121646     0.028617379      0.15613865      0.15104218     -0.32573014      -0.32573014        254.4022                                 254.4022
              1       126.11137       60.124433     0.029726262      0.15621039      0.14947961     -0.32573014      -0.32573014        252.8742                                 252.8742
              1       125.68705       60.124433     0.029726262      0.15490954      0.15329664     -0.32573014      -0.32573014       252.02557                                252.02557
              2       128.08916       60.124433     0.029726262      0.14290638      0.14997715     -0.32573014      -0.32573014       256.82979                                256.82979
              3       128.15547       60.124433     0.029726262      0.14273503      0.14990689     -0.32573014      -0.32573014        256.9624                                 256.9624
              1       128.48939       60.144054     0.029816119      0.14331408      0.14844535     -0.32573014      -0.32573014       257.63024                                257.63024
              1       129.49947       60.185499     0.029583068      0.14294972       0.1494011     -0.32573014      -0.32573014       259.65039                                259.65039
              2       128.20433       60.185499     0.029583068      0.14510502      0.15687273     -0.32573014      -0.32573014       257.06012                                257.06012
              3       126.74667       60.070375     0.028838629        0.145998      0.15623136     -0.32573014      -0.32573014        254.1448                                 254.1448
              2       126.15561       60.070375     0.028838629      0.15943293      0.16139278     -0.32573014      -0.32573014       252.96269                                252.96269
              1       126.49922       60.070375     0.028838629       0.1523118      0.14787133     -0.32573014      -0.32573014        253.6499                                 253.6499
              1       126.65392       60.070375     0.028838629      0.15727732      0.14668408     -0.32573014      -0.32573014       253.95929                                253.95929
              3       125.86758       60.070375     0.028838629      0.15722876       0.1512474     -0.32573014      -0.32573014       252.38662                                252.38662
              4       125.75631       60.070375     0.028838629      0.15577242      0.15198043     -0.32573014      -0.32573014       252.16409                                252.16409
              5       124.18127        60.00549      0.02979851      0.15639377      0.14962337     -0.32573014      -0.32573014       249.01399                                249.01399
              3       124.23677        60.00549      0.02979851      0.15841778      0.15899138     -0.32573014      -0.32573014       249.12501                                249.12501
              2       124.89806        60.00549      0.02979851      0.16023917       0.1619931     -0.32573014      -0.32573014       250.44758                                250.44758
              4       123.95185        60.00549      0.02979851      0.15543408      0.15793371     -0.32573014      -0.32573014       248.55516                                248.55516
              7       124.31393       60.007522     0.029799331      0.15439835      0.14858079     -0.32573014      -0.32573014       249.27932                                249.27932
              3       124.12301       60.007522     0.029799331      0.15434055      0.14997486     -0.32573014      -0.32573014       248.89748                                248.89748
              1       124.72435       60.007522     0.029799331      0.14741581      0.15032854     -0.32573014      -0.32573014       250.10016                                250.10016
              3        125.5442       60.007522     0.029799331      0.14814969      0.14500416     -0.32573014      -0.32573014       251.73985                                251.73985
             10       126.20097       60.007522     0.029799331       0.1606133       0.1424772     -0.32573014      -0.32573014        253.0534                                 253.0534
              1        125.7032       60.007522     0.029799331      0.15187913      0.14284444     -0.32573014      -0.32573014       252.05785                                252.05785
              1       124.88817       60.007522     0.029799331      0.15975705      0.14727397     -0.32573014      -0.32573014       250.42779                                250.42779
              4        124.7907       60.007522     0.029799331      0.15187405       0.1630125     -0.32573014      -0.32573014       250.23287                                250.23287
              1       125.54707       60.007522     0.029799331      0.15092754      0.14364623     -0.32573014      -0.32573014        251.7456                                 251.7456
              3       125.01079       60.007522     0.029799331       0.1492362      0.14666754     -0.32573014      -0.32573014       250.67305                                250.67305
              1       125.47199       60.007522     0.029799331       0.1551956      0.16610248     -0.32573014      -0.32573014       251.59544                                251.59544
              6       125.58085       60.013306     0.029784448      0.15514627      0.16621033     -0.32573014      -0.32573014       251.81316                                251.81316
              1       124.01603       60.013306     0.029784448      0.15659031      0.15629405     -0.32573014      -0.32573014       248.68352                                248.68352
              1       124.14232       60.013306     0.029784448      0.15643913      0.15838031     -0.32573014      -0.32573014        248.9361                                 248.9361
              2       124.14792       60.008711     0.029705301      0.15647054      0.15842623     -0.32573014      -0.32573014       248.94731                                248.94731
              4        123.9512       60.008711     0.029705301      0.15346457      0.15491197     -0.32573014      -0.32573014       248.55387                                248.55387
              1       124.00095       60.008711     0.029705301      0.15233276      0.15442739     -0.32573014      -0.32573014       248.65337                                248.65337
              1       124.10517       60.008711     0.029705301      0.15134256       0.1530773     -0.32573014      -0.32573014       248.86181                                248.86181
              3       125.45513       60.008711     0.029705301      0.15617808      0.16565919     -0.32573014      -0.32573014       251.56172                                251.56172
              1       125.24334       60.008711     0.029705301      0.16167672       0.1475208     -0.32573014      -0.32573014       251.13813                                251.13813
              1       127.82282       60.008711     0.029705301       0.1451207      0.16956744     -0.32573014      -0.32573014        256.2971                                 256.2971
              1       127.40228       60.008711     0.029705301      0.15830751      0.17095694     -0.32573014      -0.32573014       255.45601                                255.45601
              1       127.86457       60.008711     0.029705301      0.15803267      0.17211398     -0.32573014      -0.32573014        256.3806                                 256.3806
              4       128.03435       60.016545     0.029665297      0.15796414      0.17228878     -0.32573014      -0.32573014       256.72017                                256.72017
              4       127.59678       60.005791     0.029891637      0.15807288      0.17180083     -0.32573014      -0.32573014       255.84501                                255.84501
              2       128.08254       60.005791     0.029891637      0.16040238      0.17226132     -0.32573014      -0.32573014       256.81654                                256.81654
              2       128.25761       60.005791     0.029891637      0.16029973      0.17268656     -0.32573014      -0.32573014       257.16668                                257.16668
              1       127.60713       60.005791     0.029891637      0.15142949      0.17194297     -0.32573014      -0.32573014       255.86572                                255.86572
              1       125.17014       60.005791     0.029891637      0.15293299      0.16523454     -0.32573014      -0.32573014       250.99174                                250.99174
              5       123.82085       60.005791     0.029891637      0.15653113      0.15311561     -0.32573014      -0.32573014       248.29316                                248.29316
              3       126.43914       60.005791     0.029891637      0.14167249      0.14763563     -0.32573014      -0.32573014       253.52973                                253.52973
              2       124.66099       60.005791     0.029891637      0.15438965      0.16324221     -0.32573014      -0.32573014       249.97344                                249.97344
              1        126.9671       60.066962      0.02868765      0.15377827      0.16589698     -0.32573014      -0.32573014       254.58565                                254.58565
              2       126.97431       60.066962      0.02868765      0.14919561      0.14790085     -0.32573014      -0.32573014       254.60008                                254.60008
              3       126.42519       60.066962      0.02868765       0.1597523      0.16249362     -0.32573014      -0.32573014       253.50185                                253.50185
              6       125.47011       60.041262     0.029339443      0.16002165      0.16116712     -0.32573014      -0.32573014       251.59167                                251.59167
              1       125.63884       60.041262     0.029339443      0.15948556      0.16257094     -0.32573014      -0.32573014       251.92915                                251.92915
              1        125.8059       60.041262     0.029339443      0.14621808      0.15796155     -0.32573014      -0.32573014       252.26327                                252.26327
              1       126.18455       60.069684     0.029491081      0.14599487       0.1581664     -0.32573014      -0.32573014       253.02056                                253.02056
              1        125.0865       60.069684     0.029491081      0.15697057      0.15735347     -0.32573014      -0.32573014       250.82445                                250.82445
              3       125.74362       60.069684     0.029491081      0.16216885      0.15863903     -0.32573014      -0.32573014        252.1387                                 252.1387
              1       125.63046       60.069684     0.029491081      0.15347695      0.16229016     -0.32573014      -0.32573014       251.91239                                251.91239
              5       125.91894       60.069684     0.029491081      0.15703119      0.16379198     -0.32573014      -0.32573014       252.48933                                252.48933
              1       126.40834       60.069684     0.029491081      0.14484756      0.15392363     -0.32573014      -0.32573014       253.46813                                253.46813
              2       125.61113       60.069684     0.029491081      0.15415146       0.1485808     -0.32573014      -0.32573014       251.87371                                251.87371
              2       125.23423       60.069684     0.029491081      0.15160909      0.15319576     -0.32573014      -0.32573014       251.11992                                251.11992
              3       125.25143       60.069684     0.029491081      0.15132819       0.1533755     -0.32573014      -0.32573014       251.15433                                251.15433
              1         125.855       60.069684     0.029491081      0.15146641      0.14814528     -0.32573014      -0.32573014       252.36146                                252.36146
              1       126.76422        60.05887     0.028808191      0.14985545      0.16429946     -0.32573014      -0.32573014        254.1799                                 254.1799
              1        127.6604       60.101987       0.0287281      0.14949029      0.16505888     -0.32573014      -0.32573014       255.97226                                255.97226
              1       129.92734       60.101987       0.0287281      0.16386185      0.17156696     -0.32573014      -0.32573014       260.50615                                260.50615
              3       130.59043       60.101987       0.0287281      0.16576391      0.17215353     -0.32573014      -0.32573014       261.83232                                261.83232
              1       127.34571       60.101987       0.0287281      0.16522928      0.15910416     -0.32573014      -0.32573014       255.34289                                255.34289
              2       127.10692       60.101987       0.0287281      0.14950706      0.15016648     -0.32573014      -0.32573014        254.8653                                 254.8653
              1       127.48993       60.101987       0.0287281      0.14802032      0.14946719     -0.32573014      -0.32573014       255.63133                                255.63133
              1       127.57739       60.114375     0.028880075      0.14793038      0.14943223     -0.32573014      -0.32573014       255.80624                                255.80624
              1       126.33845       60.114375     0.028880075      0.15384058      0.15897307     -0.32573014      -0.32573014       253.32836                                253.32836
              2       126.58657       60.114375     0.028880075       0.1614367      0.15486973     -0.32573014      -0.32573014       253.82459                                253.82459
              3       125.70791       60.093806      0.02975525      0.16168252      0.15329666     -0.32573014      -0.32573014       252.06728                                252.06728
              3       125.63992       60.093806      0.02975525      0.15937311      0.15063291     -0.32573014      -0.32573014        251.9313                                 251.9313
              2       125.87929       60.093806      0.02975525      0.14907224       0.1510414     -0.32573014      -0.32573014       252.41004                                252.41004
              2       125.53165       60.093806      0.02975525      0.14977696      0.15650299     -0.32573014      -0.32573014       251.71476                                251.71476
              1       127.46494       60.093806      0.02975525      0.14920912      0.16769399     -0.32573014      -0.32573014       255.58134                                255.58134
              1       125.47169       60.093806      0.02975525       0.1575416      0.16025198     -0.32573014      -0.32573014       251.59484                                251.59484
              1       126.27049       60.093806      0.02975525       0.1594854      0.16408626     -0.32573014      -0.32573014       253.19244                                253.19244
              2       125.96198       60.093806      0.02975525      0.14781118      0.15855585     -0.32573014      -0.32573014       252.57541                                252.57541
              1       128.72594       60.093806      0.02975525      0.15780244      0.13880561     -0.32573014      -0.32573014       258.10334                                258.10334
              1       127.03092       60.093806      0.02975525      0.16642599      0.15042094     -0.32573014      -0.32573014       254.71329                                254.71329
              2       127.38033       60.140763     0.028810461      0.15979745      0.16328479     -0.32573014      -0.32573014       255.41211                                255.41211
              1       127.45784       60.050797     0.028141109       0.1603965      0.16614849     -0.32573014      -0.32573014       255.56714                                255.56714
              1        127.8338       60.050797     0.028141109      0.15885772      0.16803575     -0.32573014      -0.32573014       256.31906                                256.31906
              3       126.79805       60.050797     0.028141109      0.15448474      0.16440581     -0.32573014      -0.32573014       254.24756                                254.24756
              1       126.18878       60.050797     0.028141109      0.15819395      0.16025039     -0.32573014      -0.32573014       253.02902                                253.02902
              1       126.03844       60.001135     0.027586118      0.16112552      0.15462018     -0.32573014      -0.32573014       252.72833                                252.72833
              2       127.31723       60.117676     0.029166174      0.16603991      0.15677655     -0.32573014      -0.32573014       255.28592                                255.28592
              1       126.87668       60.117676     0.029166174      0.16392911      0.15820966     -0.32573014      -0.32573014       254.40482                                254.40482
              1       127.75731       60.117676     0.029166174      0.16762821      0.15636291     -0.32573014      -0.32573014       256.16608                                256.16608
              1       129.26164       60.114794     0.028422229      0.17064219      0.15761606     -0.32573014      -0.32573014       259.17474                                259.17474
              1       129.08847       60.114794     0.028422229      0.16984677      0.15963106     -0.32573014      -0.32573014       258.82839                                258.82839
              4        130.2488       60.258865     0.029429262      0.17021661      0.16096594     -0.32573014      -0.32573014       261.14906                                261.14906
              1       127.99535       60.258865     0.029429262      0.15756065       0.1606706     -0.32573014      -0.32573014       256.64217                                256.64217
              1       128.15222       60.284302     0.029677902      0.15754076      0.16089898     -0.32573014      -0.32573014       256.95591                                256.95591
              3       128.35304       60.284302     0.029677902      0.16214622      0.15908036     -0.32573014      -0.32573014       257.35754                                257.35754
              1       127.36921       60.207984     0.029499967       0.1615228      0.15833658     -0.32573014      -0.32573014       255.38988                                255.38988
              4       127.27905       60.207984     0.029499967      0.15190169      0.15671058     -0.32573014      -0.32573014       255.20956                                255.20956
              1       127.42703       60.207984     0.029499967      0.15104902      0.15493365     -0.32573014      -0.32573014       255.50551                                255.50551
              2       125.39776         60.0801     0.029765155      0.14932695      0.15362924     -0.32573014      -0.32573014       251.44697                                251.44697
              1       126.38839         60.0801     0.029765155      0.14663358       0.1619231     -0.32573014      -0.32573014       253.42824                                253.42824
              1        127.9577         60.0801     0.029765155       0.1401512       0.1588962     -0.32573014      -0.32573014       256.56686                                256.56686
              1       127.90906         60.0801     0.029765155      0.14027828      0.15889511     -0.32573014      -0.32573014       256.46959                                256.46959
              1       128.21395       60.084441     0.029331694      0.14084714      0.15898316     -0.32573014      -0.32573014       257.07935                                257.07935
              2       126.00996       60.084441     0.029331694      0.15418455      0.16277139     -0.32573014      -0.32573014       252.67137                                252.67137
              4       126.49514       60.084441     0.029331694      0.16490146      0.15531671     -0.32573014      -0.32573014       253.64174                                253.64174
              1       127.31116       60.129062     0.029193649      0.16555705      0.15577653     -0.32573014      -0.32573014       255.27379                                255.27379
              2        127.5089       60.129062     0.029193649      0.15125679       0.1655088     -0.32573014      -0.32573014       255.66925                                255.66925
              2       127.56562       60.101143      0.02851611      0.15176519      0.16529986     -0.32573014      -0.32573014        255.7827                                 255.7827
              1       127.25509       60.101143      0.02851611      0.15176662      0.16381554     -0.32573014      -0.32573014       255.16163                                255.16163
              1       127.39556       60.101143      0.02851611      0.15749451      0.16545108     -0.32573014      -0.32573014       255.44258                                255.44258
              2       126.98639       60.067379     0.028393666      0.15727128      0.16512653     -0.32573014      -0.32573014       254.62423                                254.62423
              3       126.69068       60.067379     0.028393666      0.15685458      0.14820259     -0.32573014      -0.32573014       254.03282                                254.03282
              1       127.15663       60.018433      0.02717652      0.15778114      0.14783931     -0.32573014      -0.32573014       254.96472                                254.96472
              1       127.82894       60.018433      0.02717652      0.14507927      0.15866065     -0.32573014      -0.32573014       256.30934                                256.30934
              3       129.88636       60.018433      0.02717652      0.13998594      0.15064098     -0.32573014      -0.32573014       260.42419                                260.42419
              2       130.38606       60.057682     0.027248726      0.14032976      0.15102548     -0.32573014      -0.32573014       261.42357                                261.42357
              1        129.0075       60.057682     0.027248726      0.14312324      0.15476425     -0.32573014      -0.32573014       258.66647                                258.66647
              2       129.14922       60.057682     0.027248726      0.14264469      0.15765213     -0.32573014      -0.32573014       258.94989                                258.94989
              6       129.15988       60.057682     0.027248726      0.16864195      0.15046158     -0.32573014      -0.32573014       258.97121                                258.97121
              3       127.47529       60.057682     0.027248726      0.16369529      0.15782293     -0.32573014      -0.32573014       255.60205                                255.60205
              2       127.12854       60.053658     0.027060175      0.15531277      0.15206443     -0.32573014      -0.32573014       254.90854                                254.90854
              2       127.63089       60.149964     0.028084253      0.15513801      0.15292055     -0.32573014      -0.32573014       255.91324                                255.91324
              2       127.54592       60.149964     0.028084253      0.15374719      0.15523122     -0.32573014      -0.32573014       255.74331                                255.74331
              1        127.5856       60.149964     0.028084253      0.15317909      0.15541275     -0.32573014      -0.32573014       255.82267                                255.82267
              1       127.56257       60.149964     0.028084253      0.15339044       0.1555396     -0.32573014      -0.32573014        255.7766                                 255.7766
              1       125.68053       60.048165     0.028576005      0.15168215      0.15447232     -0.32573014      -0.32573014       252.01252                                252.01252
              1       125.54945       60.048165     0.028576005      0.15748253      0.15426208     -0.32573014      -0.32573014       251.75036                                251.75036
              3       128.83408       60.222333     0.028047924      0.16030073      0.16174987     -0.32573014      -0.32573014       258.31963                                258.31963
              4       128.97889       60.222333     0.028047924      0.16340234      0.15840525     -0.32573014      -0.32573014       258.60925                                258.60925
              1       129.87007       60.222333     0.028047924       0.1526596      0.14835207     -0.32573014      -0.32573014        260.3916                                 260.3916
              1       131.43503       60.223711     0.028564718      0.15663141      0.14100673     -0.32573014      -0.32573014       263.52152                                263.52152
              5       130.47935       60.163845     0.028650002        0.155872      0.14040011     -0.32573014      -0.32573014       261.61017                                261.61017
              4       127.68616       60.163845     0.028650002      0.15570995      0.16345182     -0.32573014      -0.32573014       256.02378                                256.02378
              5       127.99848       60.163845     0.028650002      0.15298073      0.16434126     -0.32573014      -0.32573014       256.64842                                256.64842
              1       126.61069       60.078531      0.02883249      0.15182521      0.16347049     -0.32573014      -0.32573014       253.87284                                253.87284
              4       126.18901       60.078531      0.02883249      0.15166257      0.16065826     -0.32573014      -0.32573014       253.02949                                253.02949
              4       126.15368       60.081261      0.02893398      0.15157048      0.16067505     -0.32573014      -0.32573014       252.95882                                252.95882
              1       128.63892       60.081261      0.02893398      0.15458228      0.14046786     -0.32573014      -0.32573014       257.92929                                257.92929
              2       127.90694       60.081261      0.02893398      0.15847601      0.16893128     -0.32573014      -0.32573014       256.46534                                256.46534
              2       127.45522       60.081261      0.02893398      0.16445825       0.1638775     -0.32573014      -0.32573014        255.5619                                 255.5619
              3       126.95596       60.081261      0.02893398      0.16555634      0.15782835     -0.32573014      -0.32573014       254.56339                                254.56339
              1       126.19541       60.081261      0.02893398      0.16206996      0.15699446     -0.32573014      -0.32573014       253.04229                                253.04229
              2       125.95466       60.081261      0.02893398      0.16048973      0.15531571     -0.32573014      -0.32573014       252.56078                                252.56078
              1       125.26526       60.042576     0.029056224      0.15991827      0.15491679     -0.32573014      -0.32573014       251.18197                                251.18197
              4       125.03161       60.042576     0.029056224      0.15698493      0.15446185     -0.32573014      -0.32573014       250.71468                                250.71468
              1       125.33068       60.042576     0.029056224      0.15529236      0.16071186     -0.32573014      -0.32573014       251.31283                                251.31283
              1       125.37735       60.042576     0.029056224      0.15087787      0.15896918     -0.32573014      -0.32573014       251.40616                                251.40616
              4       125.03172       60.042576     0.029056224      0.15371345      0.15678534     -0.32573014      -0.32573014        250.7149                                 250.7149
              1        125.0632       60.042576     0.029056224      0.15578697      0.15292256     -0.32573014      -0.32573014       250.77786                                250.77786
              2       127.47503       60.042576     0.029056224      0.14707919      0.14397604     -0.32573014      -0.32573014       255.60151                                255.60151
              3       127.68628       60.042576     0.029056224      0.14078419      0.15741914     -0.32573014      -0.32573014       256.02402                                256.02402
              1       126.80653       60.042576     0.029056224       0.1434125      0.15741548     -0.32573014      -0.32573014       254.26452                                254.26452
              2       126.35177       60.042576     0.029056224      0.15393849      0.16579526     -0.32573014      -0.32573014       253.35501                                253.35501
              1       125.84619       60.042576     0.029056224      0.14843265      0.15071843     -0.32573014      -0.32573014       252.34384                                252.34384
              1        125.9077        60.06746     0.029426687      0.14826022      0.15092873     -0.32573014      -0.32573014       252.46686                                252.46686
              1       127.03398        60.06746     0.029426687       0.1427043      0.15570674     -0.32573014      -0.32573014       254.71942                                254.71942
              3       126.61532        60.06746     0.029426687      0.14410008      0.15490582     -0.32573014      -0.32573014        253.8821                                 253.8821
              3       127.57436       60.079071      0.02750802      0.16032367      0.15010552     -0.32573014      -0.32573014       255.80018                                255.80018
              3        127.3506       60.099384     0.028033864      0.15991422      0.15025415     -0.32573014      -0.32573014       255.35266                                255.35266
              1        128.0405       60.130613     0.027807752      0.16052877      0.15058932     -0.32573014      -0.32573014       256.73245                                256.73245
              5       127.61255       60.130613     0.027807752      0.15546655      0.16127181     -0.32573014      -0.32573014       255.87657                                255.87657
              4       127.75123       60.130613     0.027807752      0.15860627      0.16217167     -0.32573014      -0.32573014       256.15392                                256.15392
              4       124.13822       60.004779      0.02994653      0.15465372      0.16069453     -0.32573014      -0.32573014        248.9279                                 248.9279
              5       124.40856       60.004779      0.02994653      0.16199774      0.15472077     -0.32573014      -0.32573014       249.46859                                249.46859
              1       124.57654       60.004779      0.02994653      0.15832418      0.16212334     -0.32573014      -0.32573014       249.80455                                249.80455
              5       124.45219       60.004779      0.02994653      0.15183182      0.16204897     -0.32573014      -0.32573014       249.55584                                249.55584
              2       125.69143       60.004779      0.02994653      0.14941457       0.1662472     -0.32573014      -0.32573014       252.03432                                252.03432
              2       124.55781       60.004779      0.02994653       0.1562413      0.14645112     -0.32573014      -0.32573014       249.76709                                249.76709
              4        124.9174       60.008453     0.029367549      0.15353875      0.14760419     -0.32573014      -0.32573014       250.48625                                250.48625
              2       125.26909       60.036769     0.029425642      0.15377959      0.14788098     -0.32573014      -0.32573014       251.18965                                251.18965
              1       127.16779       60.036769     0.029425642      0.16210983      0.14277409     -0.32573014      -0.32573014       254.98703                                254.98703
              2       127.19993       60.036769     0.029425642      0.16907562      0.15774848     -0.32573014      -0.32573014       255.05132                                255.05132
              7       127.47259       60.028817     0.029058902      0.16942937      0.15770689     -0.32573014      -0.32573014       255.59665                                255.59665
              3        127.5042       60.028817     0.029058902      0.16963086      0.15684782     -0.32573014      -0.32573014       255.65986                                255.65986
              3       125.91545       60.028817     0.029058902      0.16149114       0.1623011     -0.32573014      -0.32573014       252.48237                                252.48237
              2       125.64184       60.028817     0.029058902      0.14750301      0.15208318     -0.32573014      -0.32573014       251.93513                                251.93513
              1       125.60199       60.063116     0.029726343      0.15673999      0.14700096     -0.32573014      -0.32573014       251.85544                                251.85544
              5       125.26753       60.063116     0.029726343      0.15245836      0.16141691     -0.32573014      -0.32573014       251.18653                                251.18653
              2       125.33207       60.063116     0.029726343      0.15275468       0.1619321     -0.32573014      -0.32573014        251.3156                                 251.3156
              1       125.11763       60.063116     0.029726343      0.15170775       0.1598907     -0.32573014      -0.32573014       250.88672                                250.88672
              5       125.03574       60.063116     0.029726343      0.16003254      0.15423127     -0.32573014      -0.32573014       250.72295                                250.72295
              3       127.11882       60.063116     0.029726343      0.16296034      0.14393576     -0.32573014      -0.32573014        254.8891                                 254.8891
              2       126.27153       60.063116     0.029726343      0.16074683      0.14569786     -0.32573014      -0.32573014       253.19452                                253.19452
              3       124.86227       60.063116     0.029726343      0.15784178      0.15739844     -0.32573014      -0.32573014         250.376                                  250.376
              2        125.2524       60.063116     0.029726343      0.15602715      0.16178535     -0.32573014      -0.32573014       251.15626                                251.15626
              1       125.34342       60.063116     0.029726343      0.15680476      0.16216461     -0.32573014      -0.32573014       251.33829                                251.33829
              5       125.48206       60.063116     0.029726343      0.15713428        0.162838     -0.32573014      -0.32573014       251.61557                                251.61557
              4       126.30662       60.063116     0.029726343      0.14405446      0.15740317     -0.32573014      -0.32573014       253.26471                                253.26471
              2       126.31896       60.063116     0.029726343      0.14402527      0.15747886     -0.32573014      -0.32573014       253.28939                                253.28939
              1       126.82374        60.06339     0.029114099       0.1444049       0.1576767     -0.32573014      -0.32573014       254.29893                                254.29893
              1       126.98563        60.06339     0.029114099      0.14365677      0.15547905     -0.32573014      -0.32573014       254.62272                                254.62272
              2       125.76061        60.06339     0.029114099      0.16141503      0.15338322     -0.32573014      -0.32573014       252.17269                                252.17269
              1       129.92086       60.261063     0.027792659       0.1643842       0.1558161     -0.32573014      -0.32573014       260.49318                                260.49318
              1       129.87912       60.261063     0.027792659      0.16430596      0.15639294     -0.32573014      -0.32573014       260.40971                                260.40971
              4       130.33009       60.261063     0.027792659      0.14941842      0.16092717     -0.32573014      -0.32573014       261.31165                                261.31165
              1       129.76884       60.234763     0.027997223      0.14900569      0.16059432     -0.32573014      -0.32573014       260.18914                                260.18914
              1       129.81896       60.224148     0.027754229      0.14903939       0.1605637     -0.32573014      -0.32573014       260.28939                                260.28939
              1       131.83632       60.224148     0.027754229      0.17258963      0.16133299     -0.32573014      -0.32573014       264.32411                                264.32411
              1       131.94472       60.224148     0.027754229      0.17255211      0.16250912     -0.32573014      -0.32573014       264.54089                                264.54089
              1       129.77126       60.224148     0.027754229      0.15170756      0.16432071     -0.32573014      -0.32573014       260.19397                                260.19397
              2       128.90821       60.224148     0.027754229      0.15529628      0.15972244     -0.32573014      -0.32573014       258.46789                                258.46789
              1       130.05552       60.224148     0.027754229      0.15800675      0.16777215     -0.32573014      -0.32573014        260.7625                                 260.7625
              1       129.60933       60.189921     0.027662976      0.15768953      0.16745287     -0.32573014      -0.32573014       259.87011                                259.87011
              1       129.28242       60.189921     0.027662976      0.16560222       0.1592642     -0.32573014      -0.32573014        259.2163                                 259.2163
              2       129.47334       60.189921     0.027662976      0.16629091      0.15999222     -0.32573014      -0.32573014       259.59814                                259.59814
              2       129.87338       60.189921     0.027662976      0.16794117      0.15524615     -0.32573014      -0.32573014       260.39822                                260.39822
              1       128.27223       60.180567      0.02834959      0.15564789      0.16414561     -0.32573014      -0.32573014       257.19593                                257.19593
              1       129.35747       60.180567      0.02834959      0.14519109      0.15754514     -0.32573014      -0.32573014        259.3664                                 259.3664
              6       129.64594       60.142857     0.027365946      0.14538487      0.15747471     -0.32573014      -0.32573014       259.94333                                259.94333
              1       127.77722       60.054668     0.028091526      0.14397653      0.15634598     -0.32573014      -0.32573014        256.2059                                 256.2059
              2       126.70397       60.054668     0.028091526      0.15142509      0.14991526     -0.32573014      -0.32573014        254.0594                                 254.0594
              1       127.62345       60.054668     0.028091526      0.15439389       0.1447197     -0.32573014      -0.32573014       255.89836                                255.89836
              1       127.41256       60.054668     0.028091526      0.15442455      0.14548171     -0.32573014      -0.32573014       255.47658                                255.47658
              1       128.57972       60.043115     0.026632164      0.15519631      0.14582907     -0.32573014      -0.32573014       257.81089                                257.81089
              2       128.07354       60.043115     0.026632164      0.15377737      0.14820396     -0.32573014      -0.32573014       256.79853                                256.79853
              2       127.81204       60.043115     0.026632164      0.15430088      0.16404735     -0.32573014      -0.32573014       256.27553                                256.27553
              1       127.70251       60.034556     0.026609944      0.15422119      0.16396732     -0.32573014      -0.32573014       256.05648                                256.05648
              2       128.22574       60.043169     0.026133434      0.15460828      0.16420678     -0.32573014      -0.32573014       257.10294                                257.10294
              1       128.71062       60.043169     0.026133434      0.16187391       0.1652712     -0.32573014      -0.32573014       258.07271                                258.07271
              1       129.26477       60.043169     0.026133434       0.1615363      0.16775504     -0.32573014      -0.32573014       259.18101                                259.18101
              1        127.7729       60.043169     0.026133434      0.15326531      0.15399006     -0.32573014      -0.32573014       256.19726                                256.19726
              2       128.44269       60.066334     0.025759836      0.15374783      0.15434486     -0.32573014      -0.32573014       257.53684                                257.53684
              4       128.43682       60.066334     0.025759836      0.15361351      0.15458834     -0.32573014      -0.32573014       257.52509                                257.52509
              1        129.2277       60.066334     0.025759836      0.15559993      0.14837671     -0.32573014      -0.32573014       259.10686                                259.10686
              1         128.379       60.066334     0.025759836      0.15799955      0.15347611     -0.32573014      -0.32573014       257.40946                                257.40946
              1       128.58706       60.066334     0.025759836      0.15775393      0.15170806     -0.32573014      -0.32573014       257.82558                                257.82558
              1       125.70957       60.100892     0.029544331      0.15580271      0.15085408     -0.32573014      -0.32573014        252.0706                                 252.0706
              1       126.16949       60.100892     0.029544331      0.16192317      0.15997704     -0.32573014      -0.32573014       252.99044                                252.99044
              1       126.08893       60.100892     0.029544331      0.15896286      0.16215296     -0.32573014      -0.32573014       252.82932                                252.82932
              3       128.00133       60.140146     0.027973055      0.16035767      0.16305307     -0.32573014      -0.32573014       256.65412                                256.65412
              2       128.45014       60.140146     0.027973055      0.14776311      0.15953021     -0.32573014      -0.32573014       257.55174                                257.55174
              1       128.46924       60.140146     0.027973055      0.15184593      0.16497198     -0.32573014      -0.32573014       257.58994                                257.58994
              4       126.59551       60.018491     0.028072538      0.15045771       0.1637021     -0.32573014      -0.32573014       253.84248                                253.84248
              1       126.74578       60.018491     0.028072538      0.14946138      0.16374786     -0.32573014      -0.32573014       254.14302                                254.14302
              1       126.44794       60.018491     0.028072538      0.15713013      0.16439171     -0.32573014      -0.32573014       253.54734                                253.54734
              5       125.87697       60.076587     0.029837743      0.15667791      0.16442063     -0.32573014      -0.32573014        252.4054                                 252.4054
              3       128.80998       60.073119     0.029156981       0.1562371      0.17224748     -0.32573014      -0.32573014       258.27141                                258.27141
              2       131.38786       60.076192     0.028155079      0.15426413      0.17634961     -0.32573014      -0.32573014       263.42719                                263.42719
              2       131.88666       60.109006     0.028155589      0.15462175      0.17668342     -0.32573014      -0.32573014       264.42479                                264.42479
              1       131.13824       60.076057      0.02848349      0.15406062      0.17624361     -0.32573014      -0.32573014       262.92793                                262.92793
              1       130.81113       60.048321     0.027997944      0.15373482      0.17553732     -0.32573014      -0.32573014       262.27372                                262.27372
              3       129.07284       60.048321     0.027997944       0.1622657      0.17033274     -0.32573014      -0.32573014       258.79713                                258.79713
              1        129.4851       60.079997     0.028091905      0.16255341      0.17062519     -0.32573014      -0.32573014       259.62165                                259.62165
              1       127.05085       60.079997     0.028091905      0.15706411      0.16363382     -0.32573014      -0.32573014       254.75316                                254.75316
              6       126.99857       60.079997     0.028091905      0.15748488      0.16327212     -0.32573014      -0.32573014        254.6486                                 254.6486
              1       126.46538       60.079997     0.028091905      0.15840409      0.15452371     -0.32573014      -0.32573014       253.58221                                253.58221
              2       126.39723       60.079997     0.028091905       0.1542962      0.15653163     -0.32573014      -0.32573014       253.44592                                253.44592
              1       126.37916       60.080276     0.028117752      0.15428335      0.15652624     -0.32573014      -0.32573014       253.40977                                253.40977
              2       128.27327       60.080276     0.028117752      0.15722916      0.14391856     -0.32573014      -0.32573014         257.198                                  257.198
              1       127.08319       60.080276     0.028117752      0.15704353       0.1638922     -0.32573014      -0.32573014       254.81784                                254.81784
              1       126.40546       60.080276     0.028117752      0.15384311      0.15564122     -0.32573014      -0.32573014       253.46238                                253.46238
              3       127.18131       60.198058     0.029217038      0.15445162      0.15648977     -0.32573014      -0.32573014       255.01409                                255.01409
              3       127.35287       60.198058     0.029217038      0.15251371      0.15805223     -0.32573014      -0.32573014       255.35719                                255.35719
              1       126.37978        60.10743     0.028807018      0.15177737      0.15726046     -0.32573014      -0.32573014       253.41103                                253.41103
              1       127.86574        60.10743     0.028807018      0.14572377      0.15057053     -0.32573014      -0.32573014       256.38294                                256.38294
              1        128.1064        60.10743     0.028807018      0.15207793      0.14427921     -0.32573014      -0.32573014       256.86426                                256.86426
              3       127.12858        60.10743     0.028807018      0.15175973      0.14836571     -0.32573014      -0.32573014       254.90862                                254.90862
              2        126.3883        60.10743     0.028807018      0.15815922      0.15995032     -0.32573014      -0.32573014       253.42807                                253.42807
              2       128.70347        60.10743     0.028807018       0.1603532      0.16970512     -0.32573014      -0.32573014       258.05841                                258.05841
              2       127.76971        60.10743     0.028807018      0.15520074      0.14480554     -0.32573014      -0.32573014       256.19087                                256.19087
              1       124.22539        60.01301     0.029484316      0.15466677      0.15672073     -0.32573014      -0.32573014       249.10224                                249.10224
              1       124.46756        60.01301     0.029484316      0.15276441      0.15924514     -0.32573014      -0.32573014       249.58657                                249.58657
              1        125.0304       60.023485     0.028986778      0.15318475      0.15951026     -0.32573014      -0.32573014       250.71225                                250.71225
              2       124.85548       60.023485     0.028986778      0.15495208      0.15803112     -0.32573014      -0.32573014       250.36242                                250.36242
              2       124.48066       60.012864      0.02954391      0.15330804      0.15998284     -0.32573014      -0.32573014       249.61279                                249.61279
              2       124.99637       60.012864      0.02954391      0.15257859      0.16291838     -0.32573014      -0.32573014        250.6442                                 250.6442
              1       125.30796       60.039664     0.029643859      0.15280944      0.16315931     -0.32573014      -0.32573014       251.26739                                251.26739
              1       126.09722       60.039664     0.029643859      0.15821524      0.16609101     -0.32573014      -0.32573014       252.84589                                252.84589
              4       126.23779       60.039664     0.029643859      0.14640474      0.16348597     -0.32573014      -0.32573014       253.12705                                253.12705
              1       126.43775       60.039664     0.029643859      0.14332507      0.15023424     -0.32573014      -0.32573014       253.52696                                253.52696
              4       125.36153       60.039664     0.029643859       0.1491696      0.14873613     -0.32573014      -0.32573014       251.37453                                251.37453
              1       125.61222       60.039664     0.029643859      0.15423102       0.1454501     -0.32573014      -0.32573014       251.87591                                251.87591
              1       126.07147       60.039664     0.029643859        0.149793      0.14491277     -0.32573014      -0.32573014       252.79441                                252.79441
              1       126.68511       60.039664     0.029643859      0.15004863      0.14264439     -0.32573014      -0.32573014       254.02167                                254.02167
              7       127.24131       60.039664     0.029643859      0.15040636      0.14086122     -0.32573014      -0.32573014       255.13407                                255.13407
              4       124.90196       60.039664     0.029643859      0.15071424      0.15069082     -0.32573014      -0.32573014       250.45538                                250.45538
              1       125.09776       60.042925     0.029471567       0.1508558       0.1507789     -0.32573014      -0.32573014       250.84697                                250.84697
              2       125.13792       60.042925     0.029471567      0.16049264      0.15209053     -0.32573014      -0.32573014        250.9273                                 250.9273
              1        124.8631       60.042925     0.029471567      0.15910748      0.15402949     -0.32573014      -0.32573014       250.37766                                250.37766
              3       124.88226       60.042555     0.029443417      0.15912077      0.15403469     -0.32573014      -0.32573014       250.41598                                250.41598
              1       125.06718        60.07365     0.029755998      0.15926765      0.15425159     -0.32573014      -0.32573014       250.78582                                250.78582
              2        125.5335        60.07365     0.029755998      0.15015402      0.14982971     -0.32573014      -0.32573014       251.71845                                251.71845
              2        126.0813        60.07365     0.029755998      0.15136708      0.14614154     -0.32573014      -0.32573014       252.81406                                252.81406
              1       125.13736        60.07365     0.029755998      0.15026661      0.15505432     -0.32573014      -0.32573014       250.92619                                250.92619
              2       125.56158        60.07365     0.029755998      0.16268486      0.15547321     -0.32573014      -0.32573014       251.77461                                251.77461
              3       126.36632       60.065632     0.028699816      0.16324715      0.15572809     -0.32573014      -0.32573014       253.38411                                253.38411
              1        126.8023       60.065632     0.028699816      0.14916881      0.16301715     -0.32573014      -0.32573014       254.25605                                254.25605
              1       125.90128       60.065632     0.028699816      0.15480185      0.15118977     -0.32573014      -0.32573014       252.45403                                252.45403
              1       126.61021       60.065632     0.028699816      0.16318357      0.15131231     -0.32573014      -0.32573014       253.87188                                253.87188
              2       129.93886       60.139808     0.026679084       0.1651923      0.16495439     -0.32573014      -0.32573014       260.52917                                260.52917
              2        128.7383       60.139808     0.026679084      0.15927204      0.16179494     -0.32573014      -0.32573014       258.12805                                258.12805
              2       128.96766       60.139808     0.026679084      0.16134671      0.16242734     -0.32573014      -0.32573014       258.58678                                258.58678
              2       128.07676       60.011939     0.025455548      0.16070462      0.16151572     -0.32573014      -0.32573014       256.80498                                256.80498
              4       128.19889       60.011939     0.025455548        0.150224      0.15599507     -0.32573014      -0.32573014       257.04924                                257.04924
              1        132.0582       60.011939     0.025455548      0.14634691       0.1415128     -0.32573014      -0.32573014       264.76787                                264.76787
              1       130.05346       60.011939     0.025455548      0.14591004      0.16551278     -0.32573014      -0.32573014       260.75839                                260.75839
              5       129.76979       60.004791     0.025783011      0.16205284      0.16986056     -0.32573014      -0.32573014       260.19104                                260.19104
              2       129.42239       60.002402     0.025563994      0.16294686      0.16790378     -0.32573014      -0.32573014       259.49623                                259.49623
              2       129.07485       60.002402     0.025563994      0.15784917       0.1683877     -0.32573014      -0.32573014       258.80116                                258.80116
              1       129.33613       60.065172     0.026412763      0.15801171      0.16875615     -0.32573014      -0.32573014       259.32373                                259.32373
              5       127.61061       60.065172     0.026412763      0.15564891      0.15796303     -0.32573014      -0.32573014       255.87268                                255.87268
              3       127.31666       60.059104     0.027423172       0.1608167      0.15064596     -0.32573014      -0.32573014       255.28478                                255.28478
              1       127.75474       60.059104     0.027423172      0.14681053      0.15648444     -0.32573014      -0.32573014       256.16093                                256.16093
              2       126.66699        60.02112     0.028074062      0.14599577      0.15589047     -0.32573014      -0.32573014       253.98545                                253.98545
              1        126.8825       60.056759     0.028423905       0.1461693      0.15614174     -0.32573014      -0.32573014       254.41645                                254.41645
              5       125.55877       60.009921     0.029219555      0.14516892      0.15541155     -0.32573014      -0.32573014       251.76901                                251.76901
              1       124.83042       60.009921     0.029219555      0.14880162      0.15480964     -0.32573014      -0.32573014       250.31229                                250.31229
              1       125.48908       60.075344     0.029545863      0.14931451      0.15537155     -0.32573014      -0.32573014       251.62961                                251.62961
              1       125.43763       60.075344     0.029545863      0.15715575      0.15017182     -0.32573014      -0.32573014       251.52672                                251.52672
              1        124.6287       60.016081     0.029492008      0.15647765      0.14956262     -0.32573014      -0.32573014       249.90886                                249.90886
              1       124.86292       60.015713     0.029198258      0.15667251      0.14980107     -0.32573014      -0.32573014        250.3773                                 250.3773
              2       125.02637       60.015713     0.029198258      0.16088321      0.15795821     -0.32573014      -0.32573014       250.70419                                250.70419
              1        125.8588       60.015713     0.029198258      0.16414097      0.16000896     -0.32573014      -0.32573014       252.36906                                252.36906
              1       125.78148       60.015696     0.029281246      0.16408446      0.15994027     -0.32573014      -0.32573014       252.21442                                252.21442
              2       124.74804       60.015696     0.029281246      0.15818489      0.15915652     -0.32573014      -0.32573014       250.14754                                250.14754
              2       124.52393       60.015696     0.029281246       0.1575767      0.15668609     -0.32573014      -0.32573014       249.69932                                249.69932
              3       124.54344       60.015696     0.029281246      0.15340084      0.15815762     -0.32573014      -0.32573014       249.73834                                249.73834
              1       124.54001       60.015696     0.029281246      0.15810884      0.15588467     -0.32573014      -0.32573014       249.73147                                249.73147
              2       125.82937       60.032759     0.028099508      0.15911633      0.15704846     -0.32573014      -0.32573014        252.3102                                 252.3102
              2        126.5093       60.032759     0.028099508      0.15488325       0.1476354     -0.32573014      -0.32573014       253.67006                                253.67006
              3       126.29454       60.050166     0.028276102      0.15450225      0.14949372     -0.32573014      -0.32573014       253.24055                                253.24055
              1       128.11828       60.050166     0.028276102      0.16912238      0.15805461     -0.32573014      -0.32573014       256.88801                                256.88801
              1       128.44024       60.050166     0.028276102      0.16970931      0.15963104     -0.32573014      -0.32573014       257.53193                                257.53193
              1        126.9416       60.050166     0.028276102      0.15530826      0.16559389     -0.32573014      -0.32573014       254.53466                                254.53466
              2       126.99972       60.050166     0.028276102      0.15526833      0.16582787     -0.32573014      -0.32573014        254.6509                                 254.6509
              1       126.35113       60.053098     0.028318995      0.16097947      0.15163791     -0.32573014      -0.32573014       253.35372                                253.35372
              1       127.08417       60.053098     0.028318995      0.14583015      0.15838857     -0.32573014      -0.32573014       254.81981                                254.81981
              1       129.19631       60.011719     0.028742252      0.13739255      0.14968598     -0.32573014      -0.32573014       259.04407                                259.04407
              4       129.14737       60.011719     0.028742252      0.13755568      0.14951614     -0.32573014      -0.32573014        258.9462                                 258.9462
              3       126.50651       60.011719     0.028742252      0.15087978      0.14446439     -0.32573014      -0.32573014       253.66448                                253.66448
              2       125.94416       60.011719     0.028742252      0.15073864      0.14684147     -0.32573014      -0.32573014       252.53978                                252.53978
              5       125.57575       60.011719     0.028742252      0.16289786      0.15497382     -0.32573014      -0.32573014       251.80296                                251.80296
              1       125.83041       60.079515     0.029499831      0.14893498      0.15923238     -0.32573014      -0.32573014       252.31228                                252.31228
              1        124.9844       60.036265     0.029770045      0.14823012      0.15853226     -0.32573014      -0.32573014       250.62026                                250.62026
              2       125.09893       60.010921     0.029213497      0.14830209      0.15871218     -0.32573014      -0.32573014       250.84933                                250.84933
              1       124.86942       60.010921     0.029213497      0.15899405      0.15047288     -0.32573014      -0.32573014        250.3903                                 250.3903
              1       124.90544       60.010921     0.029213497        0.159957      0.15120394     -0.32573014      -0.32573014       250.46234                                250.46234
              1       124.51301       60.010921     0.029213497      0.15492887      0.15825141     -0.32573014      -0.32573014       249.67747                                249.67747
              1       124.18215       60.013897     0.029641928       0.1546741      0.15793055     -0.32573014      -0.32573014       249.01577                                249.01577
              3        124.4106       60.013897     0.029641928      0.14970773      0.15320533     -0.32573014      -0.32573014       249.47267                                249.47267
              1       124.19023       60.013897     0.029641928      0.15556547      0.15183624     -0.32573014      -0.32573014       249.03192                                249.03192
              1       127.14004       60.013897     0.029641928      0.14645284      0.16814694     -0.32573014      -0.32573014       254.93154                                254.93154
              2       125.50536       60.013897     0.029641928      0.14812239      0.14642002     -0.32573014      -0.32573014       251.66218                                251.66218
              1       125.65238       60.013897     0.029641928      0.14902126      0.16456816     -0.32573014      -0.32573014       251.95622                                251.95622
              2       125.79085       60.019833     0.029583981      0.14913215      0.16468147     -0.32573014      -0.32573014       252.23317                                252.23317
              1       125.77725       60.019833     0.029583981      0.14804137      0.16389515     -0.32573014      -0.32573014       252.20595                                252.20595
              1       124.31372       60.019833     0.029583981      0.15597561      0.15220346     -0.32573014      -0.32573014        249.2789                                 249.2789
              1       124.61612       60.020702     0.029237011      0.15622148      0.15249948     -0.32573014      -0.32573014       249.88371                                249.88371
              3       126.56049       60.020702     0.029237011      0.15521916      0.16791262     -0.32573014      -0.32573014       253.77245                                253.77245
              1       126.94388       60.059711     0.029457334      0.15554009      0.16816101     -0.32573014      -0.32573014       254.53923                                254.53923
              1       128.36158       60.059711     0.029457334      0.17133194      0.15871294     -0.32573014      -0.32573014       257.37462                                257.37462
              2       131.07395       60.059711     0.029457334      0.16405238      0.13508707     -0.32573014      -0.32573014       262.79936                                262.79936
              1       131.04356       60.061538     0.029532729      0.16402325      0.13504497     -0.32573014      -0.32573014       262.73857                                262.73857
              1       130.01853       60.061538     0.029532729      0.17344281      0.16379919     -0.32573014      -0.32573014       260.68851                                260.68851
              1       134.97969       60.061538     0.029532729      0.13182133      0.17129225     -0.32573014      -0.32573014       270.61083                                270.61083
              4       131.36933       60.060015     0.029557036      0.14726216      0.13389674     -0.32573014      -0.32573014       263.39012                                263.39012
              1       130.44672       60.060015     0.029557036       0.1514406      0.13447648     -0.32573014      -0.32573014        261.5449                                 261.5449
              1       128.21002       60.060015     0.029557036      0.16234805      0.14057736     -0.32573014      -0.32573014       257.07151                                257.07151
              2       124.96402       60.060015     0.029557036       0.1562895      0.15198163     -0.32573014      -0.32573014       250.57949                                250.57949
              2       125.45309       60.060015     0.029557036      0.15059348      0.14978182     -0.32573014      -0.32573014       251.55764                                251.55764
              1       124.73742       60.026871     0.029881265      0.14997384      0.14914857     -0.32573014      -0.32573014        250.1263                                 250.1263
              4       124.61347       60.026871     0.029881265      0.15203497      0.14869673     -0.32573014      -0.32573014       249.87841                                249.87841
              4       124.27005       60.026871     0.029881265      0.15631197      0.15101614     -0.32573014      -0.32573014       249.19156                                249.19156
              5       124.51139       60.015194     0.029385785      0.15650732      0.15129638     -0.32573014      -0.32573014       249.67425                                249.67425
              3       124.41902       60.015194     0.029385785      0.15296688      0.15746954     -0.32573014      -0.32573014       249.48949                                249.48949
              1       124.40469       60.015209     0.029402699      0.15295559      0.15745574     -0.32573014      -0.32573014       249.46084                                249.46084
              1       124.73323       60.015209     0.029402699      0.15831875      0.15021925     -0.32573014      -0.32573014       250.11792                                250.11792
              3       125.50619       60.015209     0.029402699      0.16456569      0.15515199     -0.32573014      -0.32573014       251.66383                                251.66383
              1       125.40026       60.036365     0.029883909      0.16449433      0.15498807     -0.32573014      -0.32573014       251.45197                                251.45197
              2       125.93202       60.036365     0.029883909      0.16608325      0.15781661     -0.32573014      -0.32573014        252.5155                                 252.5155
              6       125.03996       60.036365     0.029883909      0.16100716      0.16024422     -0.32573014      -0.32573014       250.73138                                250.73138
              2       124.78153       60.036365     0.029883909       0.1613884      0.15653851     -0.32573014      -0.32573014       250.21451                                250.21451
              1       125.30472       60.036365     0.029883909      0.14593101      0.15169026     -0.32573014      -0.32573014        251.2609                                 251.2609
              1       126.68375       60.036365     0.029883909       0.1652018      0.14558923     -0.32573014      -0.32573014       254.01897                                254.01897
              1       126.21033       60.036365     0.029883909      0.16685636      0.15148524     -0.32573014      -0.32573014       253.07212                                253.07212
              1       125.11236       60.036365     0.029883909      0.16270528      0.15799388     -0.32573014      -0.32573014       250.87618                                250.87618
              2       124.23303       60.036365     0.029883909      0.15552487      0.15313977     -0.32573014      -0.32573014       249.11752                                249.11752
             10       124.63813       60.036365     0.029883909      0.14879338      0.15555012     -0.32573014      -0.32573014       249.92771                                249.92771
              2       124.66893       60.036365     0.029883909      0.14867899       0.1561383     -0.32573014      -0.32573014       249.98932                                249.98932
              4       124.74241       60.039064     0.029842751      0.14873945      0.15620205     -0.32573014      -0.32573014       250.13628                                250.13628
              3       124.34015       60.039064     0.029842751      0.15715929      0.15582026     -0.32573014      -0.32573014       249.33176                                249.33176
              3       124.64278       60.043806     0.029573271       0.1573993      0.15609503     -0.32573014      -0.32573014       249.93702                                249.93702
              4       124.96632       60.043806     0.029573271      0.15252222      0.15001574     -0.32573014      -0.32573014       250.58411                                250.58411
              3       124.72874       60.043806     0.029573271      0.15127947      0.15513537     -0.32573014      -0.32573014       250.10895                                250.10895
              1        125.5269       60.043806     0.029573271      0.15953784      0.14769532     -0.32573014      -0.32573014       251.70526                                251.70526
              1       125.43124       60.043806     0.029573271      0.16130061      0.14980766     -0.32573014      -0.32573014       251.51395                                251.51395
              3       126.62741       60.081785     0.028822487      0.16226795      0.15084637     -0.32573014      -0.32573014       253.90629                                253.90629
              3       126.53824       60.081785     0.028822487      0.16329238      0.15395409     -0.32573014      -0.32573014       253.72794                                253.72794
              1       129.65881       60.081785     0.028822487      0.17176126      0.16288582     -0.32573014      -0.32573014       259.96907                                259.96907
              2       129.09406       60.081785     0.028822487      0.17048127       0.1625292     -0.32573014      -0.32573014       258.83957                                258.83957
              4       131.91937       60.081785     0.028822487      0.15381302      0.13385111     -0.32573014      -0.32573014       264.49021                                264.49021
              1       127.50283       60.081785     0.028822487      0.15577904      0.14411786     -0.32573014      -0.32573014       255.65711                                255.65711
              1        129.4783       60.081785     0.028822487      0.14895319      0.14009764     -0.32573014      -0.32573014       259.60805                                259.60805
              2       129.74006       60.074203     0.028312575      0.14920771      0.14043498     -0.32573014      -0.32573014       260.13157                                260.13157
              1       126.17066       60.074203     0.028312575      0.15408623      0.15806157     -0.32573014      -0.32573014       252.99279                                252.99279
              4       126.89043       60.074203     0.028312575      0.16068604      0.14970001     -0.32573014      -0.32573014       254.43233                                254.43233
              3       126.89556       60.073531     0.028294489       0.1606902      0.14970752     -0.32573014      -0.32573014       254.44258                                254.44258
              1       127.25765        60.11989     0.028682418      0.16098604       0.1498986     -0.32573014      -0.32573014       255.16676                                255.16676
              2       126.57539        60.11989     0.028682418      0.15905908      0.15787587     -0.32573014      -0.32573014       253.80224                                253.80224
              2       126.78915        60.11989     0.028682418      0.15602756      0.15102247     -0.32573014      -0.32573014       254.22976                                254.22976
              4       126.65931        60.11989     0.028682418      0.15510212      0.16042986     -0.32573014      -0.32573014       253.97008                                253.97008
              4       125.11528       60.016957     0.028709923      0.15384223      0.15927181     -0.32573014      -0.32573014       250.88203                                250.88203
              6       128.25956       60.133279     0.027124828      0.15632031       0.1618634     -0.32573014      -0.32573014       257.17059                                257.17059
              1       128.12093       60.133279     0.027124828      0.15494553      0.15479553     -0.32573014      -0.32573014       256.89331                                256.89331
              2       128.55661       60.133279     0.027124828      0.16232733      0.15313613     -0.32573014      -0.32573014       257.76469                                257.76469
              7       126.81931       60.088653     0.029075675      0.15763872      0.16532239     -0.32573014      -0.32573014       254.29008                                254.29008
              2       126.90332       60.088653     0.029075675      0.15748847      0.16569823     -0.32573014      -0.32573014       254.45809                                254.45809
              2       126.99544       60.088653     0.029075675      0.16248786      0.14807603     -0.32573014      -0.32573014       254.64233                                254.64233
              1        127.3144       60.069807     0.028353988      0.16275022      0.14846395     -0.32573014      -0.32573014       255.28027                                255.28027
              1       126.27858       60.069807     0.028353988      0.15282381        0.159855     -0.32573014      -0.32573014       253.20863                                253.20863
              1       126.56141       60.086125     0.028304701      0.15305402      0.16007568     -0.32573014      -0.32573014       253.77428                                253.77428
             11       125.23112         60.0571     0.029340781      0.15200109      0.15890019     -0.32573014      -0.32573014       251.11369                                251.11369
              1       125.65326         60.0571     0.029340781      0.14862714      0.15191091     -0.32573014      -0.32573014       251.95797                                251.95797
              1       126.92492       60.110594     0.028694607       0.1497106      0.15303439     -0.32573014      -0.32573014       254.50131                                254.50131
              2       127.20863       60.110594     0.028694607      0.14838126      0.15249588     -0.32573014      -0.32573014       255.06872                                255.06872
              3       127.22004       60.110594     0.028694607      0.16157027        0.149685     -0.32573014      -0.32573014       255.09155                                255.09155
              2       127.75282       60.110594     0.028694607      0.16501967        0.162107     -0.32573014      -0.32573014        256.1571                                 256.1571
              1       127.69754       60.110594     0.028694607      0.16473571       0.1621667     -0.32573014      -0.32573014       256.04654                                256.04654
              3       127.25189       60.110594     0.028694607      0.16420184      0.15921479     -0.32573014      -0.32573014       255.15525                                255.15525
              2       128.19987        60.07606     0.027826961      0.16726655      0.15919123     -0.32573014      -0.32573014        257.0512                                 257.0512
              6       126.79124        60.07606     0.027826961      0.16037001      0.15463989     -0.32573014      -0.32573014       254.23395                                254.23395
              2       126.55049        60.04227     0.027520223      0.16017065      0.15452041     -0.32573014      -0.32573014       253.75244                                253.75244
              3       126.31022        60.04227     0.027520223      0.15629164      0.15510626     -0.32573014      -0.32573014        253.2719                                 253.2719
              1       126.35575        60.04227     0.027520223      0.15753944      0.15461701     -0.32573014      -0.32573014       253.36296                                253.36296
              1       126.01486       60.024293     0.027608677      0.15726265       0.1543457     -0.32573014      -0.32573014       252.68118                                252.68118
              1        126.0109       60.024293     0.027608677      0.15741454       0.1546005     -0.32573014      -0.32573014       252.67326                                252.67326
              7       126.66037       60.024293     0.027608677      0.15216841      0.16256649     -0.32573014      -0.32573014       253.97221                                253.97221
              2       127.13203       60.024293     0.027608677      0.14885109      0.14932899     -0.32573014      -0.32573014       254.91553                                254.91553
              4       126.97096       60.024293     0.027608677      0.15030935      0.14892266     -0.32573014      -0.32573014       254.59339                                254.59339
              1       126.44315       60.024293     0.027608677      0.15991554      0.15134316     -0.32573014      -0.32573014       253.53775                                253.53775
              2       126.58382       60.024293     0.027608677       0.1570155      0.16299724     -0.32573014      -0.32573014        253.8191                                 253.8191
              3       127.16738       60.024293     0.027608677      0.15859868      0.16543461     -0.32573014      -0.32573014       254.98622                                254.98622
              1       127.14801       60.020638     0.027624052      0.15223638       0.1653453     -0.32573014      -0.32573014       254.94748                                254.94748
              1       129.58207        60.02469      0.02740694      0.15296507      0.13983354     -0.32573014      -0.32573014        259.8156                                 259.8156
              1       129.16766        60.02469      0.02740694      0.16286123      0.14225695     -0.32573014      -0.32573014       258.98678                                258.98678
              1       129.51623       60.054865     0.027524736      0.16314517      0.14249252     -0.32573014      -0.32573014       259.68391                                259.68391
              2        128.1508       60.054865     0.027524736      0.15418094      0.14496802     -0.32573014      -0.32573014       256.95307                                256.95307
              3       128.51872       60.029093     0.026573207      0.15451573      0.14546931     -0.32573014      -0.32573014       257.68891                                257.68891
              3       126.97709       60.029093     0.026573207      0.15841617      0.15572738     -0.32573014      -0.32573014       254.60564                                254.60564
              2       128.42579       60.029093     0.026573207      0.16581069      0.15111818     -0.32573014      -0.32573014       257.50305                                257.50305
              1       127.21451       60.029093     0.026573207      0.15183808      0.15492409     -0.32573014      -0.32573014       255.08048                                255.08048
              2       125.90764        60.00095     0.027666841      0.15075674      0.15371081     -0.32573014      -0.32573014       252.46674                                252.46674
              3       125.65755        60.00095     0.027666841      0.15368664      0.15372094     -0.32573014      -0.32573014       251.96657                                251.96657
              1       125.60348        60.00095     0.027666841      0.15696229      0.15699701     -0.32573014      -0.32573014       251.85843                                251.85843
              3       124.05142       60.002171     0.029482658       0.1557451      0.15551144     -0.32573014      -0.32573014        248.7543                                 248.7543
              4       125.03493       60.002171     0.029482658      0.14739197      0.16002113     -0.32573014      -0.32573014       250.72132                                250.72132
              2       125.34357       60.002171     0.029482658      0.15203164      0.16472346     -0.32573014      -0.32573014        251.3386                                 251.3386
              1       125.17215       60.002171     0.029482658       0.1505799      0.16345754     -0.32573014      -0.32573014       250.99576                                250.99576
              1       125.30597       60.002171     0.029482658      0.14465056      0.15554686     -0.32573014      -0.32573014       251.26341                                251.26341
              1       124.12633       60.002171     0.029482658      0.15212133      0.15370703     -0.32573014      -0.32573014       248.90412                                248.90412
              1       124.34478       60.002171     0.029482658      0.15353079      0.15972396     -0.32573014      -0.32573014       249.34103                                249.34103
              5       124.10443       60.002171     0.029482658      0.15398658      0.15719111     -0.32573014      -0.32573014       248.86033                                248.86033
              1       124.08282       60.002171     0.029482658      0.15498228      0.15686403     -0.32573014      -0.32573014        248.8171                                 248.8171
              2       124.10166       60.002171     0.029482658      0.15270605      0.15624373     -0.32573014      -0.32573014       248.85479                                248.85479
              2       124.07678       60.002171     0.029482658      0.15436417      0.15675629     -0.32573014      -0.32573014       248.80502                                248.80502
              4       126.56329       60.002171     0.029482658      0.15204278      0.14089352     -0.32573014      -0.32573014       253.77803                                253.77803
              4       124.03293       60.002171     0.029482658      0.15430777      0.15447448     -0.32573014      -0.32573014       248.71733                                248.71733
              3        124.0964       60.002171     0.029482658      0.15380338      0.15270038     -0.32573014      -0.32573014       248.84425                                248.84425
              4       124.07525       60.002171     0.029482658      0.15410389      0.15302046     -0.32573014      -0.32573014       248.80196                                248.80196
              2       124.49645       60.002171     0.029482658      0.16060035      0.15580359     -0.32573014      -0.32573014       249.64436                                249.64436
              9       124.07058       60.002171     0.029482658      0.15287943      0.15520843     -0.32573014      -0.32573014       248.79262                                248.79262
              1       126.20693       60.002171     0.029482658       0.1436203      0.14775949     -0.32573014      -0.32573014       253.06532                                253.06532
              5       125.87917       60.002171     0.029482658      0.14279387      0.15707907     -0.32573014      -0.32573014        252.4098                                 252.4098
              3       128.05638       60.002171     0.029482658      0.13686518      0.15447204     -0.32573014      -0.32573014       256.76422                                256.76422
              3       127.88155       60.002171     0.029482658      0.13732654      0.15647044     -0.32573014      -0.32573014       256.41456                                256.41456
              1       127.53185       60.002171     0.029482658      0.13827667      0.15754031     -0.32573014      -0.32573014       255.71516                                255.71516
              2       124.94371       60.023658     0.029200805      0.15368803      0.16039739     -0.32573014      -0.32573014       250.53888                                250.53888
              1       124.83762       60.023658     0.029200805       0.1543839      0.15070639     -0.32573014      -0.32573014        250.3267                                 250.3267
              2        124.8921       60.026358     0.029182837      0.15441963      0.15074118     -0.32573014      -0.32573014       250.43565                                250.43565
              1       125.38027       60.026358     0.029182837      0.15743916      0.14792595     -0.32573014      -0.32573014       251.41201                                251.41201
              5       126.33756       60.026358     0.029182837      0.14714801      0.14668983     -0.32573014      -0.32573014       253.32658                                253.32658
              2       126.17562       60.001205     0.029831464        0.160298      0.14198925     -0.32573014      -0.32573014       253.00271                                253.00271
              1       124.69801       60.001205     0.029831464      0.15154222       0.1629746     -0.32573014      -0.32573014       250.04748                                250.04748
              4       124.70607       60.001205     0.029831464      0.14949347      0.16197388     -0.32573014      -0.32573014       250.06361                                250.06361
              2       124.04412       60.001205     0.029831464      0.15361314      0.14964751     -0.32573014      -0.32573014       248.73971                                248.73971
              1       124.06737       60.001205     0.029831464      0.15000973      0.15743098     -0.32573014      -0.32573014        248.7862                                 248.7862
              4        123.8199       60.001205     0.029831464      0.15174471      0.15389867     -0.32573014      -0.32573014       248.29126                                248.29126
              1       127.33791       60.001205     0.029831464      0.15716502      0.17138949     -0.32573014      -0.32573014       255.32729                                255.32729
              5       124.22898       60.001205     0.029831464      0.15495505      0.16099312     -0.32573014      -0.32573014       249.10943                                249.10943
              2       123.91289       60.001205     0.029831464      0.15120739      0.15247828     -0.32573014      -0.32573014       248.47723                                248.47723
              1        123.9172       60.001205     0.029831464       0.1511809      0.15243982     -0.32573014      -0.32573014       248.48587                                248.48587
              1       126.03973       60.142452     0.029759602      0.15251624      0.15360555     -0.32573014      -0.32573014       252.73092                                252.73092
              2       125.93277       60.142452     0.029759602      0.15401171      0.15381415     -0.32573014      -0.32573014       252.51699                                252.51699
              2       126.28892       60.142452     0.029759602      0.15321012      0.16139956     -0.32573014      -0.32573014        253.2293                                 253.2293
              1       125.07231       60.042602     0.029506846      0.15245272      0.16080411     -0.32573014      -0.32573014       250.79608                                250.79608
              1       128.01252       60.042602     0.029506846      0.13861593      0.15545194     -0.32573014      -0.32573014       256.67651                                256.67651
              6        124.8151       60.042602     0.029506846      0.15455261      0.15935517     -0.32573014      -0.32573014       250.28165                                250.28165
              5       124.80213       60.042602     0.029506846      0.15325148      0.15153479     -0.32573014      -0.32573014       250.25573                                250.25573
              4       124.73153       60.042602     0.029506846      0.15299861      0.15258031     -0.32573014      -0.32573014       250.11453                                250.11453
              3       124.87532       60.042602     0.029506846      0.15726185      0.15931915     -0.32573014      -0.32573014       250.40211                                250.40211
              1       124.80267       60.003276     0.028947152      0.15724638      0.15943119     -0.32573014      -0.32573014       250.25681                                250.25681
              4       124.74521       60.003276     0.028947152      0.15887248      0.15324753     -0.32573014      -0.32573014       250.14188                                250.14188
              2       124.52993       60.049347     0.029992168       0.1586513      0.15282306     -0.32573014      -0.32573014       249.71132                                249.71132
              7       125.00695       60.049347     0.029992168       0.1526564      0.16229795     -0.32573014      -0.32573014       250.66537                                250.66537
              3       124.76108       60.049347     0.029992168      0.15443137      0.16117979     -0.32573014      -0.32573014       250.17362                                250.17362
              1       124.96935       60.049347     0.029992168      0.15793141      0.16169934     -0.32573014      -0.32573014       250.59016                                250.59016
              2       125.06091       60.049347     0.029992168      0.15786886      0.16224991     -0.32573014      -0.32573014       250.77329                                250.77329
              2       124.49927       60.049347     0.029992168      0.15541353      0.15913413     -0.32573014      -0.32573014       249.64999                                249.64999
              4       124.25924       60.008502     0.029596594       0.1552833       0.1591106     -0.32573014      -0.32573014       249.16994                                249.16994
              8       125.33135       60.008502     0.029596594      0.14575427      0.15974725     -0.32573014      -0.32573014       251.31417                                251.31417
              1       124.55663       60.008502     0.029596594      0.14825003      0.15587626     -0.32573014      -0.32573014       249.76471                                249.76471
              2       125.41401       60.008502     0.029596594      0.15749705      0.16494643     -0.32573014      -0.32573014       251.47949                                251.47949
              1       124.38097       60.008502     0.029596594      0.15550461       0.1600911     -0.32573014      -0.32573014       249.41341                                249.41341
              5       124.37598       60.008502     0.029596594      0.15776814      0.15907653     -0.32573014      -0.32573014       249.40342                                249.40342
              2       125.66086       60.008502     0.029596594      0.14365338      0.15201616     -0.32573014      -0.32573014       251.97318                                251.97318
              1       125.11771       60.008502     0.029596594      0.15854667      0.14639585     -0.32573014      -0.32573014       250.88688                                250.88688
              1        124.7805       60.008502     0.029596594      0.15848351      0.14813186     -0.32573014      -0.32573014       250.21246                                250.21246
              1        124.6449       60.008502     0.029596594      0.15615535      0.14798918     -0.32573014      -0.32573014       249.94127                                249.94127
              2       126.07947       60.008502     0.029596594      0.16635549      0.15972698     -0.32573014      -0.32573014       252.81041                                252.81041
              6        125.6901       60.008502     0.029596594      0.16288267      0.14688567     -0.32573014      -0.32573014       252.03166                                252.03166
              2       125.59357       60.007989     0.029705018      0.16281133      0.14679997     -0.32573014      -0.32573014       251.83861                                251.83861
              1       124.93729       60.007989     0.029705018       0.1460622      0.15745165     -0.32573014      -0.32573014       250.52604                                250.52604
              1       124.90561       60.007989     0.029705018      0.15727933       0.1463855     -0.32573014      -0.32573014       250.46269                                250.46269
              1       126.98619       60.007989     0.029705018      0.16916705      0.15999119     -0.32573014      -0.32573014       254.62383                                254.62383
              2       127.90706       60.007989     0.029705018      0.16697263      0.16744791     -0.32573014      -0.32573014       256.46558                                256.46558
              3       126.10433       60.007989     0.029705018      0.16240904      0.16530957     -0.32573014      -0.32573014       252.86012                                252.86012
              1       125.08439       60.007989     0.029705018      0.16088645      0.16196699     -0.32573014      -0.32573014       250.82024                                250.82024
              4       125.20716       60.029293     0.029905009      0.16095828      0.16198403     -0.32573014      -0.32573014       251.06577                                251.06577
              1       125.19026       60.029293     0.029905009      0.16021396      0.16250017     -0.32573014      -0.32573014       251.03197                                251.03197
              3       124.26935       60.029293     0.029905009      0.15313373      0.15112669     -0.32573014      -0.32573014       249.19017                                249.19017
              3       124.20553       60.029293     0.029905009      0.15779889      0.15374882     -0.32573014      -0.32573014       249.06252                                249.06252
              4       124.75079       60.029293     0.029905009      0.15289478       0.1476941     -0.32573014      -0.32573014       250.15303                                250.15303
              1       124.60276       60.022543     0.029966292      0.15279541      0.14759482     -0.32573014      -0.32573014       249.85699                                249.85699
              3       124.27279       60.022543     0.029966292      0.15414388      0.14945372     -0.32573014      -0.32573014       249.19703                                249.19703
              2       125.14889       60.022543     0.029966292      0.16035236      0.16278678     -0.32573014      -0.32573014       250.94925                                250.94925
              2       125.28566       60.022543     0.029966292      0.16053012      0.16331573     -0.32573014      -0.32573014       251.22279                                251.22279
              2       124.60276       60.022543     0.029966292       0.1616338      0.15678382     -0.32573014      -0.32573014       249.85698                                249.85698
              1       124.64143       60.022543     0.029966292       0.1616557      0.15738216     -0.32573014      -0.32573014       249.93432                                249.93432
              6       124.62287       60.022543     0.029966292      0.16168074      0.15700197     -0.32573014      -0.32573014        249.8972                                 249.8972
              3       126.36668       60.065218      0.02869462      0.16285248      0.15829557     -0.32573014      -0.32573014       253.38482                                253.38482
              5       125.45654       60.055657     0.029562871       0.1622314      0.15756641     -0.32573014      -0.32573014       251.56454                                251.56454
              1       125.33728       60.055657     0.029562871      0.14821433      0.15546762     -0.32573014      -0.32573014       251.32601                                251.32601
              1       125.04512       60.055657     0.029562871      0.15705687      0.15981172     -0.32573014      -0.32573014       250.74169                                250.74169
              4       128.35936       60.055657     0.029562871      0.13892929      0.16015741     -0.32573014      -0.32573014       257.37017                                257.37017
              3       129.21117       60.055657     0.029562871      0.13752797      0.16188745     -0.32573014      -0.32573014        259.0738                                 259.0738
              5        127.8594       60.055657     0.029562871      0.14831774      0.16949701     -0.32573014      -0.32573014       256.37027                                256.37027
              3       127.68263       60.055657     0.029562871       0.1646558      0.16716014     -0.32573014      -0.32573014       256.01672                                256.01672
             10       124.84932       60.055657     0.029562871      0.15793336      0.15450306     -0.32573014      -0.32573014       250.35011                                250.35011
              1       127.80154       60.069888     0.026388235      0.16001475        0.157006     -0.32573014      -0.32573014       256.25454                                256.25454
              1       127.80372       60.069888     0.026388235      0.15981639       0.1582546     -0.32573014      -0.32573014       256.25889                                256.25889
              9       127.78418       60.058081     0.026221942      0.15981068      0.15828692     -0.32573014      -0.32573014       256.21982                                256.21982
              3       127.78302       60.058048       0.0262227      0.15980991      0.15828609     -0.32573014      -0.32573014       256.21749                                256.21749
              2        127.7203       60.058048       0.0262227      0.15496789      0.15565794     -0.32573014      -0.32573014       256.09207                                256.09207
              2       127.85759       60.058048       0.0262227      0.15310489      0.15855752     -0.32573014      -0.32573014       256.36663                                256.36663
              1       127.36032       60.028957     0.026286703      0.15279962      0.15828037     -0.32573014      -0.32573014        255.3721                                 255.3721
              1       127.54849       60.028957     0.026286703       0.1514998      0.15914577     -0.32573014      -0.32573014       255.74843                                255.74843
              2       127.58375       60.028957     0.026286703      0.15560509      0.16252283     -0.32573014      -0.32573014       255.81897                                255.81897
              4       127.89477       60.028957     0.026286703      0.15515782      0.16429926     -0.32573014      -0.32573014         256.441                                  256.441
              1       128.56041       60.177049     0.027950561      0.15548887      0.16421162     -0.32573014      -0.32573014       257.77228                                257.77228
              2       127.89594       60.153557     0.028303091      0.15505744      0.16376124     -0.32573014      -0.32573014       256.44335                                256.44335
              1       128.77834       60.192695     0.028249697       0.1491264       0.1599883     -0.32573014      -0.32573014       258.20813                                258.20813
              2       127.64445       60.154616     0.028908522      0.14837337      0.15919243     -0.32573014      -0.32573014       255.94036                                255.94036
              1       126.73726       60.002156     0.027370236      0.14792521      0.15915112     -0.32573014      -0.32573014       254.12598                                254.12598
              2       125.96797       60.002156     0.027370236      0.15588592      0.15923138     -0.32573014      -0.32573014        252.5874                                 252.5874
              2       126.53964       60.002156     0.027370236      0.14926439      0.15220448     -0.32573014      -0.32573014       253.73074                                253.73074
              5       126.46369       60.002156     0.027370236      0.14967312      0.15232015     -0.32573014      -0.32573014       253.57884                                253.57884
              1       127.12298       60.002156     0.027370236      0.14801004      0.14943692     -0.32573014      -0.32573014       254.89743                                254.89743
              6       126.69112       60.002156     0.027370236      0.14902919      0.15115922     -0.32573014      -0.32573014        254.0337                                 254.0337
              2       127.52154       60.002156     0.027370236      0.15517529        0.144363     -0.32573014      -0.32573014       255.69454                                255.69454
              3       126.51686       60.002156     0.027370236      0.16292915      0.15730851     -0.32573014      -0.32573014       253.68519                                253.68519
              1       126.55808       60.002156     0.027370236      0.16263305      0.15900437     -0.32573014      -0.32573014       253.76762                                253.76762
              1       125.86913       60.002156     0.027370236      0.15619307      0.15760643     -0.32573014      -0.32573014       252.38973                                252.38973
              1       127.98511       60.002156     0.027370236      0.16622775      0.14823592     -0.32573014      -0.32573014       256.62169                                256.62169
              4       126.53536       60.002156     0.027370236      0.15952674      0.14951389     -0.32573014      -0.32573014       253.72219                                253.72219
              3       126.19424       60.002156     0.027370236      0.15472862      0.15066546     -0.32573014      -0.32573014       253.03994                                253.03994
              2       126.53542       60.002156     0.027370236      0.14979204      0.15144005     -0.32573014      -0.32573014       253.72231                                253.72231
              1       127.48531       60.030049     0.026718395      0.15044766      0.15215049     -0.32573014      -0.32573014       255.62208                                255.62208
              1       127.28302       60.030049     0.026718395        0.150634      0.15884311     -0.32573014      -0.32573014        255.2175                                 255.2175
              1       128.75911       60.039958     0.025154167      0.15181215      0.15981975     -0.32573014      -0.32573014       258.16967                                258.16967
              2       128.73629       60.039958     0.025154167       0.1514772      0.15729915     -0.32573014      -0.32573014       258.12403                                258.12403
              1       128.71761       60.039958     0.025154167      0.15228536      0.15474282     -0.32573014      -0.32573014       258.08668                                258.08668
              1        128.4275       60.039958     0.025154167       0.1602136      0.15771171     -0.32573014      -0.32573014       257.50646                                257.50646
              2       128.29132       60.042531     0.025389996      0.15440382      0.15934928     -0.32573014      -0.32573014       257.23411                                257.23411
              5       128.42827       60.042531     0.025389996      0.15349399      0.15434243     -0.32573014      -0.32573014         257.508                                  257.508
              3       127.23931       60.013164     0.026259929      0.15261703      0.15359054     -0.32573014      -0.32573014       255.13007                                255.13007
              6        127.2736       60.013164     0.026259929      0.16083369      0.15915978     -0.32573014      -0.32573014       255.19866                                255.19866
              1       129.69702       60.013164     0.026259929      0.14745085      0.16835431     -0.32573014      -0.32573014       260.04549                                260.04549
              1       130.19357       60.013164     0.026259929      0.14295237      0.14794853     -0.32573014      -0.32573014       261.03859                                261.03859
              1        129.8664       60.115237     0.027064354      0.14893132      0.14704262     -0.32573014      -0.32573014       260.38426                                260.38426
              1       129.77787       60.115237     0.027064354      0.14872723      0.14757104     -0.32573014      -0.32573014       260.20721                                260.20721
              4       129.35532       60.097654     0.027257482       0.1484297      0.14730731     -0.32573014      -0.32573014        259.3621                                 259.3621
              3       128.62646       60.097654     0.027257482      0.15621243      0.14677245     -0.32573014      -0.32573014       257.90438                                257.90438
              3       128.44403       60.097654     0.027257482      0.14850661      0.15236401     -0.32573014      -0.32573014       257.53952                                257.53952
              1       128.17841       60.189298     0.029218512      0.14799692       0.1520502     -0.32573014      -0.32573014       257.00828                                257.00828
              2       128.00256       60.189298     0.029218512      0.16039122      0.16471862     -0.32573014      -0.32573014       256.65658                                256.65658
              1       127.27987         60.1054     0.028647965       0.1600075      0.16430911     -0.32573014      -0.32573014       255.21119                                255.21119
              3       127.49858         60.1054     0.028647965       0.1654285      0.15922208     -0.32573014      -0.32573014       255.64861                                255.64861
              1       127.43647       60.172085     0.029796158      0.16525116      0.15915234     -0.32573014      -0.32573014       255.52441                                255.52441
              1       126.26495       60.172085     0.029796158      0.15583769      0.15766597     -0.32573014      -0.32573014       253.18136                                253.18136
              1        126.3077       60.172085     0.029796158      0.15810241      0.15725241     -0.32573014      -0.32573014       253.26687                                253.26687
              2       126.53024        60.12836     0.028808593      0.15838164      0.15743167     -0.32573014      -0.32573014       253.71194                                253.71194
              2       127.05336        60.12836     0.028808593      0.15317771      0.16259543     -0.32573014      -0.32573014       254.75818                                254.75818
              2       126.48047       60.099425     0.028982621      0.15278793      0.16224325     -0.32573014      -0.32573014       253.61241                                253.61241
              2       126.59529       60.129039     0.029339469      0.15281544      0.16229935     -0.32573014      -0.32573014       253.84205                                253.84205
              1        126.2001       60.129039     0.029339469      0.15405886       0.1597451     -0.32573014      -0.32573014       253.05167                                253.05167
              2       127.15639       60.129039     0.029339469      0.16043818       0.1645153     -0.32573014      -0.32573014       254.96424                                254.96424
              1       126.97944       60.129039     0.029339469      0.15503683      0.14722462     -0.32573014      -0.32573014       254.61034                                254.61034
              2       128.58934       60.129039     0.029339469      0.16869631      0.14979087     -0.32573014      -0.32573014       257.83014                                257.83014
              3       127.63879       60.129039     0.029339469      0.14509855      0.15980677     -0.32573014      -0.32573014       255.92905                                255.92905
              5       127.83799       60.129039     0.029339469      0.14684561      0.16411491     -0.32573014      -0.32573014       256.32744                                256.32744
              1       126.94903       60.129039     0.029339469      0.14791297      0.15252516     -0.32573014      -0.32573014       254.54952                                254.54952
              1       126.91124       60.129039     0.029339469      0.14746454      0.15750592     -0.32573014      -0.32573014       254.47394                                254.47394
              1       127.77431       60.129039     0.029339469      0.16340319      0.16523039     -0.32573014      -0.32573014       256.20008                                256.20008
              1       129.09496       60.129039     0.029339469      0.14341239      0.16555652     -0.32573014      -0.32573014       258.84138                                258.84138
              4        128.0836       60.129039     0.029339469      0.14435861      0.16178029     -0.32573014      -0.32573014       256.81865                                256.81865
              3       126.96535       60.163021     0.029939604      0.15033476      0.16294691     -0.32573014      -0.32573014       254.58215                                254.58215
              5       126.50431       60.163021     0.029939604      0.14956297      0.15483777     -0.32573014      -0.32573014       253.66009                                253.66009
              3       129.07276       60.163021     0.029939604      0.15127907      0.14107684     -0.32573014      -0.32573014       258.79698                                258.79698
              2       129.06975       60.140153     0.029534369      0.15134786       0.1411073     -0.32573014      -0.32573014       258.79095                                258.79095
              1        130.3077       60.157247     0.028352145      0.15232757      0.14192948     -0.32573014      -0.32573014       261.26687                                261.26687
              1       130.07444       60.157247     0.028352145       0.1583374      0.14202138     -0.32573014      -0.32573014       260.80035                                260.80035
              6          127.42       60.157247     0.028352145      0.15828865      0.15386946     -0.32573014      -0.32573014       255.49145                                255.49145
              3       127.35827       60.152565     0.028343079      0.15825143      0.15383365     -0.32573014      -0.32573014         255.368                                  255.368
              1       127.36392       60.152565     0.028343079      0.15822774      0.15374607     -0.32573014      -0.32573014        255.3793                                 255.3793
              1       127.39696       60.152565     0.028343079      0.15869007      0.15360613     -0.32573014      -0.32573014       255.44539                                255.44539
              3       127.22386       60.152565     0.028343079      0.15739794      0.15733679     -0.32573014      -0.32573014       255.09917                                255.09917
              1       126.67684       60.169102     0.029249527      0.15692231      0.15696578     -0.32573014      -0.32573014       254.00515                                254.00515
              1       126.67571       60.169102     0.029249527      0.15552809      0.15630985     -0.32573014      -0.32573014       254.00289                                254.00289
              4       127.47228       60.169102     0.029249527      0.15665035      0.16446557     -0.32573014      -0.32573014       255.59601                                255.59601
              5       129.31756       60.169102     0.029249527      0.16448588        0.168401     -0.32573014      -0.32573014       259.28657                                259.28657
              1       131.84236       60.169102     0.029249527       0.1362176      0.15840847     -0.32573014      -0.32573014       264.33618                                264.33618
              2       134.33976       60.233617     0.027266927      0.13819381      0.16010095     -0.32573014      -0.32573014       269.33097                                269.33097
              1       134.38016       60.238275      0.02730284      0.13821217      0.16012127     -0.32573014      -0.32573014       269.41179                                269.41179
              1       134.01545       60.238793     0.027808846      0.13786566      0.15983792     -0.32573014      -0.32573014       268.68235                                268.68235
              1       131.09557       60.238793     0.027808846      0.15765165      0.17088719     -0.32573014      -0.32573014       262.84259                                262.84259
              1       130.89287       60.229632     0.027883126      0.15751492      0.17076478     -0.32573014      -0.32573014        262.4372                                 262.4372
              1       131.45895       60.126098     0.025529935      0.15818637      0.17119766     -0.32573014      -0.32573014       263.56936                                263.56936
              1       129.37532       60.126098     0.025529935      0.15644294      0.16040104     -0.32573014      -0.32573014       259.40209                                259.40209
              3        129.9608       60.126098     0.025529935      0.15124915      0.16122513     -0.32573014      -0.32573014       260.57306                                260.57306
              2       130.00759       60.138334     0.025689959      0.15125178      0.16124115     -0.32573014      -0.32573014       260.66664                                260.66664
              1       129.38859       60.138334     0.025689959        0.156823      0.16007813     -0.32573014      -0.32573014       259.42864                                259.42864
              1        126.8106       60.008479      0.02641097      0.15511537      0.15853169     -0.32573014      -0.32573014       254.27266                                254.27266
              2       127.38734       60.008479      0.02641097      0.16282382      0.15931173     -0.32573014      -0.32573014       255.42613                                255.42613
              2       126.37907       60.037619     0.028031733      0.16196939       0.1586446     -0.32573014      -0.32573014        253.4096                                 253.4096
              8       125.92905       60.010748     0.028094651      0.16167593      0.15837368     -0.32573014      -0.32573014       252.50957                                252.50957
              1       125.40334       60.010748     0.028094651      0.15618034       0.1578078     -0.32573014      -0.32573014       251.45815                                251.45815
              2       125.36066       60.010748     0.028094651      0.15626771      0.15671692     -0.32573014      -0.32573014       251.37278                                251.37278
              1       126.90339       60.010748     0.028094651      0.14840529      0.14701001     -0.32573014      -0.32573014       254.45824                                254.45824
              1       128.63476       60.006497     0.025907901      0.14988404      0.14821692     -0.32573014      -0.32573014       257.92098                                257.92098
              2       128.25899       60.006497     0.025907901      0.16554381      0.15445714     -0.32573014      -0.32573014       257.16945                                257.16945
              1       127.99254       60.006497     0.025907901      0.16323328      0.16131178     -0.32573014      -0.32573014       256.63654                                256.63654
              1       127.24754       60.006497     0.025907901      0.15770962       0.1591514     -0.32573014      -0.32573014       255.14655                                255.14655
              2       129.23414       60.006497     0.025907901      0.16335056      0.16760471     -0.32573014      -0.32573014       259.11975                                259.11975
              2       127.50851       60.006497     0.025907901      0.15155953      0.15844719     -0.32573014      -0.32573014       255.66849                                255.66849
              4       127.59632       60.006497     0.025907901      0.15664499      0.15083381     -0.32573014      -0.32573014       255.84409                                255.84409
              3       127.73666       60.006497     0.025907901      0.15899603      0.16306219     -0.32573014      -0.32573014       256.12478                                256.12478
              1       128.62616       60.006497     0.025907901      0.14985405      0.16520578     -0.32573014      -0.32573014       257.90378                                257.90378
              1       128.27569       60.027902     0.026693253      0.14950774      0.16494627     -0.32573014      -0.32573014       257.20285                                257.20285
              1       127.82613       60.027902     0.026693253      0.14839592      0.16083157     -0.32573014      -0.32573014       256.30371                                256.30371
              1       127.03808       60.027902     0.026693253      0.15923982      0.15324672     -0.32573014      -0.32573014       254.72763                                254.72763
              4       126.35113       60.109851     0.028874914      0.15848684      0.15272256     -0.32573014      -0.32573014       253.35373                                253.35373
              3       126.86772       60.109851     0.028874914      0.16016873      0.14972537     -0.32573014      -0.32573014        254.3869                                 254.3869
              3       126.31475       60.109851     0.028874914      0.15217707      0.15723702     -0.32573014      -0.32573014       253.28097                                253.28097
              3       128.34767        60.21528     0.028320986      0.15354165      0.15847468     -0.32573014      -0.32573014        257.3468                                 257.3468
              1       128.36811        60.21528     0.028320986      0.15372309      0.15941712     -0.32573014      -0.32573014       257.38767                                257.38767
              5       128.67217        60.21528     0.028320986      0.15206533      0.16111633     -0.32573014      -0.32573014       257.99581                                257.99581
              8       126.48962       60.033729     0.027736039      0.15078389      0.15986054     -0.32573014      -0.32573014       253.63069                                253.63069
              1       126.34878       60.033729     0.027736039      0.15789843      0.15105824     -0.32573014      -0.32573014       253.34903                                253.34903
              1       126.71072       60.033729     0.027736039      0.16231105      0.15213198     -0.32573014      -0.32573014       254.07291                                254.07291
              1       126.15554       60.105547     0.029343727      0.15613143      0.16215367     -0.32573014      -0.32573014       252.96255                                252.96255
              2       125.99891       60.105547     0.029343727       0.1541781      0.16088604     -0.32573014      -0.32573014       252.64927                                252.64927
              3       125.82173       60.105547     0.029343727      0.15906551       0.1546312     -0.32573014      -0.32573014       252.29492                                252.29492
              1       125.49195       60.030573     0.028461911      0.15898085      0.15447687     -0.32573014      -0.32573014       251.63536                                251.63536
              2       126.25616       60.030573     0.028461911      0.16214748      0.16101935     -0.32573014      -0.32573014       253.16378                                253.16378
              3        129.1893       60.030573     0.028461911        0.146919      0.14030421     -0.32573014      -0.32573014       259.03005                                259.03005
              3        129.8667       60.030573     0.028461911      0.14337231      0.14097204     -0.32573014      -0.32573014       260.38485                                260.38485
              2       128.84941       60.018634     0.029540546      0.14251244      0.14025391     -0.32573014      -0.32573014       258.35028                                258.35028
              1       127.67129       60.018634     0.029540546      0.13897233      0.15025827     -0.32573014      -0.32573014       255.99403                                255.99403
              1       127.55641       60.018634     0.029540546      0.14524817      0.16814736     -0.32573014      -0.32573014       255.76428                                255.76428
              4       125.94954       60.018634     0.029540546      0.14996493       0.1656585     -0.32573014      -0.32573014       252.55054                                252.55054
              2       125.24024       60.018634     0.029540546      0.16290106      0.15124958     -0.32573014      -0.32573014       251.13193                                251.13193
              2        125.2573       60.018634     0.029540546       0.1630547      0.15141609     -0.32573014      -0.32573014       251.16605                                251.16605
              1       124.97349       60.018634     0.029540546      0.16049665      0.14981657     -0.32573014      -0.32573014       250.59845                                250.59845
              1       124.64027       60.018634     0.029540546      0.15898631      0.15105244     -0.32573014      -0.32573014       249.93201                                249.93201
              7       124.40119       60.018634     0.029540546      0.15748012      0.15232991     -0.32573014      -0.32573014       249.45383                                249.45383
              2       124.36041       60.018634     0.029540546      0.15769411      0.15339544     -0.32573014      -0.32573014       249.37227                                249.37227
              2       124.45751       60.025912     0.029550401      0.15775492      0.15345351     -0.32573014      -0.32573014       249.56649                                249.56649
              1        124.9529       60.025912     0.029550401      0.14774097      0.15492959     -0.32573014      -0.32573014       250.55726                                250.55726
              2       124.99898       60.020249     0.029394204      0.14779678      0.15496891     -0.32573014      -0.32573014       250.64942                                250.64942
              3       126.97459       60.020249     0.029394204      0.14751905      0.14268325     -0.32573014      -0.32573014       254.60064                                254.60064
              2       127.15858       60.020249     0.029394204      0.14081834      0.15981383     -0.32573014      -0.32573014       254.96862                                254.96862
              2       124.47859       60.023819     0.029765693      0.15781492      0.15043934     -0.32573014      -0.32573014       249.60863                                249.60863
              1       124.52566       60.023819     0.029765693      0.15798735      0.15015484     -0.32573014      -0.32573014       249.70278                                249.70278
              8       124.11987       60.023819     0.029765693      0.15574657      0.15452204     -0.32573014      -0.32573014       248.89119                                248.89119
              9       124.02543       60.013529     0.029701287      0.15571872      0.15448278     -0.32573014      -0.32573014       248.70232                                248.70232
              2       124.12169       60.013529     0.029701287      0.15595408      0.15751464     -0.32573014      -0.32573014       248.89485                                248.89485
              1       125.14658       60.013529     0.029701287      0.14528581      0.15335953     -0.32573014      -0.32573014       250.94463                                250.94463
              3       124.60114       60.013529     0.029701287      0.15103799      0.14899102     -0.32573014      -0.32573014       249.85373                                249.85373
              3       127.92669       60.225013     0.029518776      0.15267623       0.1506596     -0.32573014      -0.32573014       256.50485                                256.50485
              2       127.38399       60.225013     0.029518776      0.15370749      0.15834246     -0.32573014      -0.32573014       255.41945                                255.41945
              5       127.26753       60.225013     0.029518776      0.15784689      0.15646275     -0.32573014      -0.32573014       255.18653                                255.18653
              1       129.23247       60.225013     0.029518776      0.14957928       0.1464744     -0.32573014      -0.32573014        259.1164                                 259.1164
              7       130.14331       60.225013     0.029518776      0.15475585      0.14178404     -0.32573014      -0.32573014       260.93809                                260.93809
              1       129.28935       60.225013     0.029518776      0.16912061      0.15480833     -0.32573014      -0.32573014       259.23015                                259.23015
              2       128.57442       60.225013     0.029518776      0.15954687      0.16668524     -0.32573014      -0.32573014       257.80031                                257.80031
              1       127.90858       60.201279       0.0298983      0.15910895      0.16629259     -0.32573014      -0.32573014       256.46863                                256.46863
              3       127.20017       60.201279       0.0298983      0.16258838      0.15930211     -0.32573014      -0.32573014        255.0518                                 255.0518
              2       127.33166       60.201279       0.0298983       0.1635237        0.158824     -0.32573014      -0.32573014       255.31479                                255.31479
              2       127.26584       60.201279       0.0298983       0.1567692      0.16380032     -0.32573014      -0.32573014       255.18314                                255.18314
              5       127.31707       60.201279       0.0298983      0.15750358      0.14888319     -0.32573014      -0.32573014       255.28561                                255.28561
              3       127.16182       60.201279       0.0298983      0.15826942      0.14994713     -0.32573014      -0.32573014        254.9751                                 254.9751
              3       126.89096       60.201279       0.0298983       0.1554725      0.15151073     -0.32573014      -0.32573014       254.43339                                254.43339
              2       127.25005       60.201279       0.0298983      0.15549674      0.14916563     -0.32573014      -0.32573014       255.15157                                255.15157
              2       126.58025       60.020408     0.027496468      0.15590566      0.14920186     -0.32573014      -0.32573014       253.81197                                253.81197
              1       126.01223       60.020408     0.027496468      0.15598067       0.1573103     -0.32573014      -0.32573014       252.67592                                252.67592
              3       125.90075       60.004436     0.027354135      0.15596742       0.1572736     -0.32573014      -0.32573014       252.45296                                252.45296
              7       126.03646       60.004436     0.027354135      0.15631363      0.15946549     -0.32573014      -0.32573014       252.72438                                252.72438
              1       125.97953       60.004436     0.027354135      0.15845942      0.15673847     -0.32573014      -0.32573014       252.61051                                252.61051
              5       125.93094       60.004436     0.027354135      0.15710094      0.15445123     -0.32573014      -0.32573014       252.51334                                252.51334
              1       126.52862       60.004436     0.027354135      0.16286669      0.15536069     -0.32573014      -0.32573014       253.70871                                253.70871
              1       126.97476       60.040719     0.027439748      0.16306502      0.15558007     -0.32573014      -0.32573014       254.60098                                254.60098
              1       126.46044       60.040719     0.027439748       0.1540886      0.15386495     -0.32573014      -0.32573014       253.57233                                253.57233
              1       128.80761       60.040719     0.027439748      0.15560473      0.14225693     -0.32573014      -0.32573014       258.26668                                258.26668
              3       127.43259       60.040719     0.027439748      0.16068997      0.16431676     -0.32573014      -0.32573014       255.51663                                255.51663
              1       128.61237       60.086272      0.02684643      0.16143487      0.16499309     -0.32573014      -0.32573014       257.87621                                257.87621
              1       127.77602       60.086272      0.02684643      0.15237985      0.15743637     -0.32573014      -0.32573014       256.20351                                256.20351
              1        127.6718       60.086272      0.02684643      0.15348263      0.15769296     -0.32573014      -0.32573014       255.99506                                255.99506
              7       126.65082       60.094564     0.028192096      0.15258958       0.1569845     -0.32573014      -0.32573014        253.9531                                 253.9531
              3        127.8665       60.094564     0.028192096      0.14834621      0.16329919     -0.32573014      -0.32573014       256.38446                                256.38446
              1        128.5512       60.095709     0.027396002      0.14891771      0.16376306     -0.32573014      -0.32573014       257.75385                                257.75385
              2       128.86226       60.095709     0.027396002      0.16728807      0.16081651     -0.32573014      -0.32573014       258.37598                                258.37598
              1       129.45688       60.095709     0.027396002      0.16979852      0.15517844     -0.32573014      -0.32573014       259.56522                                259.56522
              1       130.23094       60.191668     0.028036348      0.17003014      0.15552186     -0.32573014      -0.32573014       261.11335                                261.11335
              1       129.64439       60.180597     0.028636531      0.16991597      0.15507618     -0.32573014      -0.32573014       259.94023                                259.94023
              1       129.63968       60.180597     0.028636531      0.16998259      0.15581715     -0.32573014      -0.32573014       259.93081                                259.93081
              3        129.1553       60.192619      0.02855179       0.1654926      0.16383821     -0.32573014      -0.32573014       258.96206                                258.96206
              3       129.00511       60.192619      0.02855179      0.15913803      0.14684369     -0.32573014      -0.32573014       258.66167                                258.66167
              1        128.7623       60.192619      0.02855179      0.16563724       0.1535827     -0.32573014      -0.32573014       258.17607                                258.17607
              1       128.66344       60.192619      0.02855179      0.15426048      0.16576811     -0.32573014      -0.32573014       257.97833                                257.97833
              3       128.61159       60.194144      0.02863674      0.15421125      0.16573079     -0.32573014      -0.32573014       257.87465                                257.87465
              2       128.19371        60.14421     0.028312375      0.15419688      0.16570351     -0.32573014      -0.32573014       257.03888                                257.03888
              1       127.20202        60.14421     0.028312375      0.15393527      0.15706477     -0.32573014      -0.32573014       255.05549                                255.05549
              1       127.03666        60.13796     0.028396836      0.15383091      0.15697023     -0.32573014      -0.32573014       254.72477                                254.72477
              4       127.01992       60.107677     0.027888649      0.15397442      0.15703696     -0.32573014      -0.32573014       254.69129                                254.69129
              4        127.4694       60.107677     0.027888649      0.15012848      0.15528256     -0.32573014      -0.32573014       255.59025                                255.59025
              1       127.36563       60.107677     0.027888649      0.15605651      0.16242805     -0.32573014      -0.32573014       255.38273                                255.38273
              3       127.63285       60.107677     0.027888649      0.15017024      0.15271558     -0.32573014      -0.32573014       255.91716                                255.91716
              2       127.93629       60.107677     0.027888649      0.14959159      0.15099441     -0.32573014      -0.32573014       256.52404                                256.52404
              1       128.49087       60.110136     0.027197885      0.14855224      0.15514797     -0.32573014      -0.32573014        257.6332                                 257.6332
              2        128.4435       60.110136     0.027197885      0.14875217      0.15527543     -0.32573014      -0.32573014       257.53845                                257.53845
              5       128.47638       60.001217     0.025144477      0.14942797      0.15564452     -0.32573014      -0.32573014       257.60422                                257.60422
              2       128.13356       60.001217     0.025144477      0.15160855      0.15536537     -0.32573014      -0.32573014       256.91857                                256.91857
              5        127.8461       60.001217     0.025144477      0.15448647      0.15868126     -0.32573014      -0.32573014       256.34366                                256.34366
              5       128.05833       60.001217     0.025144477       0.1523599      0.15920985     -0.32573014      -0.32573014       256.76813                                256.76813
              2        128.0586       60.001217     0.025144477      0.15235813      0.15921092     -0.32573014      -0.32573014       256.76865                                256.76865
              1       128.28033       60.062671     0.025973607      0.15220995      0.15919114     -0.32573014      -0.32573014       257.21211                                257.21211
              2       128.18693       60.062671     0.025973607      0.16069043      0.15969569     -0.32573014      -0.32573014       257.02532                                257.02532
              3       127.56579       60.034812     0.026213785      0.16032168      0.15935225     -0.32573014      -0.32573014       255.78304                                255.78304
              1       127.59584       60.034812     0.026213785      0.15989538      0.16026247     -0.32573014      -0.32573014       255.84313                                255.84313
              4       127.72634       60.031114     0.026006266      0.16001584      0.16035383     -0.32573014      -0.32573014       256.10413                                256.10413
              2       128.66164       60.031114     0.026006266      0.16524088      0.16175387     -0.32573014      -0.32573014       257.97475                                257.97475
              2       128.88241       60.062212     0.026239246      0.16336402      0.16424315     -0.32573014      -0.32573014       258.41627                                258.41627
              7       125.57384       60.001156     0.028961518      0.16100202      0.16223427     -0.32573014      -0.32573014       251.79915                                251.79915
              1        124.9649       60.001156     0.028961518      0.15183334      0.16065795     -0.32573014      -0.32573014       250.58126                                250.58126
              1       126.22676       60.001156     0.028961518      0.14594825      0.16282217     -0.32573014      -0.32573014       253.10498                                253.10498
              5       126.45583       60.001156     0.028961518      0.14248567       0.1534274     -0.32573014      -0.32573014       253.56313                                253.56313
              2       127.42411       60.001156     0.028961518      0.14336572      0.16516226     -0.32573014      -0.32573014       255.49967                                255.49967
              1       126.65054       60.001156     0.028961518      0.15928355       0.1426661     -0.32573014      -0.32573014       253.95254                                253.95254
              1       126.53764       60.001156     0.028961518      0.16364368      0.14574469     -0.32573014      -0.32573014       253.72673                                253.72673
              1       127.25975       60.000717     0.028135677      0.16422492      0.14621387     -0.32573014      -0.32573014       255.17096                                255.17096
              4       126.12787       60.000717     0.028135677       0.1466224      0.15469136     -0.32573014      -0.32573014       252.90719                                252.90719
              3       125.65134       60.000717     0.028135677      0.16116282      0.15770917     -0.32573014      -0.32573014       251.95415                                251.95415
              1       127.99737       60.000717     0.028135677       0.1693871      0.15051851     -0.32573014      -0.32573014       256.64619                                256.64619
              1       127.90928       60.000717     0.028135677      0.16821401      0.14844481     -0.32573014      -0.32573014       256.47003                                256.47003
              2       128.84738       60.051397      0.02790258      0.16874059      0.14895299     -0.32573014      -0.32573014       258.34622                                258.34622
              6       126.30996       60.070745     0.028562992      0.16081329      0.15956779     -0.32573014      -0.32573014       253.27138                                253.27138
              1       126.53978       60.070745     0.028562992      0.16111576      0.16125375     -0.32573014      -0.32573014       253.73103                                253.73103
              1       125.43058       60.037766     0.029404645        0.150668      0.16199823     -0.32573014      -0.32573014       251.51263                                251.51263
              2       125.37772       60.037766     0.029404645      0.15072566      0.16172012     -0.32573014      -0.32573014       251.40691                                251.40691
              1        126.3373       60.037766     0.029404645      0.15084127      0.14426592     -0.32573014      -0.32573014       253.32607                                253.32607
              8       124.72352       60.037766     0.029404645       0.1522946       0.1539847     -0.32573014      -0.32573014        250.0985                                 250.0985
              1       125.71511       60.037766     0.029404645      0.15726781      0.14612713     -0.32573014      -0.32573014       252.08168                                252.08168
              1       125.23735       60.037766     0.029404645      0.16198672      0.15548974     -0.32573014      -0.32573014       251.12616                                251.12616
              4       124.84518       60.037766     0.029404645      0.15880103      0.15715922     -0.32573014      -0.32573014       250.34181                                250.34181
              1       124.79984       60.037766     0.029404645      0.15849128      0.15678935     -0.32573014      -0.32573014       250.25114                                250.25114
              1       124.35569       60.041525     0.029977148      0.15811299      0.15648964     -0.32573014      -0.32573014       249.36285                                249.36285
              1        125.0351       60.041525     0.029977148      0.16113214      0.16008395     -0.32573014      -0.32573014       250.72166                                250.72166
              3       125.48005       60.041525     0.029977148      0.16337629      0.16019148     -0.32573014      -0.32573014       251.61157                                251.61157
              1       125.67942       60.041525     0.029977148      0.16533643      0.15720584     -0.32573014      -0.32573014        252.0103                                 252.0103
              3       125.38459       60.041525     0.029977148      0.16429336       0.1566812     -0.32573014      -0.32573014       251.42064                                251.42064
              4       125.28776       60.041525     0.029977148      0.16265103      0.15988745     -0.32573014      -0.32573014       251.22698                                251.22698
              1       125.24406       60.025454     0.029777198      0.16267784      0.15988297     -0.32573014      -0.32573014       251.13957                                251.13957
              1       124.47708       60.025454     0.029777198      0.15555266      0.16017714     -0.32573014      -0.32573014       249.60562                                249.60562
              8       125.16397       60.025454     0.029777198      0.15440363      0.14578525     -0.32573014      -0.32573014        250.9794                                 250.9794
              1       127.08868       60.025454     0.029777198      0.14263711      0.16433383     -0.32573014      -0.32573014       254.82882                                254.82882
              3       127.14775       60.025454     0.029777198      0.14279586      0.14502711     -0.32573014      -0.32573014       254.94697                                254.94697
              2       126.41418       60.025454     0.029777198      0.14241625      0.14943453     -0.32573014      -0.32573014       253.47983                                253.47983
              2       124.84928       60.025454     0.029777198      0.14888604       0.1598061     -0.32573014      -0.32573014       250.35002                                250.35002
              5       124.60064       60.025454     0.029777198      0.15027015      0.15921778     -0.32573014      -0.32573014       249.85274                                249.85274
              1       124.29378       60.025454     0.029777198      0.15831459      0.15408238     -0.32573014      -0.32573014       249.23902                                249.23902
              1       124.35653       60.025454     0.029777198        0.159004      0.15522763     -0.32573014      -0.32573014       249.36451                                249.36451
              1       124.37598       60.025454     0.029777198      0.15918747       0.1547923     -0.32573014      -0.32573014       249.40342                                249.40342
              2        126.1256       60.125362     0.029138131      0.15538078      0.15638583     -0.32573014      -0.32573014       252.90266                                252.90266
              5       126.38996       60.125362     0.029138131      0.16039933      0.15509887     -0.32573014      -0.32573014       253.43137                                253.43137
              1       126.35184       60.125362     0.029138131      0.16001038      0.15494471     -0.32573014      -0.32573014       253.35514                                253.35514
              1       126.45284        60.13222     0.029648496      0.16092112      0.15083727     -0.32573014      -0.32573014       253.55714                                253.55714
              3       125.33205       60.062216      0.02975378      0.15945556      0.16097497     -0.32573014      -0.32573014       251.31556                                251.31556
              2        125.2044       60.005279     0.028941221      0.16157476      0.15807398     -0.32573014      -0.32573014       251.06026                                251.06026
              7       124.76107       60.005279     0.028941221      0.15770925      0.15196373     -0.32573014      -0.32573014        250.1736                                 250.1736
              4       125.40633       60.073894     0.029357094      0.15792397      0.15219214     -0.32573014      -0.32573014       251.46411                                251.46411
              3        125.1899       60.073894     0.029357094      0.15449198      0.15594345     -0.32573014      -0.32573014       251.03127                                251.03127
              1       125.92253       60.073894     0.029357094       0.1580231       0.1483586     -0.32573014      -0.32573014       252.49651                                252.49651
              1       125.91255       60.073894     0.029357094       0.1591631      0.14896061     -0.32573014      -0.32573014       252.47657                                252.47657
              1       125.29629       60.073894     0.029357094       0.1528144      0.15724845     -0.32573014      -0.32573014       251.24403                                251.24403
              4       125.76696       60.073894     0.029357094      0.16190636      0.15380453     -0.32573014      -0.32573014       252.18537                                252.18537
              2       126.28696       60.073894     0.029357094      0.16401647      0.15899603     -0.32573014      -0.32573014       253.22538                                253.22538
              1       126.28031       60.073894     0.029357094      0.16376855      0.15950656     -0.32573014      -0.32573014       253.21208                                253.21208
              3       125.74188       60.007076     0.028918527      0.16358682      0.15929792     -0.32573014      -0.32573014       252.13523                                252.13523
              3        125.2645       60.007076     0.028918527      0.15477891      0.14780982     -0.32573014      -0.32573014       251.18046                                251.18046
              1       127.08016       60.007076     0.028918527      0.16311218      0.14371768     -0.32573014      -0.32573014       254.81178                                254.81178
              4       126.42842       60.007076     0.028918527      0.16285999      0.14603233     -0.32573014      -0.32573014       253.50831                                253.50831
              1       125.05679       60.007076     0.028918527      0.15983764      0.15146814     -0.32573014      -0.32573014       250.76505                                250.76505
              4       124.93686       60.008854     0.029067328      0.15973079      0.15141736     -0.32573014      -0.32573014       250.52518                                250.52518
              1       126.38104       60.008854     0.029067328      0.16465188      0.16257396     -0.32573014      -0.32573014       253.41355                                253.41355
              2       125.15862       60.008854     0.029067328      0.14920833      0.15982045     -0.32573014      -0.32573014        250.9687                                 250.9687
              2       127.91166       60.008854     0.029067328      0.16648436      0.16684708     -0.32573014      -0.32573014       256.47479                                256.47479
              2       126.47853       60.008854     0.029067328      0.15690055      0.16759652     -0.32573014      -0.32573014       253.60852                                253.60852
              1       126.38329       60.008854     0.029067328      0.15646868       0.1673536     -0.32573014      -0.32573014       253.41803                                253.41803
              3       125.75809       60.008854     0.029067328      0.15772378      0.16483579     -0.32573014      -0.32573014       252.16764                                252.16764
              1       125.67406       60.008854     0.029067328      0.15322903      0.16476352     -0.32573014      -0.32573014       251.99958                                251.99958
              2       124.73174       60.008854     0.029067328      0.15314148      0.15934575     -0.32573014      -0.32573014       250.11494                                250.11494
              2        124.5471       60.005151      0.02924168      0.15296961      0.15925259     -0.32573014      -0.32573014       249.74565                                249.74565
              3       124.61055       60.005151      0.02924168      0.15059743      0.15795347     -0.32573014      -0.32573014       249.87255                                249.87255
              2       124.44368       60.005151      0.02924168      0.15334744      0.15833356     -0.32573014      -0.32573014       249.53881                                249.53881
              2        125.4721       60.005151      0.02924168      0.16045837       0.1628878     -0.32573014      -0.32573014       251.59567                                251.59567
              1       124.95069       60.005151      0.02924168      0.14847932      0.15135307     -0.32573014      -0.32573014       250.55285                                250.55285
              9       125.98044       60.005151      0.02924168      0.16588713      0.15178902     -0.32573014      -0.32573014       252.61234                                252.61234
              2       126.01923       60.005151      0.02924168      0.14309683      0.15475354     -0.32573014      -0.32573014       252.68991                                252.68991
              1       128.07942       60.005151      0.02924168      0.14506528      0.14062398     -0.32573014      -0.32573014       256.81031                                256.81031
              4       125.39487       60.005151      0.02924168      0.14543534      0.15553324     -0.32573014      -0.32573014        251.4412                                 251.4412
              1       124.49647       60.005151      0.02924168      0.15104259      0.15319249     -0.32573014      -0.32573014        249.6444                                 249.6444
              5        125.9226       60.005151      0.02924168      0.15698081      0.16621569     -0.32573014      -0.32573014       252.49666                                252.49666
              1       126.05189       60.005151      0.02924168      0.15694616      0.16667132     -0.32573014      -0.32573014       252.75524                                252.75524
              9       125.79412       60.005151      0.02924168      0.14420885      0.15769017     -0.32573014      -0.32573014        252.2397                                 252.2397
              2       126.24034       60.005151      0.02924168      0.16304233        0.164314     -0.32573014      -0.32573014       253.13215                                253.13215
              3       126.12148       60.005151      0.02924168       0.1652544      0.14905088     -0.32573014      -0.32573014       252.89441                                252.89441
              7       126.18245       60.005151      0.02924168      0.16560189      0.14927872     -0.32573014      -0.32573014       253.01636                                253.01636
              1       127.06208         60.0097     0.029371625      0.14662524      0.14240274     -0.32573014      -0.32573014       254.77562                                254.77562
              1       124.31168         60.0097     0.029371625      0.15334311      0.15290662     -0.32573014      -0.32573014       249.27482                                249.27482
              1       125.98513         60.0097     0.029371625       0.1655629      0.15953314     -0.32573014      -0.32573014       252.62171                                252.62171
              1       126.26546         60.0097     0.029371625      0.16561352      0.16145034     -0.32573014      -0.32573014       253.18237                                253.18237
              3       124.34925         60.0097     0.029371625      0.15646258      0.15747938     -0.32573014      -0.32573014       249.34996                                249.34996
              1       124.40698         60.0097     0.029371625      0.15828027      0.15608203     -0.32573014      -0.32573014       249.46542                                249.46542
              4       123.91523       60.008531     0.029917086      0.15782658      0.15585117     -0.32573014      -0.32573014       248.48192                                248.48192
              2       123.76907       60.008531     0.029917086      0.15336226      0.15451184     -0.32573014      -0.32573014       248.18961                                248.18961
              4       123.85707       60.008531     0.029917086      0.15578642       0.1521334     -0.32573014      -0.32573014       248.36561                                248.36561
              2       124.27119       60.008531     0.029917086      0.15532912      0.14831953     -0.32573014      -0.32573014       249.19383                                249.19383
              9       123.84706       60.008531     0.029917086       0.1571188      0.15414152     -0.32573014      -0.32573014       248.34558                                248.34558
              1       124.84465       60.008531     0.029917086      0.16144882      0.16077808     -0.32573014      -0.32573014       250.34077                                250.34077
              2       124.38489       60.008531     0.029917086      0.14743377      0.15504277     -0.32573014      -0.32573014       249.42124                                249.42124
              7       124.29267       60.008531     0.029917086       0.1560285      0.16103067     -0.32573014      -0.32573014        249.2368                                 249.2368
              2       124.56453       60.008531     0.029917086      0.15672301      0.16237642     -0.32573014      -0.32573014       249.78052                                249.78052
              2       126.48702       60.008531     0.029917086      0.15423712      0.13993566     -0.32573014      -0.32573014        253.6255                                 253.6255
              4       124.46102       60.008531     0.029917086      0.15796017       0.1612971     -0.32573014      -0.32573014       249.57349                                249.57349
              2       124.25451       60.008531     0.029917086      0.16072565      0.15487641     -0.32573014      -0.32573014       249.16048                                249.16048
              3       124.91825       60.008531     0.029917086      0.15095022      0.14572533     -0.32573014      -0.32573014       250.48797                                250.48797
              2       123.76745       60.008531     0.029917086       0.1535052      0.15511836     -0.32573014      -0.32573014       248.18637                                248.18637
             11       123.78422       60.008531     0.029917086      0.15329839      0.15571743     -0.32573014      -0.32573014       248.21991                                248.21991
              2       123.82839       60.008531     0.029917086      0.15259122      0.15623211     -0.32573014      -0.32573014       248.30824                                248.30824
              4       124.26879       60.008531     0.029917086      0.15564488      0.16096518     -0.32573014      -0.32573014       249.18904                                249.18904
              3       124.24232       60.008531     0.029917086      0.15587811      0.16074515     -0.32573014      -0.32573014       249.13611                                249.13611
              1       124.41878       60.008531     0.029917086      0.15766635      0.14815815     -0.32573014      -0.32573014       249.48902                                249.48902
              2       125.10037       60.008531     0.029917086      0.16222303      0.14789463     -0.32573014      -0.32573014       250.85219                                250.85219
              6       124.81148       60.008531     0.029917086      0.15289973      0.14563985     -0.32573014      -0.32573014       250.27442                                250.27442
              5       124.39419       60.008531     0.029917086      0.15587244      0.14768119     -0.32573014      -0.32573014       249.43984                                249.43984
              3       124.23609       60.008531     0.029917086      0.14906252        0.157647     -0.32573014      -0.32573014       249.12365                                249.12365
              3       124.05921       60.008531     0.029917086      0.15878414      0.15699116     -0.32573014      -0.32573014       248.76987                                248.76987
              4       124.85087       60.062342     0.029885781      0.15924366      0.15731712     -0.32573014      -0.32573014       250.35319                                250.35319
              1       124.56365       60.062342     0.029885781      0.15551385      0.15517506     -0.32573014      -0.32573014       249.77876                                249.77876
              1        127.2835       60.062342     0.029885781      0.14792512      0.16807407     -0.32573014      -0.32573014       255.21846                                255.21846
              2         125.831       60.062342     0.029885781      0.16257403      0.16168607     -0.32573014      -0.32573014       252.31347                                252.31347
              3       124.70298       60.065854     0.029829862      0.15423842      0.15696192     -0.32573014      -0.32573014       250.05741                                250.05741
              4       124.77248       60.065854     0.029829862      0.15438579      0.15818991     -0.32573014      -0.32573014       250.19643                                250.19643
              1       126.17807       60.065854     0.029829862      0.15107931      0.16548997     -0.32573014      -0.32573014       253.00761                                253.00761
              2       126.51973       60.065854     0.029829862      0.15108955       0.1667423     -0.32573014      -0.32573014       253.69092                                253.69092
              1       124.72597       60.065854     0.029829862      0.15727107       0.1546855     -0.32573014      -0.32573014       250.10341                                250.10341
              1       124.96334       60.065854     0.029829862      0.15983388      0.15615632     -0.32573014      -0.32573014       250.57814                                250.57814
              1       125.24156       60.065854     0.029829862      0.15697837      0.16176166     -0.32573014      -0.32573014       251.13458                                251.13458
              3       125.41365       60.065854     0.029829862      0.15654024      0.16283953     -0.32573014      -0.32573014       251.47877                                251.47877
              1       125.48119       60.065854     0.029829862      0.15317926      0.16311377     -0.32573014      -0.32573014       251.61384                                251.61384
              2       126.63447       60.065854     0.029829862      0.15165126      0.16730594     -0.32573014      -0.32573014       253.92039                                253.92039
              1       127.91949       60.065854     0.029829862      0.14157541      0.16394967     -0.32573014      -0.32573014       256.49045                                256.49045
              1       126.11356       60.065854     0.029829862      0.14445535      0.15367453     -0.32573014      -0.32573014       252.87858                                252.87858
              2       126.43137       60.065854     0.029829862      0.14344904      0.15297758     -0.32573014      -0.32573014        253.5142                                 253.5142
              6       126.12579       60.065854     0.029829862      0.14493232      0.15157671     -0.32573014      -0.32573014       252.90304                                252.90304
              2       125.45524       60.065854     0.029829862      0.16129367      0.15038664     -0.32573014      -0.32573014       251.56194                                251.56194
              4       124.74683       60.065854     0.029829862       0.1555692      0.15784327     -0.32573014      -0.32573014       250.14513                                250.14513
              2       124.97977       60.065854     0.029829862      0.15137716      0.15175983     -0.32573014      -0.32573014       250.61099                                250.61099
              3       124.93432       60.065854     0.029829862      0.15949503      0.15655175     -0.32573014      -0.32573014        250.5201                                 250.5201
              2       124.82406       60.065854     0.029829862      0.15792139      0.15741021     -0.32573014      -0.32573014       250.29959                                250.29959
              5       124.81615       60.065854     0.029829862      0.15480162      0.15169784     -0.32573014      -0.32573014       250.28376                                250.28376
              1       125.05428       60.013377     0.028652021      0.15533766       0.1518763     -0.32573014      -0.32573014       250.76001                                250.76001
              3       127.87834       60.125643     0.027354243      0.15730014      0.15306257     -0.32573014      -0.32573014       256.40815                                256.40815
              1       124.59698       60.036807     0.029584367      0.15476728      0.15162967     -0.32573014      -0.32573014       249.84541                                249.84541
              1       126.99193       60.036807     0.029584367      0.16612998      0.14648118     -0.32573014      -0.32573014       254.63533                                254.63533
              3       127.63451       60.036807     0.029584367      0.17063105      0.15661127     -0.32573014      -0.32573014       255.92049                                255.92049
              2       124.79928       60.036807     0.029584367      0.15182575      0.15078512     -0.32573014      -0.32573014       250.25003                                250.25003
              2       124.80525       60.036677     0.029574975      0.15183235      0.15078822     -0.32573014      -0.32573014       250.26196                                250.26196
              4       124.66094       60.036677     0.029574975      0.15409103      0.15110372     -0.32573014      -0.32573014       249.97334                                249.97334
              1       124.69792       60.036677     0.029574975      0.15375023      0.15082984     -0.32573014      -0.32573014        250.0473                                 250.0473
              1       128.12711       60.036677     0.029574975      0.16371692      0.14050334     -0.32573014      -0.32573014       256.90568                                256.90568
              1       128.73616       60.036677     0.029574975      0.14908956      0.13760015     -0.32573014      -0.32573014       258.12378                                258.12378
              2       129.07248       60.036677     0.029574975      0.16984154      0.16697282     -0.32573014      -0.32573014       258.79642                                258.79642
              1       129.05563       60.031669     0.029516415       0.1712563      0.16488199     -0.32573014      -0.32573014       258.76272                                258.76272
              1       125.88258       60.031669     0.029516415       0.1554938      0.16582726     -0.32573014      -0.32573014       252.41662                                252.41662
              3       125.02676       60.031669     0.029516415      0.15397553      0.14825567     -0.32573014      -0.32573014       250.70498                                250.70498
              4       125.67301       60.031669     0.029516415      0.14766873      0.16189376     -0.32573014      -0.32573014       251.99747                                251.99747
              1       125.42472       60.031669     0.029516415      0.14817155      0.16089017     -0.32573014      -0.32573014        251.5009                                 251.5009
              3       125.79189       60.069395     0.029732297      0.14830001        0.161021     -0.32573014      -0.32573014       252.23523                                252.23523
              1        126.2316       60.069395     0.029732297      0.15365683      0.16591888     -0.32573014      -0.32573014       253.11466                                253.11466
              2       125.69575       60.069395     0.029732297      0.15791795      0.16331072     -0.32573014      -0.32573014       252.04296                                252.04296
              1       126.64688       60.069395     0.029732297      0.14317509      0.15707099     -0.32573014      -0.32573014       253.94522                                253.94522
              3       128.36351       60.152256     0.029096478      0.14436127      0.15781428     -0.32573014      -0.32573014       257.37848                                257.37848
              1        128.0874       60.181153     0.029799832      0.14449057      0.15682121     -0.32573014      -0.32573014       256.82627                                256.82627
              6       127.24854       60.181153     0.029799832      0.15204704      0.16360929     -0.32573014      -0.32573014       255.14854                                255.14854
              1       127.47873       60.181153     0.029799832      0.16237526      0.16324201     -0.32573014      -0.32573014       255.60892                                255.60892
              2       127.06568       60.181153     0.029799832      0.16213173      0.16058887     -0.32573014      -0.32573014       254.78281                                254.78281
              1       126.74802       60.181153     0.029799832      0.15066582      0.15569511     -0.32573014      -0.32573014       254.14751                                254.14751
              5        127.5971       60.189812      0.02895483      0.15130009      0.15611532     -0.32573014      -0.32573014       255.84565                                255.84565
              1       128.46402       60.192108     0.029304587      0.14682429      0.15160207     -0.32573014      -0.32573014        257.5795                                 257.5795
              3       127.81428       60.192108     0.029304587       0.1484017      0.15517465     -0.32573014      -0.32573014       256.28001                                256.28001
              2       127.62491       60.179026     0.029291207      0.14831977      0.15508671     -0.32573014      -0.32573014       255.90129                                255.90129
              2       126.83104       60.179026     0.029291207      0.15535069      0.15476261     -0.32573014      -0.32573014       254.31355                                254.31355
              2       127.44866       60.179026     0.029291207      0.15396236      0.14965242     -0.32573014      -0.32573014       255.54878                                255.54878
              1       129.28556       60.164137     0.029355159      0.16666578      0.16687149     -0.32573014      -0.32573014       259.22257                                259.22257
              4       126.88098       60.164137     0.029355159      0.15079587      0.15501316     -0.32573014      -0.32573014       254.41342                                254.41342
              7       126.56687       60.054161     0.027784887      0.15109743      0.15489187     -0.32573014      -0.32573014        253.7852                                 253.7852
              1       126.11315       60.115453     0.029413388      0.15041759      0.15464008     -0.32573014      -0.32573014       252.87776                                252.87776
              3       126.42177       60.109649     0.028751041      0.15266338      0.15408496     -0.32573014      -0.32573014       253.49499                                253.49499
              4       128.65815       60.109649     0.028751041      0.14218432       0.1567492     -0.32573014      -0.32573014       257.96777                                257.96777
              1       128.78195       60.109649     0.028751041      0.15865116      0.14219708     -0.32573014      -0.32573014       258.21536                                258.21536
              1       128.14953       60.060494     0.029123344      0.16121308      0.14138683     -0.32573014      -0.32573014       256.95052                                256.95052
              1       125.89442       60.060494     0.029123344      0.16269121      0.15688414     -0.32573014      -0.32573014        252.4403                                 252.4403
              1       125.69611       60.052837      0.02922557      0.16256849      0.15678601     -0.32573014      -0.32573014       252.04367                                252.04367
              1       125.02186       60.052837      0.02922557      0.15691745      0.15521394     -0.32573014      -0.32573014       250.69518                                250.69518
              1       125.79524       60.052837      0.02922557      0.15874557      0.14823539     -0.32573014      -0.32573014       252.24193                                252.24193
              2       125.08014       60.052837      0.02922557       0.1558177      0.15812703     -0.32573014      -0.32573014       250.81173                                250.81173
              1       124.36334       60.040961     0.029869195      0.15529784      0.15776917     -0.32573014      -0.32573014       249.37814                                249.37814
              3       125.11365       60.040961     0.029869195      0.14718381      0.15197216     -0.32573014      -0.32573014       250.87876                                250.87876
              1       124.97139       60.044731     0.029978136      0.14712145      0.15448585     -0.32573014      -0.32573014       250.59423                                250.59423
              3        125.6373       60.044731     0.029978136      0.15019062      0.16451816     -0.32573014      -0.32573014       251.92606                                251.92606
              1       125.50722       60.044731     0.029978136      0.14884908       0.1631294     -0.32573014      -0.32573014        251.6659                                 251.6659
              1       125.74746       60.044731     0.029978136       0.1440985      0.15739124     -0.32573014      -0.32573014       252.14638                                252.14638
              1       124.82773       60.044731     0.029978136      0.15490365      0.14804988     -0.32573014      -0.32573014       250.30693                                250.30693
              5       125.90025       60.044731     0.029978136      0.16169993      0.14578988     -0.32573014      -0.32573014       252.45195                                252.45195
              1        125.9871       60.017006     0.029434115       0.1618766      0.14582211     -0.32573014      -0.32573014       252.62566                                252.62566
              2       126.66565       60.017006     0.029434115      0.16684636      0.14854295     -0.32573014      -0.32573014       253.98276                                253.98276
              2       126.22949       60.017006     0.029434115      0.16653976      0.15119999     -0.32573014      -0.32573014       253.11045                                253.11045
              2       128.42585       60.017006     0.029434115      0.16836398       0.1430778     -0.32573014      -0.32573014       257.50316                                257.50316
              2       124.62134       60.017006     0.029434115        0.150033      0.15694264     -0.32573014      -0.32573014       249.89414                                249.89414
              3       124.52178       60.010593     0.029440866       0.1499838      0.15689389     -0.32573014      -0.32573014       249.69502                                249.69502
              1         125.666        60.08174     0.029251207      0.16024586       0.1561476     -0.32573014      -0.32573014       251.98347                                251.98347
              1       125.19533       60.091759     0.029967803      0.15982876      0.15591549     -0.32573014      -0.32573014       251.04212                                251.04212
              2       126.27534       60.091759     0.029967803      0.16172232      0.14736126     -0.32573014      -0.32573014       253.20214                                253.20214
              1       126.46434       60.091759     0.029967803      0.16564176      0.15191366     -0.32573014      -0.32573014       253.58014                                253.58014
              3       126.46179       60.091759     0.029967803      0.15057646       0.1654631     -0.32573014      -0.32573014       253.57504                                253.57504
              4       126.07651       60.091759     0.029967803      0.15248484       0.1646081     -0.32573014      -0.32573014       252.80447                                252.80447
              1       125.13778       60.091759     0.029967803        0.156485      0.15142552     -0.32573014      -0.32573014       250.92702                                250.92702
              4       125.69535       60.008466      0.02792217      0.15729514      0.15169671     -0.32573014      -0.32573014       252.04216                                252.04216
              3       125.54683       60.008466      0.02792217      0.15301988      0.15688385     -0.32573014      -0.32573014       251.74512                                251.74512
              2        125.4714       60.018618     0.028188938      0.15290929       0.1568434     -0.32573014      -0.32573014       251.59426                                251.59426
              1       125.39707       60.018618     0.028188938      0.15621069      0.15686347     -0.32573014      -0.32573014        251.4456                                 251.4456
              1       125.41365        60.03556     0.028457481      0.15614614      0.15687086     -0.32573014      -0.32573014       251.47877                                251.47877
              5       124.58269         60.0101     0.028998615      0.15560139      0.15645924     -0.32573014      -0.32573014       249.81684                                249.81684
              1       125.57174         60.0101     0.028998615      0.15907794      0.14720091     -0.32573014      -0.32573014       251.79493                                251.79493
              2        125.6427        60.00778     0.028880221      0.15914222      0.14723451     -0.32573014      -0.32573014       251.93686                                251.93686
              1       125.05944        60.00778     0.028880221      0.14990838      0.15229835     -0.32573014      -0.32573014       250.77033                                250.77033
              1       128.16906       60.224833     0.029088527      0.15127703      0.15376332     -0.32573014      -0.32573014       256.98958                                256.98958
              2       128.12693       60.224833     0.029088527      0.16198587      0.16062179     -0.32573014      -0.32573014       256.90532                                256.90532
              1       127.30312       60.055051     0.027262321      0.16204519      0.16018101     -0.32573014      -0.32573014        255.2577                                 255.2577
              1        126.9453       60.055051     0.027262321       0.1594277      0.15947751     -0.32573014      -0.32573014       254.54206                                254.54206
              1       128.15829       60.167421     0.027744118      0.15988222      0.16007739     -0.32573014      -0.32573014       256.96805                                256.96805
              2       126.72549       60.156754     0.029205871      0.15881501      0.15938135     -0.32573014      -0.32573014       254.10244                                254.10244
              1       127.28398       60.156754     0.029205871      0.15945152      0.16342836     -0.32573014      -0.32573014       255.21941                                255.21941
              3        128.7971       60.248635     0.029366708      0.15260926      0.16519758     -0.32573014      -0.32573014       258.24566                                258.24566
              1       130.13607       60.248635     0.029366708      0.14871105      0.16817707     -0.32573014      -0.32573014       260.92359                                260.92359
              1       128.72101       60.248635     0.029366708      0.14927196      0.16141686     -0.32573014      -0.32573014       258.09348                                258.09348
              1       128.18688       60.248635     0.029366708      0.15973286       0.1623719     -0.32573014      -0.32573014       257.02523                                257.02523
              3       127.41481       60.094996     0.027712933      0.15978736      0.16197354     -0.32573014      -0.32573014       255.48109                                255.48109
              3       126.82813       60.152148     0.028933574      0.15858287      0.15880993     -0.32573014      -0.32573014       254.30772                                254.30772
              1       128.45621       60.152148     0.028933574      0.14878631      0.16561795     -0.32573014      -0.32573014       257.56389                                257.56389
              1       127.69627       60.139591     0.029641826      0.14821781      0.16522782     -0.32573014      -0.32573014         256.044                                  256.044
              2       126.84027       60.139591     0.029641826      0.14718257      0.15594943     -0.32573014      -0.32573014         254.332                                  254.332
              3       126.44558       60.139591     0.029641826      0.15836674       0.1499171     -0.32573014      -0.32573014       253.54262                                253.54262
              2       126.56791       60.139591     0.029641826      0.15711043      0.14881157     -0.32573014      -0.32573014       253.78729                                253.78729
              3       126.00255       60.139591     0.029641826       0.1582328      0.15441395     -0.32573014      -0.32573014       252.65656                                252.65656
              1       126.20098       60.139591     0.029641826      0.15243309      0.15959845     -0.32573014      -0.32573014       253.05341                                253.05341
              2       127.51898       60.140932     0.029640781      0.15825505      0.16703707     -0.32573014      -0.32573014       255.68942                                255.68942
              2        127.6025       60.140932     0.029640781      0.14854592      0.16500182     -0.32573014      -0.32573014       255.85645                                255.85645
              2       126.25495       60.140932     0.029640781      0.15173577      0.15921441     -0.32573014      -0.32573014       253.16135                                253.16135
              1       127.12614       60.140932     0.029640781      0.14820224      0.16215442     -0.32573014      -0.32573014       254.90373                                254.90373
              1       128.36654       60.158798     0.028455158      0.14913197      0.16278492     -0.32573014      -0.32573014       257.38453                                257.38453
              1       128.28051       60.065288     0.028711101      0.14170156      0.15175157     -0.32573014      -0.32573014       257.21248                                257.21248
              1       125.75114       60.065288     0.028711101      0.15225446      0.15600717     -0.32573014      -0.32573014       252.15373                                252.15373
              1       126.75977       60.042797     0.027126093      0.15317471      0.15651819     -0.32573014      -0.32573014         254.171                                  254.171
              2       126.86221       60.042797     0.027126093      0.15561585      0.16058767     -0.32573014      -0.32573014       254.37588                                254.37588
              2       126.86387       60.069768     0.027587658      0.15548995        0.160585     -0.32573014      -0.32573014       254.37921                                254.37921
              1       127.74155       60.106602     0.027192676      0.15601454      0.16101605     -0.32573014      -0.32573014       256.13457                                256.13457
              1       127.02031       60.187725     0.029412828      0.15507076      0.16065535     -0.32573014      -0.32573014       254.69208                                254.69208
              1       126.89237       60.187725     0.029412828      0.15386792      0.15512526     -0.32573014      -0.32573014        254.4362                                 254.4362
              1       126.97353       60.187725     0.029412828      0.15913773      0.15394938     -0.32573014      -0.32573014       254.59852                                254.59852
              1       127.53181       60.187725     0.029412828      0.15850553      0.16393029     -0.32573014      -0.32573014       255.71507                                255.71507
              2        127.4224       60.187725     0.029412828      0.15355256      0.16307677     -0.32573014      -0.32573014       255.49627                                255.49627
              2       126.18611       60.092717     0.029241984      0.15300759       0.1624693     -0.32573014      -0.32573014       253.02367                                253.02367
              3       128.35528       60.092717     0.029241984      0.14763129      0.16842908     -0.32573014      -0.32573014       257.36202                                257.36202
              1       126.98432       60.092717     0.029241984      0.14588003       0.1602151     -0.32573014      -0.32573014        254.6201                                 254.6201
              5       126.17564       60.092717     0.029241984      0.14868767      0.15737251     -0.32573014      -0.32573014       253.00274                                253.00274
              1       127.30013       60.092717     0.029241984       0.1438479      0.15658237     -0.32573014      -0.32573014       255.25172                                255.25172
              2        126.1817       60.092717     0.029241984      0.16237005      0.15376193     -0.32573014      -0.32573014       253.01486                                253.01486
              2       126.06888       60.085753     0.029256151      0.16231198       0.1537061     -0.32573014      -0.32573014       252.78923                                252.78923
              2       125.46031       60.085753     0.029256151      0.15385196       0.1557306     -0.32573014      -0.32573014       251.57208                                251.57208
              1       125.84531       60.085753     0.029256151      0.15778704      0.16100613     -0.32573014      -0.32573014       252.34208                                252.34208
              6       126.17351       60.085753     0.029256151      0.16270304      0.15831546     -0.32573014      -0.32573014       252.99848                                252.99848
              1       126.27352       60.085753     0.029256151      0.15409461      0.14762473     -0.32573014      -0.32573014       253.19849                                253.19849
              2       125.83625       60.085753     0.029256151      0.15787594      0.15052616     -0.32573014      -0.32573014       252.32396                                252.32396
              1        125.9597       60.085753     0.029256151      0.16036999      0.15142676     -0.32573014      -0.32573014       252.57085                                252.57085
              3       125.47723       60.085753     0.029256151      0.15448918      0.15396252     -0.32573014      -0.32573014       251.60593                                251.60593
              1       126.87378       60.085753     0.029256151      0.16194166      0.14716827     -0.32573014      -0.32573014       254.39902                                254.39902
              4       126.56961       60.066151     0.029289423      0.16178268      0.14701389     -0.32573014      -0.32573014       253.79068                                253.79068
              1       126.63032       60.079584     0.029439752      0.16177402      0.14704628     -0.32573014      -0.32573014        253.9121                                 253.9121
              3       125.87156       60.079584     0.029439752      0.15746832      0.16260766     -0.32573014      -0.32573014       252.39458                                252.39458
              1       125.63133       60.094354     0.029970518      0.15721052      0.16248833     -0.32573014      -0.32573014       251.91412                                251.91412
              8       124.98018       60.034128     0.029197583      0.15083978      0.15642297     -0.32573014      -0.32573014       250.61182                                250.61182
              6       124.90165       60.034128     0.029197583      0.15203251      0.15724088     -0.32573014      -0.32573014       250.45476                                250.45476
              1       126.96518       60.034128     0.029197583      0.14196079      0.15703202     -0.32573014      -0.32573014       254.58182                                254.58182
              1       125.10339       60.034128     0.029197583      0.16039417      0.15463766     -0.32573014      -0.32573014       250.85825                                250.85825
              1       125.02594       60.034128     0.029197583      0.15735391      0.15949314     -0.32573014      -0.32573014       250.70335                                250.70335
              1        124.7935       60.034128     0.029197583      0.15294575      0.15516112     -0.32573014      -0.32573014       250.23845                                250.23845
              3       126.00755       60.089408     0.028728149      0.15364927      0.15575573     -0.32573014      -0.32573014       252.66656                                252.66656
              2       126.28079       60.091968     0.028452856      0.15385409      0.15589077     -0.32573014      -0.32573014       253.21304                                253.21304
              1       126.35552       60.091968     0.028452856      0.15422497      0.15345804     -0.32573014      -0.32573014        253.3625                                 253.3625
              1       126.43859       60.091968     0.028452856      0.15725681      0.15224957     -0.32573014      -0.32573014       253.52864                                253.52864
              5       126.26707       60.142053     0.029478098      0.15680573      0.15228474     -0.32573014      -0.32573014        253.1856                                 253.1856
              1       126.67507       60.142053     0.029478098      0.15836903      0.16257528     -0.32573014      -0.32573014       254.00159                                254.00159
              1        126.1638       60.142053     0.029478098      0.15820186      0.15473079     -0.32573014      -0.32573014       252.97907                                252.97907
              1       130.08923       60.142053     0.029478098      0.17351609      0.15395251     -0.32573014      -0.32573014       260.82992                                260.82992
              1       129.51651       60.142053     0.029478098      0.17168691      0.16070733     -0.32573014      -0.32573014       259.68448                                259.68448
              1       127.75616       60.142053     0.029478098      0.16414066      0.14805059     -0.32573014      -0.32573014       256.16378                                256.16378
              1       129.11518       60.210265     0.029039824      0.15468461      0.14568615     -0.32573014      -0.32573014       258.88181                                258.88181
              2       129.97194       60.210265     0.029039824      0.15561129        0.142882     -0.32573014      -0.32573014       260.59534                                260.59534
              3       129.09839       60.210265     0.029039824      0.16594838      0.16363801     -0.32573014      -0.32573014       258.84825                                258.84825
              1       131.07026       60.210265     0.029039824      0.16501076      0.17172687     -0.32573014      -0.32573014       262.79198                                262.79198
              1        127.5577       60.102598     0.029982123      0.15050305      0.16872981     -0.32573014      -0.32573014       255.76687                                255.76687
              1       127.84177       60.072493     0.029069196       0.1509539      0.16884517     -0.32573014      -0.32573014         256.335                                  256.335
              5       127.66139       60.072493     0.029069196      0.15131728      0.16841461     -0.32573014      -0.32573014       255.97424                                255.97424
              1       127.73564       60.072493     0.029069196      0.15050231      0.16834945     -0.32573014      -0.32573014       256.12273                                256.12273
              4       127.86784       60.122512     0.029857667      0.15019443      0.16849289     -0.32573014      -0.32573014       256.38713                                256.38713
              1       128.20289       60.122512     0.029857667      0.14811906      0.16848641     -0.32573014      -0.32573014       257.05723                                257.05723
              1        126.3327       60.122512     0.029857667      0.14822558      0.15966646     -0.32573014      -0.32573014       253.31686                                253.31686
              2       127.56962       60.122512     0.029857667      0.14269896      0.15673072     -0.32573014      -0.32573014        255.7907                                 255.7907
              3       126.79733       60.017252     0.028703003      0.14304118      0.15619668     -0.32573014      -0.32573014       254.24613                                254.24613
              1       127.36368       60.017252     0.028703003      0.14131631      0.15587047     -0.32573014      -0.32573014       255.37881                                255.37881
              1       126.48604       60.134737     0.029028837        0.154512      0.15912598     -0.32573014      -0.32573014       253.62355                                253.62355
              1        128.9746       60.134737     0.029028837      0.16023161      0.17009649     -0.32573014      -0.32573014       258.60067                                258.60067
              1       128.99317       60.160325     0.029429998      0.16007544      0.17017088     -0.32573014      -0.32573014       258.63779                                258.63779
              4       129.04443       60.160325     0.029429998      0.15209584      0.17031769     -0.32573014      -0.32573014       258.74031                                258.74031
              2       129.19215       60.177514      0.02958914      0.15205778      0.17041844     -0.32573014      -0.32573014       259.03576                                259.03576
              2       126.69462       60.177514      0.02958914      0.15745671      0.16011857     -0.32573014      -0.32573014        254.0407                                 254.0407
              2       126.72275       60.177514      0.02958914      0.15859252      0.15983409     -0.32573014      -0.32573014       254.09696                                254.09696
              3       127.63736       60.177514      0.02958914      0.16537565      0.15852333     -0.32573014      -0.32573014       255.92618                                255.92618
              2       128.92143       60.177514      0.02958914      0.14855596      0.14480281     -0.32573014      -0.32573014       258.49431                                258.49431
              1       127.18562       60.177514      0.02958914      0.16350555      0.15665359     -0.32573014      -0.32573014       255.02271                                255.02271
              2       127.11601       60.177514      0.02958914      0.15778225      0.16319959     -0.32573014      -0.32573014       254.88347                                254.88347
              1        128.0306       60.177514      0.02958914      0.16544207      0.16226211     -0.32573014      -0.32573014       256.71267                                256.71267
              5       128.01582       60.177514      0.02958914      0.16542475      0.16218947     -0.32573014      -0.32573014        256.6831                                 256.6831
              1        128.5286       60.177514      0.02958914      0.16777841      0.16134981     -0.32573014      -0.32573014       257.70865                                257.70865
              2       127.41774       60.177514      0.02958914      0.16459069      0.15746471     -0.32573014      -0.32573014       255.48695                                255.48695
              3       127.62544       60.177514      0.02958914      0.16547077      0.15774498     -0.32573014      -0.32573014       255.90234                                255.90234
              2       128.57534       60.177514      0.02958914      0.16736856      0.16253583     -0.32573014      -0.32573014       257.80214                                257.80214
              1       130.00951       60.169904     0.028450122      0.16314614      0.16983618     -0.32573014      -0.32573014       260.67048                                260.67048
              1       130.18044       60.169904     0.028450122      0.14203657      0.15465734     -0.32573014      -0.32573014       261.01233                                261.01233
              1       128.60019       60.169904     0.028450122      0.14697299      0.15569367     -0.32573014      -0.32573014       257.85184                                257.85184
              2       128.65358       60.169904     0.028450122      0.14668768       0.1570177     -0.32573014      -0.32573014       257.95861                                257.95861
              1       129.55069       60.169904     0.028450122      0.14445833      0.15232053     -0.32573014      -0.32573014       259.75284                                259.75284
              4       128.51889       60.169904     0.028450122      0.15196096      0.14865471     -0.32573014      -0.32573014       257.68924                                257.68924
              1       128.61377       60.169904     0.028450122      0.14688541      0.15781453     -0.32573014      -0.32573014       257.87901                                257.87901
              1       131.03887       60.225992     0.026686674      0.14814401      0.15919354     -0.32573014      -0.32573014       262.72919                                262.72919
              2       128.41965       60.185737     0.028477985      0.15108182      0.16276172     -0.32573014      -0.32573014       257.49076                                257.49076
              2       127.70021       60.193319     0.029529506      0.15114164      0.16330428     -0.32573014      -0.32573014       256.05187                                256.05187
              2       126.91517       60.181721     0.029532065      0.15725002      0.16127263     -0.32573014      -0.32573014       254.48181                                254.48181
              4       127.32322       60.181721     0.029532065      0.14942279      0.15332612     -0.32573014      -0.32573014        255.2979                                 255.2979
              5       127.34387       60.158778     0.029090461      0.14961244      0.15329711     -0.32573014      -0.32573014       255.33921                                255.33921
              1       128.33714       60.158778     0.029090461      0.15458175      0.14502695     -0.32573014      -0.32573014       257.32575                                257.32575
              3       128.74261       60.025616      0.02640161      0.15575864      0.14491641     -0.32573014      -0.32573014       258.13669                                258.13669
              1        127.4589       60.025616      0.02640161      0.15140014       0.1534242     -0.32573014      -0.32573014       255.56926                                255.56926
              2       128.63938       60.025616      0.02640161      0.14519209      0.15533998     -0.32573014      -0.32573014       257.93022                                257.93022
              1       127.17425       60.025616      0.02640161      0.15765339      0.16013164     -0.32573014      -0.32573014       254.99995                                254.99995
              4       127.13196       60.025616      0.02640161      0.15816609      0.15933813     -0.32573014      -0.32573014       254.91539                                254.91539
              2       128.58002       60.025616      0.02640161      0.16366421      0.16516548     -0.32573014      -0.32573014       257.81151                                257.81151
              1       128.19936       60.025616      0.02640161      0.16611242      0.15617763     -0.32573014      -0.32573014       257.05019                                257.05019
              1       128.21814       60.024325     0.026361008      0.16613263      0.15618325     -0.32573014      -0.32573014       257.08775                                257.08775
              1       127.77997       60.024325     0.026361008      0.16374061      0.15922641     -0.32573014      -0.32573014        256.2114                                 256.2114
              1       127.53951       60.024325     0.026361008      0.15340141      0.15101555     -0.32573014      -0.32573014       255.73048                                255.73048
              4       127.37073       60.024325     0.026361008      0.15373396      0.15214382     -0.32573014      -0.32573014       255.39291                                255.39291
              8       126.80134       60.093377     0.028238281      0.15283112      0.15197893     -0.32573014      -0.32573014       254.25414                                254.25414
              2       127.10462       60.093377     0.028238281      0.15294961      0.16293255     -0.32573014      -0.32573014       254.86069                                254.86069
              3       127.32636       60.109153     0.028263137       0.1529881      0.16308077     -0.32573014      -0.32573014       255.30418                                255.30418
              2       127.29439       60.109153     0.028263137      0.15357231      0.16315285     -0.32573014      -0.32573014       255.24024                                255.24024
              1       127.57873       60.109153     0.028263137      0.16310128      0.16164044     -0.32573014      -0.32573014       255.80891                                255.80891
              3        128.1818       60.109153     0.028263137      0.16355558      0.16471772     -0.32573014      -0.32573014       257.01506                                257.01506
              2       127.67713       60.109153     0.028263137      0.14780365      0.15968005     -0.32573014      -0.32573014       256.00572                                256.00572
              8       127.01903       60.109153     0.028263137      0.15084052      0.15561585     -0.32573014      -0.32573014       254.68952                                254.68952
              1       125.95423       60.031877     0.028111643      0.15067002      0.15490348     -0.32573014      -0.32573014       252.55993                                252.55993
              1       126.15572       60.031877     0.028111643      0.15469305      0.14944074     -0.32573014      -0.32573014        252.9629                                 252.9629
              3       128.51466       60.031782     0.027504156      0.14437071      0.14890514     -0.32573014      -0.32573014       257.68079                                257.68079
              2       127.07176       60.011156     0.028822364      0.14350217      0.14808988     -0.32573014      -0.32573014       254.79498                                254.79498
              3       127.81517       60.011156     0.028822364      0.16729225      0.14557317     -0.32573014      -0.32573014       256.28179                                256.28179
              1       125.81309       60.011156     0.028822364      0.16329413      0.15104101     -0.32573014      -0.32573014       252.27765                                252.27765
              4       127.06916       60.082827     0.028482786      0.16374308      0.15192261     -0.32573014      -0.32573014       254.78978                                254.78978
              1       128.58245        60.09791       0.0269837      0.16470237      0.15276498     -0.32573014      -0.32573014       257.81635                                257.81635
              4       128.30604        60.09791       0.0269837      0.16069542      0.15036843     -0.32573014      -0.32573014       257.26354                                257.26354
              1       128.39158        60.09791       0.0269837      0.14900256      0.15480826     -0.32573014      -0.32573014       257.43463                                257.43463
              4       128.43523       60.078814     0.026611108      0.14916345      0.15478643     -0.32573014      -0.32573014       257.52192                                257.52192
              1       128.80348       60.078814     0.026611108      0.15373177      0.14786417     -0.32573014      -0.32573014       258.25841                                258.25841
              1       128.32368       60.078814     0.026611108      0.15385469      0.15019878     -0.32573014      -0.32573014       257.29882                                257.29882
              3       127.63816       60.078814     0.026611108       0.1560172      0.15779535     -0.32573014      -0.32573014       255.92777                                255.92777
              1       128.22256       60.078814     0.026611108       0.1524375      0.16234643     -0.32573014      -0.32573014       257.09659                                257.09659
              1       126.47673       60.041107     0.027978728      0.15148107      0.16133557     -0.32573014      -0.32573014       253.60492                                253.60492
              1       126.69067       60.041107     0.027978728      0.15016893      0.16168489     -0.32573014      -0.32573014        254.0328                                 254.0328
              4       127.20744       60.118962     0.028819435      0.14992389      0.16208603     -0.32573014      -0.32573014       255.06634                                255.06634
              1       127.87144       60.118962     0.028819435      0.14554505      0.15262483     -0.32573014      -0.32573014       256.39434                                256.39434
              3       127.81443       60.164868     0.028116455      0.15594887      0.16114901     -0.32573014      -0.32573014       256.28033                                256.28033
              1       126.65374       60.150479     0.029213406      0.15523554      0.16049868     -0.32573014      -0.32573014       253.95893                                253.95893
              2       126.09308       60.093562     0.028877446      0.15524588      0.16007722     -0.32573014      -0.32573014       252.83763                                252.83763
              1       125.93292       60.093562     0.028877446      0.15636463      0.15796699     -0.32573014      -0.32573014       252.51731                                252.51731
              4       125.92304       60.015493      0.02756034      0.15689754       0.1577829     -0.32573014      -0.32573014       252.49753                                252.49753
              1       127.48913       60.015493      0.02756034      0.15835365      0.14490611     -0.32573014      -0.32573014       255.62972                                255.62972
              1       128.61297       60.015493      0.02756034      0.16907712      0.14977131     -0.32573014      -0.32573014       257.87741                                257.87741
              2       128.25893       60.015493      0.02756034      0.16852594      0.15098464     -0.32573014      -0.32573014       257.16932                                257.16932
              1       126.60584       60.015493      0.02756034      0.15600285      0.14829132     -0.32573014      -0.32573014       253.86313                                253.86313
              2       126.54415       60.015493      0.02756034      0.16207812      0.15230314     -0.32573014      -0.32573014       253.73976                                253.73976
              1       128.77232       60.105689     0.028212438      0.16830829      0.15172536     -0.32573014      -0.32573014        258.1961                                 258.1961
              1       129.89384       60.138331     0.027437647      0.16888842       0.1524122     -0.32573014      -0.32573014       260.43914                                260.43914
              1       130.78763       60.138331     0.027437647      0.17086798      0.16359739     -0.32573014      -0.32573014       262.22672                                262.22672
              1       129.14234       60.138331     0.027437647      0.16665415      0.16058722     -0.32573014      -0.32573014       258.93614                                258.93614
              2       129.53008       60.138331     0.027437647      0.14553833      0.15972417     -0.32573014      -0.32573014       259.71162                                259.71162
              2       130.31144       60.138331     0.027437647      0.14482765      0.16434799     -0.32573014      -0.32573014       261.27434                                261.27434
              3       129.22357       60.138331     0.027437647      0.14940275      0.16466431     -0.32573014      -0.32573014        259.0986                                 259.0986
              2       129.48733       60.138331     0.027437647      0.14960534      0.16612167     -0.32573014      -0.32573014       259.62613                                259.62613
              4       129.00857       60.023419     0.025803917        0.150205      0.16571037     -0.32573014      -0.32573014       258.66861                                258.66861
              2       126.98613       60.055215     0.028836044      0.14847615      0.16463709     -0.32573014      -0.32573014       254.62372                                254.62372
              3         125.398       60.055215     0.028836044      0.15626706      0.15736132     -0.32573014      -0.32573014       251.44746                                251.44746
              3       125.10573       60.024317     0.028653419      0.15627283      0.15713264     -0.32573014      -0.32573014       250.86292                                250.86292
              1       125.64113       60.024317     0.028653419      0.14899868      0.15804389     -0.32573014      -0.32573014       251.93372                                251.93372
              1       125.82336       60.024317     0.028653419      0.15293027      0.14803675     -0.32573014      -0.32573014       252.29817                                252.29817
              3       126.35621       60.024317     0.028653419      0.14612086      0.15117397     -0.32573014      -0.32573014       253.36389                                253.36389
              2       126.79391       60.024317     0.028653419       0.1437053      0.15386026     -0.32573014      -0.32573014       254.23927                                254.23927
              3       127.55686       60.024317     0.028653419      0.15553847      0.14138394     -0.32573014      -0.32573014       255.76518                                255.76518
              1       127.71858       60.062212     0.029082282      0.15540729      0.14157013     -0.32573014      -0.32573014       256.08863                                256.08863
              2       125.32192       60.062212     0.029082282      0.15729552      0.15402325     -0.32573014      -0.32573014        251.2953                                 251.2953
              2       125.24523       60.062212     0.029082282      0.15508784      0.15550433     -0.32573014      -0.32573014       251.14193                                251.14193
              3       127.48019       60.062212     0.029082282      0.14242718      0.15283596     -0.32573014      -0.32573014       255.61184                                255.61184
              3       125.75692       60.062212     0.029082282      0.15687358      0.14939001     -0.32573014      -0.32573014        252.1653                                 252.1653
              2       126.60124       60.062212     0.029082282      0.16285433      0.14843671     -0.32573014      -0.32573014       253.85394                                253.85394
              3       126.08486       60.062212     0.029082282       0.1550791      0.16376615     -0.32573014      -0.32573014       252.82118                                252.82118
              2        125.9881       60.062212     0.029082282      0.15290373      0.16287128     -0.32573014      -0.32573014       252.62765                                252.62765
              3       125.55329       60.062212     0.029082282      0.15174362      0.15225363     -0.32573014      -0.32573014       251.75804                                251.75804
              3       125.71592       60.062212     0.029082282      0.16146214      0.15569549     -0.32573014      -0.32573014       252.08331                                252.08331
              3       125.69748       60.062212     0.029082282      0.16094745      0.15774604     -0.32573014      -0.32573014       252.04641                                252.04641
              5       127.21594       60.057377     0.029568869      0.16892894      0.15634429     -0.32573014      -0.32573014       255.08334                                255.08334
              1       127.08543       60.057377     0.029568869      0.16856561      0.15618553     -0.32573014      -0.32573014       254.82231                                254.82231
              2       127.82379       60.115663     0.029604642      0.16882776      0.15684337     -0.32573014      -0.32573014       256.29904                                256.29904
              1       128.53705       60.115663     0.029604642       0.1704463      0.15922527     -0.32573014      -0.32573014       257.72557                                257.72557
              1       127.78275       60.115663     0.029604642      0.16768098      0.16102858     -0.32573014      -0.32573014       256.21696                                256.21696
              1       127.91616       60.115663     0.029604642      0.14525819      0.16462115     -0.32573014      -0.32573014       256.48378                                256.48378
              1       127.47644       60.115663     0.029604642      0.15229614      0.14397491     -0.32573014      -0.32573014       255.60433                                255.60433
              1       126.18231       60.078531     0.029409436      0.14671551      0.15704723     -0.32573014      -0.32573014       253.01609                                253.01609
              4       129.51121       60.078531     0.029409436      0.16924647      0.16769727     -0.32573014      -0.32573014       259.67387                                259.67387
              2       129.53091       60.078892     0.029390465      0.16925478      0.16770997     -0.32573014      -0.32573014       259.71327                                259.71327
              1       129.35907       60.078892     0.029390465      0.16796554      0.16854546     -0.32573014      -0.32573014        259.3696                                 259.3696
              1       130.55318       60.192875     0.029915448      0.16831949      0.16962738     -0.32573014      -0.32573014       261.75783                                261.75783
              5       130.41719       60.192875     0.029915448      0.17377195      0.15553859     -0.32573014      -0.32573014       261.48585                                261.48585
              1       126.47363       60.192875     0.029915448      0.15773735      0.15650092     -0.32573014      -0.32573014       253.59872                                253.59872
              3       126.53421       60.192875     0.029915448      0.15346487      0.15682111     -0.32573014      -0.32573014       253.71987                                253.71987
              5       127.52359       60.192875     0.029915448      0.16185735      0.16361893     -0.32573014      -0.32573014       255.69863                                255.69863
              6       126.63209       60.192875     0.029915448      0.15237444      0.15539901     -0.32573014      -0.32573014       253.91565                                253.91565
              2       127.14944       60.192875     0.029915448      0.16148859      0.16156997     -0.32573014      -0.32573014       254.95034                                254.95034
              1       126.50979       60.081318     0.028753244      0.16136831      0.16080254     -0.32573014      -0.32573014       253.67104                                253.67104
              3       127.06914       60.081318     0.028753244      0.16500831      0.15954842     -0.32573014      -0.32573014       254.78974                                254.78974
              1       127.37542       60.098149     0.028663975      0.16511875      0.15978315     -0.32573014      -0.32573014       255.40229                                255.40229
              2       126.92385       60.098149     0.028663975      0.15566714      0.16407766     -0.32573014      -0.32573014       254.49916                                254.49916
              3       126.89588       60.098149     0.028663975      0.15638207      0.16392717     -0.32573014      -0.32573014       254.44322                                254.44322
              2         127.217       60.098149     0.028663975      0.14721125      0.15308574     -0.32573014      -0.32573014       255.08546                                255.08546
              3       127.09374       60.098149     0.028663975      0.15866175      0.14783643     -0.32573014      -0.32573014       254.83893                                254.83893
              1       126.63398       60.098149     0.028663975      0.15634691      0.16245239     -0.32573014      -0.32573014       253.91941                                253.91941
              4       126.78783       60.089506     0.028329183      0.15642295      0.16250294     -0.32573014      -0.32573014       254.22713                                254.22713
              1       127.86946       60.133521     0.028392109       0.1620698      0.14987102     -0.32573014      -0.32573014       256.39038                                256.39038
              2       127.86485       60.117796     0.028144339      0.16208212      0.14980058     -0.32573014      -0.32573014       256.38116                                256.38116
              1       127.47609       60.117796     0.028144339      0.15805308      0.14985643     -0.32573014      -0.32573014       255.60363                                255.60363
              1       128.35253       60.117796     0.028144339      0.14725997      0.15079679     -0.32573014      -0.32573014       257.35653                                257.35653
              1       128.64482       60.117796     0.028144339      0.15087655      0.14608314     -0.32573014      -0.32573014        257.9411                                 257.9411
              1       127.36512       60.117796     0.028144339      0.15662755      0.15032071     -0.32573014      -0.32573014       255.38171                                255.38171
              4       125.78456       60.107158     0.029781793      0.15600633      0.14946167     -0.32573014      -0.32573014       252.22058                                252.22058
              1        125.3855       60.107158     0.029781793      0.15792349      0.15497585     -0.32573014      -0.32573014       251.42246                                251.42246
              4       125.56745       60.107158     0.029781793      0.15719351      0.15138845     -0.32573014      -0.32573014       251.78636                                251.78636
              4       125.31271       60.107158     0.029781793      0.15561191      0.15661275     -0.32573014      -0.32573014       251.27688                                251.27688
              3       125.48597       60.107158     0.029781793      0.15498009      0.15945412     -0.32573014      -0.32573014       251.62341                                251.62341
              3       125.69671       60.107158     0.029781793      0.14989716      0.15636686     -0.32573014      -0.32573014       252.04488                                252.04488
              2       125.68156       60.107158     0.029781793      0.15001682       0.1564466     -0.32573014      -0.32573014       252.01458                                252.01458
              3       125.42363       60.107158     0.029781793      0.15638389      0.15861676     -0.32573014      -0.32573014       251.49873                                251.49873
              1       126.25806        60.03845     0.028447725      0.14846835      0.15184765     -0.32573014      -0.32573014       253.16758                                253.16758
              2       127.36658       60.194943     0.029867798      0.14871042      0.15301873     -0.32573014      -0.32573014       255.38462                                255.38462
              2       127.65443       60.226316      0.02922384      0.15612566      0.15999488     -0.32573014      -0.32573014       255.96033                                255.96033
              3       127.67823       60.258252     0.029748882      0.15609301      0.16012812     -0.32573014      -0.32573014       256.00792                                256.00792
              1        128.5946       60.258252     0.029748882      0.14813522      0.15447538     -0.32573014      -0.32573014       257.84066                                257.84066
              2       128.71142       60.258252     0.029748882      0.15262773      0.14840143     -0.32573014      -0.32573014        258.0743                                 258.0743
              3       127.16192       60.167933     0.029999435      0.15211479      0.14724451     -0.32573014      -0.32573014        254.9753                                 254.9753
              3       126.43767       60.167933     0.029999435      0.15184873      0.16035757     -0.32573014      -0.32573014       253.52681                                253.52681
              1       126.57854       60.167933     0.029999435      0.16246237      0.15477434     -0.32573014      -0.32573014       253.80854                                253.80854
              4       126.24676       60.167933     0.029999435      0.16003341       0.1547167     -0.32573014      -0.32573014       253.14498                                253.14498
              1       126.21253       60.167933     0.029999435       0.1563953      0.15201671     -0.32573014      -0.32573014       253.07651                                253.07651
              5       126.34307       60.010247     0.027238232      0.15661537      0.15143468     -0.32573014      -0.32573014       253.33759                                253.33759
              2       129.48858       60.010247     0.027238232      0.14805126      0.14158291     -0.32573014      -0.32573014       259.62863                                259.62863
              1       129.79391       60.107138      0.02845617      0.14808299      0.14215571     -0.32573014      -0.32573014       260.23927                                260.23927
              2       129.49715       60.107138      0.02845617      0.14075781      0.15443331     -0.32573014      -0.32573014       259.64576                                259.64576
              1       129.10078       60.107138      0.02845617      0.14352413      0.14922523     -0.32573014      -0.32573014       258.85302                                258.85302
             10       128.84979       60.154426      0.02951865      0.14337638       0.1492944     -0.32573014      -0.32573014       258.35105                                258.35105
              2       127.92026       60.154426      0.02951865      0.14638823      0.14974569     -0.32573014      -0.32573014       256.49198                                256.49198
              1       129.45341       60.154426      0.02951865      0.14712966      0.16952785     -0.32573014      -0.32573014       259.55827                                259.55827
              1        129.7472       60.154426      0.02951865      0.14762565      0.17067983     -0.32573014      -0.32573014       260.14587                                260.14587
              1       129.52756       60.123338      0.02918246      0.14759642      0.17047149     -0.32573014      -0.32573014       259.70658                                259.70658
              1       128.71661       60.123338      0.02918246      0.15500475      0.17062384     -0.32573014      -0.32573014       258.08468                                258.08468
              1         127.525       60.123338      0.02918246       0.1665948      0.15693149     -0.32573014      -0.32573014       255.70147                                255.70147
              1       128.09973       60.123338      0.02918246      0.16369012      0.16614521     -0.32573014      -0.32573014       256.85093                                256.85093
              1       126.92501       60.123338      0.02918246      0.15749143       0.1642663     -0.32573014      -0.32573014       254.50148                                254.50148
              2       127.61388       60.106007      0.02805549      0.15780283       0.1645725     -0.32573014      -0.32573014       255.87923                                255.87923
              1       127.30505       60.106007      0.02805549      0.16188502      0.15322777     -0.32573014      -0.32573014       255.26157                                255.26157
              2        126.8309       60.106007      0.02805549      0.15438006      0.15560544     -0.32573014      -0.32573014       254.31326                                254.31326
              5       126.99552       60.108193     0.027905137      0.15444279       0.1556983     -0.32573014      -0.32573014        254.6425                                 254.6425
              1       127.09827       60.108193     0.027905137      0.15283756      0.15665643     -0.32573014      -0.32573014       254.84801                                254.84801
              2       126.58451       60.105695     0.028445374      0.15263737      0.15638471     -0.32573014      -0.32573014       253.82048                                253.82048
              2        130.3306       60.165925     0.026623997      0.14883777      0.16375584     -0.32573014      -0.32573014       261.31266                                261.31266
              3       130.37697       60.165925     0.026623997      0.14854264      0.16361453     -0.32573014      -0.32573014        261.4054                                 261.4054
              2       129.40841       60.165925     0.026623997      0.15617339       0.1516754     -0.32573014      -0.32573014       259.46827                                259.46827
              1       130.44542       60.165925     0.026623997      0.14749805       0.1535134     -0.32573014      -0.32573014       261.54231                                261.54231
              1       129.24258       60.182379     0.027671537      0.15195805      0.15025811     -0.32573014      -0.32573014       259.13663                                259.13663
              5       127.92866       60.094899     0.027671897      0.15154575      0.14924649     -0.32573014      -0.32573014       256.50878                                256.50878
              1       127.09996       60.094899     0.027671897      0.15620728        0.160187     -0.32573014      -0.32573014       254.85137                                254.85137
              3       125.32426       60.021446     0.028467249       0.1555838       0.1589802     -0.32573014      -0.32573014       251.29998                                251.29998
              5       125.80258       60.021446     0.028467249      0.14887985      0.15277337     -0.32573014      -0.32573014       252.25662                                252.25662
              2       125.32136       60.021446     0.028467249      0.15357074      0.15263266     -0.32573014      -0.32573014       251.29419                                251.29419
              1       124.83744       60.064651     0.029751594      0.15332636      0.15255489     -0.32573014      -0.32573014       250.32633                                250.32633
              1       125.02322       60.064651     0.029751594      0.15484928      0.16028084     -0.32573014      -0.32573014       250.69789                                250.69789
              7        124.9836       60.064651     0.029751594      0.15558787      0.15992979     -0.32573014      -0.32573014       250.61865                                250.61865
              2       127.04637       60.138374     0.028620205      0.15632983      0.16129076     -0.32573014      -0.32573014       254.74421                                254.74421
              1       126.99265       60.158659     0.029038285      0.15627959      0.16133737     -0.32573014      -0.32573014       254.63676                                254.63676
              1       129.51889       60.158659     0.029038285      0.17048475      0.16093648     -0.32573014      -0.32573014       259.68924                                259.68924
              1       128.82527        60.13159     0.029455711      0.17021162      0.16043587     -0.32573014      -0.32573014         258.302                                  258.302
              1        125.9564        60.13159     0.029455711      0.15587493      0.15723978     -0.32573014      -0.32573014       252.56426                                252.56426
              1       125.96382        60.13159     0.029455711       0.1551882      0.15474436     -0.32573014      -0.32573014       252.57911                                252.57911
              1       125.97041        60.13159     0.029455711      0.15503578       0.1546305     -0.32573014      -0.32573014       252.59228                                252.59228
              1       125.45888       60.081811     0.029191057      0.15489355      0.15417391     -0.32573014      -0.32573014       251.56922                                251.56922
              1       125.53512       60.081811     0.029191057      0.15784497       0.1574959     -0.32573014      -0.32573014       251.72171                                251.72171
              3       125.58635       60.081811     0.029191057       0.1557442      0.15928756     -0.32573014      -0.32573014       251.82415                                251.82415
              3       125.55459       60.079402     0.029186393      0.15573448      0.15926181     -0.32573014      -0.32573014       251.76065                                251.76065
              1       125.54559       60.079402     0.029186393      0.15539569      0.15916894     -0.32573014      -0.32573014       251.74263                                251.74263
              1       125.42392       60.079402     0.029186393      0.15667018      0.15469795     -0.32573014      -0.32573014       251.49931                                251.49931
              1       125.39059       60.109799     0.029752693      0.15661588      0.15479484     -0.32573014      -0.32573014       251.43264                                251.43264
              2       125.51055       60.109799     0.029752693      0.15884875      0.15588316     -0.32573014      -0.32573014       251.67256                                251.67256
              1       125.05191       60.064461     0.029532116      0.15871206      0.15545811     -0.32573014      -0.32573014       250.75528                                250.75528
              1       126.70932       60.064461     0.029532116      0.16707423      0.15623751     -0.32573014      -0.32573014        254.0701                                 254.0701
              2       126.18015       60.064461     0.029532116      0.16513729       0.1541022     -0.32573014      -0.32573014       253.01175                                253.01175
              4        126.7741       60.134345      0.02996389      0.16534264      0.15464063     -0.32573014      -0.32573014       254.19966                                254.19966
              1       125.86834       60.134345      0.02996389       0.1604553      0.15716858     -0.32573014      -0.32573014       252.38814                                252.38814
              3       129.09936       60.074954     0.025067385      0.16119989      0.15900873     -0.32573014      -0.32573014       258.85018                                258.85018
              1       129.97718       60.074954     0.025067385      0.15601386      0.14877243     -0.32573014      -0.32573014       260.60583                                260.60583
              2       129.28672       60.214726     0.028154282      0.15597344      0.14872148     -0.32573014      -0.32573014       259.22491                                259.22491
              2       128.75129       60.214726     0.028154282      0.15908586      0.15178676     -0.32573014      -0.32573014       258.15404                                258.15404
              1       128.43335       60.214726     0.028154282       0.1548609      0.15962032     -0.32573014      -0.32573014       257.51815                                257.51815
              3       128.44079       60.214726     0.028154282      0.15466222      0.15952126     -0.32573014      -0.32573014       257.53304                                257.53304
              2       130.24319       60.214726     0.028154282      0.14549647      0.15373544     -0.32573014      -0.32573014       261.13784                                261.13784
              1       129.93856       60.214726     0.028154282      0.16765147      0.16201579     -0.32573014      -0.32573014       260.52858                                260.52858
              3       129.07131       60.214726     0.028154282       0.1592905      0.16502315     -0.32573014      -0.32573014       258.79408                                258.79408
              3       128.56773       60.214726     0.028154282      0.15786123      0.15291729     -0.32573014      -0.32573014       257.78691                                257.78691
              1       128.81383       60.214726     0.028154282      0.16157376       0.1528016     -0.32573014      -0.32573014       258.27911                                258.27911
              4       130.11429       60.291626     0.027918528      0.16194398       0.1537547     -0.32573014      -0.32573014       260.88004                                260.88004
              1       130.69155       60.343267     0.028215251      0.16441906      0.15661971     -0.32573014      -0.32573014       262.03456                                262.03456
              2       132.08308       60.343267     0.028215251      0.15412275       0.1701388     -0.32573014      -0.32573014       264.81763                                264.81763
              1       130.47706       60.328002     0.029283342      0.15367597      0.16796327     -0.32573014      -0.32573014       261.60557                                261.60557
              2       131.30864       60.343901     0.029456443      0.16773003      0.16668265     -0.32573014      -0.32573014       263.26874                                263.26874
              1       130.24166       60.343901     0.029456443      0.15301737       0.1662854     -0.32573014      -0.32573014       261.13478                                261.13478
              1       129.36636       60.343901     0.029456443       0.1531813      0.15903069     -0.32573014      -0.32573014       259.38419                                259.38419
              3       130.12193       60.343901     0.029456443      0.14893812      0.15608416     -0.32573014      -0.32573014       260.89533                                260.89533
              1       131.77233       60.343901     0.029456443      0.14406103      0.15313179     -0.32573014      -0.32573014       264.19613                                264.19613
              2       131.92799       60.343901     0.029456443      0.14876585      0.14596806     -0.32573014      -0.32573014       264.50745                                264.50745
              1       131.03914       60.074369     0.026002512      0.14833676      0.14479875     -0.32573014      -0.32573014       262.72973                                262.72973
              2       131.30237       60.074369     0.026002512       0.1419249      0.15263425     -0.32573014      -0.32573014       263.25619                                263.25619
              1       130.42743       60.074369     0.026002512      0.14389746      0.16034323     -0.32573014      -0.32573014       261.50632                                261.50632
              1       128.94225       60.074369     0.026002512      0.15525643      0.14928579     -0.32573014      -0.32573014       258.53595                                258.53595
              1       130.02048       60.074369     0.026002512      0.16857451      0.16181992     -0.32573014      -0.32573014       260.69241                                260.69241
              2       129.67517       60.074369     0.026002512      0.14598931      0.15634414     -0.32573014      -0.32573014       260.00179                                260.00179
              1       129.24156       60.056329       0.0274694      0.15727232      0.14178377     -0.32573014      -0.32573014       259.13458                                259.13458
              1       126.86272       60.056329       0.0274694      0.16033672      0.15915234     -0.32573014      -0.32573014       254.37691                                254.37691
              1       126.50982       60.021111     0.027285065      0.16022648      0.15886413     -0.32573014      -0.32573014       253.67109                                253.67109
              1       126.65929       60.021111     0.027285065      0.16118161       0.1593178     -0.32573014      -0.32573014       253.97005                                253.97005
              1       127.09516       60.021111     0.027285065      0.16325775      0.16042505     -0.32573014      -0.32573014       254.84177                                254.84177
              3       127.09714       60.021111     0.027285065      0.16414397      0.15826045     -0.32573014      -0.32573014       254.84574                                254.84574
              1       127.16703       60.021111     0.027285065      0.16392711       0.1598372     -0.32573014      -0.32573014       254.98551                                254.98551
              1        126.1776       60.062706     0.028982979      0.16217784      0.16021245     -0.32573014      -0.32573014       253.00666                                253.00666
              1       126.18393       60.062706     0.028982979      0.16086695       0.1617741     -0.32573014      -0.32573014       253.01931                                253.01931
              5       126.37523       60.062706     0.028982979      0.14756514      0.15120829     -0.32573014      -0.32573014       253.40191                                253.40191
              4       125.58128       60.036268     0.029405106      0.14736865       0.1507076     -0.32573014      -0.32573014       251.81401                                251.81401
              2       128.88715       60.036268     0.029405106      0.17324847      0.15694797     -0.32573014      -0.32573014       258.42577                                258.42577
              2       128.86599       60.036268     0.029405106      0.17323064      0.15662754     -0.32573014      -0.32573014       258.38344                                258.38344
              1       129.45766       60.036268     0.029405106      0.17354764      0.14908884     -0.32573014      -0.32573014       259.56679                                259.56679
              2       127.06964       60.036268     0.029405106      0.16891509      0.15482976     -0.32573014      -0.32573014       254.79074                                254.79074
              5       124.98202       60.036268     0.029405106      0.15315492      0.16046632     -0.32573014      -0.32573014        250.6155                                 250.6155
              3       125.89101       60.036268     0.029405106       0.1627501      0.16168637     -0.32573014      -0.32573014       252.43347                                252.43347
              2       126.80963       60.036268     0.029405106      0.16816761       0.1553502     -0.32573014      -0.32573014       254.27071                                254.27071
              1       126.52332       60.036268     0.029405106      0.16338448      0.16424956     -0.32573014      -0.32573014       253.69809                                253.69809
              2        124.8424       60.036268     0.029405106      0.15391498        0.159544     -0.32573014      -0.32573014       250.33625                                250.33625
              4       125.71771       60.047298     0.029790273      0.15497877      0.16524039     -0.32573014      -0.32573014       252.08687                                252.08687
             11       124.52404       60.047298     0.029790273      0.15476401      0.15793689     -0.32573014      -0.32573014       249.69955                                249.69955
              1       125.12446       60.047298     0.029790273      0.15246509      0.16215869     -0.32573014      -0.32573014       250.90039                                250.90039
              4       125.13496       60.047298     0.029790273      0.15090242      0.16146782     -0.32573014      -0.32573014       250.92138                                250.92138
              1       124.76234       60.047298     0.029790273      0.15331908      0.15013316     -0.32573014      -0.32573014       250.17615                                250.17615
              9       125.72922       60.047298     0.029790273      0.16464455      0.15241326     -0.32573014      -0.32573014        252.1099                                 252.1099
              1        126.0652       60.047298     0.029790273      0.16592978      0.15769001     -0.32573014      -0.32573014       252.78186                                252.78186
              1       126.06179       60.047678     0.029801355      0.16592913       0.1576885     -0.32573014      -0.32573014       252.77504                                252.77504
              1       124.56097       60.005668     0.029375556       0.1493577      0.15355366     -0.32573014      -0.32573014       249.77341                                249.77341
              3       124.40385       60.005668     0.029375556      0.15597872      0.15904122     -0.32573014      -0.32573014       249.45917                                249.45917
              4       124.60452       60.005668     0.029375556      0.15325218      0.14924837     -0.32573014      -0.32573014       249.86049                                249.86049
              4       124.40403       60.005668     0.029375556      0.15532179      0.15067057     -0.32573014      -0.32573014       249.45952                                249.45952
              2       124.25024       60.005668     0.029375556      0.15700793      0.15591511     -0.32573014      -0.32573014       249.15193                                249.15193
              2       126.89244       60.063771     0.028885479      0.14488838      0.15700504     -0.32573014      -0.32573014       254.43633                                254.43633
              5       125.74209       60.063771     0.028885479       0.1506869      0.15665616     -0.32573014      -0.32573014       252.13565                                252.13565
              2       126.72296       60.063771     0.028885479      0.14673787      0.16066487     -0.32573014      -0.32573014       254.09738                                254.09738
              2       126.11336       60.063771     0.028885479       0.1482145      0.15600247     -0.32573014      -0.32573014       252.87818                                252.87818
              2       126.05056       60.063771     0.028885479      0.14855599       0.1558439     -0.32573014      -0.32573014       252.75258                                252.75258
              2       125.49513       60.063771     0.028885479      0.15598669      0.15782988     -0.32573014      -0.32573014       251.64172                                251.64172
              5       125.58582       60.063771     0.028885479      0.15630768      0.15906971     -0.32573014      -0.32573014        251.8231                                 251.8231
              1       125.26529        60.04753     0.028982651      0.15621987      0.15884438     -0.32573014      -0.32573014       251.18205                                251.18205
              4       125.46859        60.04753     0.028982651      0.15729762      0.16041958     -0.32573014      -0.32573014       251.58864                                251.58864
              2       125.64985        60.04753     0.028982651      0.15871227      0.16105589     -0.32573014      -0.32573014       251.95117                                251.95117
              1       126.26308        60.04753     0.028982651      0.15625131      0.16501985     -0.32573014      -0.32573014       253.17763                                253.17763
              2       125.79243        60.04753     0.028982651      0.15362777      0.16265742     -0.32573014      -0.32573014       252.23633                                252.23633
              1       125.60609        60.04753     0.028982651      0.15106207      0.15095007     -0.32573014      -0.32573014       251.86364                                251.86364
              4       126.30379        60.04753     0.028982651      0.15704398      0.14595312     -0.32573014      -0.32573014       253.25903                                253.25903
              1        125.8301        60.04753     0.028982651      0.15326844      0.14825729     -0.32573014      -0.32573014       252.31166                                252.31166
              3       126.06982       60.050929     0.028765668      0.15332672      0.14840421     -0.32573014      -0.32573014        252.7911                                 252.7911
              5       126.06421       60.050929     0.028765668      0.15383241      0.14830389     -0.32573014      -0.32573014       252.77988                                252.77988
              1       126.07112       60.050929     0.028765668      0.15395964       0.1482397     -0.32573014      -0.32573014       252.79369                                252.79369
              1       125.47482       60.050929     0.028765668      0.15642594      0.15267733     -0.32573014      -0.32573014       251.60111                                251.60111
              2       125.64257       60.050929     0.028765668      0.15590292      0.15086397     -0.32573014      -0.32573014       251.93659                                251.93659
              1        126.7358       60.133159     0.029470435      0.15392862      0.14835844     -0.32573014      -0.32573014       254.12306                                254.12306
              1       126.25657       60.123356      0.02985368      0.15380976      0.14805778     -0.32573014      -0.32573014        253.1646                                 253.1646
              2        126.6816       60.123356      0.02985368      0.15400213       0.1460751     -0.32573014      -0.32573014       254.01465                                254.01465
              1       126.02358       60.123356      0.02985368       0.1596273      0.16090859     -0.32573014      -0.32573014       252.69863                                252.69863
              3       125.60102       60.123356      0.02985368      0.15290847      0.15749275     -0.32573014      -0.32573014       251.85351                                251.85351
              1       126.05648        60.04029     0.027917008      0.15295322      0.15757484     -0.32573014      -0.32573014       252.76441                                252.76441
              3       126.07895        60.04029     0.027917008      0.15506487       0.1525575     -0.32573014      -0.32573014       252.80936                                252.80936
              1       126.62852       60.051935     0.027658861      0.15672417      0.16117584     -0.32573014      -0.32573014        253.9085                                 253.9085
              2       127.02862       60.051935     0.027658861      0.15734453      0.16365144     -0.32573014      -0.32573014        254.7087                                 254.7087
              2       127.29301       60.072143      0.02770254      0.15742039      0.16384832     -0.32573014      -0.32573014       255.23748                                255.23748
              1       127.40258       60.072143      0.02770254       0.1523997      0.16355067     -0.32573014      -0.32573014       255.45661                                255.45661
              1       126.69599       60.072143      0.02770254      0.15885574      0.15790794     -0.32573014      -0.32573014       254.04344                                254.04344
              6        126.6208       60.200591     0.029996148      0.15892882      0.15813667     -0.32573014      -0.32573014       253.89307                                253.89307
              3       126.63744       60.200591     0.029996148      0.15907796      0.15826344     -0.32573014      -0.32573014       253.92634                                253.92634
              2       126.36927       60.154864     0.029531384      0.15898057      0.15800358     -0.32573014      -0.32573014          253.39                                   253.39
              3       126.45198       60.154864     0.029531384      0.15294087      0.15927986     -0.32573014      -0.32573014       253.55543                                253.55543
              3       126.55294       60.161437     0.029530299      0.15296864      0.15935165     -0.32573014      -0.32573014       253.75734                                253.75734
              2       126.42636       60.162728     0.029695181       0.1529406      0.15928201     -0.32573014      -0.32573014       253.50418                                253.50418
              3        126.5532       60.162728     0.029695181       0.1543108      0.16130539     -0.32573014      -0.32573014       253.75787                                253.75787
              1       126.46302       60.162728     0.029695181       0.1531945      0.15992769     -0.32573014      -0.32573014        253.5775                                 253.5775
              2       126.50091       60.162728     0.029695181      0.15144221      0.15818802     -0.32573014      -0.32573014       253.65327                                253.65327
              2       131.12916       60.162728     0.029695181      0.15364422      0.17586756     -0.32573014      -0.32573014       262.90978                                262.90978
              1       127.17226       60.162728     0.029695181      0.16236294      0.16225691     -0.32573014      -0.32573014       254.99598                                254.99598
              2       126.52247       60.162728     0.029695181      0.15146441      0.15862083     -0.32573014      -0.32573014       253.69641                                253.69641
              5       126.46503       60.162728     0.029695181      0.15352893       0.1601777     -0.32573014      -0.32573014       253.58152                                253.58152
              2       126.84151       60.162728     0.029695181      0.15909389      0.16267288     -0.32573014      -0.32573014       254.33449                                254.33449
              1       127.14588       60.162728     0.029695181      0.16364375      0.15213001     -0.32573014      -0.32573014       254.94322                                254.94322
              1       129.69291       60.234558     0.028137212      0.16606916      0.15442304     -0.32573014      -0.32573014       260.03728                                260.03728
              1       128.79747       60.234558     0.028137212      0.15631774       0.1613145     -0.32573014      -0.32573014       258.24639                                258.24639
              1       130.16001       60.234558     0.028137212      0.16213543      0.16770016     -0.32573014      -0.32573014       260.97147                                260.97147
              1       130.49278       60.328197     0.029393002      0.16227317      0.16807806     -0.32573014      -0.32573014       261.63703                                261.63703
              1        130.5088       60.328197     0.029393002      0.16251189      0.16802782     -0.32573014      -0.32573014       261.66905                                261.66905
              1       130.62496       60.328197     0.029393002       0.1637056      0.16782984     -0.32573014      -0.32573014       261.90138                                261.90138
              1       130.59475       60.328197     0.029393002      0.16020869      0.16915418     -0.32573014      -0.32573014       261.84096                                261.84096
              2       129.39668       60.328197     0.029393002      0.15728722      0.15162419     -0.32573014      -0.32573014       259.44482                                259.44482
              1       129.57801       60.336161     0.029321611       0.1573351      0.15174673     -0.32573014      -0.32573014       259.80748                                259.80748
              1       129.39762       60.336161     0.029321611      0.15287403      0.15858431     -0.32573014      -0.32573014       259.44671                                259.44671
              1       130.38334       60.408828     0.029489028      0.15314469      0.15928701     -0.32573014      -0.32573014       261.41813                                261.41813
              1       130.34887       60.408828     0.029489028      0.15336047      0.15837228     -0.32573014      -0.32573014        261.3492                                 261.3492
              3       130.97291       60.408828     0.029489028      0.15858262      0.14990525     -0.32573014      -0.32573014       262.59728                                262.59728
              2       130.63598       60.408828     0.029489028      0.16216799      0.15279488     -0.32573014      -0.32573014       261.92342                                261.92342
              2       130.64904       60.408828     0.029489028      0.16455537      0.15541531     -0.32573014      -0.32573014       261.94954                                261.94954
              1       130.39555       60.408828     0.029489028      0.15884408      0.15320002     -0.32573014      -0.32573014       261.44255                                261.44255
              2        126.5325       60.137274     0.029405138      0.15772269      0.15029926     -0.32573014      -0.32573014       253.71646                                253.71646
              1       126.52585       60.137274     0.029405138      0.15773988      0.15035049     -0.32573014      -0.32573014       253.70316                                253.70316
              1       127.56653       60.244697     0.029979722      0.15807363      0.15122335     -0.32573014      -0.32573014       255.78453                                255.78453
              3       127.30549       60.244697     0.029979722      0.15813031      0.15362194     -0.32573014      -0.32573014       255.26244                                255.26244
              5       127.30963       60.244697     0.029979722      0.15807949      0.15354583     -0.32573014      -0.32573014       255.27072                                255.27072
              2        127.7715       60.244697     0.029979722      0.15623926      0.16381405     -0.32573014      -0.32573014       256.19445                                256.19445
              1       126.51898       60.008997     0.027586734      0.15114653      0.16226368     -0.32573014      -0.32573014       253.68942                                253.68942
              3       126.10566       60.008997     0.027586734      0.15186317      0.15217338     -0.32573014      -0.32573014       252.86279                                252.86279
              1       125.93124       60.008997     0.027586734      0.15801938      0.15287079     -0.32573014      -0.32573014       252.51393                                252.51393
              1       126.75958       60.008997     0.027586734      0.15668873      0.16480712     -0.32573014      -0.32573014       254.17063                                254.17063
              1       127.11812       60.008997     0.027586734      0.15511108      0.16631778     -0.32573014      -0.32573014       254.88771                                254.88771
              3       126.78098       60.008997     0.027586734      0.16154141      0.16277202     -0.32573014      -0.32573014       254.21343                                254.21343
              1       126.64258       60.008997     0.027586734      0.16098315      0.16242333     -0.32573014      -0.32573014       253.93663                                253.93663
              7       126.41558       60.008997     0.027586734      0.16256837      0.15813035     -0.32573014      -0.32573014       253.48262                                253.48262
              1       126.40037       60.008997     0.027586734      0.14889372      0.15820269     -0.32573014      -0.32573014       253.45219                                253.45219
              2       126.67266        60.02183     0.027506456      0.14897594      0.15838453     -0.32573014      -0.32573014       253.99679                                253.99679
              1       126.99875        60.02183     0.027506456      0.16319269        0.151133     -0.32573014      -0.32573014       254.64895                                254.64895
              1       128.29888       60.188742     0.028696027      0.16347992      0.15225081     -0.32573014      -0.32573014       257.24921                                257.24921
              3       128.12898       60.188742     0.028696027      0.16276168      0.15272197     -0.32573014      -0.32573014       256.90943                                256.90943
              2       127.95941       60.168205     0.028558298      0.16272331      0.15257961     -0.32573014      -0.32573014       256.57027                                256.57027
              2        128.8252       60.168205     0.028558298      0.16333777      0.14794999     -0.32573014      -0.32573014       258.30186                                258.30186
              1       128.24385       60.168205     0.028558298      0.16533662      0.15562657     -0.32573014      -0.32573014       257.13915                                257.13915
              1       127.48542       60.168205     0.028558298      0.16078606      0.15761174     -0.32573014      -0.32573014        255.6223                                 255.6223
              2       127.63813       60.168205     0.028558298      0.15793057       0.1514887     -0.32573014      -0.32573014       255.92772                                255.92772
              1       128.83229       60.168205     0.028558298      0.16623445      0.15121833     -0.32573014      -0.32573014       258.31605                                258.31605
              4       128.50991       60.168205     0.028558298      0.16640437      0.15522812     -0.32573014      -0.32573014       257.67127                                257.67127
              3       130.28427       60.314283     0.028823923      0.16692729      0.15663943     -0.32573014      -0.32573014          261.22                                   261.22
              1       130.45441       60.314283     0.028823923      0.14801295      0.15944929     -0.32573014      -0.32573014       261.56027                                261.56027
              1       129.37256       60.314283     0.028823923      0.16107873      0.15636299     -0.32573014      -0.32573014       259.39658                                259.39658
              1       130.34243       60.314283     0.028823923      0.15176504      0.15072198     -0.32573014      -0.32573014       261.33632                                261.33632
              1       129.30252       60.255397      0.02896896      0.15146596      0.15001229     -0.32573014      -0.32573014        259.2565                                 259.2565
              1       129.92008       60.255397      0.02896896      0.15389173      0.14618366     -0.32573014      -0.32573014       260.49163                                260.49163
              4       128.71897       60.255397      0.02896896      0.15658897      0.15097975     -0.32573014      -0.32573014       258.08941                                258.08941
              2       129.56743       60.255397      0.02896896      0.16743499      0.15918139     -0.32573014      -0.32573014       259.78633                                259.78633
              4       128.52338       60.255397      0.02896896      0.15945509      0.16201333     -0.32573014      -0.32573014       257.69823                                257.69823
              2       128.53929       60.255397      0.02896896      0.15881402      0.16240709     -0.32573014      -0.32573014       257.73004                                257.73004
              2       128.65045       60.254545     0.028827742      0.15885988      0.16247685     -0.32573014      -0.32573014       257.95235                                257.95235
              1       128.79361       60.254545     0.028827742      0.16346114      0.15758374     -0.32573014      -0.32573014       258.23867                                258.23867
              4       127.96778       60.040886     0.026149044      0.16208236      0.15357883     -0.32573014      -0.32573014       256.58703                                256.58703
              1        127.9457       60.040886     0.026149044      0.16288229        0.157311     -0.32573014      -0.32573014       256.54287                                256.54287
              2       128.15362       60.040886     0.026149044      0.16244921      0.15225343     -0.32573014      -0.32573014       256.95869                                256.95869
              3       126.03823       60.111973     0.029866767      0.16144714      0.15093646     -0.32573014      -0.32573014       252.72791                                252.72791
              2       125.56005       60.111973     0.029866767      0.15991769      0.15500624     -0.32573014      -0.32573014       251.77155                                251.77155
              1       125.46725       60.111973     0.029866767       0.1587236       0.1540695     -0.32573014      -0.32573014       251.58596                                251.58596
              1       127.39391       60.252157     0.029952454      0.15928468      0.15551835     -0.32573014      -0.32573014       255.43928                                255.43928
              1       127.62373       60.252157     0.029952454      0.15905552      0.15225681     -0.32573014      -0.32573014       255.89893                                255.89893
              1       127.79764       60.252157     0.029952454      0.16280444      0.15847406     -0.32573014      -0.32573014       256.24674                                256.24674
              3       125.96173        60.08273     0.029323639      0.16231025      0.15701627     -0.32573014      -0.32573014       252.57492                                252.57492
              1       126.97004       60.129905     0.028900241      0.16265742      0.15775636     -0.32573014      -0.32573014       254.59155                                254.59155
              2       127.65606       60.111502     0.028528801      0.15381302      0.14679649     -0.32573014      -0.32573014       255.96359                                255.96359
              2        128.3708       60.111502     0.028528801      0.14734522      0.16500042     -0.32573014      -0.32573014       257.39306                                257.39306
              1       128.59786       60.111502     0.028528801      0.14370099      0.16018712     -0.32573014      -0.32573014       257.84718                                257.84718
              1       128.62611       60.111502     0.028528801      0.14361378      0.16019253     -0.32573014      -0.32573014       257.90368                                257.90368
              1       128.98835       60.173453     0.029239367      0.14362619      0.16045719     -0.32573014      -0.32573014       258.62817                                258.62817
              5       127.13781       60.173453     0.029239367      0.15405225      0.15139287     -0.32573014      -0.32573014       254.92708                                254.92708
              1       128.23552       60.173453     0.029239367       0.1529123      0.14617808     -0.32573014      -0.32573014       257.12251                                257.12251
              2       127.21381       60.120904     0.029525812      0.15259042      0.14545708     -0.32573014      -0.32573014       255.07909                                255.07909
              1       127.39898       60.112005     0.029162248      0.15268021      0.14556508     -0.32573014      -0.32573014       255.44943                                255.44943
              2       127.45552       60.112005     0.029162248      0.14852058      0.14765656     -0.32573014      -0.32573014       255.56249                                255.56249
              4       127.62954       60.112005     0.029162248      0.14770161      0.14759232     -0.32573014      -0.32573014       255.91053                                255.91053
              1       127.61175       60.104933     0.029060381      0.14770746      0.14757369     -0.32573014      -0.32573014       255.87496                                255.87496
              2       129.63497       60.104933     0.029060381      0.15992368      0.13924855     -0.32573014      -0.32573014        259.9214                                 259.9214
              2         126.057       60.104933     0.029060381      0.15221148      0.15670403     -0.32573014      -0.32573014       252.76547                                252.76547
              2       126.84206       60.104933     0.029060381      0.14717461      0.15514456     -0.32573014      -0.32573014       254.33557                                254.33557
              1       127.41688       60.104933     0.029060381      0.14526841       0.1529189     -0.32573014      -0.32573014       255.48522                                255.48522
              2        127.2205       60.104933     0.029060381       0.1489728       0.1483197     -0.32573014      -0.32573014       255.09246                                255.09246
              2       126.65133       60.104933     0.029060381      0.15500926      0.14824527     -0.32573014      -0.32573014       253.95412                                253.95412
              2       126.05287       60.104933     0.029060381      0.15633056      0.15241979     -0.32573014      -0.32573014        252.7572                                 252.7572
              3       127.03457       60.104933     0.029060381      0.16033291      0.16436938     -0.32573014      -0.32573014        254.7206                                 254.7206
              2       127.36963       60.104933     0.029060381      0.15279984      0.16642441     -0.32573014      -0.32573014       255.39072                                255.39072
              2       126.06693       60.104933     0.029060381      0.15208179      0.15657427     -0.32573014      -0.32573014       252.78531                                252.78531
              4       126.66413       60.104933     0.029060381       0.1635704      0.15560408     -0.32573014      -0.32573014       253.97971                                253.97971
              1       126.73531       60.104933     0.029060381      0.16324178      0.15929616     -0.32573014      -0.32573014       254.12208                                254.12208
              2       125.97982       60.104933     0.029060381      0.15624957      0.15865285     -0.32573014      -0.32573014       252.61109                                252.61109
              1       126.19443       60.104933     0.029060381      0.15789578      0.15154473     -0.32573014      -0.32573014       253.04031                                253.04031
              1       126.24017       60.135166     0.029512668      0.15786489      0.15161497     -0.32573014      -0.32573014        253.1318                                 253.1318
              1       126.40903       60.135166     0.029512668      0.15710546      0.15007412     -0.32573014      -0.32573014       253.46953                                253.46953
              2       126.36851        60.01415      0.02752664      0.15729064      0.14989105     -0.32573014      -0.32573014       253.38849                                253.38849
              3       127.95302        60.01415      0.02752664      0.15628257        0.143123     -0.32573014      -0.32573014       256.55749                                256.55749
              2        125.9213        60.01415      0.02752664      0.15424787      0.15475107     -0.32573014      -0.32573014       252.49407                                252.49407
              1       125.99439        60.01415      0.02752664       0.1580694      0.15800774     -0.32573014      -0.32573014       252.64025                                252.64025
              4       126.00027        60.01415      0.02752664      0.15758053      0.15855301     -0.32573014      -0.32573014         252.652                                  252.652
              1       126.30212        60.01415      0.02752664      0.15074402      0.15303545     -0.32573014      -0.32573014       253.25569                                253.25569
              1       126.16497        60.01415      0.02752664      0.15336582       0.1601369     -0.32573014      -0.32573014       252.98141                                252.98141
              4       126.40272        60.01415      0.02752664      0.15145159      0.16079445     -0.32573014      -0.32573014        253.4569                                 253.4569
              1        126.5366        60.01415      0.02752664      0.15095432      0.16138552     -0.32573014      -0.32573014       253.72467                                253.72467
              3        126.6674        60.01415      0.02752664      0.14874814      0.15961952     -0.32573014      -0.32573014       253.98627                                253.98627
              1        127.5464        60.01415      0.02752664      0.14432971       0.1567619     -0.32573014      -0.32573014       255.74427                                255.74427
              1       126.35347       60.056386     0.027902326      0.15706226      0.15978182     -0.32573014      -0.32573014        253.3584                                 253.3584
              2       126.39337       60.056386     0.027902326      0.15874839      0.15925546     -0.32573014      -0.32573014       253.43819                                253.43819
              1       126.30504       60.073963     0.028304758      0.15868159      0.15921841     -0.32573014      -0.32573014       253.26155                                253.26155
              3       126.98472       60.073963     0.028304758      0.16051624      0.14904276     -0.32573014      -0.32573014       254.62089                                254.62089
              2       127.28994       60.021637     0.027068864      0.16072837      0.14917419     -0.32573014      -0.32573014       255.23134                                255.23134
              1       127.45451       60.021637     0.027068864      0.16346299      0.15079432     -0.32573014      -0.32573014       255.56049                                255.56049
              1       128.52849       60.021637     0.027068864      0.14363668      0.16007824     -0.32573014      -0.32573014       257.70845                                257.70845
              3       129.65993       60.021637     0.027068864      0.14206241      0.16416416     -0.32573014      -0.32573014       259.97132                                259.97132
              8       126.79591       60.021637     0.027068864      0.15448768      0.16182059     -0.32573014      -0.32573014       254.24328                                254.24328
              2       126.67535       60.011386     0.027028828      0.15445847       0.1617335     -0.32573014      -0.32573014       254.00216                                254.00216
              2       127.99797       60.011386     0.027028828      0.15506606      0.16791824     -0.32573014      -0.32573014        256.6474                                 256.6474
              1       129.32187       60.011386     0.027028828      0.14217493      0.16326464     -0.32573014      -0.32573014        259.2952                                 259.2952
              2       126.98662       60.011386     0.027028828      0.15146786      0.16228455     -0.32573014      -0.32573014        254.6247                                 254.6247
              1       126.90197       60.011386     0.027028828      0.15997068      0.15029659     -0.32573014      -0.32573014        254.4554                                 254.4554
              2       126.83933       60.011386     0.027028828      0.15267195      0.15030053     -0.32573014      -0.32573014       254.33013                                254.33013
              1       126.66009       60.011386     0.027028828       0.1600517      0.15233049     -0.32573014      -0.32573014       253.97164                                253.97164
              1       126.94231       60.011386     0.027028828      0.15679814      0.16351856     -0.32573014      -0.32573014       254.53607                                254.53607
              2       128.38779       60.011386     0.027028828      0.16733625      0.16240807     -0.32573014      -0.32573014       257.42703                                257.42703
              6        130.1148       60.298523     0.029685246      0.16761677      0.16399042     -0.32573014      -0.32573014       260.88105                                260.88105
              1       129.43701       60.298523     0.029685246      0.16009607       0.1479084     -0.32573014      -0.32573014       259.52548                                259.52548
              1       127.18875        60.15398     0.029970537      0.15938671      0.14620586     -0.32573014      -0.32573014       255.02895                                255.02895
              2       129.54709        60.15398     0.029970537      0.15786685      0.17304051     -0.32573014      -0.32573014       259.74563                                259.74563
              1       129.21623       60.088034     0.029196688      0.15785976      0.17276854     -0.32573014      -0.32573014       259.08392                                259.08392
              4       127.55901       60.088034     0.029196688      0.14512103      0.16301372     -0.32573014      -0.32573014       255.76948                                255.76948
              1        126.3388       60.088034     0.029196688      0.16296468      0.15893468     -0.32573014      -0.32573014       253.32907                                253.32907
              2       125.85106       60.088034     0.029196688      0.15440328      0.15069247     -0.32573014      -0.32573014       252.35358                                252.35358
              2        125.5771       60.088034     0.029196688      0.15503989      0.15352619     -0.32573014      -0.32573014       251.80566                                251.80566
              7       126.96032       60.088034     0.029196688      0.14873394       0.1475092     -0.32573014      -0.32573014        254.5721                                 254.5721
              1       127.45897       60.103397     0.028913703      0.14889781      0.14783125     -0.32573014      -0.32573014        255.5694                                 255.5694
              1       128.64837       60.103397     0.028913703      0.14562391      0.14579905     -0.32573014      -0.32573014        257.9482                                 257.9482
              1       128.65169       60.103397     0.028913703        0.145648      0.14576197     -0.32573014      -0.32573014       257.95483                                257.95483
              3       127.25572       60.103397     0.028913703      0.16227982      0.16370276     -0.32573014      -0.32573014       255.16289                                255.16289
              1       126.58692       60.103397     0.028913703      0.16183859      0.15276704     -0.32573014      -0.32573014        253.8253                                 253.8253
              1       126.55401       60.104939     0.028978733      0.16182232      0.15274719     -0.32573014      -0.32573014       253.75948                                253.75948
              1       126.21711       60.104939     0.028978733      0.15981095      0.15393676     -0.32573014      -0.32573014       253.08568                                253.08568
              1        125.6304       60.053397     0.028814878        0.159651      0.15347795     -0.32573014      -0.32573014       251.91226                                251.91226
              3       125.46785       60.053397     0.028814878      0.15242734      0.15642688     -0.32573014      -0.32573014       251.58716                                251.58716
              2       127.16229       60.053397     0.028814878      0.15441111      0.14367898     -0.32573014      -0.32573014       254.97604                                254.97604
              2       125.84173       60.011506     0.029675227      0.15393322      0.14275132     -0.32573014      -0.32573014       252.33491                                252.33491
              6       124.15396       60.011506     0.029675227      0.15149015      0.15632608     -0.32573014      -0.32573014       248.95938                                248.95938
              1       124.38153       60.011506     0.029675227      0.15491903      0.16031703     -0.32573014      -0.32573014       249.41452                                249.41452
              2       124.67142       60.011506     0.029675227       0.1474218      0.15391692     -0.32573014      -0.32573014        249.9943                                 249.9943
              1       124.77395       60.011506     0.029675227      0.16224869      0.15331121     -0.32573014      -0.32573014       250.19936                                250.19936
              1       124.76313       60.011506     0.029675227      0.16233784      0.15505533     -0.32573014      -0.32573014       250.17773                                250.17773
              3       125.64641       60.011506     0.029675227      0.14366297      0.15179623     -0.32573014      -0.32573014       251.94429                                251.94429
              5       124.01279       60.011506     0.029675227      0.15386258      0.15424429     -0.32573014      -0.32573014       248.67703                                248.67703
              2       124.13082       60.011506     0.029675227      0.15670462      0.15724838     -0.32573014      -0.32573014        248.9131                                 248.9131
              4       124.55069       60.011506     0.029675227      0.15688283      0.16102861     -0.32573014      -0.32573014       249.75283                                249.75283
              1         124.746       60.011506     0.029675227      0.15621612      0.16235083     -0.32573014      -0.32573014       250.14346                                250.14346
              4       124.59513       60.011506     0.029675227      0.14913451      0.15892294     -0.32573014      -0.32573014       249.84172                                249.84172
             11       124.50433       60.011506     0.029675227      0.15253734      0.16079603     -0.32573014      -0.32573014       249.66012                                249.66012
              1       124.49253       60.011427     0.029687426      0.15253274      0.16078838     -0.32573014      -0.32573014       249.63652                                249.63652
              1       124.99588       60.011427     0.029687426      0.15916863      0.16249383     -0.32573014      -0.32573014       250.64322                                250.64322
              1       127.41953       60.011427     0.029687426      0.16189415      0.16961263     -0.32573014      -0.32573014       255.49052                                255.49052
              1       126.86204       60.011427     0.029687426      0.16960971      0.15456978     -0.32573014      -0.32573014       254.37555                                254.37555
              2       127.34127       60.011427     0.029687426      0.15963182      0.13930216     -0.32573014      -0.32573014       255.33401                                255.33401
              5       125.86703       60.011427     0.029687426      0.14827251       0.1444013     -0.32573014      -0.32573014       252.38553                                252.38553
              4       124.38291       60.011427     0.029687426      0.15528553      0.14927213     -0.32573014      -0.32573014       249.41727                                249.41727
              1       125.29331       60.011427     0.029687426      0.16384433      0.15895387     -0.32573014      -0.32573014       251.23807                                251.23807
              4        125.0639       60.011427     0.029687426      0.16127528      0.16116805     -0.32573014      -0.32573014       250.77926                                250.77926
              2       125.23287       60.011427     0.029687426      0.14486092       0.1532317     -0.32573014      -0.32573014        251.1172                                 251.1172
              1       125.17398       60.011427     0.029687426      0.14527804      0.15238945     -0.32573014      -0.32573014       250.99943                                250.99943
              1       124.02193       60.011427     0.029687426      0.15351907      0.15598717     -0.32573014      -0.32573014       248.69531                                248.69531
              2       124.10319       60.011427     0.029687426      0.15322312      0.15748152     -0.32573014      -0.32573014       248.85784                                248.85784
              1       125.58405       60.100792     0.029494854      0.15390415      0.15851576     -0.32573014      -0.32573014       251.81955                                251.81955
              1       125.89142       60.100792     0.029494854      0.15057573      0.15890491     -0.32573014      -0.32573014        252.4343                                 252.4343
              4       125.81739       60.100792     0.029494854       0.1501756      0.15558844     -0.32573014      -0.32573014       252.28623                                252.28623
              1         125.886       60.100792     0.029494854      0.15047241      0.15866301     -0.32573014      -0.32573014       252.42345                                252.42345
              1       125.83982       60.100792     0.029494854      0.15070494      0.15842361     -0.32573014      -0.32573014       252.33111                                252.33111
              2         125.863       60.100792     0.029494854       0.1534874      0.16105916     -0.32573014      -0.32573014       252.37745                                252.37745
              3       125.43957       60.089602     0.029790552       0.1533088      0.16078166     -0.32573014      -0.32573014       251.53061                                251.53061
              1       125.72448       60.094563     0.029547391      0.15342648      0.16096575     -0.32573014      -0.32573014       252.10041                                252.10041
              1        126.5267       60.094563     0.029547391      0.14600588       0.1581046     -0.32573014      -0.32573014       253.70486                                253.70486
              1       125.74628       60.094563     0.029547391      0.15710626      0.16123813     -0.32573014      -0.32573014       252.14402                                252.14402
              3       125.93088       60.094563     0.029547391      0.15045088      0.15078619     -0.32573014      -0.32573014       252.51322                                252.51322
              1       127.32951       60.094563     0.029547391      0.16614414      0.16225076     -0.32573014      -0.32573014       255.31049                                255.31049
              3       128.35016       60.113905     0.028636709      0.16659012      0.16294814     -0.32573014      -0.32573014       257.35179                                257.35179
              5       128.29521       60.113905     0.028636709      0.15865548      0.14425503     -0.32573014      -0.32573014       257.24188                                257.24188
              3       128.24348       60.105548     0.028557571      0.15862517      0.14421125     -0.32573014      -0.32573014       257.13841                                257.13841
              2        128.3552       60.114719     0.028579473      0.15868074      0.14429468     -0.32573014      -0.32573014       257.36185                                257.36185
              2       126.96359       60.027808     0.026580027      0.15609375      0.15898865     -0.32573014      -0.32573014       254.57863                                254.57863
              1       127.41254       60.027808     0.026580027      0.15787034      0.15032056     -0.32573014      -0.32573014       255.47653                                255.47653
              2       129.89868       60.344544     0.029069679       0.1591942       0.1522577     -0.32573014      -0.32573014       260.44882                                260.44882
              4       130.04456       60.344544     0.029069679      0.16159031      0.15227288     -0.32573014      -0.32573014       260.74059                                260.74059
              1       129.99952       60.340577     0.029107496      0.16200448       0.1522043     -0.32573014      -0.32573014       260.65051                                260.65051
              2       129.63151       60.340577     0.029107496      0.16213325      0.16029463     -0.32573014      -0.32573014       259.91449                                259.91449
              4       133.17123       60.233925     0.023251072      0.16341163      0.16237679     -0.32573014      -0.32573014       266.99392                                266.99392
              4        133.6375       60.244998     0.022919383      0.16360178      0.16267268     -0.32573014      -0.32573014       267.92647                                267.92647
              2       133.20956       60.214904     0.022879119      0.16340856      0.16238167     -0.32573014      -0.32573014       267.07058                                267.07058
              2       133.09885       60.214904     0.022879119      0.16039066      0.15766552     -0.32573014      -0.32573014       266.84916                                266.84916
              1       133.05625       60.130261     0.021476876      0.16029008       0.1575494     -0.32573014      -0.32573014       266.76397                                266.76397
              3       133.33123       60.130261     0.021476876      0.16444808      0.16328316     -0.32573014      -0.32573014       267.31391                                267.31391
              1       129.76154       60.067424     0.024483924      0.16298256      0.16099113     -0.32573014      -0.32573014       260.17455                                260.17455
              6       129.49802       60.067424     0.024483924      0.15959577      0.16142522     -0.32573014      -0.32573014       259.64749                                259.64749
              3        129.6531       60.122185     0.025674332      0.16284614      0.16214593     -0.32573014      -0.32573014       259.95767                                259.95767
              3       129.89715       60.122185     0.025674332      0.15050153      0.16124824     -0.32573014      -0.32573014       260.44576                                260.44576
              1       129.15353       60.122185     0.025674332      0.15832978      0.15585006     -0.32573014      -0.32573014       258.95852                                258.95852
              1       130.10741       60.241899     0.026631899      0.15882445      0.15657319     -0.32573014      -0.32573014       260.86627                                260.86627
              3       130.20025       60.241899     0.026631899      0.15992763       0.1555563     -0.32573014      -0.32573014       261.05196                                261.05196
              4       127.09137       60.189809     0.029324781      0.15864399      0.15354722     -0.32573014      -0.32573014        254.8342                                 254.8342
              1       127.55442       60.189809     0.029324781      0.15404831      0.14987218     -0.32573014      -0.32573014        255.7603                                 255.7603
              1       125.95554       60.040501     0.028657604      0.15325025      0.14868307     -0.32573014      -0.32573014       252.56254                                252.56254
              1       125.61155       60.040501     0.028657604      0.15728036      0.15093861     -0.32573014      -0.32573014       251.87456                                251.87456
              1       125.40283       60.040501     0.028657604      0.15301105      0.15386455     -0.32573014      -0.32573014       251.45713                                251.45713
              3       125.45961       60.040501     0.028657604      0.15260385      0.15328549     -0.32573014      -0.32573014       251.57068                                251.57068
              2       126.17935       60.040501     0.028657604      0.14706916      0.15602698     -0.32573014      -0.32573014       253.01016                                253.01016
              5       126.48992       60.040501     0.028657604      0.16193423      0.16283709     -0.32573014      -0.32573014       253.63131                                253.63131
              3       125.89765       60.040501     0.028657604      0.16220855      0.15448579     -0.32573014      -0.32573014       252.44675                                252.44675
              7       125.55651       60.040501     0.028657604      0.15319939      0.15159808     -0.32573014      -0.32573014       251.76449                                251.76449
              2       127.25397       60.040501     0.028657604      0.16287237      0.14564502     -0.32573014      -0.32573014       255.15941                                255.15941
              1       125.34126       60.040501     0.028657604      0.15343702      0.15535276     -0.32573014      -0.32573014       251.33398                                251.33398
              3       125.82459       60.040501     0.028657604      0.14932782      0.15785051     -0.32573014      -0.32573014       252.30065                                252.30065
              1       125.88729       60.014692     0.028147415      0.14932554      0.15786013     -0.32573014      -0.32573014       252.42605                                252.42605
              6       125.81689       60.014692     0.028147415      0.14987836      0.15806419     -0.32573014      -0.32573014       252.28524                                252.28524
              1       125.55994       60.014692     0.028147415      0.15147759        0.156561     -0.32573014      -0.32573014       251.77134                                251.77134
              2       125.79338        60.12006     0.029670259      0.15167933      0.15682691     -0.32573014      -0.32573014       252.23821                                252.23821
              2       125.75972        60.12006     0.029670259      0.15202215       0.1567921     -0.32573014      -0.32573014       252.17089                                252.17089
              4       126.97932        60.12006     0.029670259      0.16113557      0.14687939     -0.32573014      -0.32573014        254.6101                                 254.6101
              3       127.79551        60.12006     0.029670259      0.16529842      0.14684727     -0.32573014      -0.32573014       256.24247                                256.24247
              1       126.02013        60.12006     0.029670259      0.15342022      0.16127458     -0.32573014      -0.32573014       252.69173                                252.69173
              3       125.97037       60.110349     0.029561054      0.15339093       0.1612331     -0.32573014      -0.32573014        252.5922                                 252.5922
              1       125.97672       60.110349     0.029561054      0.15021776      0.15333538     -0.32573014      -0.32573014        252.6049                                 252.6049
              1       126.09407       60.121835     0.029621432      0.15027603      0.15342192     -0.32573014      -0.32573014       252.83959                                252.83959
              1       125.89751       60.121835     0.029621432      0.15125804      0.15580558     -0.32573014      -0.32573014       252.44647                                252.44647
              1       126.64651       60.121718     0.029629023      0.14678201      0.15541709     -0.32573014      -0.32573014       253.94448                                253.94448
              1       126.77774       60.121718     0.029629023      0.14634098      0.15426809     -0.32573014      -0.32573014       254.20694                                254.20694
              3       126.80275       60.121718     0.029629023      0.16127726      0.14811419     -0.32573014      -0.32573014       254.25695                                254.25695
              2       127.07699       60.121718     0.029629023      0.16241511       0.1476455     -0.32573014      -0.32573014       254.80543                                254.80543
              2       126.66183       60.046049     0.028460782      0.15171082      0.14716358     -0.32573014      -0.32573014       253.97513                                253.97513
              1       126.96704       60.046049     0.028460782      0.15241238      0.14560641     -0.32573014      -0.32573014       254.58553                                254.58553
              1       127.02449       60.046049     0.028460782      0.16477622      0.15013525     -0.32573014      -0.32573014       254.70045                                254.70045
              1       125.91549        60.00206     0.029062739      0.16426673      0.14934979     -0.32573014      -0.32573014       252.48245                                252.48245
              1       126.36996        60.00206     0.029062739      0.15810217      0.16721977     -0.32573014      -0.32573014       253.39138                                253.39138
              7        126.7155        60.00206     0.029062739      0.15346725      0.16863247     -0.32573014      -0.32573014       254.08245                                254.08245
              3       125.51032        60.00206     0.029062739      0.16015015      0.14718859     -0.32573014      -0.32573014       251.67209                                251.67209
              5       125.02268        60.00206     0.029062739      0.14813262      0.15258059     -0.32573014      -0.32573014       250.69682                                250.69682
              3       125.08071        60.00206     0.029062739      0.14783818      0.15247742     -0.32573014      -0.32573014       250.81288                                250.81288
              1       125.44713       60.017233     0.028918975      0.14799197      0.15271355     -0.32573014      -0.32573014       251.54572                                251.54572
              1       125.37625       60.017233     0.028918975      0.14819772      0.15331822     -0.32573014      -0.32573014       251.40396                                251.40396
              1       126.19955       60.017233     0.028918975      0.16054076      0.14597253     -0.32573014      -0.32573014       253.05055                                253.05055
              1       124.79437       60.017233     0.028918975       0.1555567      0.15303113     -0.32573014      -0.32573014        250.2402                                 250.2402
              1        123.8142       60.010916     0.029970301      0.15515201      0.15239255     -0.32573014      -0.32573014       248.27986                                248.27986
              1       125.10208       60.010916     0.029970301      0.16304192      0.14890057     -0.32573014      -0.32573014       250.85562                                250.85562
              2       125.30765       60.010916     0.029970301      0.16249723      0.14700088     -0.32573014      -0.32573014       251.26675                                251.26675
              3       124.61346       60.010916     0.029970301      0.16128977      0.14999626     -0.32573014      -0.32573014       249.87838                                249.87838
              2       124.32273       60.010916     0.029970301      0.16067726      0.15205447     -0.32573014      -0.32573014       249.29692                                249.29692
              2       124.93672       60.010916     0.029970301      0.15178471      0.16403407     -0.32573014      -0.32573014       250.52491                                250.52491
              2       125.88951       60.010916     0.029970301      0.16698756      0.15804287     -0.32573014      -0.32573014       252.43048                                252.43048
              6       127.17324       60.010916     0.029970301      0.17076538      0.15638226     -0.32573014      -0.32573014       254.99794                                254.99794
              2       124.87419       60.010916     0.029970301      0.16386874      0.15439817     -0.32573014      -0.32573014       250.39985                                250.39985
              3        125.5356       60.010916     0.029970301      0.16594473      0.15172929     -0.32573014      -0.32573014       251.72265                                251.72265
              4       124.11361       60.010916     0.029970301      0.15676372      0.15957638     -0.32573014      -0.32573014       248.87868                                248.87868
              2         124.419       60.010916     0.029970301      0.14857051      0.15035121     -0.32573014      -0.32573014       249.48945                                249.48945
              3       125.13788       60.010916     0.029970301      0.14502409      0.15011741     -0.32573014      -0.32573014       250.92722                                250.92722
              1       123.84072       60.010916     0.029970301      0.15703188        0.155695     -0.32573014      -0.32573014       248.33289                                248.33289
              3       125.58066       60.010916     0.029970301      0.15369712      0.16673333     -0.32573014      -0.32573014       251.81279                                251.81279
              1       128.80126       60.103693     0.027873947      0.15505575      0.16884046     -0.32573014      -0.32573014       258.25398                                258.25398
              5       128.45828       60.103693     0.027873947      0.15653391       0.1677507     -0.32573014      -0.32573014       257.56802                                257.56802
              2       128.04035       60.103693     0.027873947      0.16370401      0.16267003     -0.32573014      -0.32573014       256.73215                                256.73215
              1       127.68611       60.103693     0.027873947      0.14942021      0.16029159     -0.32573014      -0.32573014       256.02367                                256.02367
              1       126.92377       60.094508     0.028566578      0.14911904      0.15981865     -0.32573014      -0.32573014       254.49901                                254.49901
              1       126.89779       60.094508     0.028566578      0.14915621      0.15960001     -0.32573014      -0.32573014       254.44704                                254.44704
              6       126.57547       60.094508     0.028566578      0.15891704      0.15126249     -0.32573014      -0.32573014        253.8024                                 253.8024
              4       126.69054       60.094508     0.028566578      0.15991476      0.15105034     -0.32573014      -0.32573014       254.03255                                254.03255
              2        127.9506       60.109446     0.027968569      0.15130519       0.1490327     -0.32573014      -0.32573014       256.55266                                256.55266
              1       127.18835       60.109446     0.027968569      0.15932813      0.15282501     -0.32573014      -0.32573014       255.02816                                255.02816
              1       127.00094       60.109446     0.027968569      0.15897393      0.15542801     -0.32573014      -0.32573014       254.65334                                254.65334
              8       127.08575       60.109446     0.027968569      0.15847769       0.1598455     -0.32573014      -0.32573014       254.82296                                254.82296
              1       127.11582       60.109446     0.027968569      0.15304717      0.15417485     -0.32573014      -0.32573014       254.88309                                254.88309
              2       127.61972       60.109266     0.027508931      0.15600941      0.15180371     -0.32573014      -0.32573014        255.8909                                 255.8909
              1       129.70343       60.257528     0.027643698      0.15698321      0.15327206     -0.32573014      -0.32573014       260.05831                                260.05831
              3       131.25603       60.257528     0.027643698       0.1694201      0.15439504     -0.32573014      -0.32573014       263.16352                                263.16352
              3       129.24503       60.261087     0.027979033      0.15666433      0.16048375     -0.32573014      -0.32573014       259.14152                                259.14152
              1       129.31961       60.261087     0.027979033      0.16139059       0.1584135     -0.32573014      -0.32573014       259.29069                                259.29069
              3       130.02791       60.261087     0.027979033      0.15899386      0.16625172     -0.32573014      -0.32573014       260.70728                                260.70728
              1       130.23574       60.261087     0.027979033      0.14968324       0.1624366     -0.32573014      -0.32573014       261.12295                                261.12295
              1       130.14195       60.233809     0.027614689      0.14963062      0.16233639     -0.32573014      -0.32573014       260.93536                                260.93536
              2       129.49998       60.233809     0.027614689      0.15278856      0.15476469     -0.32573014      -0.32573014       259.65142                                259.65142
              1       129.30534       60.233809     0.027614689      0.15425936      0.15527062     -0.32573014      -0.32573014       259.26214                                259.26214
              2       127.63706       60.237591      0.02952365      0.15369825      0.15427893     -0.32573014      -0.32573014       255.92558                                255.92558
              1         127.843       60.237591      0.02952365      0.15240835      0.15322816     -0.32573014      -0.32573014       256.33746                                256.33746
              3       126.21393       60.127067     0.029520462      0.15174457      0.15202508     -0.32573014      -0.32573014       253.07933                                253.07933
              3       126.10016       60.127067     0.029520462      0.15125933      0.15446188     -0.32573014      -0.32573014       252.85179                                252.85179
              1       126.49155       60.127067     0.029520462      0.15744889      0.14883043     -0.32573014      -0.32573014       253.63457                                253.63457
              1       126.73961       60.109667     0.028938319      0.15752228      0.14895575     -0.32573014      -0.32573014       254.13068                                254.13068
              1       126.78686       60.109667     0.028938319      0.16086341      0.15040723     -0.32573014      -0.32573014       254.22518                                254.22518
              2        126.1478       60.109667     0.028938319      0.15845312      0.15585322     -0.32573014      -0.32573014       252.94705                                252.94705
              3       126.63889       60.109667     0.028938319      0.15573925      0.16286668     -0.32573014      -0.32573014       253.92924                                253.92924
              1       126.55109       60.031388     0.027680999      0.15565299       0.1626937     -0.32573014      -0.32573014       253.75363                                253.75363
              1       126.40494       60.044378     0.028076073      0.15561028      0.16262153     -0.32573014      -0.32573014       253.46134                                253.46134
              3       125.97753       60.044378     0.028076073      0.15278135      0.15720095     -0.32573014      -0.32573014       252.60652                                252.60652
              2       127.15925       60.044378     0.028076073       0.1458788      0.15356832     -0.32573014      -0.32573014       254.96995                                254.96995
              2       127.41089       60.041481     0.027751721      0.14596058      0.15371224     -0.32573014      -0.32573014       255.47324                                255.47324
              1       126.45873       60.041481     0.027751721      0.15057217      0.15497112     -0.32573014      -0.32573014       253.56893                                253.56893
              2       126.48701       60.041481     0.027751721      0.15422589      0.15068202     -0.32573014      -0.32573014       253.62548                                253.62548
              1       127.04391       60.041481     0.027751721       0.1563513      0.14737089     -0.32573014      -0.32573014       254.73929                                254.73929
              1       127.85291       60.009304     0.026254901      0.15661557      0.14783005     -0.32573014      -0.32573014       256.35729                                256.35729
              2       128.45194       60.009304     0.026254901      0.15532236      0.14548384     -0.32573014      -0.32573014       257.55533                                257.55533
              2        128.0473       60.009304     0.026254901      0.14715379      0.15413192     -0.32573014      -0.32573014       256.74605                                256.74605
              2       128.15916       60.012059     0.026191279      0.14718981      0.15419638     -0.32573014      -0.32573014       256.96978                                256.96978
              1       128.41646       60.012059     0.026191279      0.14619382       0.1540424     -0.32573014      -0.32573014       257.48438                                257.48438
              2       128.49054       60.012059     0.026191279      0.15329687      0.16708673     -0.32573014      -0.32573014       257.63253                                257.63253
              1       128.72634       60.012059     0.026191279      0.16211589      0.16689168     -0.32573014      -0.32573014       258.10414                                258.10414
              1        128.8123       60.012059     0.026191279      0.16212505      0.16721493     -0.32573014      -0.32573014       258.27606                                258.27606
              1       128.29983       60.012059     0.026191279      0.16258885       0.1647323     -0.32573014      -0.32573014       257.25112                                257.25112
              2       126.37085       60.014628     0.028566111      0.16187797      0.16347531     -0.32573014      -0.32573014       253.39315                                253.39315
              1       125.46829       60.014628     0.028566111      0.15004072      0.15215511     -0.32573014      -0.32573014       251.58804                                251.58804
              4       125.11127       60.014628     0.028566111      0.15481965      0.15237134     -0.32573014      -0.32573014       250.87399                                250.87399
              1       126.11433       60.014628     0.028566111      0.15077246      0.14711175     -0.32573014      -0.32573014       252.88013                                252.88013
              4       125.27626       60.014628     0.028566111      0.15788803       0.1515066     -0.32573014      -0.32573014       251.20398                                251.20398
              4        125.0305       60.014628     0.028566111       0.1542726      0.15394692     -0.32573014      -0.32573014       250.71246                                250.71246
              1       126.41628       60.014628     0.028566111      0.15058468      0.16499962     -0.32573014      -0.32573014       253.48402                                253.48402
              7       126.52303       60.014628     0.028566111      0.14888853       0.1644415     -0.32573014      -0.32573014       253.69752                                253.69752
              1       126.32211        60.04477     0.029312806      0.14884145      0.16436605     -0.32573014      -0.32573014       253.29568                                253.29568
              1       126.06999        60.04477     0.029312806      0.14877705      0.16312838     -0.32573014      -0.32573014       252.79143                                252.79143
              1       125.31982        60.04477     0.029312806      0.14904799      0.15313405     -0.32573014      -0.32573014        251.2911                                 251.2911
              1        124.9516        60.04477     0.029312806      0.15223656      0.15323534     -0.32573014      -0.32573014       250.55467                                250.55467
              7       124.98454       60.018482     0.028830664      0.15222592      0.15320966     -0.32573014      -0.32573014       250.62055                                250.62055
              1       125.38994       60.090948     0.029589215      0.15242976      0.15358915     -0.32573014      -0.32573014       251.43135                                251.43135
              1       125.26443       60.090948     0.029589215      0.15663917      0.15448245     -0.32573014      -0.32573014       251.18032                                251.18032
              1       126.91096       60.090948     0.029589215      0.16542823      0.14999645     -0.32573014      -0.32573014       254.47339                                254.47339
              1       125.29416       60.090948     0.029589215       0.1534302       0.1544246     -0.32573014      -0.32573014       251.23979                                251.23979
              1       125.47363       60.090948     0.029589215       0.1525744      0.15219956     -0.32573014      -0.32573014       251.59871                                251.59871
              1       125.37729       60.075577      0.02944193      0.15252701      0.15211171     -0.32573014      -0.32573014       251.40605                                251.40605
              3       125.48947       60.075577      0.02944193      0.15150549      0.15181939     -0.32573014      -0.32573014        251.6304                                 251.6304
              7       125.54398       60.075577      0.02944193      0.15100534      0.15179042     -0.32573014      -0.32573014       251.73942                                251.73942
              2       125.70661       60.075577      0.02944193       0.1496492      0.15189741     -0.32573014      -0.32573014       252.06467                                252.06467
              3       125.72783       60.075577      0.02944193      0.14968217      0.15162348     -0.32573014      -0.32573014       252.10713                                252.10713
              9       125.63519       60.075577      0.02944193      0.15911537      0.16057209     -0.32573014      -0.32573014       251.92184                                251.92184
              1       125.68603       60.075577      0.02944193      0.15748974      0.16180026     -0.32573014      -0.32573014       252.02352                                252.02352
              1       125.29202       60.075577      0.02944193      0.15177365      0.15526166     -0.32573014      -0.32573014        251.2355                                 251.2355
              3       125.25013       60.075577      0.02944193      0.15733378      0.15783738     -0.32573014      -0.32573014       251.15172                                251.15172
              1       127.05861       60.075577      0.02944193      0.14329938      0.15814371     -0.32573014      -0.32573014       254.76868                                254.76868
              1       127.01527       60.075577      0.02944193      0.14319903      0.15456596     -0.32573014      -0.32573014       254.68201                                254.68201
              1       127.33062       60.075577      0.02944193       0.1456337      0.16446406     -0.32573014      -0.32573014       255.31269                                255.31269
              1       125.50845       60.075577      0.02944193      0.14989164      0.15511795     -0.32573014      -0.32573014       251.66835                                251.66835
              1       125.34428       60.075577      0.02944193      0.15791615      0.15870494     -0.32573014      -0.32573014       251.34001                                251.34001
              1       125.65665       60.075577      0.02944193      0.16108088      0.15836885     -0.32573014      -0.32573014       251.96476                                251.96476
              1       125.90631       60.075577      0.02944193      0.16185449      0.15980237     -0.32573014      -0.32573014       252.46407                                252.46407
              1       127.24365        60.11485     0.028442041      0.15590656       0.1637298     -0.32573014      -0.32573014       255.13876                                255.13876
              6       126.74593       60.117945      0.02882192      0.15087047      0.15312804     -0.32573014      -0.32573014       254.14333                                254.14333
              1       127.06448       60.117945      0.02882192      0.15433111      0.14855581     -0.32573014      -0.32573014       254.78041                                254.78041
              3       129.09073       60.117945      0.02882192      0.17028704       0.1603288     -0.32573014      -0.32573014       258.83291                                258.83291
              1       127.67839        60.10646     0.028631591      0.15792287      0.16659828     -0.32573014      -0.32573014       256.00824                                256.00824
              1       127.01312        60.10646     0.028631591      0.15000036      0.15160036     -0.32573014      -0.32573014        254.6777                                 254.6777
              1       128.52666       60.136138     0.028170195      0.15700094      0.14617702     -0.32573014      -0.32573014       257.70477                                257.70477
              2       131.43983       60.136138     0.028170195      0.14314116      0.14403067     -0.32573014      -0.32573014       263.53113                                263.53113
              2       131.37445       60.136138     0.028170195      0.14268245      0.14475391     -0.32573014      -0.32573014       263.40035                                263.40035
              4       128.44926       60.136138     0.028170195      0.15164157      0.14771718     -0.32573014      -0.32573014       257.54997                                257.54997
              3       127.09074       60.125106     0.029517027      0.15116329      0.14686816     -0.32573014      -0.32573014       254.83294                                254.83294
              2       127.54875       60.125106     0.029517027      0.16746622      0.15612884     -0.32573014      -0.32573014       255.74897                                255.74897
              2        127.4692       60.011723     0.027657012      0.16735316      0.15589931     -0.32573014      -0.32573014       255.58985                                255.58985
              4       127.44188       60.011723     0.027657012      0.16725929      0.15566551     -0.32573014      -0.32573014       255.53523                                255.53523
              1       127.50146       60.011723     0.027657012      0.16728889      0.15790006     -0.32573014      -0.32573014       255.65438                                255.65438
              3       126.17167       60.011723     0.027657012      0.15096873      0.15949246     -0.32573014      -0.32573014       252.99479                                252.99479
              1       126.32336       60.011723     0.027657012      0.15044166      0.16033046     -0.32573014      -0.32573014       253.29817                                253.29817
              5       126.45664       60.011723     0.027657012      0.14896502      0.15942309     -0.32573014      -0.32573014       253.56474                                253.56474
              1       130.12366       60.191654     0.026703955       0.1503387      0.16190017     -0.32573014      -0.32573014       260.89878                                260.89878
              1       130.48766       60.191654     0.026703955      0.14788874      0.15889892     -0.32573014      -0.32573014       261.62678                                261.62678
              2       131.58229       60.115897     0.023257549      0.15585463      0.15410825     -0.32573014      -0.32573014       263.81605                                263.81605
              1       131.60688       60.115897     0.023257549      0.15352226       0.1618473     -0.32573014      -0.32573014       263.86522                                263.86522
              8       132.34068       60.115897     0.023257549      0.15515359      0.16814178     -0.32573014      -0.32573014       265.33281                                265.33281
              1       132.76345       60.115897     0.023257549      0.15270033      0.16861138     -0.32573014      -0.32573014       266.17835                                266.17835
              1       131.98661       60.138956     0.022843788      0.16046409      0.15670091     -0.32573014      -0.32573014       264.62468                                264.62468
              1       132.02856       60.138956     0.022843788      0.15773834       0.1564022     -0.32573014      -0.32573014       264.70859                                264.70859
              1       133.15742       60.138956     0.022843788      0.16343942      0.15031984     -0.32573014      -0.32573014        266.9663                                 266.9663
              1       133.27542       60.216463     0.024015426      0.16354724      0.15053076     -0.32573014      -0.32573014        267.2023                                 267.2023
              1       133.44005       60.216463     0.024015426      0.16621877      0.15146356     -0.32573014      -0.32573014       267.53156                                267.53156
              2       132.92947       60.264022     0.025412628      0.16607748      0.15122598     -0.32573014      -0.32573014        266.5104                                 266.5104
              1       133.37321       60.270432     0.025004073      0.16624099      0.15151692     -0.32573014      -0.32573014       267.39788                                267.39788
              1       133.53051       60.285551     0.025075919      0.16630995      0.15164286     -0.32573014      -0.32573014       267.71248                                267.71248
              4       130.02063       60.054266     0.025322143      0.16484358      0.14898843     -0.32573014      -0.32573014       260.69272                                260.69272
              3       129.76765       60.054266     0.025322143      0.15844545      0.14705754     -0.32573014      -0.32573014       260.18676                                260.18676
              1        133.1226       60.054266     0.025322143      0.16180615      0.13861846     -0.32573014      -0.32573014       266.89666                                266.89666
              1       127.78207       60.057182     0.026739476       0.1585159      0.16335661     -0.32573014      -0.32573014       256.21559                                256.21559
              1       128.05975       60.057182     0.026739476      0.15049743       0.1624345     -0.32573014      -0.32573014       256.77095                                256.77095
              2       127.81898       60.057182     0.026739476      0.16094975      0.16230562     -0.32573014      -0.32573014       256.28942                                256.28942
              1       127.98339       60.061605     0.026622397      0.16101216      0.16241718     -0.32573014      -0.32573014       256.61825                                256.61825
              1       127.71395       60.061605     0.026622397      0.16181183      0.15561084     -0.32573014      -0.32573014       256.07936                                256.07936
              1       127.56115       60.061605     0.026622397      0.15411277      0.16000081     -0.32573014      -0.32573014       255.77376                                255.77376
              2       126.50177       60.068317     0.028958747      0.14828688      0.15008582     -0.32573014      -0.32573014         253.655                                  253.655
              2       126.49885       60.068317     0.028958747      0.14829536      0.15009544     -0.32573014      -0.32573014       253.64916                                253.64916
              3       127.44265       60.068317     0.028958747       0.1466565      0.14677453     -0.32573014      -0.32573014       255.53675                                255.53675
              3       126.40948       60.068317     0.028958747      0.14755531      0.15209456     -0.32573014      -0.32573014       253.47042                                253.47042
              3       126.94219       60.054523     0.028006882      0.14778203      0.15404344     -0.32573014      -0.32573014       254.53584                                254.53584
              1       126.77777       60.054523     0.028006882      0.16260961      0.15946772     -0.32573014      -0.32573014       254.20699                                254.20699
              3       126.67608       60.054523     0.028006882      0.15196371      0.16190872     -0.32573014      -0.32573014       254.00362                                254.00362
              2        126.2612       60.054523     0.028006882      0.15818204      0.15940175     -0.32573014      -0.32573014       253.17386                                253.17386
              3       126.38875       60.054523     0.028006882      0.15952297      0.15969546     -0.32573014      -0.32573014       253.42896                                253.42896
              1       126.83424       60.062348     0.027614474      0.15969005      0.15999309     -0.32573014      -0.32573014       254.31994                                254.31994
              3       126.87725       60.062348     0.027614474      0.16032876      0.15976819     -0.32573014      -0.32573014       254.40596                                254.40596
              1       127.00903       60.062348     0.027614474       0.1546976      0.15022615     -0.32573014      -0.32573014       254.66952                                254.66952
              2       125.76186       60.062466     0.029059385      0.15425639      0.14944561     -0.32573014      -0.32573014       252.17518                                252.17518
              2       127.06781       60.062466     0.029059385      0.14570971      0.16253924     -0.32573014      -0.32573014       254.78708                                254.78708
              6       127.09147       60.062466     0.029059385      0.14670182      0.14734062     -0.32573014      -0.32573014       254.83441                                254.83441
              1       127.32729       60.051479     0.028616281      0.14677126      0.14746061     -0.32573014      -0.32573014       255.30604                                255.30604
              1       126.92951       60.051479     0.028616281      0.14894998       0.1473259     -0.32573014      -0.32573014       254.51048                                254.51048
              1       127.81215       60.051479     0.028616281      0.15040219      0.16832032     -0.32573014      -0.32573014       256.27576                                256.27576
              1        129.9086       60.002657     0.025441882      0.15115163      0.16958112     -0.32573014      -0.32573014       260.46866                                260.46866
              1       129.04263       60.002657     0.025441882      0.14640451      0.15321063     -0.32573014      -0.32573014       258.73673                                258.73673
              1       128.12468       60.034077     0.026980393      0.14609368      0.15266872     -0.32573014      -0.32573014       256.90082                                256.90082
              2       126.96406       60.034077     0.026980393       0.1611921      0.15550282     -0.32573014      -0.32573014       254.57959                                254.57959
              2       127.43677       60.034077     0.026980393      0.16244719      0.15151665     -0.32573014      -0.32573014         255.525                                  255.525
              3       128.96458       60.303885     0.029811095      0.16330713      0.15240927     -0.32573014      -0.32573014       258.58063                                258.58063
              1       128.78339       60.303885     0.029811095      0.15035952      0.15839212     -0.32573014      -0.32573014       258.21824                                258.21824
              2       130.43761       60.303885     0.029811095      0.14413199       0.1600046     -0.32573014      -0.32573014       261.52669                                261.52669
              1       130.43342       60.300239     0.029755067      0.14412641      0.16000203     -0.32573014      -0.32573014        261.5183                                 261.5183
              1       130.01226       60.300239     0.029755067       0.1461842      0.15256359     -0.32573014      -0.32573014       260.67597                                260.67597
              1       129.07612       60.231734     0.029599166      0.14577452      0.15203625     -0.32573014      -0.32573014        258.8037                                 258.8037
              8       127.34603       60.231734     0.029599166       0.1555597      0.15476075     -0.32573014      -0.32573014       255.34352                                255.34352
              5       127.30035       60.231734     0.029599166      0.15539206      0.15624636     -0.32573014      -0.32573014       255.25216                                255.25216
              5        127.4827       60.231734     0.029599166      0.16061408      0.15757603     -0.32573014      -0.32573014       255.61686                                255.61686
              1       127.35697       60.231734     0.029599166      0.15861855       0.1584517     -0.32573014      -0.32573014       255.36541                                255.36541
              4       126.58247       60.199837     0.029971896       0.1582764      0.15796825     -0.32573014      -0.32573014        253.8164                                 253.8164
              1       127.50394       60.199837     0.029971896      0.16214092      0.16302164     -0.32573014      -0.32573014       255.65933                                255.65933
              4       128.63933       60.199837     0.029971896      0.15375766      0.16921275     -0.32573014      -0.32573014       257.93011                                257.93011
              2       129.00575       60.176088     0.029158227      0.15387388      0.16943578     -0.32573014      -0.32573014       258.66296                                258.66296
              3        129.4878       60.176088     0.029158227      0.14964937      0.16938773     -0.32573014      -0.32573014       259.62705                                259.62705
              1       128.60485       60.066103     0.028297203      0.14919925      0.16886739     -0.32573014      -0.32573014       257.86116                                257.86116
              3       128.93211       60.066103     0.028297203      0.14075659      0.15384988     -0.32573014      -0.32573014       258.51569                                258.51569
              2        127.2632        60.10079     0.029664434      0.15447481      0.16807279     -0.32573014      -0.32573014       255.17785                                255.17785
              1       129.39945        60.10079     0.029664434      0.14998381      0.17282393     -0.32573014      -0.32573014       259.45035                                259.45035
              4       129.23453        60.10079     0.029664434      0.15091783      0.17271642     -0.32573014      -0.32573014       259.12052                                259.12052
              3       125.65066        60.10079     0.029664434        0.151876      0.15944503     -0.32573014      -0.32573014       251.95278                                251.95278
              3       125.63198       60.103503     0.029731889       0.1518714      0.15943317     -0.32573014      -0.32573014       251.91542                                251.91542
              2       125.35905       60.059396     0.029298186      0.15172094      0.15927173     -0.32573014      -0.32573014       251.36956                                251.36956
              2       125.27075       60.059396     0.029298186      0.15251002      0.15899759     -0.32573014      -0.32573014       251.19295                                251.19295
              2       127.94293        60.10393     0.028106763      0.14661051      0.15858368     -0.32573014      -0.32573014       256.53733                                256.53733
              1       128.14083        60.10393     0.028106763      0.14728831      0.15074493     -0.32573014      -0.32573014       256.93311                                256.93311
              1       126.71852       60.083775      0.02934309      0.14673188      0.14990474     -0.32573014      -0.32573014       254.08851                                254.08851
              1       126.51618       60.083775      0.02934309      0.14591382      0.15701921     -0.32573014      -0.32573014       253.68383                                253.68383
              1       126.27644       60.061613     0.029220507      0.14580581      0.15688716     -0.32573014      -0.32573014       253.20434                                253.20434
              3        126.4653       60.061613     0.029220507      0.14610844      0.15075312     -0.32573014      -0.32573014       253.58206                                253.58206
              4        126.9928       60.061613     0.029220507      0.14317652      0.15661818     -0.32573014      -0.32573014       254.63705                                254.63705
              2       126.37409       60.061613     0.029220507      0.16450262      0.15938806     -0.32573014      -0.32573014       253.39965                                253.39965
              2        126.0692       60.061613     0.029220507      0.15595203      0.16424684     -0.32573014      -0.32573014       252.78987                                252.78987
              1       125.34281       60.061613     0.029220507      0.15887498      0.15796277     -0.32573014      -0.32573014       251.33707                                251.33707
              2       125.33551       60.061613     0.029220507       0.1580734      0.15876649     -0.32573014      -0.32573014       251.32248                                251.32248
              4       125.35709       60.061613     0.029220507      0.15820017      0.15891446     -0.32573014      -0.32573014       251.36564                                251.36564
              2       125.99695       60.061613     0.029220507      0.16350832      0.15389529     -0.32573014      -0.32573014       252.64536                                252.64536
              1        126.9099       60.061613     0.029220507      0.15672737      0.14361564     -0.32573014      -0.32573014       254.47126                                254.47126
              2       125.51571       60.061613     0.029220507      0.15809596      0.16049071     -0.32573014      -0.32573014       251.68289                                251.68289
              5       125.44876       60.028518     0.028906784      0.15837278      0.16112505     -0.32573014      -0.32573014       251.54899                                251.54899
              1       124.99888       60.028518     0.028906784      0.15488968      0.15813346     -0.32573014      -0.32573014       250.64923                                250.64923
              2       126.21366       60.028518     0.028906784      0.14566453      0.15894151     -0.32573014      -0.32573014       253.07879                                253.07879
              4       125.96619       60.028518     0.028906784       0.1627475      0.16050639     -0.32573014      -0.32573014       252.58385                                252.58385
              3       125.16802       60.028518     0.028906784      0.15960046      0.15645702     -0.32573014      -0.32573014        250.9875                                 250.9875
              1       125.29114       60.028518     0.028906784       0.1559924       0.1608763     -0.32573014      -0.32573014       251.23375                                251.23375
              1       128.22472       60.110535     0.028004445        0.165631      0.16106326     -0.32573014      -0.32573014        257.1009                                 257.1009
              1       128.02796       60.022039      0.02671433      0.16547188       0.1609637     -0.32573014      -0.32573014       256.70737                                256.70737
              5        127.1871       60.022039      0.02671433      0.15862684      0.16228797     -0.32573014      -0.32573014       255.02567                                255.02567
              1       127.81962       60.082067     0.027004314      0.15893368      0.16266811     -0.32573014      -0.32573014       256.29071                                256.29071
              2       128.40229       60.082067     0.027004314      0.16560912      0.15488944     -0.32573014      -0.32573014       257.45605                                257.45605
              1       127.54406       60.082067     0.027004314      0.15812132      0.15300386     -0.32573014      -0.32573014       255.73957                                255.73957
              1       126.74348       60.065368     0.027650561      0.15778883      0.15250974     -0.32573014      -0.32573014       254.13842                                254.13842
              2       126.30531       60.012691     0.027258133      0.15756646      0.15224986     -0.32573014      -0.32573014       253.26208                                253.26208
              1       126.29598       60.012691     0.027258133      0.15742271      0.15228531     -0.32573014      -0.32573014       253.24341                                253.24341
              3       126.23329       60.012691     0.027258133      0.15371469      0.15341409     -0.32573014      -0.32573014       253.11804                                253.11804
              2       126.68715       60.012691     0.027258133      0.15169357      0.16159588     -0.32573014      -0.32573014       254.02576                                254.02576
              1       126.92871       60.028041     0.027244749      0.15180178      0.16173985     -0.32573014      -0.32573014       254.50888                                254.50888
              2       125.38601        60.03968     0.029198703      0.15121612      0.16079967     -0.32573014      -0.32573014       251.42349                                251.42349
              2       125.11204        60.03968     0.029198703      0.15301916      0.15969997     -0.32573014      -0.32573014       250.87554                                250.87554
              2       125.11849        60.03968     0.029198703      0.15230161      0.15933453     -0.32573014      -0.32573014       250.88845                                250.88845
              3       125.12985        60.03968     0.029198703      0.15018291      0.15479412     -0.32573014      -0.32573014       250.91116                                250.91116
              1       124.44039       60.022154     0.029690628      0.14989729      0.15437507     -0.32573014      -0.32573014       249.53225                                249.53225
              1       124.30609       60.022154     0.029690628       0.1579196      0.15650257     -0.32573014      -0.32573014       249.26363                                249.26363
              2       125.12205       60.022154     0.029690628      0.15934287      0.14742996     -0.32573014      -0.32573014       250.89556                                250.89556
              1       125.61743       60.022154     0.029690628      0.16073762      0.16387827     -0.32573014      -0.32573014       251.88632                                251.88632
              3       124.99847       60.022154     0.029690628      0.15736657      0.16271736     -0.32573014      -0.32573014        250.6484                                 250.6484
              1       124.25814       60.022154     0.029690628      0.15743976      0.15618263     -0.32573014      -0.32573014       249.16775                                249.16775
              2        125.5775       60.022154     0.029690628      0.15294324      0.16544986     -0.32573014      -0.32573014       251.80646                                251.80646
              2       125.65577       60.022154     0.029690628       0.1524386      0.16564572     -0.32573014      -0.32573014         251.963                                  251.963
              5       124.67297       60.022154     0.029690628      0.14930916      0.15135225     -0.32573014      -0.32573014       249.99739                                249.99739
              1       125.11047       60.022154     0.029690628      0.14922605      0.14809215     -0.32573014      -0.32573014        250.8724                                 250.8724
              1       126.24217       60.022154     0.029690628      0.15302715      0.14210616     -0.32573014      -0.32573014       253.13579                                253.13579
              1       125.39598       60.022154     0.029690628      0.16400044      0.15145538     -0.32573014      -0.32573014       251.44343                                251.44343
              2        125.6703       60.036957     0.029606628      0.16412898      0.15163221     -0.32573014      -0.32573014       251.99206                                251.99206
              3       125.28027         60.0261     0.029902738      0.16395498      0.15137723     -0.32573014      -0.32573014         251.212                                  251.212
              1       124.41719         60.0261     0.029902738      0.15562287      0.16037561     -0.32573014      -0.32573014       249.48585                                249.48585
              2       124.37664         60.0261     0.029902738      0.15498024      0.16015953     -0.32573014      -0.32573014       249.40474                                249.40474
              3       125.00876       60.075044     0.029991291       0.1552807      0.16054849     -0.32573014      -0.32573014       250.66899                                250.66899
              2       125.61568       60.075044     0.029991291      0.15134033      0.16316018     -0.32573014      -0.32573014       251.88282                                251.88282
              5       124.77454       60.075332     0.029982429      0.15309352      0.15745999     -0.32573014      -0.32573014       250.20053                                250.20053
              1       124.76964       60.075332     0.029982429      0.15325902      0.15751202     -0.32573014      -0.32573014       250.19073                                250.19073
              3       124.67461       60.051335     0.029685565      0.15319787      0.15745672     -0.32573014      -0.32573014       250.00067                                250.00067
              2       125.38724       60.051335     0.029685565      0.15980508      0.14875784     -0.32573014      -0.32573014       251.42594                                251.42594
              2       124.63176       60.051335     0.029685565      0.15353034      0.15686994     -0.32573014      -0.32573014       249.91498                                249.91498
              1       124.65166       60.051335     0.029685565      0.15329832      0.15710559     -0.32573014      -0.32573014       249.95478                                249.95478
              1       124.64723       60.051335     0.029685565      0.15337841      0.15708266     -0.32573014      -0.32573014       249.94591                                249.94591
              1       124.56687       60.046941     0.029704448      0.15334231       0.1570334     -0.32573014      -0.32573014        249.7852                                 249.7852
              3       124.77611       60.046941     0.029704448      0.15706197       0.1508779     -0.32573014      -0.32573014       250.20367                                250.20367
              1       124.99169       60.013573     0.029430845      0.14782265      0.15830334     -0.32573014      -0.32573014       250.63484                                250.63484
              6       124.44757       60.013573     0.029430845      0.15870844      0.15585546     -0.32573014      -0.32573014       249.54661                                249.54661
              1        126.0194       60.013573     0.029430845      0.15838543      0.14365061     -0.32573014      -0.32573014       252.69025                                252.69025
              1       125.29637       60.013573     0.029430845      0.15981992      0.14735176     -0.32573014      -0.32573014       251.24421                                251.24421
              2       125.04975       60.013573     0.029430845      0.14738148      0.15192462     -0.32573014      -0.32573014       250.75097                                250.75097
              2        126.8354       60.002901     0.027608389       0.1615653      0.16351705     -0.32573014      -0.32573014       254.32227                                254.32227
              5       127.00914       60.002901     0.027608389      0.16581033      0.15396952     -0.32573014      -0.32573014       254.66973                                254.66973
              3       125.82422       60.002901     0.027608389      0.15916234      0.15441992     -0.32573014      -0.32573014        252.2999                                 252.2999
              1       132.84714       60.002901     0.027608389      0.16549029      0.17759707     -0.32573014      -0.32573014       266.34574                                266.34574
              3       132.79661       60.003177     0.027674511      0.16546787      0.17756454     -0.32573014      -0.32573014       266.24467                                266.24467
              3       129.85742       60.003177     0.027674511       0.1603981      0.13801504     -0.32573014      -0.32573014        260.3663                                 260.3663
              2       128.23756       60.003177     0.027674511      0.15585058      0.14127513     -0.32573014      -0.32573014       257.12659                                257.12659
              1       127.20076       60.004259       0.0288316      0.16796908      0.16109229     -0.32573014      -0.32573014       255.05298                                255.05298
              1       126.75995       60.004259       0.0288316      0.15566273      0.16824524     -0.32573014      -0.32573014       254.17136                                254.17136
              2       129.63386       60.013684     0.025643606      0.15689763      0.16999158     -0.32573014      -0.32573014       259.91918                                259.91918
              2       132.10174       60.258545     0.026010435      0.14916666      0.15695115     -0.32573014      -0.32573014       264.85495                                264.85495
              1       131.62149       60.258545     0.026010435      0.15546235      0.15201922     -0.32573014      -0.32573014       263.89445                                263.89445
              1       129.63688       60.021991     0.024340309      0.14921976      0.15688694     -0.32573014      -0.32573014       259.92523                                259.92523
              1        133.5099       60.021991     0.024340309      0.17679978      0.15803576     -0.32573014      -0.32573014       267.67125                                267.67125
              1       134.08124       60.021991     0.024340309      0.17661018      0.16498269     -0.32573014      -0.32573014       268.81394                                268.81394
              3        133.2814       60.021991     0.024340309      0.17575108      0.16238664     -0.32573014      -0.32573014       267.21426                                267.21426
              1        131.2142       60.021991     0.024340309      0.14592185       0.1654343     -0.32573014      -0.32573014       263.07987                                263.07987
              1       131.48786       60.074384     0.024926525      0.14606116      0.16553747     -0.32573014      -0.32573014       263.62717                                263.62717
              1       129.81714       60.074384     0.024926525      0.15052747       0.1611545     -0.32573014      -0.32573014       260.28574                                260.28574
              1       127.69763       60.019583     0.026337281      0.14963827      0.15998481     -0.32573014      -0.32573014       256.04672                                256.04672
              2       127.09807       60.019583     0.026337281      0.15958291      0.15639099     -0.32573014      -0.32573014        254.8476                                 254.8476
              3       127.19802       60.049534     0.026743995      0.15963626      0.15641241     -0.32573014      -0.32573014       255.04749                                255.04749
              2       127.26267       60.049534     0.026743995      0.16035622      0.15701146     -0.32573014      -0.32573014        255.1768                                 255.1768
              4       127.53908        60.12825     0.027619931      0.15878373      0.15764631     -0.32573014      -0.32573014       255.72962                                255.72962
              4       128.08716       60.303507     0.029964036        0.159109      0.15779044     -0.32573014      -0.32573014       256.82577                                256.82577
              1       128.63197       60.303507     0.029964036      0.15143007      0.16116922     -0.32573014      -0.32573014       257.91541                                257.91541
              4       128.23112       60.138957     0.027647596      0.15116711      0.16109452     -0.32573014      -0.32573014       257.11371                                257.11371
              1       131.16155       60.161892     0.024798604      0.15236894      0.16276892     -0.32573014      -0.32573014       262.97457                                262.97457
              2       130.74065       60.161892     0.024798604      0.15472983      0.15620527     -0.32573014      -0.32573014       262.13276                                262.13276
              1       129.39612       60.147856      0.02606324      0.15412818      0.15528078     -0.32573014      -0.32573014        259.4437                                 259.4437
              1       129.58162       60.147856      0.02606324        0.161525      0.15340223     -0.32573014      -0.32573014        259.8147                                 259.8147
              1       134.14472        60.23236     0.022380672      0.16358178      0.15594179     -0.32573014      -0.32573014        268.9409                                 268.9409
              2       134.25114       60.243736     0.022459772      0.16362973      0.15598947     -0.32573014      -0.32573014       269.15373                                269.15373
              1       126.95873       60.133918      0.02890688      0.16051801      0.15174637     -0.32573014      -0.32573014       254.56891                                254.56891
              1       127.09194       60.133918      0.02890688      0.16047789      0.15067894     -0.32573014      -0.32573014       254.83533                                254.83533
              1       127.05816       60.133918      0.02890688      0.16101925       0.1514119     -0.32573014      -0.32573014       254.76778                                254.76778
              1        127.3504       60.133918      0.02890688      0.16016661      0.14890731     -0.32573014      -0.32573014       255.35226                                255.35226
              1       127.65779       60.154999      0.02891089      0.16030784      0.14907047     -0.32573014      -0.32573014       255.96704                                255.96704
              1        128.0766       60.112455      0.02768052      0.16047182      0.14938242     -0.32573014      -0.32573014       256.80466                                256.80466
              2       128.33839       60.112455      0.02768052      0.14947299       0.1631063     -0.32573014      -0.32573014       257.32824                                257.32824
              4       128.46916       60.112455      0.02768052      0.15812808      0.16673591     -0.32573014      -0.32573014       257.58979                                257.58979
              1        127.8874       60.112455      0.02768052      0.15632137      0.16421164     -0.32573014      -0.32573014       256.42627                                256.42627
              1       129.23259       60.158066     0.027690607       0.1650907      0.16370154     -0.32573014      -0.32573014       259.11663                                259.11663
              2       127.96458       60.158066     0.027690607      0.15981188      0.15719781     -0.32573014      -0.32573014       256.58062                                256.58062
              1       127.51953        60.06067     0.026529705      0.15957903      0.15704333     -0.32573014      -0.32573014       255.69052                                255.69052
              3       129.36532        60.06067     0.026529705      0.16897019      0.15535919     -0.32573014      -0.32573014        259.3821                                 259.3821
              2       128.74297        60.06067     0.026529705       0.1645853      0.15038311     -0.32573014      -0.32573014       258.13739                                258.13739
              2       130.01971        60.06067     0.026529705      0.15081629      0.14378819     -0.32573014      -0.32573014       260.69089                                260.69089
              2       131.29735        60.06067     0.026529705      0.13957765      0.15349855     -0.32573014      -0.32573014       263.24617                                263.24617
              2       128.11562       60.062456     0.026981752      0.15290354      0.14825944     -0.32573014      -0.32573014        256.8827                                 256.8827
              1       126.33259       60.104598      0.02974954      0.15217206      0.14713778     -0.32573014      -0.32573014       253.31665                                253.31665
              1       126.96041       60.104598      0.02974954      0.15685641      0.14420184     -0.32573014      -0.32573014       254.57228                                254.57228
              1       127.11321       60.104598      0.02974954      0.15710085      0.14371469     -0.32573014      -0.32573014       254.87788                                254.87788
              4       126.45584       60.104598      0.02974954      0.14900031      0.14849984     -0.32573014      -0.32573014       253.56314                                253.56314
              1       127.73035       60.104598      0.02974954      0.14215384      0.15168963     -0.32573014      -0.32573014       256.11217                                256.11217
              2       130.87123       60.077538     0.025647674      0.14414401      0.15341559     -0.32573014      -0.32573014       262.39393                                262.39393
              2       130.03457       60.109893     0.026606361       0.1447384      0.15691626     -0.32573014      -0.32573014        260.7206                                 260.7206
              1       128.96561       60.064619     0.027009883       0.1442837      0.15634966     -0.32573014      -0.32573014       258.58268                                258.58268
              1        128.9939       60.064619     0.027009883      0.14988051      0.16714551     -0.32573014      -0.32573014       258.63926                                258.63926
              1       129.78272       60.064134     0.026122235       0.1502033      0.16760737     -0.32573014      -0.32573014       260.21689                                260.21689
              1       128.58157       60.064134     0.026122235      0.14982264       0.1542793     -0.32573014      -0.32573014        257.8146                                 257.8146
              3       127.94744       60.064134     0.026122235      0.15765587      0.15418449     -0.32573014      -0.32573014       256.54635                                256.54635
              4        125.6268        60.02759     0.028189344      0.15664914       0.1528136     -0.32573014      -0.32573014       251.90506                                251.90506
              1        125.7073        60.02759     0.028189344      0.15363942       0.1593013     -0.32573014      -0.32573014       252.06606                                252.06606
              3       125.56451        60.02759     0.028189344      0.15653837      0.15771778     -0.32573014      -0.32573014       251.78048                                251.78048
              9       125.45681       60.072978     0.029087276      0.15651576      0.15760251     -0.32573014      -0.32573014       251.56507                                251.56507
              3       125.66983       60.072978     0.029087276      0.15560382      0.15103614     -0.32573014      -0.32573014       251.99112                                251.99112
              1       125.45937       60.072978     0.029087276       0.1571892      0.15428503     -0.32573014      -0.32573014        251.5702                                 251.5702
              2       125.08707       60.067415     0.029430405      0.15702549      0.15406141     -0.32573014      -0.32573014       250.82561                                250.82561
              4       125.11215       60.067415     0.029430405      0.15684656       0.1575998     -0.32573014      -0.32573014       250.87577                                250.87577
              2        125.0888       60.067415     0.029430405      0.15735089      0.15636672     -0.32573014      -0.32573014       250.82906                                250.82906
              4       125.13568       60.067415     0.029430405      0.15808449      0.15639422     -0.32573014      -0.32573014       250.92283                                250.92283
              2       126.88828       60.067415     0.029430405      0.16423983      0.14731675     -0.32573014      -0.32573014       254.42802                                254.42802
              2       126.27904       60.067415     0.029430405      0.15281157      0.16515339     -0.32573014      -0.32573014       253.20955                                253.20955
              2       127.47746       60.086512     0.028370977      0.15333003      0.16585889     -0.32573014      -0.32573014       255.60639                                255.60639
              2       126.98792       60.079136     0.028503555        0.153713      0.16470079     -0.32573014      -0.32573014        254.6273                                 254.6273
              1       127.25315       60.079136     0.028503555      0.16511672      0.15242832     -0.32573014      -0.32573014       255.15777                                255.15777
              1       126.58083       60.079136     0.028503555      0.16092633      0.16060654     -0.32573014      -0.32573014       253.81311                                253.81311
              4        126.1198       60.079136     0.028503555      0.15743035      0.15884216     -0.32573014      -0.32573014       252.89106                                252.89106
              3       126.37321       60.079136     0.028503555      0.15296918      0.15134393     -0.32573014      -0.32573014       253.39788                                253.39788
              3       126.41875       60.079136     0.028503555      0.15848017       0.1612521     -0.32573014      -0.32573014       253.48896                                253.48896
              1       126.20548       60.121414     0.029466225      0.15841273       0.1610785     -0.32573014      -0.32573014       253.06241                                253.06241
              1        126.2041       60.121414     0.029466225      0.16103098        0.153672     -0.32573014      -0.32573014       253.05966                                253.05966
              3       125.81407         60.0647     0.028958524      0.16083357      0.15349376     -0.32573014      -0.32573014       252.27959                                252.27959
              1        126.5718         60.0647     0.028958524      0.16485432      0.15347343     -0.32573014      -0.32573014       253.79505                                253.79505
              1       126.78568         60.0647     0.028958524      0.16470545      0.15071337     -0.32573014      -0.32573014       254.22282                                254.22282
              1       126.17377         60.0647     0.028958524      0.16284281       0.1584088     -0.32573014      -0.32573014       252.99901                                252.99901
              1       126.25671         60.0647     0.028958524      0.14728433      0.15455822     -0.32573014      -0.32573014       253.16489                                253.16489
              2       125.69345         60.0647     0.028958524      0.15336752      0.15121916     -0.32573014      -0.32573014       252.03836                                252.03836
              3       125.33543        60.03361      0.02883801      0.15320133      0.15103866     -0.32573014      -0.32573014       251.32233                                251.32233
              1       125.20913        60.03361      0.02883801      0.15505622      0.15917151     -0.32573014      -0.32573014       251.06972                                251.06972
              1       125.10715        60.03361      0.02883801      0.15567132      0.15780821     -0.32573014      -0.32573014       250.86576                                250.86576
              2       124.90568       60.000877     0.028518273      0.15556719      0.15771935     -0.32573014      -0.32573014       250.46283                                250.46283
              1       125.92426       60.023842     0.027832235      0.15885186      0.15406628     -0.32573014      -0.32573014       252.49998                                252.49998
              1       126.01668        60.11754     0.029316323      0.15894095      0.15402222     -0.32573014      -0.32573014       252.68483                                252.68483
              3       126.64451        60.11754     0.029316323      0.16352075      0.15765235     -0.32573014      -0.32573014       253.94048                                253.94048
              3       129.18656       60.216705     0.027991999      0.16467852      0.15912448     -0.32573014      -0.32573014       259.02459                                259.02459
              1       126.39286       60.041927      0.02834386      0.16336614      0.15756978     -0.32573014      -0.32573014       253.43718                                253.43718
              5       125.97333       60.041927      0.02834386      0.15879069      0.15123457     -0.32573014      -0.32573014       252.59813                                252.59813
              2       126.50519       60.041927      0.02834386      0.14827205      0.15139602     -0.32573014      -0.32573014       253.66184                                253.66184
              3       127.73788       60.041927      0.02834386      0.16814486      0.15241022     -0.32573014      -0.32573014       256.12721                                256.12721
              1       125.71651       60.041927      0.02834386      0.15869353      0.15478956     -0.32573014      -0.32573014       252.08449                                252.08449
              5        125.6566       60.055068     0.028640586      0.15867349      0.15473691     -0.32573014      -0.32573014       251.96465                                251.96465
              2       126.08689       60.055068     0.028640586      0.15941779      0.16123646     -0.32573014      -0.32573014       252.82524                                252.82524
              2        126.8623       60.055068     0.028640586      0.16393949      0.16170963     -0.32573014      -0.32573014       254.37606                                254.37606
              1       125.58151       60.055068     0.028640586      0.15516736      0.15796455     -0.32573014      -0.32573014       251.81449                                251.81449
              1       126.00202       60.022004     0.027589067      0.15532981      0.15825699     -0.32573014      -0.32573014        252.6555                                 252.6555
              5       126.09158       60.022004     0.027589067      0.15734426      0.15916318     -0.32573014      -0.32573014       252.83461                                252.83461
              1       126.00373       60.022004     0.027589067      0.15654265      0.15820837     -0.32573014      -0.32573014       252.65892                                252.65892
              1       126.10346       60.022004     0.027589067      0.15941838      0.15589852     -0.32573014      -0.32573014       252.85839                                252.85839
              1       126.30056       60.022004     0.027589067       0.1525478      0.15172679     -0.32573014      -0.32573014       253.25258                                253.25258
              1       126.57459       60.022004     0.027589067      0.14871755      0.15617278     -0.32573014      -0.32573014       253.80064                                253.80064
              1       126.80135       60.022004     0.027589067      0.14894393      0.15139815     -0.32573014      -0.32573014       254.25417                                254.25417
              1       126.15875       60.022004     0.027589067      0.15651498      0.15185996     -0.32573014      -0.32573014       252.96895                                252.96895
              2       127.21653       60.022004     0.027589067      0.15254141      0.14646311     -0.32573014      -0.32573014       255.08452                                255.08452
              2       128.38902       60.022004     0.027589067      0.14288185      0.16110654     -0.32573014      -0.32573014        257.4295                                 257.4295
              3       126.89149       60.022004     0.027589067       0.1484929      0.15132345     -0.32573014      -0.32573014       254.43444                                254.43444
              6       125.81068        60.00617     0.028540056      0.14803637      0.15070043     -0.32573014      -0.32573014       252.27281                                252.27281
              1       127.56196        60.00617     0.028540056      0.16182916      0.14243875     -0.32573014      -0.32573014       255.77539                                255.77539
              1       125.11957        60.00617     0.028540056       0.1591827      0.15403848     -0.32573014      -0.32573014       250.89061                                250.89061
              5       125.07557       60.003726     0.028550401      0.15916143      0.15401505     -0.32573014      -0.32573014        250.8026                                 250.8026
              4       126.18509       60.003726     0.028550401      0.15315599       0.1452159     -0.32573014      -0.32573014       253.02163                                253.02163
              2       125.77087       60.003726     0.028550401      0.15471597      0.14677611     -0.32573014      -0.32573014        252.1932                                 252.1932
              1       125.09862       60.003726     0.028550401      0.15646621      0.15106609     -0.32573014      -0.32573014       250.84871                                250.84871
              4       125.50781       60.003786      0.02807361      0.15669082        0.151291     -0.32573014      -0.32573014       251.66708                                251.66708
              1       128.29223       60.212378     0.028439393      0.15791864      0.15270222     -0.32573014      -0.32573014       257.23593                                257.23593
              1       125.83372       60.102802      0.02925947      0.15672114      0.15245414     -0.32573014      -0.32573014       252.31889                                252.31889
              1       126.41809       60.102802      0.02925947      0.15293055      0.16305918     -0.32573014      -0.32573014       253.48765                                253.48765
              2       126.21571       60.102802      0.02925947      0.15410227      0.16224758     -0.32573014      -0.32573014       253.08288                                253.08288
              2       126.08801       60.110644     0.029555684       0.1540156      0.16216766     -0.32573014      -0.32573014       252.82747                                252.82747
              1       125.99709       60.108296     0.029264166      0.15995828      0.15477082     -0.32573014      -0.32573014       252.64563                                252.64563
              1       128.14621       60.222958     0.029073271      0.16025538      0.15157337     -0.32573014      -0.32573014       256.94388                                256.94388
              2       128.07891       60.222958     0.029073271        0.150919      0.15613129     -0.32573014      -0.32573014       256.80929                                256.80929
              1       128.04368       60.222958     0.029073271      0.15112897      0.15632198     -0.32573014      -0.32573014       256.73881                                256.73881
              8       128.06306       60.242781     0.029392238      0.15111201       0.1563223     -0.32573014      -0.32573014       256.77759                                256.77759
              1       128.11546       60.242781     0.029392238      0.15113882      0.15483079     -0.32573014      -0.32573014       256.88238                                256.88238
              2       126.78112       60.186257     0.029931073       0.1505061      0.15414805     -0.32573014      -0.32573014        254.2137                                 254.2137
              3       126.51967       60.186257     0.029931073      0.15985776      0.15699151     -0.32573014      -0.32573014       253.69079                                253.69079
              1       126.81334       60.186257     0.029931073      0.15883632      0.15074207     -0.32573014      -0.32573014       254.27814                                254.27814
              2       126.32134        60.01608     0.027604573      0.15878834       0.1505455     -0.32573014      -0.32573014       253.29414                                253.29414
              2       127.05172        60.01608     0.027604573      0.14817594      0.14971471     -0.32573014      -0.32573014       254.75491                                254.75491
              1       126.57726       60.002118     0.027901847      0.14794245      0.14946878     -0.32573014      -0.32573014       253.80599                                253.80599
              4       125.60892       60.002118     0.027901847      0.15189856      0.15326465     -0.32573014      -0.32573014       251.86931                                251.86931
              8        125.4943       60.002118     0.027901847      0.15240614      0.15546638     -0.32573014      -0.32573014       251.64007                                251.64007
              3       125.47986       60.002118     0.027901847      0.15265093      0.15624789     -0.32573014      -0.32573014       251.61118                                251.61118
              6       125.47334       60.002118     0.027901847      0.15272553      0.15615421     -0.32573014      -0.32573014       251.59814                                251.59814
              4       127.78273       60.002118     0.027901847       0.1684568      0.15121826     -0.32573014      -0.32573014       256.21693                                256.21693
              2       125.74349       60.002118     0.027901847      0.15008755      0.15536563     -0.32573014      -0.32573014       252.13843                                252.13843
              3       125.42811       60.002118     0.027901847      0.15521194      0.15363742     -0.32573014      -0.32573014       251.50767                                251.50767
              6       126.60697       60.080689     0.027883873      0.15574766       0.1542423     -0.32573014      -0.32573014       253.86541                                253.86541
              2       127.94035       60.080689     0.027883873      0.15683615      0.14588457     -0.32573014      -0.32573014       256.53217                                256.53217
              1       128.89409       60.080689     0.027883873      0.15236314      0.16950005     -0.32573014      -0.32573014       258.43965                                258.43965
              1       129.00355       60.080689     0.027883873      0.15212201      0.16975606     -0.32573014      -0.32573014       258.65855                                258.65855
              1       126.98749       60.080689     0.027883873      0.16185927      0.15487903     -0.32573014      -0.32573014       254.62644                                254.62644
              1       126.66127       60.126146     0.029028798      0.16162593      0.15468511     -0.32573014      -0.32573014       253.97401                                253.97401
              1       126.35436       60.126146     0.029028798      0.15834892       0.1540896     -0.32573014      -0.32573014       253.36018                                253.36018
              2       126.60409       60.126146     0.029028798      0.15877844      0.15150539     -0.32573014      -0.32573014       253.85964                                253.85964
              1       125.30382       60.066962     0.029532009      0.15814462      0.15081923     -0.32573014      -0.32573014       251.25911                                251.25911
              1       125.03103       60.066962     0.029532009      0.15500943      0.15254813     -0.32573014      -0.32573014       250.71353                                250.71353
              2       124.87497       60.041476      0.02927823      0.15495774      0.15247414     -0.32573014      -0.32573014        250.4014                                 250.4014
              1       126.95025       60.041476      0.02927823      0.16510887      0.16374579     -0.32573014      -0.32573014       254.55195                                254.55195
              4       127.44708       60.041476      0.02927823      0.14120536      0.15118093     -0.32573014      -0.32573014       255.54562                                255.54562
              1       125.25954       60.041476      0.02927823      0.15962145      0.15108826     -0.32573014      -0.32573014       251.17055                                251.17055
              4       124.81729       60.041476      0.02927823      0.15597754      0.15367725     -0.32573014      -0.32573014       250.28604                                250.28604
              1        125.1257        60.09449     0.029820541      0.15607828      0.15382437     -0.32573014      -0.32573014       250.90285                                250.90285
              1       125.09875        60.09449     0.029820541      0.15422789      0.15591106     -0.32573014      -0.32573014       250.84896                                250.84896
              3       125.61727        60.09449     0.029820541      0.14981085      0.15202577     -0.32573014      -0.32573014       251.88599                                251.88599
              8       125.48613        60.09449     0.029820541       0.1500512      0.15343432     -0.32573014      -0.32573014       251.62373                                251.62373
              8       126.51852        60.09449     0.029820541      0.14493149      0.15782398     -0.32573014      -0.32573014        253.6885                                 253.6885
              3       125.41513        60.07041     0.029902788      0.14764102      0.15736221     -0.32573014      -0.32573014       251.48173                                251.48173
              2       125.10572       60.043832     0.029801818      0.14751014      0.15720799     -0.32573014      -0.32573014        250.8629                                 250.8629
              2       124.68168       60.043832     0.029801818      0.15732199      0.15067704     -0.32573014      -0.32573014       250.01482                                250.01482
              1       125.28828       60.043832     0.029801818      0.16327501      0.15383675     -0.32573014      -0.32573014       251.22802                                251.22802
              1       125.33729       60.043832     0.029801818      0.15842658      0.16308486     -0.32573014      -0.32573014       251.32604                                251.32604
              2       124.60781       60.043832     0.029801818      0.15850993      0.15747928     -0.32573014      -0.32573014       249.86708                                249.86708
              1       124.67748       60.043832     0.029801818      0.15919993      0.15264641     -0.32573014      -0.32573014       250.00642                                250.00642
              4       124.89265        60.04022     0.029487337      0.15932358      0.15276704     -0.32573014      -0.32573014       250.43676                                250.43676
              1       125.97164        60.04022     0.029487337      0.15469309      0.14466092     -0.32573014      -0.32573014       252.59473                                252.59473
              2       126.84091       60.109145     0.029674885      0.15506743      0.14509583     -0.32573014      -0.32573014       254.33329                                254.33329
              1       126.55632       60.109145     0.029674885      0.16313108      0.15012755     -0.32573014      -0.32573014        253.7641                                 253.7641
              1       125.79198       60.109145     0.029674885      0.15737919      0.16080273     -0.32573014      -0.32573014       252.23541                                252.23541
              3       126.86514       60.109145     0.029674885      0.16117458      0.14664876     -0.32573014      -0.32573014       254.38173                                254.38173
              5        125.5047       60.109145     0.029674885      0.15299601      0.15627345     -0.32573014      -0.32573014       251.66085                                251.66085
              1       126.67329       60.109145     0.029674885      0.15912217      0.16499908     -0.32573014      -0.32573014       253.99805                                253.99805
              5       126.66091       60.109794     0.029700349      0.15911455      0.16499202     -0.32573014      -0.32573014       253.97328                                253.97328
              4       126.30548       60.109794     0.029700349      0.15618462      0.16412053     -0.32573014      -0.32573014       253.26242                                253.26242
              4       126.48317       60.109794     0.029700349      0.14940958       0.1626285     -0.32573014      -0.32573014        253.6178                                 253.6178
              1       125.73302       60.109794     0.029700349      0.15464837      0.16071319     -0.32573014      -0.32573014        252.1175                                 252.1175
              2        125.9902       60.109794     0.029700349      0.15959923      0.16110226     -0.32573014      -0.32573014       252.63186                                252.63186
              2       125.66979       60.109794     0.029700349      0.15869767      0.15892171     -0.32573014      -0.32573014       251.99103                                251.99103
              1       125.84747        60.00175     0.027670408       0.1589272      0.15905718     -0.32573014      -0.32573014        252.3464                                 252.3464
              1        125.7864        60.00175     0.027670408      0.15967233      0.15626567     -0.32573014      -0.32573014       252.22426                                252.22426
              2       126.79805        60.00175     0.027670408       0.1579499      0.16537261     -0.32573014      -0.32573014       254.24755                                254.24755
              5       126.73907        60.00175     0.027670408       0.1649654      0.15391632     -0.32573014      -0.32573014       254.12961                                254.12961
              1       125.86276        60.00175     0.027670408       0.1566572      0.15106969     -0.32573014      -0.32573014       252.37699                                252.37699
              1        126.6064        60.00175     0.027670408      0.16298056      0.16095542     -0.32573014      -0.32573014       253.86426                                253.86426
              1       125.82713       60.061659     0.029595217      0.16247745      0.16050405     -0.32573014      -0.32573014       252.30573                                252.30573
              1       125.75954       60.061659     0.029595217      0.14668922       0.1574775     -0.32573014      -0.32573014       252.17054                                252.17054
              5       124.91641       60.061659     0.029595217      0.15814273      0.15573242     -0.32573014      -0.32573014       250.48428                                250.48428
              4       125.57239       60.061659     0.029595217      0.16290487      0.15545665     -0.32573014      -0.32573014       251.79624                                251.79624
              3       126.16975       60.061659     0.029595217      0.16546597      0.15592396     -0.32573014      -0.32573014       252.99096                                252.99096
              2        126.1566       60.061659     0.029595217      0.16518331      0.15304888     -0.32573014      -0.32573014       252.96465                                252.96465
              3       127.56866       60.061659     0.029595217      0.14755989      0.14257299     -0.32573014      -0.32573014       255.78879                                255.78879
              1       125.95151       60.061659     0.029595217      0.15369347      0.14584888     -0.32573014      -0.32573014       252.55449                                252.55449
              2       126.42145       60.061659     0.029595217      0.14433815      0.15193042     -0.32573014      -0.32573014       253.49436                                253.49436
              2       128.70454       60.191692     0.029286652      0.14535589      0.15306275     -0.32573014      -0.32573014       258.06055                                258.06055
              1       127.75698       60.191692     0.029286652      0.15164336      0.15041529     -0.32573014      -0.32573014       256.16542                                256.16542
              1       127.00618       60.191692     0.029286652      0.15771374      0.15554757     -0.32573014      -0.32573014       254.66383                                254.66383
              1       127.20849       60.191692     0.029286652      0.15861945      0.16043456     -0.32573014      -0.32573014       255.06845                                255.06845
              1       127.42423        60.20309      0.02922774      0.15872364      0.16054881     -0.32573014      -0.32573014       255.49993                                255.49993
              2       127.60544        60.20309      0.02922774      0.16207214       0.1551992     -0.32573014      -0.32573014       255.86233                                255.86233
              3       126.74125       60.137749     0.029133202       0.1616781      0.15474771     -0.32573014      -0.32573014       254.13396                                254.13396
              2       127.23731       60.137749     0.029133202      0.16290208       0.1613745     -0.32573014      -0.32573014       255.12607                                255.12607
              1       126.89199       60.137749     0.029133202      0.15987833      0.16187277     -0.32573014      -0.32573014       254.43544                                254.43544
              1        126.5879       60.137749     0.029133202      0.15996842       0.1588376     -0.32573014      -0.32573014       253.82727                                253.82727
              2       129.50388       60.242383     0.027523741      0.16142746      0.16038955     -0.32573014      -0.32573014       259.65921                                259.65921
              2       130.15878       60.242383     0.027523741      0.16048239      0.15009704     -0.32573014      -0.32573014       260.96901                                260.96901
              1       130.66998       60.242383     0.027523741      0.15902159       0.1685362     -0.32573014      -0.32573014       261.99142                                261.99142
              1       126.43659       60.131761      0.02945353      0.15055056      0.15937103     -0.32573014      -0.32573014       253.52464                                253.52464
              2       126.05293       60.131761      0.02945353      0.15306915      0.15709152     -0.32573014      -0.32573014       252.75732                                252.75732
              1       126.72965       60.144905     0.028898894      0.15341817       0.1574524     -0.32573014      -0.32573014       254.11076                                254.11076
              4       127.07096       60.144905     0.028898894      0.16062579      0.15237363     -0.32573014      -0.32573014       254.79339                                254.79339
              1       127.00839       60.144905     0.028898894      0.15982215      0.15218916     -0.32573014      -0.32573014       254.66825                                254.66825
              1       127.23338       60.144905     0.028898894      0.16015139      0.15065775     -0.32573014      -0.32573014       255.11823                                255.11823
              2       126.51066       60.122301     0.029333915      0.15979513      0.15028137     -0.32573014      -0.32573014       253.67279                                253.67279
              2       126.35043       60.028652     0.027945099      0.15981976      0.15022429     -0.32573014      -0.32573014       253.35232                                253.35232
              1       126.11252       60.028652     0.027945099      0.15984756      0.15229504     -0.32573014      -0.32573014       252.87651                                252.87651
              1       127.01008       60.028652     0.027945099      0.16299051        0.148986     -0.32573014      -0.32573014       254.67163                                254.67163
              2       127.69125       60.028652     0.027945099      0.16798729      0.15736517     -0.32573014      -0.32573014       256.03395                                256.03395
              1       127.80217       60.038902     0.027982314      0.16803858      0.15742545     -0.32573014      -0.32573014        256.2558                                 256.2558
              2       127.39956       60.038902     0.027982314      0.15273616      0.14526523     -0.32573014      -0.32573014       255.45058                                255.45058
              4       126.74558       60.057491     0.029053159      0.15235734      0.14490222     -0.32573014      -0.32573014       254.14262                                254.14262
              1       126.81088       60.057491     0.029053159      0.14580812      0.14959584     -0.32573014      -0.32573014       254.27323                                254.27323
              3        125.3342       60.057491     0.029053159      0.15246183      0.15408994     -0.32573014      -0.32573014       251.31986                                251.31986
              1       125.78319       60.057491     0.029053159      0.15931854      0.15005387     -0.32573014      -0.32573014       252.21783                                252.21783
              2       127.02845       60.057491     0.029053159      0.14733971      0.16452575     -0.32573014      -0.32573014       254.70835                                254.70835
              2       126.57085       60.051683     0.029488398      0.14709606      0.16427677     -0.32573014      -0.32573014       253.79316                                253.79316
              2       124.88199       60.051683     0.029488398      0.15837387      0.15521329     -0.32573014      -0.32573014       250.41544                                250.41544
              1       125.10487       60.051683     0.029488398      0.15029811      0.15291241     -0.32573014      -0.32573014       250.86121                                250.86121
              4        128.2843       60.196902     0.028364193      0.15180131        0.154544     -0.32573014      -0.32573014       257.22005                                257.22005
              1       128.19601       60.196902     0.028364193      0.15262047       0.1543769     -0.32573014      -0.32573014       257.04349                                257.04349
              1       128.80795       60.196902     0.028364193      0.15516285      0.16572013     -0.32573014      -0.32573014       258.26736                                258.26736
              1       129.91159       60.196902     0.028364193      0.15166189      0.16881708     -0.32573014      -0.32573014       260.47464                                260.47464
              1       129.69001       60.196902     0.028364193      0.14649953      0.16307863     -0.32573014      -0.32573014       260.03148                                260.03148
              3        129.6864       60.196902     0.028364193      0.14791491      0.14930538     -0.32573014      -0.32573014       260.02427                                260.02427
              2       127.89544       60.196902     0.028364193      0.15537861       0.1580882     -0.32573014      -0.32573014       256.44234                                256.44234
              1        125.7077        60.14141     0.029934779      0.15426763      0.15692759     -0.32573014      -0.32573014       252.06686                                252.06686
              2       125.92354        60.14141     0.029934779      0.15600218      0.16035367     -0.32573014      -0.32573014       252.49853                                252.49853
              1       127.43497       60.209819     0.029333314       0.1567441       0.1611561     -0.32573014      -0.32573014       255.52141                                255.52141
              1        127.4803       60.209819     0.029333314       0.1550516      0.16129354     -0.32573014      -0.32573014       255.61206                                255.61206
              1       127.62729       60.209819     0.029333314      0.15407155      0.15153859     -0.32573014      -0.32573014       255.90604                                255.90604
              2       127.22698       60.209819     0.029333314       0.1554585      0.15576542     -0.32573014      -0.32573014       255.10543                                255.10543
              1       126.79744       60.172189     0.029183968       0.1552762      0.15555007     -0.32573014      -0.32573014       254.24634                                254.24634
              1       128.66452       60.193315     0.027416113      0.15624931      0.15654269     -0.32573014      -0.32573014        257.9805                                 257.9805
              3        129.7567       60.193315     0.027416113      0.16092061      0.16646351     -0.32573014      -0.32573014       260.16487                                260.16487
              1       128.72022       60.193315     0.027416113       0.1547974      0.15775437     -0.32573014      -0.32573014       258.09189                                258.09189
              1       129.86761       60.193315     0.027416113      0.16471328      0.15096361     -0.32573014      -0.32573014       260.38667                                260.38667
              1       130.47046       60.193315     0.027416113      0.14552905      0.15911804     -0.32573014      -0.32573014       261.59238                                261.59238
              1       129.63403       60.158277      0.02775824      0.14507971      0.15869611     -0.32573014      -0.32573014       259.91952                                259.91952
              2       129.19581       60.158277      0.02775824      0.15029287      0.14907397     -0.32573014      -0.32573014       259.04308                                259.04308
              3       128.86233       60.158277      0.02775824       0.1557442      0.14808551     -0.32573014      -0.32573014       258.37612                                258.37612
              2       128.46775       60.158277      0.02775824      0.16384343      0.15925935     -0.32573014      -0.32573014       257.58697                                257.58697
              4       128.20814       60.158277      0.02775824      0.15392893      0.16192412     -0.32573014      -0.32573014       257.06774                                257.06774
              1       125.22571       60.064146     0.029624007      0.15221268      0.16029301     -0.32573014      -0.32573014       251.10287                                251.10287
              5       124.91601       60.040358     0.029272627      0.15264861      0.15280871     -0.32573014      -0.32573014       250.48349                                250.48349
              2       124.77845       60.040358     0.029272627      0.15403018      0.15568578     -0.32573014      -0.32573014       250.20837                                250.20837
              1       125.30942       60.040358     0.029272627      0.15996413       0.1596946     -0.32573014      -0.32573014        251.2703                                 251.2703
              3         127.883       60.040358     0.029272627      0.16979616      0.16064257     -0.32573014      -0.32573014       256.41746                                256.41746
              9       124.95391       60.040358     0.029272627      0.15702437      0.15192233     -0.32573014      -0.32573014       250.55928                                250.55928
              2       125.02239       60.040358     0.029272627       0.1563782      0.15094385     -0.32573014      -0.32573014       250.69624                                250.69624
              1       124.92061       60.004727     0.028776803      0.15637498      0.15095826     -0.32573014      -0.32573014       250.49269                                250.49269
              1       125.80966       60.004727     0.028776803        0.158941      0.16390616     -0.32573014      -0.32573014       252.27079                                252.27079
              2       126.27256       60.019087     0.028470239      0.15921462      0.16416652     -0.32573014      -0.32573014       253.19658                                253.19658
              1       125.44738       60.019087     0.028470239      0.15484587      0.15058613     -0.32573014      -0.32573014       251.54623                                251.54623
              1         126.584       60.177259     0.029898371      0.15527582       0.1509284     -0.32573014      -0.32573014       253.81945                                253.81945
              1       126.30397       60.177259     0.029898371      0.15505155      0.15391301     -0.32573014      -0.32573014       253.25939                                253.25939
              4       127.01639       60.177259     0.029898371      0.14867711      0.15330571     -0.32573014      -0.32573014       254.68423                                254.68423
              1        126.6342       60.177259     0.029898371      0.15097591      0.15359497     -0.32573014      -0.32573014       253.91985                                253.91985
              3       127.01049       60.177259     0.029898371      0.15014156      0.16146427     -0.32573014      -0.32573014       254.67245                                254.67245
              5       126.41751       60.054401     0.028503238      0.14996132      0.16134866     -0.32573014      -0.32573014       253.48647                                253.48647
              2       130.11214       60.054401     0.028503238      0.13976759      0.16592739     -0.32573014      -0.32573014       260.87574                                260.87574
              1       127.52949       60.054401     0.028503238      0.14361599      0.15813874     -0.32573014      -0.32573014       255.71045                                255.71045
              2       127.13792       60.054401     0.028503238      0.14845166      0.16408231     -0.32573014      -0.32573014        254.9273                                 254.9273
              2       126.25023       60.054401     0.028503238      0.14862446      0.15606461     -0.32573014      -0.32573014       253.15192                                253.15192
              3        128.4724       60.054401     0.028503238      0.16750919      0.16492004     -0.32573014      -0.32573014       257.59626                                257.59626
              1       129.16954       60.054401     0.028503238      0.16881806      0.16606347     -0.32573014      -0.32573014       258.99054                                258.99054
              1       126.77849       60.054401     0.028503238      0.15505901      0.16537966     -0.32573014      -0.32573014       254.20844                                254.20844
              3        129.3726       60.054401     0.028503238       0.1413441      0.16538548     -0.32573014      -0.32573014       259.39667                                259.39667
              4       129.70517       60.054401     0.028503238      0.14033933       0.1651921     -0.32573014      -0.32573014       260.06181                                260.06181
              1       128.86031       60.054401     0.028503238      0.14123082       0.1489464     -0.32573014      -0.32573014       258.37209                                258.37209
              3       125.74258       60.054401     0.028503238      0.15267012      0.15516941     -0.32573014      -0.32573014       252.13662                                252.13662
              3       126.86218       60.083922     0.027712372      0.15331899      0.15578909     -0.32573014      -0.32573014       254.37582                                254.37582
              1       125.96335       60.095658     0.028957757      0.15273816      0.15521558     -0.32573014      -0.32573014       252.57817                                252.57817
              4       126.08467       60.095658     0.028957757      0.15791355      0.15213626     -0.32573014      -0.32573014       252.82079                                252.82079
              2       127.23381       60.095658     0.028957757      0.15081631      0.14668703     -0.32573014      -0.32573014       255.11908                                255.11908
              1       126.01846       60.095658     0.028957757      0.15228155       0.1545714     -0.32573014      -0.32573014       252.68838                                252.68838
              2       125.91798       60.092083     0.029012799      0.15222487      0.15451777     -0.32573014      -0.32573014       252.48742                                252.48742
              1       125.86295       60.092083     0.029012799      0.15320941      0.15403843     -0.32573014      -0.32573014       252.37735                                252.37735
              6       125.86398       60.092083     0.029012799      0.15302788      0.15428657     -0.32573014      -0.32573014       252.37942                                252.37942
              5       124.88809       60.027801     0.029097654      0.15240929      0.15271234     -0.32573014      -0.32573014       250.42764                                250.42764
              4       124.81464       60.027801     0.029097654      0.15695114      0.15323595     -0.32573014      -0.32573014       250.28074                                250.28074
              2       126.55546       60.027801     0.029097654      0.16651174      0.15165856     -0.32573014      -0.32573014       253.76237                                253.76237
              2       128.95642       60.027801     0.029097654      0.17313357      0.15291204     -0.32573014      -0.32573014        258.5643                                 258.5643
              3       128.80931       60.027801     0.029097654       0.1657994      0.14083785     -0.32573014      -0.32573014       258.27009                                258.27009
              3       128.81986       60.027801     0.029097654      0.16618544      0.14110807     -0.32573014      -0.32573014       258.29119                                258.29119
              1       128.44777       60.027801     0.029097654      0.16821511      0.14427139     -0.32573014      -0.32573014       257.54701                                257.54701
              1       127.02646       60.027801     0.029097654      0.16546641      0.14668613     -0.32573014      -0.32573014       254.70437                                254.70437
              1       126.46022       60.027801     0.029097654      0.15629161      0.14356188     -0.32573014      -0.32573014       253.57191                                253.57191
              1        126.6529       60.047064     0.029230664      0.15636597      0.14362507     -0.32573014      -0.32573014       253.95726                                253.95726
              3       125.62234       60.047064     0.029230664       0.1526529      0.14821625     -0.32573014      -0.32573014       251.89614                                251.89614
              2       129.46635       60.047064     0.029230664      0.16933843      0.14274631     -0.32573014      -0.32573014       259.58415                                259.58415
              1       127.07369       60.047064     0.029230664      0.16778529      0.15197153     -0.32573014      -0.32573014       254.79885                                254.79885
              1       125.51958       60.047064     0.029230664      0.16026265      0.15056187     -0.32573014      -0.32573014       251.69062                                251.69062
              5       124.90882       60.047064     0.029230664      0.15608237      0.15578666     -0.32573014      -0.32573014       250.46911                                250.46911
              7       126.24799       60.047064     0.029230664      0.16232763      0.16282862     -0.32573014      -0.32573014       253.14744                                253.14744
              1       125.93749       60.047064     0.029230664      0.15442522      0.16444977     -0.32573014      -0.32573014       252.52644                                252.52644
              2       125.57676       60.047064     0.029230664      0.15538012      0.16273447     -0.32573014      -0.32573014       251.80498                                251.80498
              1       126.97916       60.078125     0.027775826      0.15697348      0.16184288     -0.32573014      -0.32573014       254.60978                                254.60978
              2       127.29414       60.078125     0.027775826      0.14972286      0.15993861     -0.32573014      -0.32573014       255.23973                                255.23973
              1       127.47974       60.129961     0.028452289      0.14975167      0.15994122     -0.32573014      -0.32573014       255.61094                                255.61094
              1       127.20431       60.129961     0.028452289      0.15948431      0.16137979     -0.32573014      -0.32573014       255.06008                                255.06008
              2       128.78827       60.129961     0.028452289      0.16799982      0.15193026     -0.32573014      -0.32573014       258.22801                                258.22801
              1       129.73043       60.129961     0.028452289      0.17104301      0.15270323     -0.32573014      -0.32573014       260.11233                                260.11233
              1       128.78885       60.052175     0.027858035       0.1680771      0.16390391     -0.32573014      -0.32573014       258.22917                                258.22917
              1       131.01577       60.096072     0.026007527      0.16940469       0.1651799     -0.32573014      -0.32573014         262.683                                  262.683
              1       128.47508       60.096072     0.026007527      0.15602761      0.15943068     -0.32573014      -0.32573014       257.60162                                257.60162
              1       128.78661       60.096072     0.026007527      0.15193641      0.15656998     -0.32573014      -0.32573014       258.22467                                258.22467
              2       128.72579       60.096072     0.026007527      0.15813945      0.15256065     -0.32573014      -0.32573014       258.10305                                258.10305
              2       128.75549       60.096072     0.026007527      0.15950518      0.15275113     -0.32573014      -0.32573014       258.16244                                258.16244
              1       129.91887       60.060355     0.024329151      0.15564554      0.15169095     -0.32573014      -0.32573014        260.4892                                 260.4892
              2       130.03245       60.060355     0.024329151      0.15552316      0.15105866     -0.32573014      -0.32573014       260.71637                                260.71637
              1       130.22324       60.077385     0.024239898      0.15603771      0.15203598     -0.32573014      -0.32573014       261.09795                                261.09795
              3       130.37437       60.077385     0.024239898      0.15246034      0.15345041     -0.32573014      -0.32573014       261.40021                                261.40021
              1        130.5278       60.077385     0.024239898      0.15293352      0.15190124     -0.32573014      -0.32573014       261.70705                                261.70705
              2       130.82671       60.078688     0.023924532      0.15311298      0.15207601     -0.32573014      -0.32573014       262.30488                                262.30488
              1       131.96193       60.078688     0.023924532      0.14595588      0.15632229     -0.32573014      -0.32573014       264.57531                                264.57531
              3       131.52789       60.078688     0.023924532      0.14799591      0.16253156     -0.32573014      -0.32573014       263.70724                                263.70724
              1       131.42748       60.078688     0.023924532      0.14839323      0.15435979     -0.32573014      -0.32573014       263.50641                                263.50641
              1       131.10965       60.060281      0.02395368      0.14823814      0.15421728     -0.32573014      -0.32573014       262.87077                                262.87077
              1       131.29419       60.060281      0.02395368      0.15474714      0.14741827     -0.32573014      -0.32573014       263.23983                                263.23983
              1       130.14371       60.060281      0.02395368      0.15203321      0.15752482     -0.32573014      -0.32573014       260.93887                                260.93887
              2       129.95948       60.060281      0.02395368      0.16169356      0.15522835     -0.32573014      -0.32573014       260.57042                                260.57042
              3       129.70248       60.060281      0.02395368      0.15940536      0.15764968     -0.32573014      -0.32573014       260.05643                                260.05643
              1       132.00425       60.060281      0.02395368      0.15940084      0.17180822     -0.32573014      -0.32573014       264.65995                                264.65995
              1       126.12751       60.004641     0.029841965      0.15581296      0.16832875     -0.32573014      -0.32573014       252.90649                                252.90649
              1       125.13737       60.004641     0.029841965      0.16062699      0.14625844     -0.32573014      -0.32573014        250.9262                                 250.9262
              1       124.94686       60.004641     0.029841965      0.15739466      0.14542902     -0.32573014      -0.32573014       250.54518                                250.54518
              3        125.4871       60.004641     0.029841965      0.15736661      0.14333553     -0.32573014      -0.32573014       251.62566                                251.62566
              5       124.22957       60.004641     0.029841965      0.15203439      0.14908797     -0.32573014      -0.32573014        249.1106                                 249.1106
              1       124.83321       60.048589     0.029425658      0.15293034       0.1539596     -0.32573014      -0.32573014       250.31787                                250.31787
              4       124.92938       60.048589     0.029425658      0.15472945      0.15155489     -0.32573014      -0.32573014       250.51022                                250.51022
              2       124.42862       60.037387     0.029820872      0.15443207      0.15126975     -0.32573014      -0.32573014       249.50869                                249.50869
              1       124.40249       60.037387     0.029820872      0.15662395      0.15209166     -0.32573014      -0.32573014       249.45644                                249.45644
              5       124.86436       60.037387     0.029820872      0.16026766      0.15074967     -0.32573014      -0.32573014       250.38018                                250.38018
              2       124.90824       60.037387     0.029820872      0.15181281      0.14841585     -0.32573014      -0.32573014       250.46794                                250.46794
              1       127.05683       60.037387     0.029820872      0.14038791      0.15137516     -0.32573014      -0.32573014       254.76511                                254.76511
              1       125.84497       60.037387     0.029820872      0.15673248      0.14391297     -0.32573014      -0.32573014        252.3414                                 252.3414
              1       124.80724       60.037387     0.029820872      0.16023696      0.15127816     -0.32573014      -0.32573014       250.26594                                250.26594
              2       124.50758       60.037387     0.029820872      0.15418125      0.15053073     -0.32573014      -0.32573014       249.66663                                249.66663
              1       124.49977       60.037387     0.029820872      0.15459786      0.15056421     -0.32573014      -0.32573014       249.65101                                249.65101
              1       124.65496       60.037387     0.029820872      0.14949267      0.15307358     -0.32573014      -0.32573014       249.96138                                249.96138
              1       124.55453       60.031765     0.029841318       0.1494391        0.153024     -0.32573014      -0.32573014       249.76053                                249.76053
              2       124.85838       60.023846     0.029342972      0.14964711      0.15323121     -0.32573014      -0.32573014       250.36823                                250.36823
              6       125.50746       60.040749     0.028875872      0.15002632      0.15359353     -0.32573014      -0.32573014       251.66639                                251.66639
              5       125.46932       60.040749     0.028875872      0.15045268      0.15327143     -0.32573014      -0.32573014       251.59009                                251.59009
              1       126.11589       60.040749     0.028875872      0.14937694      0.14882488     -0.32573014      -0.32573014       252.88323                                252.88323
              1       125.81975       60.082687     0.029969572      0.14910641      0.14853979     -0.32573014      -0.32573014       252.29097                                252.29097
              7       124.95131       60.082687     0.029969572      0.15762395      0.15795643     -0.32573014      -0.32573014       250.55408                                250.55408
              1       125.50402       60.004715     0.028069526      0.15722951      0.15949021     -0.32573014      -0.32573014        251.6595                                 251.6595
              6       125.36139       60.004715     0.028069526      0.15565893      0.15827701     -0.32573014      -0.32573014       251.37423                                251.37423
              1        125.3737       60.004715     0.028069526      0.15586303      0.15277451     -0.32573014      -0.32573014       251.39886                                251.39886
              1       125.73764       60.004715     0.028069526      0.16143716      0.15550457     -0.32573014      -0.32573014       252.12674                                252.12674
              1       125.55876       60.004682     0.028277549      0.16132505        0.155395     -0.32573014      -0.32573014       251.76899                                251.76899
              2       125.79008       60.004682     0.028277549      0.15289517        0.162545     -0.32573014      -0.32573014       252.23162                                252.23162
              1       125.92166       60.004682     0.028277549      0.15193602      0.16288385     -0.32573014      -0.32573014       252.49478                                252.49478
              1       125.71663       60.046225     0.029199827      0.15175469      0.16268613     -0.32573014      -0.32573014       252.08473                                252.08473
              1       126.58619       60.046225     0.029199827      0.16442797      0.16226046     -0.32573014      -0.32573014       253.82385                                253.82385
              1       125.45796       60.046225     0.029199827      0.14861513      0.15641097     -0.32573014      -0.32573014       251.56738                                251.56738
              6       125.09592       60.046225     0.029199827      0.15422067      0.15924228     -0.32573014      -0.32573014       250.84331                                250.84331
              1       124.53395       60.011594     0.029290114      0.15390984      0.15895554     -0.32573014      -0.32573014       249.71937                                249.71937
              3       125.11635       60.011594     0.029290114      0.15563338        0.147164     -0.32573014      -0.32573014       250.88416                                250.88416
              1       125.37168       60.011594     0.029290114      0.14644609      0.15158684     -0.32573014      -0.32573014       251.39482                                251.39482
              1       125.29635       60.011594     0.029290114      0.14622548      0.15646722     -0.32573014      -0.32573014       251.24416                                251.24416
              8       125.50943       60.028061     0.029322264      0.14634504       0.1565601     -0.32573014      -0.32573014       251.67033                                251.67033
              7       125.73528       60.028061     0.029322264      0.14549433      0.15724429     -0.32573014      -0.32573014       252.12203                                252.12203
              1       125.55225       60.028061     0.029322264      0.15104838      0.14710125     -0.32573014      -0.32573014       251.75596                                251.75596
              2       126.20988       60.028061     0.029322264      0.16289173      0.16344538     -0.32573014      -0.32573014       253.07123                                253.07123
              1        126.5032       60.028061     0.029322264      0.16528734      0.14826859     -0.32573014      -0.32573014       253.65785                                253.65785
              1       126.71297       60.028061     0.029322264      0.16788026      0.15688971     -0.32573014      -0.32573014       254.07741                                254.07741
              2       125.77809       60.028061     0.029322264      0.16317429      0.14971542     -0.32573014      -0.32573014       252.20764                                252.20764
              4       124.75561       60.028061     0.029322264      0.15364851      0.15124594     -0.32573014      -0.32573014       250.16267                                250.16267
              4       125.23015       60.028061     0.029322264      0.16175305      0.15794905     -0.32573014      -0.32573014       251.11176                                251.11176
              1       126.76663       60.063005     0.028113875      0.16261869      0.15895777     -0.32573014      -0.32573014       254.18472                                254.18472
              2       128.91381       60.063005     0.028113875      0.15139476      0.17039672     -0.32573014      -0.32573014       258.47908                                258.47908
              1        129.0769       60.063005     0.028113875      0.14192061      0.14980973     -0.32573014      -0.32573014       258.80527                                258.80527
              2       129.29999       60.063005     0.028113875      0.16151961      0.14116527     -0.32573014      -0.32573014       259.25145                                259.25145
              1       128.08895       60.063005     0.028113875      0.15887326      0.14385628     -0.32573014      -0.32573014       256.82936                                256.82936
              2       127.27783       60.063005     0.028113875      0.15474877      0.14644888     -0.32573014      -0.32573014       255.20712                                255.20712
              1        128.2413       60.063005     0.028113875      0.16862657       0.1587166     -0.32573014      -0.32573014       257.13406                                257.13406
              1       126.39855       60.015489     0.029490769      0.16757712      0.15751423     -0.32573014      -0.32573014       253.44857                                253.44857
              4       125.89579       60.015489     0.029490769      0.15531148      0.16650267     -0.32573014      -0.32573014       252.44304                                252.44304
              4       125.17903       60.015489     0.029490769      0.16336557      0.15605438     -0.32573014      -0.32573014       251.00952                                251.00952
              4       125.03207       60.015489     0.029490769      0.16268452      0.15398512     -0.32573014      -0.32573014        250.7156                                 250.7156
              3       125.35897       60.029363     0.029338692      0.16287113      0.15417729     -0.32573014      -0.32573014        251.3694                                 251.3694
              3       124.67778       60.029363     0.029338692      0.15793092      0.15636854     -0.32573014      -0.32573014       250.00702                                250.00702
              1       124.53808       60.011998     0.029209708      0.15785041      0.15633104     -0.32573014      -0.32573014       249.72763                                249.72763
              4       124.47559       60.011998     0.029209708      0.15565666      0.15731995     -0.32573014      -0.32573014       249.60265                                249.60265
              3       124.48654        60.04054     0.029675604       0.1556673      0.15722018     -0.32573014      -0.32573014       249.62454                                249.62454
              1       124.93917        60.04054     0.029675604      0.14875248      0.15686097     -0.32573014      -0.32573014        250.5298                                 250.5298
              2       125.99493        60.04054     0.029675604      0.14449764      0.15907384     -0.32573014      -0.32573014       252.64133                                252.64133
              3       129.19541        60.04054     0.029675604      0.13566802      0.15741364     -0.32573014      -0.32573014       259.04229                                259.04229
              1       124.64436       60.029445     0.029525685      0.15907465      0.15658123     -0.32573014      -0.32573014       249.94018                                249.94018
              1       124.50418       60.029445     0.029525685      0.15234838      0.15337592     -0.32573014      -0.32573014       249.65982                                249.65982
              1       124.51773       60.029445     0.029525685       0.1525455      0.15285393     -0.32573014      -0.32573014       249.68692                                249.68692
              2       124.87034       60.029445     0.029525685      0.16091962      0.15607032     -0.32573014      -0.32573014       250.39213                                250.39213
              5       124.84722       60.029445     0.029525685      0.16074126       0.1562209     -0.32573014      -0.32573014        250.3459                                 250.3459
              1        126.5105       60.165699     0.029876074      0.16169017      0.15693582     -0.32573014      -0.32573014       253.67247                                253.67247
              5       126.34886       60.165699     0.029876074      0.15967356       0.1588304     -0.32573014      -0.32573014       253.34918                                253.34918
              1       126.40482       60.157945     0.029682834      0.15970262      0.15889989     -0.32573014      -0.32573014       253.46111                                253.46111
              1       126.95736       60.157945     0.029682834      0.16343176      0.15316734     -0.32573014      -0.32573014       254.56618                                254.56618
              2        127.0986       60.157945     0.029682834      0.16450297      0.15451156     -0.32573014      -0.32573014       254.84867                                254.84867
              1        126.6575       60.157945     0.029682834      0.15184518      0.15114888     -0.32573014      -0.32573014       253.96645                                253.96645
              3       126.73393       60.157945     0.029682834       0.1520255       0.1504448     -0.32573014      -0.32573014       254.11932                                254.11932
              3       128.20381       60.157945     0.029682834       0.1436505      0.15271127     -0.32573014      -0.32573014       257.05908                                257.05908
              1       126.46225       60.157945     0.029682834      0.15962873      0.15259089     -0.32573014      -0.32573014       253.57595                                253.57595
              2       126.91752       60.157945     0.029682834       0.1594462      0.14906599     -0.32573014      -0.32573014        254.4865                                 254.4865
              2          127.58       60.157945     0.029682834       0.1590819      0.14588853     -0.32573014      -0.32573014       255.81146                                255.81146
              1       127.47075       60.157945     0.029682834       0.1661608       0.1569816     -0.32573014      -0.32573014       255.59295                                255.59295
              2       127.68172       60.177875     0.029771545      0.16628164      0.15706235     -0.32573014      -0.32573014       256.01491                                256.01491
              2       127.08353       60.177875     0.029771545      0.16074213      0.15023399     -0.32573014      -0.32573014       254.81852                                254.81852
              4       128.16947       60.052601     0.026266149      0.16139548      0.15160043     -0.32573014      -0.32573014       256.99039                                256.99039
              1       128.78963       60.052601     0.026266149      0.16540568      0.16190484     -0.32573014      -0.32573014       258.23072                                258.23072
              1       128.40029       60.052601     0.026266149      0.15630924      0.16527344     -0.32573014      -0.32573014       257.45203                                257.45203
              5       128.81997       60.050422     0.025762218      0.15653292      0.16557882     -0.32573014      -0.32573014       258.29141                                258.29141
              4       128.29994       60.050422     0.025762218      0.15689141      0.16257951     -0.32573014      -0.32573014       257.25133                                257.25133
              2       126.71502       60.052921     0.027599568      0.15603122       0.1614286     -0.32573014      -0.32573014       254.08149                                254.08149
              2       129.13917       60.041404     0.024670636       0.1573407      0.16321142     -0.32573014      -0.32573014       258.92981                                258.92981
              2       128.87214       60.041404     0.024670636      0.15673253      0.16061537     -0.32573014      -0.32573014       258.39575                                258.39575
              5       129.43664       60.041404     0.024670636      0.15747452      0.16505544     -0.32573014      -0.32573014       259.52474                                259.52474
              2       128.99753       60.056262     0.026291522      0.14697544      0.16113567     -0.32573014      -0.32573014       258.64652                                258.64652
              2       127.88789       60.056262     0.026291522      0.15279908      0.16021249     -0.32573014      -0.32573014       256.42725                                256.42725
              1       127.79458       60.056262     0.026291522      0.15254979      0.15606282     -0.32573014      -0.32573014       256.24062                                256.24062
              3       126.72676        60.06122     0.027618216      0.15195452      0.15525349     -0.32573014      -0.32573014       254.10497                                254.10497
              2       127.29346        60.06122     0.027618216      0.15341995      0.16386775     -0.32573014      -0.32573014       255.23839                                255.23839
              1       127.35798        60.06122     0.027618216      0.15040756      0.16233727     -0.32573014      -0.32573014       255.36742                                255.36742
              1       127.31017        60.06122     0.027618216      0.15051687      0.16212095     -0.32573014      -0.32573014        255.2718                                 255.2718
              1       126.77972        60.06122     0.027618216      0.15152215       0.1575988     -0.32573014      -0.32573014        254.2109                                 254.2109
              2       128.11251        60.06122     0.027618216      0.16417511      0.16432342     -0.32573014      -0.32573014       256.87648                                256.87648
              2       128.25589        60.06122     0.027618216      0.16579531      0.16312448     -0.32573014      -0.32573014       257.16323                                257.16323
              2       126.97696        60.06122     0.027618216      0.15911622       0.1508899     -0.32573014      -0.32573014       254.60539                                254.60539
              9       126.83248        60.06122     0.027618216        0.151137      0.15776406     -0.32573014      -0.32573014       254.31642                                254.31642
              2       127.95043        60.06122     0.027618216      0.14824306      0.16363348     -0.32573014      -0.32573014       256.55231                                256.55231
              4       127.96389       60.032199     0.027129905      0.14823924      0.16374421     -0.32573014      -0.32573014       256.57924                                256.57924
              1        126.6738       60.032199     0.027129905      0.15525261      0.16015498     -0.32573014      -0.32573014       253.99905                                253.99905
              1       127.66535       60.032199     0.027129905      0.14744491      0.16055182     -0.32573014      -0.32573014       255.98216                                255.98216
              1       126.66246       60.032199     0.027129905      0.15360452      0.15916478     -0.32573014      -0.32573014       253.97639                                253.97639
              4        126.5715       60.032199     0.027129905       0.1587615      0.15596109     -0.32573014      -0.32573014       253.79446                                253.79446
              3       126.85413       60.032199     0.027129905      0.16124145      0.15457471     -0.32573014      -0.32573014       254.35972                                254.35972
              3       126.80067       60.032199     0.027129905      0.16112138      0.15602463     -0.32573014      -0.32573014       254.25281                                254.25281
              2       126.50975       60.098153     0.028599762      0.16095747      0.15554405     -0.32573014      -0.32573014       253.67096                                253.67096
              2       127.89864       60.098153     0.028599762      0.16225419      0.14637876     -0.32573014      -0.32573014       256.44875                                256.44875
              1       126.88917       60.010821     0.027052053      0.16050039      0.16178966     -0.32573014      -0.32573014       254.42979                                254.42979
              4       127.19249       60.010821     0.027052053      0.16361206       0.1603225     -0.32573014      -0.32573014       255.03645                                255.03645
              3       127.21428       60.010821     0.027052053      0.16139488      0.16312996     -0.32573014      -0.32573014       255.08003                                255.08003
              2       127.59468       60.010821     0.027052053      0.16265084      0.14824591     -0.32573014      -0.32573014       255.84083                                255.84083
              1       126.39803       60.010821     0.027052053      0.15915068       0.1578915     -0.32573014      -0.32573014       253.44752                                253.44752
              1       126.40138       60.010093     0.027035853      0.15915247      0.15789679     -0.32573014      -0.32573014       253.45421                                253.45421
              1       126.23879       60.010093     0.027035853      0.15626878      0.15578774     -0.32573014      -0.32573014       253.12903                                253.12903
              2       127.31038       60.010093     0.027035853      0.16513005      0.15555541     -0.32573014      -0.32573014       255.27221                                255.27221
              1       127.48719       60.010093     0.027035853       0.1614788      0.16447933     -0.32573014      -0.32573014       255.62583                                255.62583
              1       126.64607       60.010093     0.027035853      0.15509254      0.16183066     -0.32573014      -0.32573014       253.94361                                253.94361
              2        128.3888       60.010093     0.027035853      0.15694326      0.16923447     -0.32573014      -0.32573014       257.42905                                257.42905
              1       127.10818       60.010093     0.027035853      0.16374187      0.15904315     -0.32573014      -0.32573014       254.86782                                254.86782
              3       127.51113       60.010093     0.027035853      0.16521805      0.16002408     -0.32573014      -0.32573014       255.67373                                255.67373
              1       128.21844       60.010093     0.027035853      0.16011989      0.14434768     -0.32573014      -0.32573014       257.08834                                257.08834
              1       130.28298       60.010093     0.027035853      0.17378131      0.15580917     -0.32573014      -0.32573014       261.21741                                261.21741
              1       127.00608       60.013923     0.026967174      0.16311717      0.15740275     -0.32573014      -0.32573014       254.66362                                254.66362
              2        127.1584       60.013923     0.026967174      0.16306904      0.16001446     -0.32573014      -0.32573014       254.96826                                254.96826
              3       129.43698       60.223441     0.027839492      0.16436831      0.16090176     -0.32573014      -0.32573014       259.52542                                259.52542
              1       130.44632       60.223441     0.027839492      0.16899444      0.15564969     -0.32573014      -0.32573014        261.5441                                 261.5441
              1       130.13323       60.198497     0.027774281      0.16882124      0.15551949     -0.32573014      -0.32573014       260.91793                                260.91793
              3       129.77462       60.198497     0.027774281      0.14951344      0.15058677     -0.32573014      -0.32573014        260.2007                                 260.2007
              2       130.04934       60.198497     0.027774281      0.15011528      0.14862957     -0.32573014      -0.32573014       260.75014                                260.75014
              1       128.49594       60.198497     0.027774281      0.15486202      0.15897054     -0.32573014      -0.32573014       257.64334                                257.64334
              4       126.60917       60.091335       0.0281132      0.15382118      0.15801759     -0.32573014      -0.32573014       253.86981                                253.86981
              5       127.45487       60.091335       0.0281132      0.14765157      0.15784612     -0.32573014      -0.32573014        255.5612                                 255.5612
              1       126.85989       60.091335       0.0281132      0.16019302      0.15295937     -0.32573014      -0.32573014       254.37125                                254.37125
              1       127.28622       60.091335       0.0281132      0.15813752      0.14874684     -0.32573014      -0.32573014        255.2239                                 255.2239
              3       127.98246       60.091335       0.0281132      0.14752854      0.14988644     -0.32573014      -0.32573014       256.61638                                256.61638
              6       128.67343       60.091335       0.0281132      0.15746643      0.16942783     -0.32573014      -0.32573014       257.99832                                257.99832
              1       129.60657       60.091335       0.0281132      0.16542179      0.16899188     -0.32573014      -0.32573014        259.8646                                 259.8646
              2        128.2305       60.091335       0.0281132      0.16597954      0.16262741     -0.32573014      -0.32573014       257.11246                                257.11246
              1       127.54466       60.091335       0.0281132      0.15423472      0.16524808     -0.32573014      -0.32573014       255.74079                                255.74079
              2       127.03848       60.091335       0.0281132       0.1535281      0.16231508     -0.32573014      -0.32573014       254.72843                                254.72843
              1       127.72951       60.091335       0.0281132      0.15924935      0.16572492     -0.32573014      -0.32573014       256.11048                                256.11048
              1       127.90411       60.091335       0.0281132      0.15915866      0.16646712     -0.32573014      -0.32573014       256.45969                                256.45969
              5       127.41212       60.091335       0.0281132      0.15270785      0.16411523     -0.32573014      -0.32573014       255.47571                                255.47571
              2       129.00579       60.235781     0.029099034      0.15235741      0.16585607     -0.32573014      -0.32573014       258.66304                                258.66304
              7       129.29915       60.239769     0.028839324      0.15251459      0.16604863     -0.32573014      -0.32573014       259.24976                                259.24976
              5       129.34406       60.239769     0.028839324      0.15716999      0.14729436     -0.32573014      -0.32573014       259.33959                                259.33959
              2       129.92459       60.172335     0.026869674      0.15760931      0.14828424     -0.32573014      -0.32573014       260.50064                                260.50064
              1       130.11506       60.172335     0.026869674      0.16049914      0.16756718     -0.32573014      -0.32573014       260.88158                                260.88158
              1       130.55733       60.172335     0.026869674      0.14677179       0.1624903     -0.32573014      -0.32573014       261.76611                                261.76611
              1       129.64318       60.162784     0.027354843      0.15771228      0.16801819     -0.32573014      -0.32573014       259.93782                                259.93782
              1       128.96449       60.162784     0.027354843      0.15471638      0.16465548     -0.32573014      -0.32573014       258.58043                                258.58043
              1       127.80838       60.028389     0.026495905      0.15408898      0.16444166     -0.32573014      -0.32573014       256.26822                                256.26822
              3       127.41269       60.028389     0.026495905      0.15620581      0.16254743     -0.32573014      -0.32573014       255.47683                                255.47683
              1       127.93578       60.028389     0.026495905       0.1644169        0.160067     -0.32573014      -0.32573014       256.52302                                256.52302
              2       127.86369       60.028389     0.026495905       0.1515302      0.16346041     -0.32573014      -0.32573014       256.37883                                256.37883
              1       127.30678       60.028389     0.026495905      0.15897877      0.15217098     -0.32573014      -0.32573014       255.26501                                255.26501
              1       129.79679       60.202938     0.028787543      0.14646719       0.1487728     -0.32573014      -0.32573014       260.24504                                260.24504
              2       132.23757       60.202938     0.028787543      0.13776105       0.1554145     -0.32573014      -0.32573014       265.12661                                265.12661
              1       130.84339       60.090144     0.028379013       0.1370814      0.15501233     -0.32573014      -0.32573014       262.33823                                262.33823
              1       132.14024       60.090144     0.028379013      0.14756463      0.13633255     -0.32573014      -0.32573014       264.93195                                264.93195
              2       132.18806       60.090144     0.028379013      0.14748066      0.13627335     -0.32573014      -0.32573014       265.02759                                265.02759
              1       133.95412       60.172306     0.027866453       0.1483728      0.13714399     -0.32573014      -0.32573014       268.55971                                268.55971
              3       132.75624       60.172306     0.027866453      0.14084117      0.14633593     -0.32573014      -0.32573014       266.16393                                266.16393
              2       129.60423       60.131924     0.027091425      0.14612673      0.15470246     -0.32573014      -0.32573014       259.85991                                259.85991
              1       128.69729       60.131924     0.027091425      0.15055126      0.15370001     -0.32573014      -0.32573014       258.04604                                258.04604
              1       133.86317       60.482519      0.02749622      0.15308776      0.15556692     -0.32573014      -0.32573014        268.3778                                 268.3778
              1       134.96965       60.482519      0.02749622      0.15556608      0.17210251     -0.32573014      -0.32573014       270.59076                                270.59076
              1       134.30866       60.482519      0.02749622      0.15572708      0.15090654     -0.32573014      -0.32573014       269.26877                                269.26877
              1       133.30573       60.482519      0.02749622      0.15579278       0.1633102     -0.32573014      -0.32573014       267.26292                                267.26292
              1       131.70764       60.471941     0.029047523      0.15494994      0.16213899     -0.32573014      -0.32573014       264.06674                                264.06674
              2       131.44195       60.470405     0.029310852       0.1548089      0.16194177     -0.32573014      -0.32573014       263.53537                                263.53537
              3       128.31637       60.224837     0.028712157      0.15318672      0.16085886     -0.32573014      -0.32573014       257.28421                                257.28421
              1       129.18622       60.224837     0.028712157      0.15121738      0.16518552     -0.32573014      -0.32573014        259.0239                                 259.0239
              3       128.86202       60.224837     0.028712157      0.15649728      0.16570628     -0.32573014      -0.32573014       258.37551                                258.37551
              1        130.1307       60.224837     0.028712157      0.15122645      0.16901174     -0.32573014      -0.32573014       260.91286                                260.91286
              3       129.15747       60.241634     0.029501532      0.14629542      0.16128222     -0.32573014      -0.32573014        258.9664                                 258.9664
              2       133.99563       60.325634     0.028971301      0.14116659      0.16784635     -0.32573014      -0.32573014       268.64272                                268.64272
              1       132.08463       60.325634     0.028971301       0.1434286      0.15416217     -0.32573014      -0.32573014       264.82072                                264.82072
              1       131.62545       60.325634     0.028971301      0.17147315      0.15916898     -0.32573014      -0.32573014       263.90237                                263.90237
              1       130.25669       60.116179     0.027096712      0.17075802      0.15921789     -0.32573014      -0.32573014       261.16485                                261.16485
              1       129.67561       60.116179     0.027096712      0.16886112      0.15991839     -0.32573014      -0.32573014       260.00267                                260.00267
              1       129.67911       60.116179     0.027096712      0.16887061      0.15992704     -0.32573014      -0.32573014       260.00968                                260.00968
              4       128.55004       60.127217      0.02857351      0.16823291      0.15894185     -0.32573014      -0.32573014       257.75154                                257.75154
              1       127.14503       60.127217      0.02857351      0.16234439      0.15805785     -0.32573014      -0.32573014       254.94153                                254.94153
              5       125.85631       60.079931     0.029264634       0.1616368      0.15727432     -0.32573014      -0.32573014       252.36408                                252.36408
              2       125.46725       60.079931     0.029264634      0.15867677      0.15553238     -0.32573014      -0.32573014       251.58596                                251.58596
              1       125.75922       60.095431     0.029201259      0.15882874      0.15567286     -0.32573014      -0.32573014       252.16991                                252.16991
              1       125.75315       60.095431     0.029201259      0.15872471      0.15537778     -0.32573014      -0.32573014       252.15776                                252.15776
              1       125.92181       60.095431     0.029201259      0.15731921       0.1603592     -0.32573014      -0.32573014       252.49508                                252.49508
              2       126.24913       60.095431     0.029201259       0.1566051      0.14887657     -0.32573014      -0.32573014       253.14971                                253.14971
              1       125.85565        60.07568     0.029316656      0.15639447      0.14867285     -0.32573014      -0.32573014       252.36275                                252.36275
              1       126.35156        60.07568     0.029316656      0.15780582      0.14651676     -0.32573014      -0.32573014       253.35458                                253.35458
              1       127.22047        60.07568     0.029316656      0.16755485      0.15291702     -0.32573014      -0.32573014        255.0924                                 255.0924
              1       126.78609        60.06689     0.029854812      0.16640517      0.16141931     -0.32573014      -0.32573014       254.22364                                254.22364
              9       124.96096        60.06689     0.029854812       0.1546012      0.16017119     -0.32573014      -0.32573014       250.57338                                250.57338
              1       125.38424        60.06689     0.029854812      0.16086346      0.15038085     -0.32573014      -0.32573014       251.41994                                251.41994
              2        125.7978       60.027819     0.028631638      0.16146582      0.15167834     -0.32573014      -0.32573014       252.24705                                252.24705
              2       125.61862       60.027819     0.028631638      0.14930055      0.15709404     -0.32573014      -0.32573014        251.8887                                 251.8887
              2       125.79068       60.027819     0.028631638      0.15155625      0.14931687     -0.32573014      -0.32573014       252.23281                                252.23281
              1       125.59339       60.027819     0.028631638       0.1493859      0.15674675     -0.32573014      -0.32573014       251.83825                                251.83825
              2       125.78622       60.027819     0.028631638      0.14848369      0.15779576     -0.32573014      -0.32573014       252.22391                                252.22391
              1        124.9198       60.020765     0.029509836      0.14799825      0.15712618     -0.32573014      -0.32573014       250.49106                                250.49106
              2       124.49965       60.020765     0.029509836      0.15330978      0.15894738     -0.32573014      -0.32573014       249.65077                                249.65077
              4       125.03406       60.020765     0.029509836      0.15840149      0.14814248     -0.32573014      -0.32573014       250.71959                                250.71959
              3       125.84989       60.020765     0.029509836      0.15827376      0.14437835     -0.32573014      -0.32573014       252.35124                                252.35124
              1       125.50675       60.020765     0.029509836      0.15902542      0.14607603     -0.32573014      -0.32573014       251.66496                                251.66496
              1       124.91772       60.020765     0.029509836      0.15484655       0.1478545     -0.32573014      -0.32573014       250.48691                                250.48691
              5       125.42114       60.020765     0.029509836      0.15779978      0.16404327     -0.32573014      -0.32573014       251.49374                                251.49374
              2       125.68504       60.020765     0.029509836      0.14649468      0.14848745     -0.32573014      -0.32573014       252.02154                                252.02154
              3       125.58813       60.020765     0.029509836      0.14571342      0.15042281     -0.32573014      -0.32573014       251.82773                                251.82773
              1        124.6399       60.020765     0.029509836      0.15523435      0.16035872     -0.32573014      -0.32573014       249.93126                                249.93126
              4       124.59183       60.020765     0.029509836      0.15872398      0.15805844     -0.32573014      -0.32573014       249.83512                                249.83512
             14       124.63578       60.020765     0.029509836       0.1566276      0.16001432     -0.32573014      -0.32573014       249.92302                                249.92302
              2       124.92192       60.020765     0.029509836       0.1585674      0.14892866     -0.32573014      -0.32573014        250.4953                                 250.4953
              1       124.71163       60.020765     0.029509836      0.16011533      0.15740707     -0.32573014      -0.32573014       250.07472                                250.07472
              5       124.41136       60.020765     0.029509836      0.15576539      0.15812785     -0.32573014      -0.32573014       249.47418                                249.47418
              2        124.5089       60.020765     0.029509836      0.15646912      0.15104249     -0.32573014      -0.32573014       249.66926                                249.66926
              2       125.73252       60.067805     0.028877935      0.15714576      0.15178228     -0.32573014      -0.32573014       252.11649                                252.11649
              2       125.75859       60.067805     0.028877935       0.1571123      0.15151656     -0.32573014      -0.32573014       252.16865                                252.16865
              2       125.63454       60.067805     0.028877935      0.15233822      0.15528775     -0.32573014      -0.32573014       251.92055                                251.92055
              1       125.52407       60.001797     0.027870506      0.15231706      0.15560027     -0.32573014      -0.32573014        251.6996                                 251.6996
              2       125.58803       60.001797     0.027870506      0.15683532      0.15204298     -0.32573014      -0.32573014       251.82752                                251.82752
              3       125.55617       60.001797     0.027870506      0.15670998      0.15235939     -0.32573014      -0.32573014        251.7638                                 251.7638
              4       125.84539       60.001797     0.027870506      0.15086987      0.15190986     -0.32573014      -0.32573014       252.34224                                252.34224
              2       125.94409       60.001797     0.027870506      0.16172775      0.15757983     -0.32573014      -0.32573014       252.53964                                252.53964
              2       127.37786       60.080109      0.02751462      0.16251307      0.15831508     -0.32573014      -0.32573014       255.40718                                255.40718
              1       125.23527       60.026388     0.029092693      0.16132057      0.15685953     -0.32573014      -0.32573014         251.122                                  251.122
              1       125.79394       60.026388     0.029092693      0.16177161      0.16166388     -0.32573014      -0.32573014       252.23935                                252.23935
              1       125.75326       60.026388     0.029092693      0.14642195      0.15814557     -0.32573014      -0.32573014       252.15797                                252.15797
              6       125.55025       60.039819     0.029565472        0.146295      0.15789102     -0.32573014      -0.32573014       251.75197                                251.75197
              3       125.28872       60.039819     0.029565472      0.16206956      0.15188877     -0.32573014      -0.32573014       251.22891                                251.22891
              3       125.24506       60.039819     0.029565472      0.14963743      0.16066196     -0.32573014      -0.32573014       251.14158                                251.14158
              2       125.57391       60.039819     0.029565472      0.15385185      0.14598538     -0.32573014      -0.32573014       251.79928                                251.79928
              1       125.05686       60.039819     0.029565472      0.15298789      0.14881014     -0.32573014      -0.32573014       250.76519                                250.76519
              3       126.39293       60.039819     0.029565472      0.15742299      0.16713171     -0.32573014      -0.32573014       253.43731                                253.43731
              3       126.23484       60.039819     0.029565472      0.15373038      0.16680635     -0.32573014      -0.32573014       253.12114                                253.12114
              1       126.64507       60.039819     0.029565472      0.14774166      0.16599449     -0.32573014      -0.32573014        253.9416                                 253.9416
              4       126.15543       60.039819     0.029565472      0.14796036      0.16419704     -0.32573014      -0.32573014       252.96233                                252.96233
              3       125.17181       60.039819     0.029565472      0.15494865      0.16242264     -0.32573014      -0.32573014       250.99508                                250.99508
              1       125.26356       60.039819     0.029565472      0.15501692      0.16290682     -0.32573014      -0.32573014       251.17858                                251.17858
              2       126.00037       60.039819     0.029565472      0.15764529      0.16569535     -0.32573014      -0.32573014       252.65221                                252.65221
              1       126.02341       60.039819     0.029565472      0.15725048       0.1658762     -0.32573014      -0.32573014       252.69828                                252.69828
              1       124.90321       60.039819     0.029565472      0.14940267      0.15428508     -0.32573014      -0.32573014       250.45788                                250.45788
              2       124.77334       60.039819     0.029565472      0.15042519      0.15424487     -0.32573014      -0.32573014       250.19814                                250.19814
              2       124.80105       60.039819     0.029565472      0.15010718      0.15515698     -0.32573014      -0.32573014       250.25357                                250.25357
              2       125.84959       60.055387     0.028612991      0.15069545      0.15593187     -0.32573014      -0.32573014       252.35065                                252.35065
              3       125.66671       60.055387     0.028612991       0.1527109      0.15690317     -0.32573014      -0.32573014       251.98489                                251.98489
              1       126.14198       60.118525     0.029133628      0.15294825      0.15692011     -0.32573014      -0.32573014       252.93542                                252.93542
              1       126.62563       60.118525     0.029133628      0.14954145      0.15339325     -0.32573014      -0.32573014       253.90272                                253.90272
              1       126.49892       60.115866     0.029234754      0.14947115       0.1533048     -0.32573014      -0.32573014        253.6493                                 253.6493
              1        128.1669       60.115866     0.029234754      0.16882821      0.15318467     -0.32573014      -0.32573014       256.98526                                256.98526
              2       126.81948       60.039392     0.029532877      0.16808554       0.1525019     -0.32573014      -0.32573014       254.29041                                254.29041
              1       126.69753       60.038018     0.029656149      0.16801441      0.15240556     -0.32573014      -0.32573014       254.04653                                254.04653
              2       124.68299       60.038018     0.029656149      0.15027748      0.15404867     -0.32573014      -0.32573014       250.01743                                250.01743
              2       126.06059       60.038018     0.029656149      0.14917771      0.16503338     -0.32573014      -0.32573014       252.77263                                252.77263
              4       124.89686       60.038018     0.029656149      0.15936191       0.1594199     -0.32573014      -0.32573014       250.44518                                250.44518
              1        124.8188       60.038018     0.029656149      0.15807297      0.15984475     -0.32573014      -0.32573014       250.28905                                250.28905
              2       127.24941       60.038018     0.029656149      0.15045982      0.14069864     -0.32573014      -0.32573014       255.15029                                255.15029
              2       127.65804       60.024103     0.028859166      0.15074188      0.14118138     -0.32573014      -0.32573014       255.96755                                255.96755
              1       125.31556       60.024103     0.028859166      0.14964415      0.15337886     -0.32573014      -0.32573014       251.28258                                251.28258
              2       125.21416       60.024103     0.028859166      0.15002757      0.15551387     -0.32573014      -0.32573014       251.07977                                251.07977
              4       125.30807       60.024103     0.028859166      0.15185486      0.15056125     -0.32573014      -0.32573014       251.26761                                251.26761
              3       125.79784       60.024103     0.028859166      0.14690701      0.15739713     -0.32573014      -0.32573014       252.24714                                252.24714
              2       126.29618       60.024103     0.028859166      0.14461159      0.15550721     -0.32573014      -0.32573014       253.24382                                253.24382
              1       125.65129       60.024103     0.028859166      0.15658426      0.14766526     -0.32573014      -0.32573014       251.95404                                251.95404
              1       127.04463       60.060293     0.029260827      0.14283152      0.15468673     -0.32573014      -0.32573014       254.74072                                254.74072
              1       127.09346       60.070027     0.029373726      0.14285212      0.15466608     -0.32573014      -0.32573014       254.83838                                254.83838
              3       126.36706       60.050556     0.029881045      0.14245159      0.15418462     -0.32573014      -0.32573014       253.38557                                253.38557
              4       125.88686       60.050556     0.029881045      0.14420614      0.15316378     -0.32573014      -0.32573014       252.42519                                252.42519
              1       125.82714       60.050556     0.029881045       0.1643952      0.15040336     -0.32573014      -0.32573014       252.30575                                252.30575
              3       125.00235       60.050556     0.029881045       0.1538598      0.16196222     -0.32573014      -0.32573014       250.65617                                250.65617
              1       125.40276       60.050556     0.029881045      0.14834994      0.14896811     -0.32573014      -0.32573014       251.45698                                251.45698
              2       125.15752       60.050556     0.029881045      0.16258972      0.15552264     -0.32573014      -0.32573014       250.96651                                250.96651
              2       126.16049       60.050556     0.029881045      0.14596279      0.14731399     -0.32573014      -0.32573014       252.97244                                252.97244
              2       125.93902       60.023506     0.029643284      0.14586831      0.14731722     -0.32573014      -0.32573014        252.5295                                 252.5295
              2        125.9818       60.026794     0.029652492      0.14588944      0.14733087     -0.32573014      -0.32573014       252.61506                                252.61506
              2       124.74451       60.026794     0.029652492      0.15548079       0.1486976     -0.32573014      -0.32573014       250.14048                                250.14048
              1       124.61641       60.026794     0.029652492      0.15101629      0.15892017     -0.32573014      -0.32573014       249.88428                                249.88428
              3       124.41978       60.026794     0.029652492      0.15107667      0.15558262     -0.32573014      -0.32573014       249.49102                                249.49102
             11       125.05791       60.054753     0.029367599      0.15325785        0.158479     -0.32573014      -0.32573014       250.76727                                250.76727
              1       125.12921       60.054753     0.029367599      0.15384604      0.15952663     -0.32573014      -0.32573014       250.90987                                250.90987
              2       125.28119       60.054753     0.029367599      0.15725771      0.16053686     -0.32573014      -0.32573014       251.21385                                251.21385
              3       126.90431       60.054753     0.029367599       0.1616512      0.14454445     -0.32573014      -0.32573014       254.46008                                254.46008
              3       126.07121       60.054753     0.029367599      0.14752445      0.14949223     -0.32573014      -0.32573014       252.79388                                252.79388
              3       126.57993       60.054753     0.029367599      0.14469703      0.15056413     -0.32573014      -0.32573014       253.81133                                253.81133
              1       125.84043       60.054753     0.029367599      0.14837616       0.1500153     -0.32573014      -0.32573014       252.33233                                252.33233
              3       125.37382       60.054753     0.029367599      0.15367137      0.16139185     -0.32573014      -0.32573014       251.39911                                251.39911
              1       125.44822       60.054753     0.029367599      0.14944992      0.15872773     -0.32573014      -0.32573014       251.54791                                251.54791
              2       125.03129       60.054753     0.029367599       0.1530909      0.15276898     -0.32573014      -0.32573014       250.71403                                250.71403
              2       125.13112       60.054753     0.029367599      0.15295807      0.15161452     -0.32573014      -0.32573014       250.91371                                250.91371
              1       125.56938       60.096894     0.029716985       0.1502681      0.15717812     -0.32573014      -0.32573014       251.79022                                251.79022
              1       125.46557       60.096894     0.029716985      0.15096617      0.15456611     -0.32573014      -0.32573014       251.58259                                251.58259
              1       125.90383       60.123847     0.029431085      0.15773066      0.15678903     -0.32573014      -0.32573014       252.45912                                252.45912
              2       125.96521        60.13904     0.029833949      0.15485285      0.16022488     -0.32573014      -0.32573014       252.58188                                252.58188
              1       125.09684       60.029923       0.0294056      0.15821933      0.14908393     -0.32573014      -0.32573014       250.84514                                250.84514
              7       124.68895       60.029923       0.0294056      0.15116098      0.15417973     -0.32573014      -0.32573014       250.02937                                250.02937
              3       124.94953       60.029923       0.0294056      0.14909066      0.15390963     -0.32573014      -0.32573014       250.55053                                250.55053
              2       125.11519       60.029923       0.0294056      0.14801105      0.15598806     -0.32573014      -0.32573014       250.88184                                250.88184
              5       124.71797       60.029923       0.0294056      0.15092883       0.1563164     -0.32573014      -0.32573014        250.0874                                 250.0874
              1       125.48279       60.029923       0.0294056      0.16361223      0.15644299     -0.32573014      -0.32573014       251.61704                                251.61704
              2       125.03511       60.029923       0.0294056      0.16134898      0.15422474     -0.32573014      -0.32573014       250.72167                                250.72167
              2       126.64778       60.074642     0.028262203      0.16223755        0.155334     -0.32573014      -0.32573014       253.94702                                253.94702
              1       126.81749       60.074642     0.028262203      0.15939116      0.16264651     -0.32573014      -0.32573014       254.28644                                254.28644
              1       128.16501       60.038207     0.027858764       0.1654694      0.16506483     -0.32573014      -0.32573014       256.98149                                256.98149
              3       127.76921         60.0425     0.028366982      0.16525454      0.16472837     -0.32573014      -0.32573014       256.18989                                256.18989
              1       127.12834       60.077823     0.029517114      0.14285768      0.15340087     -0.32573014      -0.32573014       254.90814                                254.90814
              1       126.23568       60.077823     0.029517114      0.14592856      0.15668932     -0.32573014      -0.32573014       253.12282                                253.12282
              1       126.21834       60.077046     0.029523731      0.14591955      0.15667954     -0.32573014      -0.32573014       253.08814                                253.08814
              5       126.40584       60.077046     0.029523731      0.15188202      0.16516971     -0.32573014      -0.32573014       253.46313                                253.46313
              1       125.26973       60.077046     0.029523731      0.15457726      0.15929799     -0.32573014      -0.32573014       251.19091                                251.19091
              5       125.71689       60.110713     0.029566217      0.15480748      0.15948566     -0.32573014      -0.32573014       252.08525                                252.08525
              2       125.65927       60.110713     0.029566217      0.15597694       0.1588731     -0.32573014      -0.32573014       251.97001                                251.97001
              3       124.85624        60.05736       0.0296088      0.15555873      0.15849692     -0.32573014      -0.32573014       250.36395                                250.36395
              1       125.59265        60.05736       0.0296088      0.15974019      0.16213082     -0.32573014      -0.32573014       251.83677                                251.83677
              1       128.14359        60.05736       0.0296088      0.16549748      0.14256715     -0.32573014      -0.32573014       256.93864                                256.93864
              2       126.20879        60.05736       0.0296088      0.14881829      0.16414279     -0.32573014      -0.32573014       253.06905                                253.06905
              6       125.99653        60.05736       0.0296088       0.1451781      0.15675613     -0.32573014      -0.32573014       252.64453                                252.64453
              2       127.20501       60.021362      0.02761097      0.14588025      0.15795486     -0.32573014      -0.32573014       255.06148                                255.06148
              1       127.64989       60.124422     0.028866238      0.14603844      0.15772284     -0.32573014      -0.32573014       255.95124                                255.95124
              1       126.95035       60.124422     0.028866238      0.15298673      0.15004947     -0.32573014      -0.32573014       254.55216                                254.55216
              1       126.55855       60.113388     0.029133422      0.15277474      0.14978648     -0.32573014      -0.32573014       253.76856                                253.76856
              4       127.59377       60.156203     0.028679472      0.15331424      0.15038924     -0.32573014      -0.32573014         255.839                                  255.839
              1       127.54863       60.156203     0.028679472      0.16196372      0.16051949     -0.32573014      -0.32573014       255.74872                                255.74872
              5       125.43884       60.019817     0.028881025      0.16084962      0.15949142     -0.32573014      -0.32573014       251.52914                                251.52914
              1       124.87723       60.019817     0.028881025      0.15558409      0.15777898     -0.32573014      -0.32573014       250.40592                                250.40592
              2       125.39093       60.019817     0.028881025      0.15855932      0.14939907     -0.32573014      -0.32573014       251.43333                                251.43333
              2       125.64836       60.022378     0.028315325      0.15978965       0.1582507     -0.32573014      -0.32573014       251.94819                                251.94819
              2       126.46735       60.022378     0.028315325      0.15052664      0.16382322     -0.32573014      -0.32573014       253.58615                                253.58615
              6       125.52045       60.022378     0.028315325      0.15835959      0.15833274     -0.32573014      -0.32573014       251.69235                                251.69235
              3       125.84826       60.022378     0.028315325      0.15418997      0.16200445     -0.32573014      -0.32573014       252.34798                                252.34798
              1       125.94491       60.022378     0.028315325      0.16066743      0.16030889     -0.32573014      -0.32573014       252.54128                                252.54128
              2       125.80881       60.022378     0.028315325      0.16099742      0.15835691     -0.32573014      -0.32573014       252.26907                                252.26907
              2       126.49408       60.037764      0.02777762      0.16137323      0.15884199     -0.32573014      -0.32573014       253.63961                                253.63961
              5       128.28552       60.091936      0.02662033      0.16233897      0.16002245     -0.32573014      -0.32573014        257.2225                                 257.2225
              2       126.96146       60.047103     0.027524512      0.15063173      0.15203975     -0.32573014      -0.32573014       254.57439                                254.57439
              1       126.55715       60.047103     0.027524512      0.15350943      0.15326764     -0.32573014      -0.32573014       253.76575                                253.76575
              7       126.60163       60.047103     0.027524512      0.15184819      0.15735535     -0.32573014      -0.32573014       253.85472                                253.85472
              1       129.57575       60.047103     0.027524512      0.14061518      0.15255612     -0.32573014      -0.32573014       259.80297                                259.80297
              1       129.05817       60.034051     0.027890706      0.14034007      0.15220909     -0.32573014      -0.32573014        258.7678                                 258.7678
              1       129.06568       60.034051     0.027890706      0.14030671      0.15226912     -0.32573014      -0.32573014       258.78281                                258.78281
              2       129.07514       60.034051     0.027890706      0.14869853      0.17030417     -0.32573014      -0.32573014       258.80174                                258.80174
              1       127.40582       60.034051     0.027890706      0.15072633      0.14606933     -0.32573014      -0.32573014        255.4631                                 255.4631
              1        127.7793       60.034051     0.027890706      0.15906161      0.14404731     -0.32573014      -0.32573014       256.21006                                256.21006
              1       127.72635       60.034051     0.027890706      0.16396798        0.146999     -0.32573014      -0.32573014       256.10417                                256.10417
              2       126.45282       60.034051     0.027890706      0.15478465      0.16279357     -0.32573014      -0.32573014        253.5571                                 253.5571
              1       126.08683       60.034051     0.027890706      0.15759103      0.15207789     -0.32573014      -0.32573014       252.82513                                252.82513
              2       126.65179       60.034051     0.027890706      0.15577939      0.14799564     -0.32573014      -0.32573014       253.95504                                253.95504
              1        128.6563       60.034051     0.027890706      0.14104446      0.15405511     -0.32573014      -0.32573014       257.96405                                257.96405
              2       125.91337       60.034051     0.027890706      0.15625192       0.1580772     -0.32573014      -0.32573014       252.47821                                252.47821
              1       126.71709       60.034051     0.027890706      0.14759048      0.15486939     -0.32573014      -0.32573014       254.08564                                254.08564
              5       126.68601       60.021275     0.027702463      0.14758672      0.15492154     -0.32573014      -0.32573014       254.02348                                254.02348
              1       128.25576        60.17911     0.028660832      0.14829725       0.1552572     -0.32573014      -0.32573014       257.16299                                257.16299
              2       128.22195        60.17911     0.028660832      0.15896352      0.16498401     -0.32573014      -0.32573014       257.09536                                257.09536
              4       129.49833        60.17911     0.028660832      0.16958674      0.15508957     -0.32573014      -0.32573014       259.64813                                259.64813
              1        128.3969        60.17911     0.028660832      0.14855872      0.15261212     -0.32573014      -0.32573014       257.44526                                257.44526
              1       128.39564       60.191982     0.028974861      0.14844786      0.16170191     -0.32573014      -0.32573014       257.44275                                257.44275
              2       129.00584       60.240526     0.029098101       0.1487497      0.16192808     -0.32573014      -0.32573014       258.66314                                258.66314
              2       128.03736       60.240526     0.029098101      0.16035072      0.15890358     -0.32573014      -0.32573014       256.72619                                256.72619
              3       129.00923       60.240526     0.029098101      0.16312567      0.14990152     -0.32573014      -0.32573014       258.66993                                258.66993
              2        130.9356       60.240526     0.029098101      0.15463902      0.14175246     -0.32573014      -0.32573014       262.52266                                262.52266
              1       128.25918       60.240526     0.029098101      0.15150474      0.15608317     -0.32573014      -0.32573014       257.16982                                257.16982
              3       128.11568       60.240526     0.029098101      0.15729037      0.16172826     -0.32573014      -0.32573014       256.88283                                256.88283
              1       128.93319       60.159322     0.028364758      0.15003857      0.16613721     -0.32573014      -0.32573014       258.51785                                258.51785
              1       128.86765       60.159322     0.028364758      0.14608309      0.16033239     -0.32573014      -0.32573014       258.38677                                258.38677
              2        127.4803       60.159322     0.028364758      0.16003667      0.15863521     -0.32573014      -0.32573014       255.61207                                255.61207
              1       129.08284       60.159322     0.028364758      0.14655015        0.163099     -0.32573014      -0.32573014       258.81714                                258.81714
              3        128.3859       60.159322     0.028364758      0.14955153      0.16284478     -0.32573014      -0.32573014       257.42325                                257.42325
              5       127.78113       60.157729     0.028327688      0.16145754      0.15303675     -0.32573014      -0.32573014       256.21371                                256.21371
              1       126.39414       60.159168     0.029997704      0.16065711      0.15184909     -0.32573014      -0.32573014       253.43974                                253.43974
              1       126.07825       60.159168     0.029997704      0.15723449      0.15224977     -0.32573014      -0.32573014       252.80796                                252.80796
              4       126.51283       60.159168     0.029997704      0.14996894      0.15194292     -0.32573014      -0.32573014       253.67713                                253.67713
              7       126.53138       60.159168     0.029997704      0.14881216       0.1542901     -0.32573014      -0.32573014       253.71422                                253.71422
              1       126.34134       60.159168     0.029997704      0.16008251      0.16028206     -0.32573014      -0.32573014       253.33414                                253.33414
              4       126.28061       60.159168     0.029997704       0.1588778      0.16074736     -0.32573014      -0.32573014       253.21268                                253.21268
              2       126.89352       60.159168     0.029997704        0.164435      0.15825527     -0.32573014      -0.32573014        254.4385                                 254.4385
              1       127.73828       60.159168     0.029997704       0.1676881      0.15810581     -0.32573014      -0.32573014       256.12802                                256.12802
              2       127.02392       60.159168     0.029997704      0.16525401      0.15664063     -0.32573014      -0.32573014       254.69931                                254.69931
              2       126.00621       60.159168     0.029997704      0.15799962      0.15365783     -0.32573014      -0.32573014       252.66388                                252.66388
              1        128.9886       60.159168     0.029997704      0.16508346       0.1433544     -0.32573014      -0.32573014       258.62867                                258.62867
              2       128.77176       60.159168     0.029997704      0.16295124      0.14264781     -0.32573014      -0.32573014       258.19497                                258.19497
              1       128.84677       60.159168     0.029997704      0.16864316        0.147716     -0.32573014      -0.32573014         258.345                                  258.345
              2       129.53275       60.159168     0.029997704      0.16164915      0.17199519     -0.32573014      -0.32573014       259.71697                                259.71697
              3       128.65217       60.159168     0.029997704      0.16526615      0.16738285     -0.32573014      -0.32573014       257.95581                                257.95581
              2       128.15085       60.159168     0.029997704      0.14799192      0.16692377     -0.32573014      -0.32573014       256.95316                                256.95316
              6       126.07872       60.159168     0.029997704       0.1578833      0.15942503     -0.32573014      -0.32573014       252.80889                                252.80889
              1        126.4361       60.159168     0.029997704      0.16210932      0.15801097     -0.32573014      -0.32573014       253.52365                                253.52365
              2       129.67319       60.159168     0.029997704      0.15659546      0.17335576     -0.32573014      -0.32573014       259.99784                                259.99784
              2       129.18779       60.159168     0.029997704       0.1474361      0.16987994     -0.32573014      -0.32573014       259.02703                                259.02703
              1       129.01348       60.159168     0.029997704      0.15571128      0.17179388     -0.32573014      -0.32573014       258.67843                                258.67843
              2       131.54232       60.159168     0.029997704      0.15871762      0.17701757     -0.32573014      -0.32573014        263.7361                                 263.7361
              2       127.57905       60.159168     0.029997704       0.1620608      0.16577189     -0.32573014      -0.32573014       255.80955                                255.80955
              1       127.05644       60.159168     0.029997704      0.16478648      0.15942639     -0.32573014      -0.32573014       254.76434                                254.76434
              2       126.73878        60.00179     0.027827534      0.16466793      0.15996225     -0.32573014      -0.32573014       254.12901                                254.12901
              2       126.24733        60.00179     0.027827534      0.15446587      0.14772682     -0.32573014      -0.32573014       253.14612                                253.14612
              2        128.2311        60.01999     0.027128979      0.14828464      0.14659613     -0.32573014      -0.32573014       257.11366                                257.11366
              1       127.06513        60.01999     0.027128979      0.14829119      0.15669104     -0.32573014      -0.32573014       254.78172                                254.78172
              2       125.10918       60.000248       0.0299681      0.14632658      0.14714014     -0.32573014      -0.32573014       250.86982                                250.86982
              3       125.22505       60.000248       0.0299681       0.1468049      0.16306259     -0.32573014      -0.32573014       251.10156                                251.10156
              9       123.83803       60.000248       0.0299681        0.151239      0.15770166     -0.32573014      -0.32573014       248.32752                                248.32752
              1       126.13115       60.000248       0.0299681       0.1467136      0.16651918     -0.32573014      -0.32573014       252.91375                                252.91375
              1       127.36364       60.005269     0.028699102      0.14736738      0.16746126     -0.32573014      -0.32573014       255.37875                                255.37875
              1       127.65048       60.005269     0.028699102      0.14406248      0.16569786     -0.32573014      -0.32573014       255.95242                                255.95242
              3       129.33297       60.005269     0.028699102      0.14078151      0.16785639     -0.32573014      -0.32573014        259.3174                                 259.3174
              1       127.24853       60.005269     0.028699102      0.14135565      0.15231559     -0.32573014      -0.32573014       255.14851                                255.14851
              2       126.93541       60.005269     0.028699102      0.14232092       0.1521517     -0.32573014      -0.32573014       254.52228                                254.52228
              6       127.20106       60.005269     0.028699102       0.1459311      0.16581341     -0.32573014      -0.32573014       255.05358                                255.05358
              2       125.08919       60.005269     0.028699102      0.15772369      0.15980368     -0.32573014      -0.32573014       250.82985                                250.82985
              1       125.85944       60.088436     0.029596691      0.16249955       0.1542438     -0.32573014      -0.32573014       252.37034                                252.37034
              2       126.91523       60.088436     0.029596691      0.14502733      0.16098916     -0.32573014      -0.32573014       254.48191                                254.48191
              2       127.86976       60.088436     0.029596691      0.14473518       0.1456099     -0.32573014      -0.32573014       256.39099                                256.39099
              1       127.76874       60.088436     0.029596691      0.14506474      0.14566257     -0.32573014      -0.32573014       256.18894                                256.18894
              4       127.77211       60.088436     0.029596691      0.14620914      0.16655912     -0.32573014      -0.32573014       256.19568                                256.19568
              2       125.83378       60.088436     0.029596691      0.15181076      0.16179527     -0.32573014      -0.32573014       252.31902                                252.31902
              3       125.50516       60.088436     0.029596691      0.15805723      0.15980466     -0.32573014      -0.32573014       251.66179                                251.66179
              7       125.58154       60.088436     0.029596691      0.16044706      0.15783172     -0.32573014      -0.32573014       251.81454                                251.81454
              1       125.84473       60.088436     0.029596691      0.15552715      0.14832856     -0.32573014      -0.32573014       252.34092                                252.34092
              2       125.29564       60.047088     0.029514677      0.15525896      0.14809386     -0.32573014      -0.32573014       251.24274                                251.24274
              1       124.79899       60.035647     0.029912926      0.15497809      0.14773838     -0.32573014      -0.32573014       250.24945                                250.24945
              2       125.17836       60.035647     0.029912926      0.15555638      0.14591616     -0.32573014      -0.32573014       251.00819                                251.00819
              1        124.5302       60.035647     0.029912926      0.15827891      0.15075277     -0.32573014      -0.32573014       249.71185                                249.71185
              2       126.00066       60.035647     0.029912926      0.16503816      0.14867738     -0.32573014      -0.32573014       252.65279                                252.65279
              1       128.74613       60.039149     0.029697914      0.17333624      0.15441657     -0.32573014      -0.32573014       258.14372                                258.14372
              1       126.14614       60.039149     0.029697914      0.15587038      0.14326893     -0.32573014      -0.32573014       252.94374                                252.94374
              4       125.91726       60.039149     0.029697914      0.15294801      0.14418694     -0.32573014      -0.32573014       252.48598                                252.48598
              2       124.86382       60.039149     0.029697914        0.149887      0.15871102     -0.32573014      -0.32573014        250.3791                                 250.3791
              1       125.46865       60.039149     0.029697914       0.1568146      0.16414637     -0.32573014      -0.32573014       251.58876                                251.58876
              2       124.98703       60.039149     0.029697914      0.15161052       0.1489485     -0.32573014      -0.32573014       250.62553                                250.62553
              1       124.58752       60.002788      0.02974447      0.15105219       0.1477029     -0.32573014      -0.32573014       249.82651                                249.82651
              1       125.86598       60.002788      0.02974447      0.16220502      0.14458357     -0.32573014      -0.32573014       252.38342                                252.38342
              2       124.35993       60.002788      0.02974447      0.15387607      0.14817812     -0.32573014      -0.32573014       249.37132                                249.37132
              3       124.13619       60.002788      0.02974447       0.1539224      0.14971523     -0.32573014      -0.32573014       248.92385                                248.92385
              4       123.92352       60.002788      0.02974447      0.15532408      0.15193399     -0.32573014      -0.32573014        248.4985                                 248.4985
              2       124.77462       60.002788      0.02974447      0.16288509      0.15689787     -0.32573014      -0.32573014        250.2007                                 250.2007
              1       124.78136       60.002788      0.02974447      0.16024869       0.1612788     -0.32573014      -0.32573014       250.21417                                250.21417
              2       124.39013       60.002788      0.02974447      0.15844054      0.16016959     -0.32573014      -0.32573014       249.43173                                249.43173
              1       124.05056       60.002788      0.02974447      0.15518828      0.15896112     -0.32573014      -0.32573014       248.75258                                248.75258
              2       124.05535       60.002788      0.02974447      0.15334548      0.15052489     -0.32573014      -0.32573014       248.76216                                248.76216
              1       124.62326       60.002788      0.02974447      0.14792422      0.15021877     -0.32573014      -0.32573014       249.89798                                249.89798
              3       125.21271       60.002788      0.02974447      0.16291818      0.14846654     -0.32573014      -0.32573014       251.07687                                251.07687
              1        124.5275       60.002788      0.02974447      0.16190718      0.15382802     -0.32573014      -0.32573014       249.70646                                249.70646
              1       124.59425       60.002788      0.02974447      0.16230148      0.15461507     -0.32573014      -0.32573014       249.83996                                249.83996
              3       125.72217       60.002788      0.02974447      0.14558042      0.16312512     -0.32573014      -0.32573014       252.09581                                252.09581
              1        125.3125       60.002788      0.02974447      0.15343867      0.16556314     -0.32573014      -0.32573014       251.27647                                251.27647
              2       124.94865       60.002788      0.02974447      0.15987244      0.16250121     -0.32573014      -0.32573014       250.54877                                250.54877
              1        124.3367       60.002788      0.02974447      0.15427926      0.14829405     -0.32573014      -0.32573014       249.32486                                249.32486
              5       124.29644       60.002788      0.02974447      0.14845291      0.15571074     -0.32573014      -0.32573014       249.24435                                249.24435
              6         124.051       60.002788      0.02974447      0.15129057      0.15186579     -0.32573014      -0.32573014       248.75346                                248.75346
              2       125.91519       60.002788      0.02974447      0.15970718      0.14291367     -0.32573014      -0.32573014       252.48184                                252.48184
              4       124.48216       60.002788      0.02974447      0.16111898      0.15761111     -0.32573014      -0.32573014       249.61577                                249.61577
              2       124.58214       60.002788      0.02974447      0.15348737      0.16244333     -0.32573014      -0.32573014       249.81575                                249.81575
              3       124.57695       60.002788      0.02974447      0.16171434      0.15196168     -0.32573014      -0.32573014       249.80536                                249.80536
              1         124.559       60.002788      0.02974447      0.16166209      0.15208531     -0.32573014      -0.32573014       249.76946                                249.76946
              7       124.17533       60.002788      0.02974447      0.15737394      0.15023558     -0.32573014      -0.32573014       249.00211                                249.00211
              1       123.91779       60.002788      0.02974447      0.15394079      0.15194879     -0.32573014      -0.32573014       248.48704                                248.48704
              2       124.25294        60.02982     0.029980409      0.15177668      0.15146873     -0.32573014      -0.32573014       249.15734                                249.15734
              1       125.40659       60.097997     0.029809187      0.15236934      0.15206724     -0.32573014      -0.32573014       251.46463                                251.46463
              5       125.65401       60.097997     0.029809187      0.14904024      0.15481383     -0.32573014      -0.32573014       251.95949                                251.95949
              1       126.80708       60.097997     0.029809187      0.15761453      0.16680933     -0.32573014      -0.32573014       254.26562                                254.26562
              3       127.12148       60.097997     0.029809187      0.15588092      0.16806957     -0.32573014      -0.32573014       254.89442                                254.89442
              2       125.75656       60.097997     0.029809187      0.15738205      0.16221047     -0.32573014      -0.32573014       252.16457                                252.16457
              3       125.88942       60.097997     0.029809187      0.15741284      0.16295149     -0.32573014      -0.32573014        252.4303                                 252.4303
              2       127.62658       60.097997     0.029809187      0.16897969      0.15264127     -0.32573014      -0.32573014       255.90461                                255.90461
              1       126.92512       60.097997     0.029809187      0.16327874      0.16434703     -0.32573014      -0.32573014       254.50171                                254.50171
              1        127.0663       60.097997     0.029809187      0.14328543      0.15795833     -0.32573014      -0.32573014       254.78406                                254.78406
              1        126.9798       60.097997     0.029809187      0.15969284      0.14428594     -0.32573014      -0.32573014       254.61105                                254.61105
              1       127.06386       60.097997     0.029809187      0.16148438      0.14485261     -0.32573014      -0.32573014       254.77918                                254.77918
              1        127.3862       60.111136     0.029651968      0.16165958      0.14505369     -0.32573014      -0.32573014       255.42386                                255.42386
              3       125.66541       60.111136     0.029651968      0.15725552      0.15928291     -0.32573014      -0.32573014       251.98229                                251.98229
              2       125.76417       60.111136     0.029651968      0.15724212      0.16026261     -0.32573014      -0.32573014        252.1798                                 252.1798
              4       125.70682       60.128253     0.029997725      0.15720006      0.16014456     -0.32573014      -0.32573014       252.06511                                252.06511
              2        126.1099       60.128253     0.029997725      0.15937646      0.16199081     -0.32573014      -0.32573014       252.87127                                252.87127
              1       125.51515       60.014525     0.029241552      0.15602856      0.16436595     -0.32573014      -0.32573014       251.68177                                251.68177
              1       125.36583       60.014525     0.029241552      0.14633411      0.15369626     -0.32573014      -0.32573014       251.38312                                251.38312
              1       126.31702       60.000213     0.027876706      0.14689741      0.15453745     -0.32573014      -0.32573014       253.28549                                253.28549
              1       125.39694       60.000213     0.027876706      0.15616429      0.15695267     -0.32573014      -0.32573014       251.44534                                251.44534
              2       125.38977       60.000213     0.027876706      0.15515052      0.15441933     -0.32573014      -0.32573014         251.431                                  251.431
              1       124.46894       60.031792     0.029509082      0.15458469      0.15351515     -0.32573014      -0.32573014       249.58934                                249.58934
              2       125.21962       60.076206     0.029391643      0.15497367      0.15390912     -0.32573014      -0.32573014       251.09071                                251.09071
              2       125.43457       60.076206     0.029391643       0.1522347      0.15874667     -0.32573014      -0.32573014       251.52061                                251.52061
              1       126.55703       60.076206     0.029391643      0.14577769      0.15960465     -0.32573014      -0.32573014       253.76551                                253.76551
              3       125.58757       60.007385      0.02934093      0.14528918      0.15915478     -0.32573014      -0.32573014       251.82661                                251.82661
              2       124.95366       60.007385      0.02934093      0.16074538      0.15959424     -0.32573014      -0.32573014       250.55877                                250.55877
              1       125.11027       60.024342      0.02943492      0.16082573      0.15964884     -0.32573014      -0.32573014       250.87199                                250.87199
              4       126.81278       60.024342      0.02943492      0.16593494      0.14682541     -0.32573014      -0.32573014       254.27703                                254.27703
              1       124.70522       60.024342      0.02943492      0.15897969      0.15783992     -0.32573014      -0.32573014        250.0619                                 250.0619
              1       125.99838       60.024342      0.02943492      0.15263929      0.14398883     -0.32573014      -0.32573014       252.64822                                252.64822
              2       126.00334       60.021201     0.029369507      0.15264797      0.14401185     -0.32573014      -0.32573014       252.65814                                252.65814
              1       127.50105       60.021201     0.029369507      0.16032585       0.1697755     -0.32573014      -0.32573014       255.65356                                255.65356
              2        126.6745       60.021201     0.029369507      0.14980313      0.16751619     -0.32573014      -0.32573014       254.00045                                254.00045
              2       124.75988       60.021201     0.029369507      0.15642622      0.16017428     -0.32573014      -0.32573014       250.17121                                250.17121
              5       124.56754       60.021201     0.029369507      0.15601191      0.15851817     -0.32573014      -0.32573014       249.78654                                249.78654
              8       124.65815       60.021201     0.029369507      0.15040745      0.15563471     -0.32573014      -0.32573014       249.96776                                249.96776
              5        124.7077       60.021201     0.029369507      0.15544559      0.15017617     -0.32573014      -0.32573014       250.06687                                250.06687
              2       124.59411       60.021201     0.029369507      0.15221488      0.15220658     -0.32573014      -0.32573014       249.83968                                249.83968
              3       126.26937       60.020094     0.027369626      0.15318847       0.1535791     -0.32573014      -0.32573014        253.1902                                 253.1902
              4       126.68818       60.020094     0.027369626      0.15609108      0.14924685     -0.32573014      -0.32573014       254.02782                                254.02782
              3       126.39861       60.020094     0.027369626      0.15548197      0.15121768     -0.32573014      -0.32573014       253.44867                                253.44867
              4       126.42871       60.020094     0.027369626      0.15186203      0.15294339     -0.32573014      -0.32573014       253.50888                                253.50888
              6       126.17858       60.020094     0.027369626      0.15354297      0.15511626     -0.32573014      -0.32573014       253.00863                                253.00863
              1       126.83804       60.019945     0.026598911      0.15392025      0.15564716     -0.32573014      -0.32573014       254.32755                                254.32755
              3       127.76864       60.019945     0.026598911      0.15194266      0.14867908     -0.32573014      -0.32573014       256.18875                                256.18875
              1       126.84424       60.148634     0.029684916      0.14767457      0.15584641     -0.32573014      -0.32573014       254.33993                                254.33993
              1       127.60032       60.171398     0.029210887      0.14807711      0.15633396     -0.32573014      -0.32573014        255.8521                                 255.8521
              2        127.6198       60.171398     0.029210887      0.14798989       0.1561754     -0.32573014      -0.32573014       255.89105                                255.89105
              3        127.2846       60.171398     0.029210887       0.1597288      0.15088614     -0.32573014      -0.32573014       255.22067                                255.22067
              1       127.47705       60.171398     0.029210887      0.16371699      0.15832681     -0.32573014      -0.32573014       255.60556                                255.60556
              1       127.49874       60.171398     0.029210887      0.15539499      0.14878819     -0.32573014      -0.32573014       255.64894                                255.64894
              2        126.8198       60.171398     0.029210887      0.15881987      0.15704956     -0.32573014      -0.32573014       254.29105                                254.29105
              3         127.453        60.08386     0.027007278       0.1592487      0.15795376     -0.32573014      -0.32573014       255.55745                                255.55745
              2       128.65762        60.08386     0.027007278        0.147395      0.15280396     -0.32573014      -0.32573014        257.9667                                 257.9667
              1       128.41269       60.091472     0.026620388      0.15048558       0.1596477     -0.32573014      -0.32573014       257.47685                                257.47685
              1       129.72412        60.01476       0.0238479      0.15127447      0.16102082     -0.32573014      -0.32573014        260.0997                                 260.0997
              3       131.41029        60.01476       0.0238479      0.16757688      0.16719035     -0.32573014      -0.32573014       263.47205                                263.47205
              3       131.24568       60.158426      0.02627078      0.16745911      0.16653025     -0.32573014      -0.32573014       263.14281                                263.14281
              1       129.82806       60.201696     0.028515901      0.16667965      0.16528551     -0.32573014      -0.32573014       260.30759                                260.30759
              1       129.05592       60.201696     0.028515901      0.16390356      0.16434285     -0.32573014      -0.32573014        258.7633                                 258.7633
              1       131.15366       60.201696     0.028515901       0.1696679      0.14700031     -0.32573014      -0.32573014       262.95879                                262.95879
              1       131.84414       60.201696     0.028515901       0.1747237      0.15853658     -0.32573014      -0.32573014       264.33975                                264.33975
              2        130.5101       60.201696     0.028515901      0.14945485      0.16978132     -0.32573014      -0.32573014       261.67167                                261.67167
              1       131.32008       60.201696     0.028515901      0.14312949      0.16648336     -0.32573014      -0.32573014       263.29161                                263.29161
              5       132.66033       60.226865     0.027482493      0.14382461      0.16737394     -0.32573014      -0.32573014       265.97212                                265.97212
              4       129.30134       60.226865     0.027482493      0.15416448      0.16019714     -0.32573014      -0.32573014       259.25414                                259.25414
              1       128.05774       60.155314     0.027673787      0.15353679        0.159561     -0.32573014      -0.32573014       256.76694                                256.76694
              2       129.44441       60.134009      0.02575808      0.15431838      0.16073313     -0.32573014      -0.32573014       259.54028                                259.54028
              1       129.58098       60.134009      0.02575808      0.15440099      0.15364409     -0.32573014      -0.32573014       259.81342                                259.81342
              2        129.5315       60.134009      0.02575808       0.1559132      0.15319395     -0.32573014      -0.32573014       259.71447                                259.71447
              3       128.52571       60.149988     0.027475981       0.1531286       0.1515827     -0.32573014      -0.32573014       257.70288                                257.70288
              1       126.01929       60.123558     0.029963502      0.15171017       0.1496796     -0.32573014      -0.32573014       252.69004                                252.69004
              2       125.52192       60.123558     0.029963502      0.15872421      0.15626173     -0.32573014      -0.32573014        251.6953                                 251.6953
              2       125.93819       60.123558     0.029963502      0.15928635      0.15027044     -0.32573014      -0.32573014       252.52784                                252.52784
              4       126.53331       60.123558     0.029963502      0.16488149      0.15437067     -0.32573014      -0.32573014       253.71808                                253.71808
              4       126.19808       60.123558     0.029963502      0.14763493      0.15723551     -0.32573014      -0.32573014       253.04762                                253.04762
              2       126.08344       60.123558     0.029963502      0.14809726      0.15632869     -0.32573014      -0.32573014       252.81833                                252.81833
              2       125.96058       60.123558     0.029963502      0.15089151      0.16064696     -0.32573014      -0.32573014       252.57261                                252.57261
             10       126.01599       60.123558     0.029963502      0.15082681      0.16101655     -0.32573014      -0.32573014       252.68344                                252.68344
              2       126.34484       60.123558     0.029963502      0.16152926      0.14942336     -0.32573014      -0.32573014       253.34113                                253.34113
              1       124.93854       60.014926     0.029747611      0.16082486      0.14880702     -0.32573014      -0.32573014       250.52855                                250.52855
              1        124.0821       60.014926     0.029747611      0.15388876      0.15742466     -0.32573014      -0.32573014       248.81565                                248.81565
              2       124.36978       60.014926     0.029747611      0.15975953      0.15662447     -0.32573014      -0.32573014       249.39103                                249.39103
              3       124.34854       60.014926     0.029747611      0.15957046       0.1529515     -0.32573014      -0.32573014       249.34854                                249.34854
              1       124.44218       60.014926     0.029747611       0.1605377      0.15533045     -0.32573014      -0.32573014       249.53582                                249.53582
              1       124.39096       60.014926     0.029747611      0.16017338      0.15548082     -0.32573014      -0.32573014       249.43338                                249.43338
              3       124.52954       60.014926     0.029747611      0.16110884      0.15487935     -0.32573014      -0.32573014       249.71054                                249.71054
              3       126.23392       60.014926     0.029747611      0.16660405      0.16051565     -0.32573014      -0.32573014       253.11929                                253.11929
              4       125.22331       60.014926     0.029747611      0.16357341      0.15888406     -0.32573014      -0.32573014       251.09808                                251.09808
             12       124.23041       60.014926     0.029747611      0.15891721      0.15432112     -0.32573014      -0.32573014       249.11228                                249.11228
              3       124.33173       60.008893     0.029524402      0.15285505      0.15091078     -0.32573014      -0.32573014       249.31491                                249.31491
              6       124.70063       60.008893     0.029524402      0.16028884      0.15893097     -0.32573014      -0.32573014       250.05273                                250.05273
              2       124.68503       60.008893     0.029524402      0.16026189      0.15881397     -0.32573014      -0.32573014       250.02153                                250.02153
              1       125.52515       60.008893     0.029524402      0.15799703      0.16501891     -0.32573014      -0.32573014       251.70175                                251.70175
              1       124.99032       60.008893     0.029524402       0.1505993       0.1622778     -0.32573014      -0.32573014        250.6321                                 250.6321
              3        128.9784       60.008893     0.029524402      0.17278062      0.16235266     -0.32573014      -0.32573014       258.60826                                258.60826
              2       125.55289       60.008893     0.029524402      0.16431416      0.15021233     -0.32573014      -0.32573014       251.75725                                251.75725
              1       125.01372       60.008893     0.029524402      0.16268092      0.15201924     -0.32573014      -0.32573014       250.67889                                250.67889
              1       124.26101       60.008893     0.029524402      0.15223903      0.15214297     -0.32573014      -0.32573014       249.17349                                249.17349
              2       125.01231       60.008893     0.029524402      0.14618991      0.15546455     -0.32573014      -0.32573014       250.67608                                250.67608
              3       125.91767       60.095259     0.029962296      0.14662448      0.15578773     -0.32573014      -0.32573014        252.4868                                 252.4868
              3       126.07172       60.095259     0.029962296       0.1539848      0.16469968     -0.32573014      -0.32573014        252.7949                                 252.7949
              1        125.9676       60.095259     0.029962296      0.16278973      0.16002083     -0.32573014      -0.32573014       252.58667                                252.58667
              2       125.39218       60.095259     0.029962296      0.16085274      0.15434943     -0.32573014      -0.32573014       251.43581                                251.43581
              1       125.26713       60.095259     0.029962296      0.15995359      0.15460737     -0.32573014      -0.32573014       251.18571                                251.18571
              3       125.32937       60.095259     0.029962296      0.16023026      0.15373304     -0.32573014      -0.32573014       251.31019                                251.31019
              4       125.34235       60.095843     0.029956856      0.16023773      0.15374123     -0.32573014      -0.32573014       251.33617                                251.33617
              3       126.59626       60.132162     0.029106366       0.1609777      0.15461584     -0.32573014      -0.32573014       253.84397                                253.84397
              2       126.78112       60.185527     0.029798367      0.16101925      0.15451463     -0.32573014      -0.32573014       254.21371                                254.21371
              5       129.59074       60.107402     0.025238002      0.16286892      0.15719549     -0.32573014      -0.32573014       259.83294                                259.83294
              2       129.85617       60.107402     0.025238002      0.16376698      0.16145457     -0.32573014      -0.32573014       260.36379                                260.36379
              3       129.45748       60.107402     0.025238002      0.16074838      0.16072306     -0.32573014      -0.32573014       259.56643                                259.56643
              2       131.19419       60.107402     0.025238002      0.15145346      0.16865864     -0.32573014      -0.32573014       263.03984                                263.03984
              1       128.94301        60.02872     0.026412024       0.1502104      0.16724116     -0.32573014      -0.32573014       258.53747                                258.53747
              1       129.00639       60.012873     0.026099833      0.15025552       0.1673474     -0.32573014      -0.32573014       258.66425                                258.66425
              1       128.53755       60.012873     0.026099833      0.14939912      0.16473229     -0.32573014      -0.32573014       257.72655                                257.72655
              1       132.41445       60.018742     0.026082645      0.13646864      0.15420151     -0.32573014      -0.32573014       265.48037                                265.48037
              2       131.57134       60.018742     0.026082645      0.14753265      0.14045341     -0.32573014      -0.32573014       263.79415                                263.79415
              2       130.84305       60.018742     0.026082645      0.14476959      0.14452232     -0.32573014      -0.32573014       262.33755                                262.33755
              2       127.56914       60.018742     0.026082645       0.1614344       0.1592467     -0.32573014      -0.32573014       255.78974                                255.78974
              1       127.48047       60.018742     0.026082645      0.16095899      0.15865968     -0.32573014      -0.32573014        255.6124                                 255.6124
              3       128.67599       60.203192     0.027800997      0.16146529      0.15879072     -0.32573014      -0.32573014       258.00343                                258.00343
              3       129.35938       60.203192     0.027800997      0.16210595      0.16463159     -0.32573014      -0.32573014       259.37021                                259.37021
              4       129.41146       60.203192     0.027800997      0.15093915      0.16352747     -0.32573014      -0.32573014       259.47437                                259.47437
              3       128.33294       60.213769     0.029203893      0.15941376      0.14859394     -0.32573014      -0.32573014       257.31734                                257.31734
              2       128.91003       60.212159     0.028485614       0.1597881      0.14909492     -0.32573014      -0.32573014       258.47153                                258.47153
              3       128.91743       60.213466     0.028500433      0.15979027      0.14909396     -0.32573014      -0.32573014       258.48632                                258.48632
              3       129.70808       60.165727     0.026683327      0.16039835      0.15003989     -0.32573014      -0.32573014       260.06761                                260.06761
              4        129.5462       60.156727     0.026712076        0.160313       0.1499531     -0.32573014      -0.32573014       259.74387                                259.74387
              1       129.89185       60.180756     0.026737802      0.16048567      0.15011163     -0.32573014      -0.32573014       260.43516                                260.43516
              1         128.856        60.20927     0.028497738      0.15975915      0.14906499     -0.32573014      -0.32573014       258.36346                                258.36346
              1       127.54906       60.139022     0.028794051      0.15905427      0.14833627     -0.32573014      -0.32573014       255.74957                                255.74957
              3       126.99673       60.139022     0.028794051      0.15753507      0.16175697     -0.32573014      -0.32573014       254.64492                                254.64492
              1       127.90257       60.139022     0.028794051      0.14907001      0.16351283     -0.32573014      -0.32573014       256.45661                                256.45661
              4        126.4318       60.105888     0.029898656       0.1482179      0.16248024     -0.32573014      -0.32573014       253.51507                                253.51507
              1       126.80206       60.105888     0.029898656      0.16653796      0.15696432     -0.32573014      -0.32573014       254.25557                                254.25557
              2       128.84993       60.105888     0.029898656      0.14561866      0.16955118     -0.32573014      -0.32573014       258.35131                                258.35131
              3       127.09659       60.105888     0.029898656      0.14952626      0.14470989     -0.32573014      -0.32573014       254.84465                                254.84465
              4       125.26569       60.105888     0.029898656      0.15530063        0.152976     -0.32573014      -0.32573014       251.18283                                251.18283
              2       125.20661       60.101468     0.029891732      0.15527005      0.15294841     -0.32573014      -0.32573014       251.06467                                251.06467
              2       125.17032       60.101468     0.029891732       0.1549251      0.15362565     -0.32573014      -0.32573014       250.99209                                250.99209
              2       124.09131       60.011306     0.029717172      0.15767168      0.15556483     -0.32573014      -0.32573014       248.83409                                248.83409
              4       124.14461       60.011306     0.029717172      0.15822588      0.15582372     -0.32573014      -0.32573014       248.94067                                248.94067
              4       124.08491       60.011306     0.029717172      0.15151131      0.15449708     -0.32573014      -0.32573014       248.82129                                248.82129
              3       125.37618       60.021381     0.028370829      0.15231462      0.15553251     -0.32573014      -0.32573014       251.40381                                251.40381
              5       125.36622       60.021381     0.028370829        0.152446      0.15548738     -0.32573014      -0.32573014        251.3839                                 251.3839
              1       125.70515       60.021381     0.028370829      0.14955496      0.15672512     -0.32573014      -0.32573014       252.06176                                252.06176
              1         125.325       60.021381     0.028370829      0.15418191      0.15359288     -0.32573014      -0.32573014       251.30147                                251.30147
              4       126.34889       60.006029     0.026896088        0.154857      0.15453279     -0.32573014      -0.32573014       253.34925                                253.34925
              1        126.8202       60.006029     0.026896088      0.16225693      0.15766517     -0.32573014      -0.32573014       254.29187                                254.29187
              4       126.75389       60.006029     0.026896088       0.1524315      0.15138354     -0.32573014      -0.32573014       254.15924                                254.15924
              1       127.32433       60.127923     0.028416804      0.15255866      0.15119515     -0.32573014      -0.32573014       255.30013                                255.30013
              5       127.29852       60.127923     0.028416804      0.15125916      0.15268297     -0.32573014      -0.32573014        255.2485                                 255.2485
              1       126.98759       60.055984     0.027497634      0.15119578      0.15280963     -0.32573014      -0.32573014       254.62664                                254.62664
              2       127.06786       60.055984     0.027497634      0.15029146      0.15334756     -0.32573014      -0.32573014       254.78718                                254.78718
              4       126.61776       60.049228     0.027931669       0.1581579      0.16243793     -0.32573014      -0.32573014       253.88697                                253.88697
              1       126.59078       60.036131     0.027819712      0.15186624      0.16198388     -0.32573014      -0.32573014       253.83302                                253.83302
              3        126.2589       60.036131     0.027819712      0.15404516      0.16068578     -0.32573014      -0.32573014       253.16927                                253.16927
              2       128.34706       60.036131     0.027819712      0.16787798      0.14945564     -0.32573014      -0.32573014       257.34558                                257.34558
              3       128.94556       60.036131     0.027819712      0.14046822      0.15631997     -0.32573014      -0.32573014       258.54258                                258.54258
              3       127.52493       60.036131     0.027819712      0.14523987      0.15954583     -0.32573014      -0.32573014       255.70131                                255.70131
              1       127.13165       60.036131     0.027819712      0.16536435      0.15475955     -0.32573014      -0.32573014       254.91475                                254.91475
              1       127.22265       60.030932     0.027626095      0.16542827      0.15485952     -0.32573014      -0.32573014       255.09677                                255.09677
              3       126.85409       60.030932     0.027626095      0.14807147      0.15798276     -0.32573014      -0.32573014       254.35963                                254.35963
              3       127.65582       60.038087     0.026824717      0.14855861       0.1586076     -0.32573014      -0.32573014        255.9631                                 255.9631
              1       127.54251       60.038087     0.026824717      0.16027932       0.1629442     -0.32573014      -0.32573014       255.73647                                255.73647
              3       127.14453       60.100165     0.028266047      0.15998493      0.16237213     -0.32573014      -0.32573014       254.94052                                254.94052
              6         127.007        60.05576     0.028820996      0.14427061      0.15737724     -0.32573014      -0.32573014       254.66546                                254.66546
              1       125.56989        60.05576     0.028820996      0.15937462      0.15550423     -0.32573014      -0.32573014       251.79123                                251.79123
              4       126.18736        60.05576     0.028820996      0.16288129      0.15863925     -0.32573014      -0.32573014       253.02619                                253.02619
              1       125.94012        60.05576     0.028820996      0.15358454      0.14923511     -0.32573014      -0.32573014        252.5317                                 252.5317
              6       125.83565        60.05576     0.028820996      0.15393966      0.14981093     -0.32573014      -0.32573014       252.32277                                252.32277
              2       125.80612        60.05576     0.028820996      0.16122577      0.15646791     -0.32573014      -0.32573014        252.2637                                 252.2637
              3       125.80114       60.058514      0.02877141      0.15949772      0.15907768     -0.32573014      -0.32573014       252.25375                                252.25375
              3       125.49608       60.058514      0.02877141      0.15407922      0.15470056     -0.32573014      -0.32573014       251.64362                                251.64362
              2       125.23257       60.031345     0.029033469      0.15222675      0.16014026     -0.32573014      -0.32573014        251.1166                                 251.1166
              2       125.38417       60.031345     0.029033469      0.16164193      0.15608085     -0.32573014      -0.32573014        251.4198                                 251.4198
              1       125.99455       60.031345     0.029033469      0.14958964      0.14752803     -0.32573014      -0.32573014       252.64055                                252.64055
              1       126.24097       60.044328     0.028971523      0.14972378      0.14766783     -0.32573014      -0.32573014        253.1334                                 253.1334
              2       127.12267       60.044328     0.028971523      0.15129919      0.14338658     -0.32573014      -0.32573014        254.8968                                 254.8968
              2         125.637       60.044328     0.028971523       0.1487127      0.15461443     -0.32573014      -0.32573014       251.92545                                251.92545
              1       125.64585       60.044328     0.028971523       0.1505018      0.15079639     -0.32573014      -0.32573014       251.94316                                251.94316
              6       125.16831       60.044328     0.028971523      0.15759108      0.15416609     -0.32573014      -0.32573014       250.98807                                250.98807
              2       125.38086       60.044328     0.028971523      0.16005541      0.15452964     -0.32573014      -0.32573014       251.41319                                251.41319
              1       125.14395       60.044328     0.028971523      0.15656455      0.15360143     -0.32573014      -0.32573014       250.93937                                250.93937
              1       127.57265       60.044328     0.028971523      0.16030081      0.14234861     -0.32573014      -0.32573014       255.79676                                255.79676
              1        126.4756       60.044328     0.028971523       0.1555305      0.16602949     -0.32573014      -0.32573014       253.60265                                253.60265
              3       125.59877       60.044328     0.028971523      0.15334579      0.16162597     -0.32573014      -0.32573014       251.84899                                251.84899
              1       129.96829       60.044328     0.028971523      0.13682738      0.16209766     -0.32573014      -0.32573014       260.58804                                260.58804
              1       129.53382       60.044328     0.028971523      0.14736476       0.1384391     -0.32573014      -0.32573014        259.7191                                 259.7191
              1       129.84673       60.044328     0.028971523      0.16652856       0.1396572     -0.32573014      -0.32573014       260.34492                                260.34492
              3       125.77879       60.044328     0.028971523      0.15606125      0.14806842     -0.32573014      -0.32573014       252.20904                                252.20904
              3       126.23167       60.033099     0.028215779      0.15638112      0.14852534     -0.32573014      -0.32573014        253.1148                                 253.1148
              3       126.95614       60.033099     0.028215779      0.15203822      0.14586784     -0.32573014      -0.32573014       254.56373                                254.56373
              1       126.70843       60.088083      0.02954502      0.15183668      0.14532876     -0.32573014      -0.32573014       254.06833                                254.06833
              1       126.92597       60.088083      0.02954502       0.1665535      0.15850958     -0.32573014      -0.32573014        254.5034                                 254.5034
              3       125.52737       60.088083      0.02954502      0.15280832      0.15141872     -0.32573014      -0.32573014        251.7062                                 251.7062
              4       126.26469       60.088083      0.02954502      0.14634884      0.15585626     -0.32573014      -0.32573014       253.18084                                253.18084
              1       126.37496       60.088083      0.02954502      0.15637193      0.14607867     -0.32573014      -0.32573014       253.40137                                253.40137
              5       125.91334       60.088083      0.02954502      0.16001182      0.14984878     -0.32573014      -0.32573014       252.47815                                252.47815
              4       127.00465       60.088083      0.02954502      0.16178629      0.16557995     -0.32573014      -0.32573014       254.66076                                254.66076
              2       127.34916       60.088083      0.02954502      0.16075683       0.1674008     -0.32573014      -0.32573014       255.34979                                255.34979
              5       125.88347       60.088083      0.02954502      0.15992795      0.16118826     -0.32573014      -0.32573014       252.41841                                252.41841
              2       125.96553       60.088083      0.02954502      0.15160441      0.14891897     -0.32573014      -0.32573014       252.58252                                252.58252
              3       125.52403       60.088083      0.02954502      0.15990069      0.15732952     -0.32573014      -0.32573014       251.69953                                251.69953
              2       126.96346       60.088083      0.02954502      0.16704731      0.15532616     -0.32573014      -0.32573014       254.57839                                254.57839
              1       125.48911       60.088083      0.02954502      0.15499035      0.16015789     -0.32573014      -0.32573014       251.62968                                251.62968
              2       124.92362       60.015061     0.028937816      0.15162975      0.15247908     -0.32573014      -0.32573014        250.4987                                 250.4987
              2       126.09441       60.015061     0.028937816       0.1605759       0.1642552     -0.32573014      -0.32573014       252.84028                                252.84028
              4       125.92271       60.015061     0.028937816      0.15988888       0.1465938     -0.32573014      -0.32573014       252.49689                                252.49689
              1       126.54672       60.015061     0.028937816       0.1620992       0.1453602     -0.32573014      -0.32573014        253.7449                                 253.7449
              2       127.18751       60.015061     0.028937816      0.16896021      0.15366712     -0.32573014      -0.32573014       255.02649                                255.02649
              2         126.309       60.015061     0.028937816      0.14590695      0.14852578     -0.32573014      -0.32573014       253.26947                                253.26947
              2       127.32639       60.067033     0.028653748       0.1465246      0.14906176     -0.32573014      -0.32573014       255.30424                                255.30424
              1       126.55372       60.024547     0.028813804      0.14605755      0.14867259     -0.32573014      -0.32573014       253.75891                                253.75891
              1       125.27148       60.024547     0.028813804      0.15498742      0.15014371     -0.32573014      -0.32573014       251.19442                                251.19442
              1       126.09959       60.004444     0.027461942      0.15551535      0.15092846     -0.32573014      -0.32573014       252.85065                                252.85065
              6        126.3214       60.004444     0.027461942      0.16199021      0.15436885     -0.32573014      -0.32573014       253.29426                                253.29426
              1       126.94075       60.004444     0.027461942      0.15049461      0.16393265     -0.32573014      -0.32573014       254.53295                                254.53295
              3       125.90891       60.004444     0.027461942      0.15630894      0.15897283     -0.32573014      -0.32573014       252.46929                                252.46929
              2       126.12019       60.004444     0.027461942      0.15919176      0.15967682     -0.32573014      -0.32573014       252.89184                                252.89184
              1       127.50576       60.004444     0.027461942      0.16266779      0.16526468     -0.32573014      -0.32573014       255.66297                                255.66297
              5       127.17376       60.004444     0.027461942      0.16171381      0.16449317     -0.32573014      -0.32573014       254.99898                                254.99898
              1       126.09588       60.004444     0.027461942      0.16053285      0.15686333     -0.32573014      -0.32573014       252.84322                                252.84322
              3         127.129       60.036215     0.026805817      0.16116353      0.15751842     -0.32573014      -0.32573014       254.90945                                254.90945
              6       127.12445       60.036215     0.026805817      0.16110674      0.15761239     -0.32573014      -0.32573014       254.90035                                254.90035
              2       127.11502       60.036215     0.026805817      0.16101076      0.15768972     -0.32573014      -0.32573014        254.8815                                 254.8815
              2       126.60697       60.067243      0.02791836      0.16070688      0.15713953     -0.32573014      -0.32573014       253.86541                                253.86541
              3       126.72386       60.067243      0.02791836      0.15101421      0.15883203     -0.32573014      -0.32573014       254.09919                                254.09919
              1        126.1007       60.027317     0.027966582      0.15062891      0.15853566     -0.32573014      -0.32573014       252.85286                                252.85286
              1       126.33273       60.027317     0.027966582      0.16087214      0.15102162     -0.32573014      -0.32573014       253.31693                                253.31693
              1       126.40989       60.026685     0.027863391      0.16092058      0.15108748     -0.32573014      -0.32573014       253.47124                                253.47124
              1       126.46717       60.026685     0.027863391      0.15312776      0.16289584     -0.32573014      -0.32573014        253.5858                                 253.5858
              1       126.52053       60.026685     0.027863391      0.15116059      0.16214617     -0.32573014      -0.32573014       253.69253                                253.69253
              1       126.31526       60.028751     0.027836317      0.15590021      0.14968478     -0.32573014      -0.32573014       253.28198                                253.28198
              3       126.09128       60.028751     0.027836317      0.15459839      0.16042101     -0.32573014      -0.32573014       252.83402                                252.83402
              8       126.83436       60.028751     0.027836317      0.15981148      0.16390988     -0.32573014      -0.32573014       254.32018                                254.32018
              1         127.253       60.028751     0.027836317      0.16622613      0.15456004     -0.32573014      -0.32573014       255.15746                                255.15746
              2       129.88349       60.019811     0.024632399      0.16782632      0.15667548     -0.32573014      -0.32573014       260.41844                                260.41844
              2       129.09902       60.019811     0.024632399      0.16219494      0.15241697     -0.32573014      -0.32573014       258.84949                                258.84949
              1       127.79687       60.087145     0.027373052      0.16136432      0.15100154     -0.32573014      -0.32573014       256.24521                                256.24521
              2       127.51387       60.087145     0.027373052      0.16172091      0.15926772     -0.32573014      -0.32573014       255.67919                                255.67919
              4       126.31107       60.086806     0.028744008      0.16099863      0.15833502     -0.32573014      -0.32573014        253.2736                                 253.2736
              3       126.53831       60.086806     0.028744008      0.16193517      0.15956485     -0.32573014      -0.32573014       253.72808                                253.72808
              1       125.43039       60.062404     0.029611286      0.16126016      0.15881511     -0.32573014      -0.32573014       251.51224                                251.51224
              3       125.33588       60.062404     0.029611286      0.16091171      0.15233531     -0.32573014      -0.32573014       251.32321                                251.32321
              4        126.3354       60.062404     0.029611286      0.16468031      0.14987992     -0.32573014      -0.32573014       253.32226                                253.32226
              2       125.64279       60.062404     0.029611286      0.16227068      0.15139138     -0.32573014      -0.32573014       251.93704                                251.93704
              4        126.1436       60.062404     0.029611286      0.15314829      0.14515254     -0.32573014      -0.32573014       252.93867                                252.93867
              4       126.26377       60.062404     0.029611286      0.14533034      0.15085837     -0.32573014      -0.32573014         253.179                                  253.179
              3       124.94676       60.062404     0.029611286      0.15809545       0.1570805     -0.32573014      -0.32573014       250.54498                                250.54498
              1        124.9533       60.062404     0.029611286      0.15202835      0.15706993     -0.32573014      -0.32573014       250.55806                                250.55806
              2       125.45015       60.062404     0.029611286      0.15501812      0.16254366     -0.32573014      -0.32573014       251.55176                                251.55176
              3        125.2505       60.060904      0.02956685      0.14928175      0.15463335     -0.32573014      -0.32573014       251.15246                                251.15246
              6       127.41088       60.109877      0.02789056      0.15060273      0.15609441     -0.32573014      -0.32573014       255.47322                                255.47322
              2        127.5727       60.109877      0.02789056      0.14960826      0.15728739     -0.32573014      -0.32573014       255.79686                                255.79686
              2       128.04586       60.109877      0.02789056      0.15299656      0.14809037     -0.32573014      -0.32573014       256.74318                                256.74318
              2        128.2997       60.109877      0.02789056      0.15530693      0.14644444     -0.32573014      -0.32573014       257.25086                                257.25086
              5       128.92238       60.109877      0.02789056      0.15471793      0.14432358     -0.32573014      -0.32573014       258.49622                                258.49622
              1        128.8364       60.105571     0.027913519      0.15466705      0.14427956     -0.32573014      -0.32573014       258.32426                                258.32426
              2       128.54732       60.105571     0.027913519      0.15358331      0.14547153     -0.32573014      -0.32573014        257.7461                                 257.7461
              1       131.71421       60.105571     0.027913519      0.17174383      0.14458222     -0.32573014      -0.32573014       264.07987                                264.07987
              1       129.67798       60.105571     0.027913519      0.15690173      0.14171974     -0.32573014      -0.32573014       260.00742                                260.00742
              4       128.14995       60.046422     0.028663775       0.1559748      0.14081998     -0.32573014      -0.32573014       256.95136                                256.95136
              2       127.99169       60.046422     0.028663775      0.15285786      0.14147936     -0.32573014      -0.32573014       256.63485                                256.63485
              1       126.10907       60.046422     0.028663775      0.15867722      0.14873913     -0.32573014      -0.32573014       252.86961                                252.86961
              3       127.76048       60.046422     0.028663775      0.14907665      0.14348077     -0.32573014      -0.32573014       256.17241                                256.17241
              8       125.85295       60.046422     0.028663775      0.15673903      0.14962578     -0.32573014      -0.32573014       252.35737                                252.35737
              2       126.01194       60.046422     0.028663775      0.15960577      0.16144895     -0.32573014      -0.32573014       252.67535                                252.67535
              1       125.71645       60.046422     0.028663775      0.15085671      0.15323841     -0.32573014      -0.32573014       252.08436                                252.08436
              1       125.71679       60.046422     0.028663775      0.15276959      0.15119042     -0.32573014      -0.32573014       252.08505                                252.08505
              3       125.45406       60.046422     0.028663775      0.15488446       0.1531865     -0.32573014      -0.32573014       251.55958                                251.55958
              2       125.91484       60.046422     0.028663775      0.15574774      0.16223198     -0.32573014      -0.32573014       252.48114                                252.48114
              1       125.98646       60.061298     0.028822015      0.15579886      0.16222281     -0.32573014      -0.32573014       252.62437                                252.62437
              2       124.64177       60.020582     0.029695347      0.15497358      0.16136123     -0.32573014      -0.32573014         249.935                                  249.935
              2       124.59962       60.000465     0.029419882      0.15493669      0.16141535     -0.32573014      -0.32573014       249.85071                                249.85071
              1       124.37096       60.000465     0.029419882      0.15807219      0.15846037     -0.32573014      -0.32573014       249.39338                                249.39338
              2       125.61567       60.000465     0.029419882      0.14830894      0.16397749     -0.32573014      -0.32573014        251.8828                                 251.8828
              1       127.92246       60.000465     0.029419882      0.13741411       0.1523861     -0.32573014      -0.32573014       256.49639                                256.49639
              2       127.81645       60.000465     0.029419882      0.13765514      0.15239891     -0.32573014      -0.32573014       256.28437                                256.28437
              2       124.51777       60.000465     0.029419882      0.14977415      0.15839362     -0.32573014      -0.32573014       249.68701                                249.68701
              2       125.62638       60.000465     0.029419882      0.16415652      0.14912279     -0.32573014      -0.32573014       251.90423                                251.90423
              1       125.41944       60.000465     0.029419882      0.16497447      0.15472384     -0.32573014      -0.32573014       251.49034                                251.49034
              3       124.08172       60.000465     0.029419882      0.15488263       0.1562082     -0.32573014      -0.32573014        248.8149                                 248.8149
              3       125.19915       60.000465     0.029419882      0.15120607      0.16373317     -0.32573014      -0.32573014       251.04976                                251.04976
              3       125.54021       60.000465     0.029419882      0.15035759      0.16482002     -0.32573014      -0.32573014       251.73189                                251.73189
              2       125.81893       60.000465     0.029419882      0.14845913      0.16491967     -0.32573014      -0.32573014       252.28932                                252.28932
             10       125.27941       60.000465     0.029419882      0.14758415      0.16168236     -0.32573014      -0.32573014       251.21027                                251.21027
              9       124.43366       60.000465     0.029419882      0.15356571      0.14950673     -0.32573014      -0.32573014       249.51877                                249.51877
              2       124.46725       60.000465     0.029419882      0.15368791      0.14924039     -0.32573014      -0.32573014       249.58596                                249.58596
              3       124.36756       60.000465     0.029419882      0.15465806       0.1499017     -0.32573014      -0.32573014       249.38658                                249.38658
              1       124.63395       60.000465     0.029419882      0.15607267      0.14825002     -0.32573014      -0.32573014       249.91935                                249.91935
              2       124.69869       60.000465     0.029419882      0.15697955      0.14812362     -0.32573014      -0.32573014       250.04884                                250.04884
              2       124.41187       60.000465     0.029419882      0.15727635      0.15026799     -0.32573014      -0.32573014       249.47519                                249.47519
              6       124.29183       60.000465     0.029419882      0.15078177      0.15671599     -0.32573014      -0.32573014       249.23511                                249.23511
              2       124.90778       60.000465     0.029419882      0.14840403      0.16015686     -0.32573014      -0.32573014       250.46702                                250.46702
              2       124.33084       60.000465     0.029419882      0.15757958       0.1584588     -0.32573014      -0.32573014       249.31314                                249.31314
              6       124.44695       60.000465     0.029419882      0.15805759      0.15049106     -0.32573014      -0.32573014       249.54536                                249.54536
              3       124.55931       60.000465     0.029419882      0.15541134      0.14859656     -0.32573014      -0.32573014       249.77008                                249.77008
              2       125.87666       60.000465     0.029419882      0.14289292      0.15273668     -0.32573014      -0.32573014       252.40478                                252.40478
              4       125.64498       60.000465     0.029419882      0.14377794      0.15233219     -0.32573014      -0.32573014       251.94143                                251.94143
              1       125.41962       60.000465     0.029419882      0.14481974      0.15807657     -0.32573014      -0.32573014       251.49069                                251.49069
              1       125.44767       60.000465     0.029419882      0.14442335      0.15273717     -0.32573014      -0.32573014       251.54679                                251.54679
              2       125.99284       60.000465     0.029419882      0.16672231      0.15243449     -0.32573014      -0.32573014       252.63713                                252.63713
              1        124.7847       60.000465     0.029419882      0.15804619      0.14807676     -0.32573014      -0.32573014       250.22086                                250.22086
              1       125.00357       60.000465     0.029419882      0.14734039       0.1594491     -0.32573014      -0.32573014       250.65859                                250.65859
              1       125.58635       60.000465     0.029419882      0.14376299      0.15604603     -0.32573014      -0.32573014       251.82416                                251.82416
              2       125.48847       60.000465     0.029419882      0.16499677      0.15710595     -0.32573014      -0.32573014       251.62841                                251.62841
              1       125.51105       60.000465     0.029419882      0.16506557      0.15718163     -0.32573014      -0.32573014       251.67356                                251.67356
              1       126.78569       60.103764     0.029114536      0.16049372      0.16327293     -0.32573014      -0.32573014       254.22285                                254.22285
              4       128.72653       60.103764     0.029114536      0.14123179      0.16010656     -0.32573014      -0.32573014       258.10453                                258.10453
              1       126.21476       60.103764     0.029114536      0.15417865      0.16130099     -0.32573014      -0.32573014       253.08099                                253.08099
              2       126.09577       60.113587     0.029409417      0.15409129      0.16116308     -0.32573014      -0.32573014       252.84301                                252.84301
              1       127.86086       60.113587     0.029409417      0.15599124      0.14283191     -0.32573014      -0.32573014       256.37318                                256.37318
              4       128.39274       60.061621     0.027756139      0.15650882      0.14362637     -0.32573014      -0.32573014       257.43694                                257.43694
              3       128.41612       60.061621     0.027756139      0.15649287       0.1435526     -0.32573014      -0.32573014       257.48369                                257.48369
              1       128.31009       60.061621     0.027756139      0.15623922       0.1438819     -0.32573014      -0.32573014       257.27164                                257.27164
              1       127.50991       60.061621     0.027756139      0.15858491      0.14713026     -0.32573014      -0.32573014       255.67128                                255.67128
              1       127.03215       60.061621     0.027756139      0.15588697      0.14905933     -0.32573014      -0.32573014       254.71576                                254.71576
              1       126.57306       60.061621     0.027756139      0.15516062      0.15242579     -0.32573014      -0.32573014       253.79758                                253.79758
              1       127.05397       60.061621     0.027756139      0.15260392      0.14981909     -0.32573014      -0.32573014       254.75941                                254.75941
              2       126.52107       60.078326     0.028706694      0.15218844      0.14927237     -0.32573014      -0.32573014       253.69359                                253.69359
              1       125.14437       60.024421     0.029400004      0.15129391      0.14842235     -0.32573014      -0.32573014        250.9402                                 250.9402
              2       124.79032       60.024421     0.029400004      0.15658148      0.16021725     -0.32573014      -0.32573014        250.2321                                 250.2321
              3        124.7936       60.023726     0.029384986      0.15658418      0.16022294     -0.32573014      -0.32573014       250.23867                                250.23867
              3       125.10202       60.023726     0.029384986        0.157224      0.16203477     -0.32573014      -0.32573014        250.8555                                 250.8555
              2       126.79358       60.023726     0.029384986      0.16312264      0.16601257     -0.32573014      -0.32573014       254.23861                                254.23861
              1       126.57164       60.023726     0.029384986      0.15995048      0.16711183     -0.32573014      -0.32573014       253.79474                                253.79474
              1         125.845       60.023726     0.029384986       0.1566756      0.16555911     -0.32573014      -0.32573014       252.34145                                252.34145
             11       125.32371       60.023726     0.029384986      0.16284473      0.15774076     -0.32573014      -0.32573014       251.29887                                251.29887
              2       126.34369       60.023726     0.029384986      0.16433955      0.16294358     -0.32573014      -0.32573014       253.33885                                253.33885
              1       126.03117       60.023726     0.029384986      0.15293133      0.16621964     -0.32573014      -0.32573014        252.7138                                 252.7138
              3       124.87942       60.023726     0.029384986      0.16016955      0.15786432     -0.32573014      -0.32573014        250.4103                                 250.4103
              2       126.95351       60.023726     0.029384986      0.16735643      0.16164828     -0.32573014      -0.32573014       254.55848                                254.55848
              4        124.6969       60.023726     0.029384986      0.15612778      0.15956569     -0.32573014      -0.32573014       250.04526                                250.04526
              2       124.53579       60.023726     0.029384986      0.15656536      0.15265654     -0.32573014      -0.32573014       249.72305                                249.72305
              5       124.26299       60.036885     0.029937464      0.15635475      0.15236233     -0.32573014      -0.32573014       249.17743                                249.17743
              2       125.44532       60.036885     0.029937464      0.15520788      0.16507224     -0.32573014      -0.32573014        251.5421                                 251.5421
              1       124.73046       60.008656     0.029870723      0.15600283      0.16319098     -0.32573014      -0.32573014       250.11237                                250.11237
