#        weight    minuslogpost              H0           ombh2            tf_1            tf_2   minuslogprior minuslogprior__0            chi2 chi2__cx_likelihood_intCAMB.CXLikelihood
              1       128.51934       60.063695     0.026881143      0.15553612      0.16709747     -0.32573014      -0.32573014       257.69014                                257.69014
             53       129.89563       60.063695     0.026881143      0.17012827        0.151262     -0.32573014      -0.32573014       260.44272                                260.44272
             24       129.16415       60.063695     0.026881143      0.16905735      0.15738994     -0.32573014      -0.32573014       258.97977                                258.97977
             38       127.85578       60.063695     0.026881143      0.16359125       0.1545645     -0.32573014      -0.32573014       256.36302                                256.36302
              2       127.65876        60.07584      0.02733649      0.16359125       0.1545645     -0.32573014      -0.32573014       255.96897                                255.96897
              6       127.06711        60.07584      0.02733649       0.1533684      0.15669703     -0.32573014      -0.32573014       254.78567                                254.78567
             23        127.2778       60.086068      0.02727962       0.1533684      0.15669703     -0.32573014      -0.32573014       255.20706                                255.20706
              1       127.30832       60.088018     0.027279518       0.1533684      0.15669703     -0.32573014      -0.32573014       255.26811                                255.26811
             28       127.22938       60.134473     0.028160471       0.1533684      0.15669703     -0.32573014      -0.32573014       255.11022                                255.11022
             42       126.96167       60.097851      0.02782965       0.1533684      0.15669703     -0.32573014      -0.32573014       254.57481                                254.57481
              8       126.92172       60.095553     0.027834536       0.1533684      0.15669703     -0.32573014      -0.32573014       254.49491                                254.49491
             21        128.2729       60.235731     0.028756731       0.1533684      0.15669703     -0.32573014      -0.32573014       257.19727                                257.19727
            100       125.06816       60.013095     0.028524631       0.1533684      0.15669703     -0.32573014      -0.32573014       250.78778                                250.78778
            105       126.22507        60.09926     0.028675034       0.1533684      0.15669703     -0.32573014      -0.32573014       253.10159                                253.10159
            106       126.14557        60.09926     0.028675034      0.15598021      0.15694519     -0.32573014      -0.32573014       252.94259                                252.94259
             45        126.0244       60.109868     0.028997816      0.15598021      0.15694519     -0.32573014      -0.32573014       252.70026                                252.70026
             10       127.16309       60.208943     0.029362646      0.15598021      0.15694519     -0.32573014      -0.32573014       254.97763                                254.97763
             14       127.69348       60.208943     0.029362646      0.15571145      0.16324955     -0.32573014      -0.32573014       256.03841                                256.03841
             36       127.35521       60.208943     0.029362646      0.15276259      0.15775868     -0.32573014      -0.32573014       255.36188                                255.36188
             47       125.98814       60.121358     0.029402726      0.15276259      0.15775868     -0.32573014      -0.32573014       252.62774                                252.62774
              3       126.89143       60.121358     0.029402726      0.16357354      0.16065896     -0.32573014      -0.32573014       254.43432                                254.43432
              7       126.78377       60.114374     0.029439462      0.16357354      0.16065896     -0.32573014      -0.32573014       254.21901                                254.21901
             78       126.23229       60.114374     0.029439462      0.14920685      0.15587331     -0.32573014      -0.32573014       253.11604                                253.11604
             32       126.01749       60.114374     0.029439462      0.15076559      0.15494138     -0.32573014      -0.32573014       252.68643                                252.68643
             28        125.7263       60.114374     0.029439462      0.15643331      0.15465037     -0.32573014      -0.32573014       252.10405                                252.10405
              5       128.47212       60.114374     0.029439462      0.16878365      0.14910286     -0.32573014      -0.32573014        257.5957                                 257.5957
             41       130.12092       60.214381     0.029064495      0.16878365      0.14910286     -0.32573014      -0.32573014        260.8933                                 260.8933
              9       130.02031       60.206074     0.029047047      0.16878365      0.14910286     -0.32573014      -0.32573014       260.69208                                260.69208
              3       130.06885       60.210251     0.029058279      0.16878365      0.14910286     -0.32573014      -0.32573014       260.78916                                260.78916
             13       129.87282       60.196858     0.029072215      0.16878365      0.14910286     -0.32573014      -0.32573014       260.39711                                260.39711
              8       130.72578       60.196858     0.029072215       0.1698959      0.16676511     -0.32573014      -0.32573014       262.10302                                262.10302
              4       130.29948       60.196858     0.029072215      0.16300043      0.17105442     -0.32573014      -0.32573014       261.25043                                261.25043
             11       130.54986       60.196858     0.029072215      0.16646585       0.1696821     -0.32573014      -0.32573014       261.75118                                261.75118
              2       133.14143        60.49933     0.029903893      0.16646585       0.1696821     -0.32573014      -0.32573014       266.93432                                266.93432
              2       132.63768        60.49933     0.029903893      0.14926017      0.15343592     -0.32573014      -0.32573014       265.92683                                265.92683
              2       132.12794       60.473776     0.029932701      0.14926017      0.15343592     -0.32573014      -0.32573014       264.90735                                264.90735
             23       128.02522       60.232439     0.029718625      0.14926017      0.15343592     -0.32573014      -0.32573014       256.70189                                256.70189
             50       128.07532       60.161551      0.02846245      0.14926017      0.15343592     -0.32573014      -0.32573014        256.8021                                 256.8021
             33       128.39556       60.161551      0.02846245      0.14769851      0.15347998     -0.32573014      -0.32573014       257.44258                                257.44258
             23       127.63641       60.114788     0.028402505      0.14769851      0.15347998     -0.32573014      -0.32573014       255.92428                                255.92428
             20       127.50556       60.114788     0.028402505      0.14783532      0.15723122     -0.32573014      -0.32573014       255.66257                                255.66257
              7       128.59278       60.114788     0.028402505      0.15146615      0.14479303     -0.32573014      -0.32573014       257.83701                                257.83701
             16       128.94097       60.133862     0.028408585      0.15146615      0.14479303     -0.32573014      -0.32573014       258.53341                                258.53341
              4       127.02119       60.133862     0.028408585      0.15954881      0.15769917     -0.32573014      -0.32573014       254.69383                                254.69383
             10       125.33285       60.095148     0.029885374      0.15954881      0.15769917     -0.32573014      -0.32573014       251.31715                                251.31715
             68       125.20484       60.095148     0.029885374      0.15887939      0.15584309     -0.32573014      -0.32573014       251.06114                                251.06114
             33       124.84042       60.060047     0.029745135      0.15887939      0.15584309     -0.32573014      -0.32573014        250.3323                                 250.3323
              8       126.70057       60.189933     0.029674315      0.15887939      0.15584309     -0.32573014      -0.32573014       254.05261                                254.05261
             10       126.09757       60.136969     0.029499237      0.15887939      0.15584309     -0.32573014      -0.32573014       252.84659                                252.84659
             49       126.64697       60.163218       0.0292849      0.15887939      0.15584309     -0.32573014      -0.32573014        253.9454                                 253.9454
             50       125.47241       60.052627     0.028830826      0.15887939      0.15584309     -0.32573014      -0.32573014       251.59628                                251.59628
             20        125.5368       60.052627     0.028830826      0.15293063      0.15894968     -0.32573014      -0.32573014       251.72505                                251.72505
              8       124.39873       60.015949     0.029570433      0.15293063      0.15894968     -0.32573014      -0.32573014       249.44893                                249.44893
              1       126.67475       60.158254     0.029307003      0.15293063      0.15894968     -0.32573014      -0.32573014       254.00096                                254.00096
             34       126.47121        60.09093     0.028394283      0.15293063      0.15894968     -0.32573014      -0.32573014       253.59389                                253.59389
             68       126.83628        60.09093     0.028394283      0.15987719      0.15066424     -0.32573014      -0.32573014       254.32403                                254.32403
             18       125.83879       60.110918     0.029875119      0.15987719      0.15066424     -0.32573014      -0.32573014       252.32905                                252.32905
             61       125.89132       60.113149     0.029852269      0.15987719      0.15066424     -0.32573014      -0.32573014       252.43409                                252.43409
             11       125.91517       60.113149     0.029852269      0.14874269      0.15453699     -0.32573014      -0.32573014        252.4818                                 252.4818
              8       125.80537       60.092838     0.029620284      0.14874269      0.15453699     -0.32573014      -0.32573014       252.26221                                252.26221
              3       125.78746       60.092838     0.029620284      0.14886922       0.1544192     -0.32573014      -0.32573014       252.22638                                252.22638
             23       125.63297       60.084013      0.02963102      0.14886922       0.1544192     -0.32573014      -0.32573014        251.9174                                 251.9174
             70       124.29632       60.001126     0.029635698      0.14886922       0.1544192     -0.32573014      -0.32573014        249.2441                                 249.2441
             46       124.61811       60.020287     0.029617062      0.14886922       0.1544192     -0.32573014      -0.32573014       249.88767                                249.88767
             37       125.66121       60.020287     0.029617062      0.14429172      0.15769472     -0.32573014      -0.32573014       251.97388                                251.97388
             24       126.32202       60.020287     0.029617062      0.15881445      0.16732663     -0.32573014      -0.32573014       253.29551                                253.29551
             14       124.62787       60.020287     0.029617062       0.1600922      0.15237764     -0.32573014      -0.32573014        249.9072                                 249.9072
             10       124.43516       60.020287     0.029617062      0.15613419      0.15064213     -0.32573014      -0.32573014       249.52177                                249.52177
             22       124.69298       60.039738     0.029659206      0.15613419      0.15064213     -0.32573014      -0.32573014       250.03742                                250.03742
              4       126.41595       60.039738     0.029659206       0.1664318      0.15988497     -0.32573014      -0.32573014       253.48337                                253.48337
             72       126.24063       60.024273     0.029674702       0.1664318      0.15988497     -0.32573014      -0.32573014       253.13271                                253.13271
             28       128.24151       60.221074     0.029967426       0.1664318      0.15988497     -0.32573014      -0.32573014       257.13448                                257.13448
              8       128.04578       60.177013      0.02950887       0.1664318      0.15988497     -0.32573014      -0.32573014       256.74301                                256.74301
             12       127.55338       60.131685     0.029470449       0.1664318      0.15988497     -0.32573014      -0.32573014       255.75823                                255.75823
             13        127.0623       60.131685     0.029470449      0.16046412      0.16428899     -0.32573014      -0.32573014       254.77605                                254.77605
             77       126.28771       60.131685     0.029470449      0.16069251      0.15815123     -0.32573014      -0.32573014       253.22689                                253.22689
              9       126.00353       60.131685     0.029470449      0.15641755      0.15362908     -0.32573014      -0.32573014       252.65853                                252.65853
              5        125.9921       60.054424     0.028166342      0.15641755      0.15362908     -0.32573014      -0.32573014       252.63565                                252.63565
             48       126.17092       60.069782     0.028226715      0.15641755      0.15362908     -0.32573014      -0.32573014       252.99331                                252.99331
              8       126.17691       60.069782     0.028226715      0.15633267      0.15351908     -0.32573014      -0.32573014       253.00527                                253.00527
              2       124.74417       60.075617     0.029963928      0.15633267      0.15351908     -0.32573014      -0.32573014       250.13981                                250.13981
             29       124.21562       60.040801     0.029990855      0.15633267      0.15351908     -0.32573014      -0.32573014       249.08271                                249.08271
              3       124.20672        60.00414     0.029376356      0.15633267      0.15351908     -0.32573014      -0.32573014       249.06489                                249.06489
             10       124.91718        60.00414     0.029376356      0.16156708      0.15126644     -0.32573014      -0.32573014       250.48582                                250.48582
             22       124.16221        60.00414     0.029376356       0.1538488      0.15553342     -0.32573014      -0.32573014       248.97588                                248.97588
             36       125.70992        60.03518     0.028126275       0.1538488      0.15553342     -0.32573014      -0.32573014       252.07129                                252.07129
             86       125.82217        60.03518     0.028126275      0.15562941      0.15934846     -0.32573014      -0.32573014       252.29581                                252.29581
             26       126.33781       60.027256     0.027360128      0.15562941      0.15934846     -0.32573014      -0.32573014       253.32708                                253.32708
             17        126.3798       60.027256     0.027360128      0.15961043      0.15625831     -0.32573014      -0.32573014       253.41106                                253.41106
             18       127.75759        60.13284     0.027501076      0.15961043      0.15625831     -0.32573014      -0.32573014       256.16664                                256.16664
             29       127.34402        60.06105     0.026764916      0.15961043      0.15625831     -0.32573014      -0.32573014       255.33951                                255.33951
              7       128.28695         60.1305     0.026837875      0.15961043      0.15625831     -0.32573014      -0.32573014       257.22536                                257.22536
             29       127.95329       60.122096     0.027086545      0.15961043      0.15625831     -0.32573014      -0.32573014       256.55804                                256.55804
             25       124.63717       60.046203     0.029885222      0.15961043      0.15625831     -0.32573014      -0.32573014       249.92579                                249.92579
              3       125.57678       60.046203     0.029885222      0.15967409      0.14633916     -0.32573014      -0.32573014       251.80502                                251.80502
             34       125.59239       60.005344     0.029170792      0.15967409      0.14633916     -0.32573014      -0.32573014       251.83624                                251.83624
             18       126.43594       60.045972     0.028936763      0.15967409      0.14633916     -0.32573014      -0.32573014       253.52334                                253.52334
              8        126.7355       60.045972     0.028936763      0.15134468      0.14496182     -0.32573014      -0.32573014       254.12246                                254.12246
             43        126.6973       60.045972     0.028936763      0.14725997      0.14785833     -0.32573014      -0.32573014       254.04606                                254.04606
              7       125.99125       60.000032     0.028817908      0.14725997      0.14785833     -0.32573014      -0.32573014       252.63396                                252.63396
             29       127.17137       60.069819      0.02890114      0.14725997      0.14785833     -0.32573014      -0.32573014        254.9942                                 254.9942
              8       126.17107       60.009225     0.028804519      0.14725997      0.14785833     -0.32573014      -0.32573014        252.9936                                 252.9936
             51       126.20925       60.052994     0.029517417      0.14725997      0.14785833     -0.32573014      -0.32573014       253.06996                                253.06996
             22       126.12583       60.052994     0.029517417      0.14749031      0.14806565     -0.32573014      -0.32573014       252.90312                                252.90312
              6       126.37241       60.059769     0.029398754      0.14749031      0.14806565     -0.32573014      -0.32573014       253.39629                                253.39629
             35       125.84737       60.059769     0.029398754      0.14709241      0.15299903     -0.32573014      -0.32573014        252.3462                                 252.3462
             38        126.6961       60.113881     0.029476829      0.14709241      0.15299903     -0.32573014      -0.32573014       254.04367                                254.04367
              1       125.26233       60.034718     0.029562699      0.14709241      0.15299903     -0.32573014      -0.32573014       251.17613                                251.17613
             50       125.31449       60.034718     0.029562699      0.14709734      0.15215986     -0.32573014      -0.32573014       251.28044                                251.28044
             12       126.53596       60.104908     0.029547307      0.14709734      0.15215986     -0.32573014      -0.32573014       253.72337                                253.72337
             33       127.31636       60.104908     0.029547307      0.15684568      0.14369266     -0.32573014      -0.32573014       255.28418                                255.28418
             15       126.34294       60.104908     0.029547307      0.16320273      0.15261493     -0.32573014      -0.32573014       253.33733                                253.33733
             96       125.20278       60.042603     0.029944596      0.16320273      0.15261493     -0.32573014      -0.32573014       251.05702                                251.05702
             84       125.48391       60.055241     0.029795598      0.16320273      0.15261493     -0.32573014      -0.32573014       251.61929                                251.61929
             73       126.41495       60.055241     0.029795598      0.16665124      0.15189074     -0.32573014      -0.32573014       253.48135                                253.48135
              8       126.28849       60.055241     0.029795598      0.15736028      0.16672222     -0.32573014      -0.32573014       253.22844                                253.22844
             35       126.28572       60.055241     0.029795598      0.16151228      0.16494028     -0.32573014      -0.32573014       253.22291                                253.22291
              6       126.82686       60.097776     0.029675725      0.16151228      0.16494028     -0.32573014      -0.32573014       254.30518                                254.30518
             14       126.94531       60.097776     0.029675725       0.1617177      0.16529908     -0.32573014      -0.32573014       254.54208                                254.54208
             49       126.50408       60.056142     0.029662363       0.1617177      0.16529908     -0.32573014      -0.32573014       253.65962                                253.65962
             31       124.67775       60.056142     0.029662363       0.1548044      0.15404673     -0.32573014      -0.32573014       250.00696                                250.00696
             20       124.68784       60.056142     0.029662363       0.1547988      0.15374849     -0.32573014      -0.32573014       250.02714                                250.02714
             69       125.92287       60.056142     0.029662363      0.15224483      0.16486222     -0.32573014      -0.32573014       252.49719                                252.49719
             69        126.2617       60.056142     0.029662363      0.14815442      0.16415655     -0.32573014      -0.32573014       253.17486                                253.17486
             14       126.08069       60.015576      0.02919073      0.14815442      0.16415655     -0.32573014      -0.32573014       252.81285                                252.81285
             70        125.6422       60.015576      0.02919073      0.16428242      0.15317721     -0.32573014      -0.32573014       251.93585                                251.93585
              1       125.20674       60.015576      0.02919073      0.15508319      0.16275621     -0.32573014      -0.32573014       251.06493                                251.06493
              1       124.99469       60.015576      0.02919073      0.15511533      0.14867546     -0.32573014      -0.32573014       250.64084                                250.64084
              6       124.94178       60.015576      0.02919073      0.14975559      0.15835463     -0.32573014      -0.32573014       250.53501                                250.53501
              1       125.26298       60.015576      0.02919073      0.15438415      0.14720506     -0.32573014      -0.32573014       251.17742                                251.17742
              1       124.81402       60.015576      0.02919073      0.15636025      0.16011823     -0.32573014      -0.32573014        250.2795                                 250.2795
              8       124.55554       60.015576      0.02919073      0.15452929      0.15766342     -0.32573014      -0.32573014       249.76254                                249.76254
              5       124.67004       60.015576      0.02919073      0.15733192      0.15823684     -0.32573014      -0.32573014       249.99153                                249.99153
              2       124.57546       60.015576      0.02919073      0.15626581      0.15763068     -0.32573014      -0.32573014       249.80238                                249.80238
              1       124.47239       60.015576      0.02919073      0.15478068      0.15508947     -0.32573014      -0.32573014       249.59625                                249.59625
              3        126.9399       60.015576      0.02919073      0.14170826      0.15955343     -0.32573014      -0.32573014       254.53126                                254.53126
              2       124.51563       60.014307     0.029418209      0.15033768       0.1543745     -0.32573014      -0.32573014       249.68272                                249.68272
              3       125.80807       60.014307     0.029418209      0.15824136      0.14445902     -0.32573014      -0.32573014       252.26759                                252.26759
              2       126.50405       60.059004     0.028178197      0.16201088      0.15787347     -0.32573014      -0.32573014       253.65955                                253.65955
              1       126.19815       60.059004     0.028178197      0.15991447      0.15698813     -0.32573014      -0.32573014       253.04776                                253.04776
              1       126.32382       60.059004     0.028178197      0.15772576      0.15111899     -0.32573014      -0.32573014        253.2991                                 253.2991
              1        126.5183       60.064049      0.02800097      0.15766866      0.15145069     -0.32573014      -0.32573014       253.68805                                253.68805
              2       128.56673       60.093908     0.028242092      0.14369145      0.15997706     -0.32573014      -0.32573014       257.78491                                257.78491
              1       127.85482       60.093908     0.028242092      0.14977001      0.14781589     -0.32573014      -0.32573014       256.36109                                256.36109
              1       126.69458       60.093908     0.028242092      0.15946211      0.15324667     -0.32573014      -0.32573014       254.04061                                254.04061
              1       126.76644       60.093908     0.028242092      0.15959712      0.15254938     -0.32573014      -0.32573014       254.18433                                254.18433
              3       126.43643       60.093908     0.028242092      0.15579189      0.15582822     -0.32573014      -0.32573014       253.52432                                253.52432
              1       126.84343       60.093908     0.028242092      0.15051911      0.15531104     -0.32573014      -0.32573014       254.33833                                254.33833
              1       127.33501       60.093908     0.028242092       0.1507065      0.14982724     -0.32573014      -0.32573014       255.32147                                255.32147
              1       126.93223       60.058532     0.028032577      0.15098255      0.14960232     -0.32573014      -0.32573014       254.51592                                254.51592
              2       127.27409       60.058532     0.028032577      0.14641911      0.15782459     -0.32573014      -0.32573014       255.19965                                255.19965
              3        127.3979       60.058532     0.028032577      0.14579765      0.15677925     -0.32573014      -0.32573014       255.44726                                255.44726
              1       126.92746       60.058532     0.028032577      0.16390413      0.15493093     -0.32573014      -0.32573014       254.50639                                254.50639
              1       127.49282       60.058532     0.028032577      0.16569991      0.15983729     -0.32573014      -0.32573014       255.63711                                255.63711
              1        127.0824       60.058532     0.028032577      0.16021483      0.16384493     -0.32573014      -0.32573014       254.81627                                254.81627
              2       129.67315       60.058532     0.028032577      0.15514411      0.17296643     -0.32573014      -0.32573014       259.99777                                259.99777
              3       128.68845       60.058532     0.028032577      0.15288179      0.17015359     -0.32573014      -0.32573014       258.02836                                258.02836
              1       128.93837       60.058532     0.028032577      0.14412192      0.16536986     -0.32573014      -0.32573014       258.52821                                258.52821
              5       128.85077       60.058532     0.028032577      0.14431519      0.16524006     -0.32573014      -0.32573014         258.353                                  258.353
              2       128.99926       60.062034      0.02797353      0.14428104      0.16537775     -0.32573014      -0.32573014       258.64997                                258.64997
              1       129.41737       60.062034      0.02797353      0.15681679      0.14018839     -0.32573014      -0.32573014        259.4862                                 259.4862
              2       128.95758       60.062034      0.02797353      0.16589429      0.14523799     -0.32573014      -0.32573014       258.56663                                258.56663
              1       129.47223       60.071338     0.027060194      0.16573881      0.14669813     -0.32573014      -0.32573014       259.59591                                259.59591
              1       130.42294       60.196965     0.027601095      0.16474112      0.14779072     -0.32573014      -0.32573014       261.49734                                261.49734
              1       129.62516        60.18301     0.028895008      0.16496782      0.14571059     -0.32573014      -0.32573014       259.90178                                259.90178
              5       127.21322        60.18301     0.028895008      0.15505743      0.15649199     -0.32573014      -0.32573014       255.07789                                255.07789
              3       127.20474       60.182746     0.028899867      0.15506004      0.15648101     -0.32573014      -0.32573014       255.06093                                255.06093
              3       128.33927       60.312558     0.029918021      0.15406841      0.15694565     -0.32573014      -0.32573014          257.33                                   257.33
              2       129.19498       60.312558     0.029918021      0.15724404      0.16629059     -0.32573014      -0.32573014       259.04142                                259.04142
              1       128.74819       60.312558     0.029918021      0.15072582      0.15729777     -0.32573014      -0.32573014       258.14784                                258.14784
              2       128.81717       60.319186     0.029967848      0.15067501      0.15732461     -0.32573014      -0.32573014        258.2858                                 258.2858
              3       128.56195       60.319186     0.029967848      0.15279059      0.15932813     -0.32573014      -0.32573014       257.77537                                257.77537
              2       129.34477       60.264112     0.028249983      0.15310124      0.16099125     -0.32573014      -0.32573014         259.341                                  259.341
              4       129.58533       60.264112     0.028249983      0.15434197       0.1516529     -0.32573014      -0.32573014       259.82213                                259.82213
              3       129.74238       60.264112     0.028249983      0.15436851      0.15070747     -0.32573014      -0.32573014       260.13623                                260.13623
              1        129.3356       60.259476     0.028691512      0.15444482      0.14999954     -0.32573014      -0.32573014       259.32266                                259.32266
              1       128.73568       60.208644     0.028475846      0.15484879      0.14955282     -0.32573014      -0.32573014       258.12282                                258.12282
              3       128.39233       60.208644     0.028475846      0.15752378      0.15120397     -0.32573014      -0.32573014       257.43611                                257.43611
              1       128.35825       60.270442     0.029700537      0.15711504      0.15035466     -0.32573014      -0.32573014       257.36796                                257.36796
              2       127.97305       60.270442     0.029700537      0.15300593       0.1571757     -0.32573014      -0.32573014       256.59757                                256.59757
              5        128.0734       60.272017     0.029607511      0.15298488      0.15733378     -0.32573014      -0.32573014       256.79827                                256.79827
              5       129.67608        60.22924     0.027226284      0.15313657       0.1601401     -0.32573014      -0.32573014       260.00361                                260.00361
              2       129.69524        60.22924     0.027226284      0.16047541      0.16276089     -0.32573014      -0.32573014       260.04194                                260.04194
              1        127.9532       60.259734     0.029583145       0.1604237       0.1598065     -0.32573014      -0.32573014       256.55786                                256.55786
              1       126.24281       60.136724     0.029725376       0.1614581      0.15776471     -0.32573014      -0.32573014       253.13707                                253.13707
              1       124.95073       60.031348     0.029784314      0.16233884      0.15610663     -0.32573014      -0.32573014       250.55292                                250.55292
              2       125.63158       60.020489     0.028744903      0.16234013      0.15744821     -0.32573014      -0.32573014       251.91461                                251.91461
              2       125.34953       60.020489     0.028744903      0.16090759      0.15612134     -0.32573014      -0.32573014       251.35051                                251.35051
              1        124.9979       60.020489     0.028744903       0.1542034      0.15760915     -0.32573014      -0.32573014       250.64727                                250.64727
              5       124.82644       60.062436     0.029633594      0.15393087      0.15694962     -0.32573014      -0.32573014       250.30435                                250.30435
              1        125.6671       60.110155      0.02952784      0.15352526      0.15781486     -0.32573014      -0.32573014       251.98566                                251.98566
              1       125.66203       60.110155      0.02952784      0.15595278       0.1530006     -0.32573014      -0.32573014       251.97551                                251.97551
              1       125.39444       60.022557     0.028320219      0.15657739      0.15344012     -0.32573014      -0.32573014       251.44034                                251.44034
              1       126.07957       60.043856     0.027950221      0.15899121      0.15652742     -0.32573014      -0.32573014       252.81059                                252.81059
              1       126.73734        60.08255     0.027792461      0.15865616      0.15733317     -0.32573014      -0.32573014       254.12614                                254.12614
              2       126.05058       60.117035     0.029183402      0.15848862      0.15583569     -0.32573014      -0.32573014       252.75261                                252.75261
              2        125.4516       60.062253      0.02902748      0.15893052      0.15524359     -0.32573014      -0.32573014       251.55466                                251.55466
              1       127.00821       60.062253      0.02902748      0.14603804      0.16250982     -0.32573014      -0.32573014       254.66788                                254.66788
              3       125.80452       60.062253      0.02902748       0.1503089      0.15183152     -0.32573014      -0.32573014        252.2605                                 252.2605
              1       126.38184        60.01315     0.027403516      0.15063762      0.15356485     -0.32573014      -0.32573014       253.41514                                253.41514
              3       127.23186        60.01315     0.027403516      0.14793298       0.1498727     -0.32573014      -0.32573014       255.11517                                255.11517
              3       128.42923       60.072568     0.027231663       0.1474245      0.15100817     -0.32573014      -0.32573014       257.50993                                257.50993
              3       125.80483       60.012734     0.028774132      0.15151743      0.14705917     -0.32573014      -0.32573014       252.26112                                252.26112
              7       124.83319       60.012734     0.028774132      0.15579629      0.15710833     -0.32573014      -0.32573014       250.31784                                250.31784
              1       125.18182       60.087307     0.029613323       0.1552484      0.15700736     -0.32573014      -0.32573014        251.0151                                 251.0151
              1       125.44022       60.087307     0.029613323      0.15636678      0.16019354     -0.32573014      -0.32573014        251.5319                                 251.5319
              4       125.04496       60.072573     0.029687221      0.15209767      0.15733591     -0.32573014      -0.32573014       250.74138                                250.74138
              1       126.93742       60.144441     0.029767342      0.14687813      0.15835688     -0.32573014      -0.32573014       254.52629                                254.52629
              3       126.41356       60.144441     0.029767342      0.15264397      0.16183769     -0.32573014      -0.32573014       253.47859                                253.47859
              3       126.14339       60.144441     0.029767342      0.15302723      0.15986564     -0.32573014      -0.32573014       252.93825                                252.93825
              3       125.88881       60.144441     0.029767342      0.15668427      0.15471534     -0.32573014      -0.32573014       252.42908                                252.42908
              2       125.23068       60.071228     0.029391173       0.1583567      0.15525034     -0.32573014      -0.32573014       251.11281                                251.11281
              3       125.20382       60.071228     0.029391173      0.15475723      0.15285184     -0.32573014      -0.32573014       251.05909                                251.05909
              1       127.18202       60.186064     0.029098874      0.15377791       0.1549887     -0.32573014      -0.32573014        255.0155                                 255.0155
              3       124.44223       60.034675      0.02970056      0.15508747      0.15185868     -0.32573014      -0.32573014       249.53591                                249.53591
              3       124.41227       60.034675      0.02970056      0.15387073      0.15763623     -0.32573014      -0.32573014       249.47601                                249.47601
             12        124.9325       60.034675      0.02970056      0.15317605      0.16183358     -0.32573014      -0.32573014       250.51647                                250.51647
              2       124.68399       60.034675      0.02970056      0.15275927      0.16002967     -0.32573014      -0.32573014       250.01945                                250.01945
              1       124.71702       60.034675      0.02970056      0.14931129      0.15388921     -0.32573014      -0.32573014       250.08551                                250.08551
              2       124.73948       60.034675      0.02970056      0.15880551      0.15083637     -0.32573014      -0.32573014       250.13042                                250.13042
              1       124.61218       60.034675      0.02970056      0.15817247      0.15153972     -0.32573014      -0.32573014       249.87582                                249.87582
              4        124.6422       60.034675      0.02970056      0.15764766      0.15080176     -0.32573014      -0.32573014       249.93587                                249.93587
              1       126.18223       60.034675      0.02970056      0.16592451      0.15983508     -0.32573014      -0.32573014       253.01591                                253.01591
              1       126.12153       60.034675      0.02970056      0.16287313      0.16383686     -0.32573014      -0.32573014       252.89452                                252.89452
              3       125.46251       60.034675      0.02970056      0.16360324      0.15860081     -0.32573014      -0.32573014       251.57648                                251.57648
              5       124.91139       60.034675      0.02970056      0.15895238      0.16050054     -0.32573014      -0.32573014       250.47423                                250.47423
              3       127.35536       60.034675      0.02970056      0.15278015      0.17043556     -0.32573014      -0.32573014       255.36219                                255.36219
              1       127.44622       60.034675      0.02970056      0.16698791      0.16494948     -0.32573014      -0.32573014        255.5439                                 255.5439
              3       127.48974       60.045044     0.029774749      0.16690808      0.16499693     -0.32573014      -0.32573014       255.63094                                255.63094
              4       126.08535       60.045044     0.029774749      0.16549076      0.15947168     -0.32573014      -0.32573014       252.82216                                252.82216
              2       125.25473       60.045044     0.029774749      0.16223113      0.15151111     -0.32573014      -0.32573014       251.16092                                251.16092
              4       124.86039       60.045044     0.029774749      0.15466593       0.1490486     -0.32573014      -0.32573014       250.37225                                250.37225
              3       124.47599       60.045044     0.029774749      0.15617253      0.15305051     -0.32573014      -0.32573014       249.60344                                249.60344
              3       124.62879       60.045044     0.029774749      0.15893601      0.15398843     -0.32573014      -0.32573014       249.90905                                249.90905
              3       125.86272       60.045044     0.029774749      0.15733457      0.14459566     -0.32573014      -0.32573014        252.3769                                 252.3769
              2       125.86175       60.045044     0.029774749      0.14799801      0.14682096     -0.32573014      -0.32573014       252.37497                                252.37497
              2       125.74632       60.045044     0.029774749      0.15225447      0.14508282     -0.32573014      -0.32573014        252.1441                                 252.1441
              1       129.07948       60.045044     0.029774749       0.1739208      0.15318741     -0.32573014      -0.32573014       258.81041                                258.81041
              2        126.3604       60.045044     0.029774749      0.16692985       0.1579157     -0.32573014      -0.32573014       253.37227                                253.37227
              2       126.41968       60.057356     0.029856479      0.16683453      0.15798122     -0.32573014      -0.32573014       253.49082                                253.49082
              1       127.31313       60.057356     0.029856479      0.16897509      0.15991803     -0.32573014      -0.32573014       255.27772                                255.27772
              2       126.86218       60.057356     0.029856479       0.1600048      0.14247157     -0.32573014      -0.32573014       254.37582                                254.37582
              3        125.8389       60.057356     0.029856479      0.15911392      0.14578276     -0.32573014      -0.32573014       252.32927                                252.32927
              1       128.25347       60.108933     0.028266243      0.16159208      0.14646179     -0.32573014      -0.32573014       257.15841                                257.15841
              1       126.99509       60.108933     0.028266243      0.15930258      0.16083331     -0.32573014      -0.32573014       254.64165                                254.64165
              2       127.68613       60.163323     0.028411875      0.15972424      0.16136144     -0.32573014      -0.32573014       256.02372                                256.02372
              1       128.41635       60.163323     0.028411875      0.15658599      0.16623823     -0.32573014      -0.32573014       257.48416                                257.48416
              1       128.74768       60.182122     0.028348988      0.15686788      0.16643245     -0.32573014      -0.32573014       258.14681                                258.14681
              1       127.77618       60.182122     0.028348988      0.16002752       0.1574994     -0.32573014      -0.32573014       256.20382                                256.20382
              1       127.80069       60.182122     0.028348988      0.16010408      0.15835079     -0.32573014      -0.32573014       256.25284                                256.25284
              3        127.2963       60.132454     0.027966843      0.15517975      0.15834822     -0.32573014      -0.32573014       255.24405                                255.24405
              3       124.57909       60.052695     0.029898513       0.1519818      0.15735256     -0.32573014      -0.32573014       249.80964                                249.80964
              1       124.55468       60.052695     0.029898513      0.15214914      0.15712288     -0.32573014      -0.32573014       249.76081                                249.76081
              1       125.33687       60.052695     0.029898513      0.16319925       0.1532174     -0.32573014      -0.32573014       251.32519                                251.32519
              5       125.34259       60.052695     0.029898513      0.15537238      0.16368916     -0.32573014      -0.32573014       251.33663                                251.33663
              1       125.06418       60.038365     0.029986513      0.15510932      0.16353698     -0.32573014      -0.32573014       250.77982                                250.77982
              6       125.11626       60.038365     0.029986513      0.16141549      0.14916964     -0.32573014      -0.32573014       250.88398                                250.88398
              7       124.89965       60.038365     0.029986513      0.16118439       0.1505712     -0.32573014      -0.32573014       250.45076                                250.45076
              1       124.78726       60.038365     0.029986513        0.161848      0.15407162     -0.32573014      -0.32573014       250.22597                                250.22597
              1       124.75942       60.038365     0.029986513      0.14804168      0.15725554     -0.32573014      -0.32573014        250.1703                                 250.1703
              3       124.73818       60.038365     0.029986513      0.14799576      0.15669677     -0.32573014      -0.32573014       250.12783                                250.12783
              4       124.47472       60.038365     0.029986513      0.15817043      0.15097247     -0.32573014      -0.32573014        249.6009                                 249.6009
              1       124.66857       60.038365     0.029986513      0.16121342      0.15465494     -0.32573014      -0.32573014        249.9886                                 249.9886
              1       124.93067       60.038365     0.029986513      0.16036775      0.14930945     -0.32573014      -0.32573014       250.51279                                250.51279
              7       124.96024       60.037299     0.029941676      0.16040997      0.14930343     -0.32573014      -0.32573014       250.57193                                250.57193
              4       124.60916       60.037299     0.029941676      0.16050817      0.15651081     -0.32573014      -0.32573014       249.86978                                249.86978
              2       124.19157       60.037299     0.029941676      0.15458977      0.15307188     -0.32573014      -0.32573014       249.03459                                249.03459
              1       124.20769       60.037299     0.029941676      0.15328049      0.15329331     -0.32573014      -0.32573014       249.06683                                249.06683
              2       125.46119       60.037299     0.029941676      0.15343153      0.14478766     -0.32573014      -0.32573014       251.57383                                251.57383
              1       127.32915       60.037299     0.029941676      0.13906719      0.15711359     -0.32573014      -0.32573014       255.30976                                255.30976
              5       124.75672       60.037299     0.029941676      0.15400016      0.16184097     -0.32573014      -0.32573014       250.16489                                250.16489
              2       124.83226       60.037299     0.029941676      0.14888696      0.15939653     -0.32573014      -0.32573014       250.31598                                250.31598
              2       125.04225       60.037299     0.029941676      0.14642638      0.15615554     -0.32573014      -0.32573014       250.73597                                250.73597
              1       125.30016       60.037299     0.029941676      0.14663866      0.15997684     -0.32573014      -0.32573014       251.25179                                251.25179
              1        124.3207       60.037299     0.029941676      0.15460591      0.15122202     -0.32573014      -0.32573014       249.29287                                249.29287
              2       124.60515        60.00647     0.029126252      0.15524818      0.15099823     -0.32573014      -0.32573014       249.86176                                249.86176
              1       125.28085        60.00647     0.029126252      0.14674725      0.15702421     -0.32573014      -0.32573014       251.21317                                251.21317
              2       125.63407        60.00647     0.029126252      0.14570756      0.15877208     -0.32573014      -0.32573014        251.9196                                 251.9196
              2       125.47341       60.012267     0.029500317      0.14532135      0.15879139     -0.32573014      -0.32573014       251.59828                                251.59828
              2       125.32845       60.012267     0.029500317      0.14578805        0.158402     -0.32573014      -0.32573014       251.30835                                251.30835
              4       125.56162       60.012267     0.029500317      0.15040605      0.14530569     -0.32573014      -0.32573014       251.77469                                251.77469
              3       124.60604       60.012267     0.029500317      0.15646396       0.1492467     -0.32573014      -0.32573014       249.86354                                249.86354
              1       124.45645       60.012267     0.029500317      0.15001094      0.15597025     -0.32573014      -0.32573014       249.56436                                249.56436
              6       124.46125       60.012267     0.029500317       0.1548692      0.15980896     -0.32573014      -0.32573014       249.57396                                249.57396
              5       124.51777       60.012267     0.029500317      0.15771434      0.15930902     -0.32573014      -0.32573014         249.687                                  249.687
              2       124.24148         60.0219      0.02999122      0.15722974       0.1593546     -0.32573014      -0.32573014       249.13442                                249.13442
              2       124.27525         60.0219      0.02999122      0.15979798      0.15298916     -0.32573014      -0.32573014       249.20196                                249.20196
              1       124.19549         60.0219      0.02999122      0.15938489      0.15374902     -0.32573014      -0.32573014       249.04245                                249.04245
              9       123.93838         60.0219      0.02999122      0.15250272      0.15439648     -0.32573014      -0.32573014       248.52822                                248.52822
              1       124.37794       60.035334     0.029690368      0.15301189      0.15456165     -0.32573014      -0.32573014       249.40734                                249.40734
              2        127.0807       60.035334     0.029690368        0.165716      0.16493649     -0.32573014      -0.32573014       254.81287                                254.81287
              3       124.57126       60.035334     0.029690368      0.15913845      0.15511436     -0.32573014      -0.32573014       249.79398                                249.79398
              2       125.62388       60.035334     0.029690368      0.16337551      0.16036264     -0.32573014      -0.32573014       251.89923                                251.89923
              1       125.61395       60.035334     0.029690368      0.14812113      0.16253784     -0.32573014      -0.32573014       251.87937                                251.87937
              1       125.47155        60.05711     0.029650972      0.14729388      0.15388779     -0.32573014      -0.32573014       251.59456                                251.59456
              1        125.2677        60.05711     0.029650972      0.15662292      0.14862451     -0.32573014      -0.32573014       251.18685                                251.18685
              2        125.4664        60.05711     0.029650972      0.15541288      0.14737025     -0.32573014      -0.32573014       251.58426                                251.58426
              5       126.78493        60.05711     0.029650972      0.16317018      0.14525064     -0.32573014      -0.32573014       254.22132                                254.22132
              1       126.82132       60.043526     0.029437434       0.1632779        0.145137     -0.32573014      -0.32573014        254.2941                                 254.2941
              1       126.10668       60.043526     0.029437434      0.16331472      0.16192621     -0.32573014      -0.32573014       252.86482                                252.86482
              1       125.83524       60.043526     0.029437434      0.16192874      0.16190908     -0.32573014      -0.32573014       252.32194                                252.32194
              1       126.56347       60.043526     0.029437434      0.16403724      0.16350746     -0.32573014      -0.32573014       253.77841                                253.77841
              3       125.95777       60.043526     0.029437434      0.16408962      0.15962443     -0.32573014      -0.32573014       252.56701                                252.56701
              1       125.18384       60.043526     0.029437434      0.15082341      0.15043904     -0.32573014      -0.32573014       251.01914                                251.01914
              1        126.3607       60.043526     0.029437434      0.16619629      0.15241112     -0.32573014      -0.32573014       253.37287                                253.37287
              2       126.79295       60.043526     0.029437434      0.16542649      0.16293707     -0.32573014      -0.32573014       254.23735                                254.23735
              1       126.85314       60.043526     0.029437434      0.16538347      0.16329838     -0.32573014      -0.32573014       254.35775                                254.35775
              2       126.61001       60.043526     0.029437434      0.14329568      0.15909121     -0.32573014      -0.32573014       253.87148                                253.87148
              2        125.6884       60.043526     0.029437434      0.15060851      0.16307148     -0.32573014      -0.32573014       252.02826                                252.02826
              2        125.1921       60.043526     0.029437434      0.16134309      0.15632494     -0.32573014      -0.32573014       251.03566                                251.03566
              1        125.4985       60.043526     0.029437434      0.14875681      0.15012953     -0.32573014      -0.32573014       251.64846                                251.64846
              1       125.26574       60.027005     0.029485362      0.14849987      0.14969084     -0.32573014      -0.32573014       251.18294                                251.18294
              2       125.20162       60.027005     0.029485362      0.16006009       0.1489674     -0.32573014      -0.32573014       251.05469                                251.05469
              2       125.28859       60.027005     0.029485362      0.15972624      0.14817265     -0.32573014      -0.32573014       251.22863                                251.22863
              2       124.93307       60.027005     0.029485362      0.15568233      0.14853502     -0.32573014      -0.32573014       250.51761                                250.51761
              4       124.48004       60.027005     0.029485362      0.15727649      0.15388696     -0.32573014      -0.32573014       249.61153                                249.61153
              4       124.61196       60.027005     0.029485362      0.15204684      0.15820868     -0.32573014      -0.32573014       249.87537                                249.87537
              5       126.91838       60.027005     0.029485362      0.14868318      0.16781964     -0.32573014      -0.32573014       254.48821                                254.48821
              3       125.82107       60.027005     0.029485362      0.14764475      0.16289684     -0.32573014      -0.32573014       252.29361                                252.29361
              2       126.70816       60.027005     0.029485362      0.14147762      0.15683138     -0.32573014      -0.32573014       254.06779                                254.06779
              1       124.88853       60.027005     0.029485362      0.15004484      0.15911741     -0.32573014      -0.32573014       250.42852                                250.42852
              1       125.28577       60.027005     0.029485362      0.14845077      0.16053238     -0.32573014      -0.32573014         251.223                                  251.223
              2       124.97414       60.027005     0.029485362      0.15050678      0.16031105     -0.32573014      -0.32573014       250.59975                                250.59975
              2       125.08529       60.027005     0.029485362      0.15277978      0.16221735     -0.32573014      -0.32573014       250.82203                                250.82203
              3       125.19275       60.058606     0.029964136       0.1525508      0.16248357     -0.32573014      -0.32573014       251.03695                                251.03695
             15       125.20302       60.058606     0.029964136      0.15215473      0.16240036     -0.32573014      -0.32573014       251.05749                                251.05749
              6       125.47078       60.058606     0.029964136      0.16359803      0.15282403     -0.32573014      -0.32573014       251.59302                                251.59302
              3       125.45999       60.058606     0.029964136      0.16358653      0.15297236     -0.32573014      -0.32573014       251.57145                                251.57145
              4       125.67775       60.068371     0.029894425       0.1637775      0.15307706     -0.32573014      -0.32573014       252.00695                                252.00695
              1       124.85987       60.068371     0.029894425       0.1539976      0.15117593     -0.32573014      -0.32573014       250.37121                                250.37121
              2       125.57324       60.068371     0.029894425      0.15455223      0.14662843     -0.32573014      -0.32573014       251.79794                                251.79794
              4       124.93891       60.068371     0.029894425      0.15380402      0.15994882     -0.32573014      -0.32573014       250.52928                                250.52928
              3       126.02081       60.090012     0.028931006      0.15519997      0.16026427     -0.32573014      -0.32573014       252.69308                                252.69308
              4       126.81873       60.090012     0.028931006      0.16462353      0.15451833     -0.32573014      -0.32573014       254.28892                                254.28892
              5       126.62797       60.059059     0.028664405      0.16460448      0.15423671     -0.32573014      -0.32573014       253.90741                                253.90741
              1       125.77979       60.059059     0.028664405       0.1531949      0.15925215     -0.32573014      -0.32573014       252.21105                                252.21105
              1       126.70359       60.075621     0.027803052      0.15441239      0.15950636     -0.32573014      -0.32573014       254.05864                                254.05864
              1       126.80845       60.078357     0.027760805       0.1552421      0.15267361     -0.32573014      -0.32573014       254.26836                                254.26836
              1       127.34726       60.078357     0.027760805      0.16341935      0.15412091     -0.32573014      -0.32573014       255.34598                                255.34598
              1       127.29175       60.086736     0.027724894      0.16213837      0.15392154     -0.32573014      -0.32573014       255.23497                                255.23497
              2       126.79992       60.086736     0.027724894      0.15734708      0.15753584     -0.32573014      -0.32573014       254.25131                                254.25131
              1       126.88465       60.086736     0.027724894      0.15351405      0.15746964     -0.32573014      -0.32573014       254.42076                                254.42076
              1       129.37011       60.261336     0.027849517      0.15527994      0.15920037     -0.32573014      -0.32573014       259.39168                                259.39168
              1       128.64758       60.253032      0.02857948      0.15431106      0.15904218     -0.32573014      -0.32573014       257.94662                                257.94662
              2       128.90389       60.253032      0.02857948      0.16227944      0.15481071     -0.32573014      -0.32573014       258.45924                                258.45924
              2       128.62847       60.253032      0.02857948      0.16025468      0.15625132     -0.32573014      -0.32573014       257.90841                                257.90841
              3       129.16283       60.253032      0.02857948      0.16122865      0.16373962     -0.32573014      -0.32573014       258.97712                                258.97712
              1       128.86832       60.286563     0.029500236      0.16048936      0.16397952     -0.32573014      -0.32573014       258.38809                                258.38809
              2       128.24141       60.286563     0.029500236      0.15520976      0.15720425     -0.32573014      -0.32573014       257.13428                                257.13428
              5       128.45074       60.286563     0.029500236      0.15348243      0.15483976     -0.32573014      -0.32573014       257.55293                                257.55293
              1        126.9529       60.137868     0.029931024      0.14563974      0.15364288     -0.32573014      -0.32573014       254.55725                                254.55725
              1       126.67066       60.061689     0.028827321      0.14613107      0.15299595     -0.32573014      -0.32573014       253.99278                                253.99278
              4       128.72963       60.159882     0.027771519      0.16027352      0.14934653     -0.32573014      -0.32573014       258.11072                                258.11072
              3       128.54088       60.228793     0.028976572      0.15958057      0.14991043     -0.32573014      -0.32573014       257.73322                                257.73322
              1       128.06084       60.091229     0.027424885      0.15993706      0.14869669     -0.32573014      -0.32573014       256.77314                                256.77314
              2        128.7124       60.091229     0.027424885       0.1665655      0.15165953     -0.32573014      -0.32573014       258.07625                                258.07625
              1       127.28192       60.091229     0.027424885      0.15736334      0.16042937     -0.32573014      -0.32573014       255.21529                                255.21529
              1       127.36314       60.091229     0.027424885      0.15882075       0.1606632     -0.32573014      -0.32573014       255.37774                                255.37774
              1       127.67435       60.091229     0.027424885      0.15705434      0.14999225     -0.32573014      -0.32573014       256.00015                                256.00015
              1         126.772       60.080004     0.028210309      0.15598671      0.14979917     -0.32573014      -0.32573014       254.19545                                254.19545
              9       126.61639       60.080004     0.028210309      0.15636383      0.15086228     -0.32573014      -0.32573014       253.88424                                253.88424
              2       126.47299        60.11976     0.028997509      0.15585344      0.15117812     -0.32573014      -0.32573014       253.59744                                253.59744
              2       126.48683        60.11976     0.028997509      0.15568301      0.15107512     -0.32573014      -0.32573014       253.62511                                253.62511
              1       126.59767        60.11976     0.028997509      0.15484819      0.15037154     -0.32573014      -0.32573014       253.84679                                253.84679
              1        126.7293       60.125793     0.028948021      0.15494444       0.1504487     -0.32573014      -0.32573014       254.11007                                254.11007
              2       127.33167       60.125793     0.028948021      0.15105201      0.14865842     -0.32573014      -0.32573014        255.3148                                 255.3148
              1       128.02964       60.125793     0.028948021      0.16218598        0.146258     -0.32573014      -0.32573014       256.71075                                256.71075
              1       127.27688       60.021083      0.02810052      0.16156517      0.14546229     -0.32573014      -0.32573014       255.20523                                255.20523
              2       128.69605       60.021083      0.02810052      0.14450739      0.14422437     -0.32573014      -0.32573014       258.04356                                258.04356
              1       125.91251       60.021083      0.02810052      0.15118171      0.15185516     -0.32573014      -0.32573014       252.47647                                252.47647
              7       125.80969       60.021083      0.02810052      0.15141552      0.15275549     -0.32573014      -0.32573014       252.27085                                252.27085
              6       125.83997       60.021083      0.02810052      0.15193584      0.15181807     -0.32573014      -0.32573014        252.3314                                 252.3314
              1       127.98683       60.021083      0.02810052      0.15127575      0.16917819     -0.32573014      -0.32573014       256.62512                                256.62512
              2       128.54647       60.021083      0.02810052      0.15085516      0.17061476     -0.32573014      -0.32573014        257.7444                                 257.7444
              7       127.02892       60.021083      0.02810052      0.14922301      0.16482599     -0.32573014      -0.32573014        254.7093                                 254.7093
              2       128.01649       60.021083      0.02810052      0.15304707      0.16970407     -0.32573014      -0.32573014       256.68445                                256.68445
              1       128.71048       60.021083      0.02810052      0.13961287      0.15564701     -0.32573014      -0.32573014       258.07241                                258.07241
              1       128.68675       60.021553     0.028137478      0.13959526      0.15564002     -0.32573014      -0.32573014       258.02496                                258.02496
              1       127.14894       60.021553     0.028137478       0.1471905       0.1476995     -0.32573014      -0.32573014       254.94934                                254.94934
              2       127.12393       60.021553     0.028137478      0.14439761      0.15842335     -0.32573014      -0.32573014       254.89932                                254.89932
              4       125.50114       60.021553     0.028137478      0.15688446      0.15451783     -0.32573014      -0.32573014       251.65375                                251.65375
              4       125.52931       60.021553     0.028137478       0.1576012      0.15679141     -0.32573014      -0.32573014       251.71008                                251.71008
              1       123.83168       60.011484     0.029966858      0.15528163      0.15233098     -0.32573014      -0.32573014       248.31482                                248.31482
              1       123.79004       60.011484     0.029966858      0.15540469      0.15608089     -0.32573014      -0.32573014       248.23154                                248.23154
              6       123.89046       60.011484     0.029966858      0.15237113      0.15721171     -0.32573014      -0.32573014       248.43238                                248.43238
              4       124.75888       60.011484     0.029966858      0.14914818      0.16183681     -0.32573014      -0.32573014       250.16923                                250.16923
              2       124.73213       60.011484     0.029966858       0.1497402      0.16210397     -0.32573014      -0.32573014       250.11571                                250.11571
              2       127.50673       60.011484     0.029966858      0.16016833      0.13838802     -0.32573014      -0.32573014       255.66492                                255.66492
              1       127.49041       60.010075      0.02996293      0.16015537      0.13837493     -0.32573014      -0.32573014       255.63229                                255.63229
              5       125.78851       60.010075      0.02996293      0.16598322      0.14935261     -0.32573014      -0.32573014       252.22848                                252.22848
              7       125.55823       60.010075      0.02996293      0.16480104      0.14865279     -0.32573014      -0.32573014       251.76793                                251.76793
              2       128.08299       60.042304     0.027869234       0.1667721      0.14935814     -0.32573014      -0.32573014       256.81745                                256.81745
              2        128.2036       60.051531     0.027888909      0.16686064      0.14944578     -0.32573014      -0.32573014       257.05867                                257.05867
              1       126.57965       60.051531     0.027888909      0.15177279      0.16057303     -0.32573014      -0.32573014       253.81076                                253.81076
              1        126.3493       60.051531     0.027888909      0.15163682      0.15671277     -0.32573014      -0.32573014       253.35006                                253.35006
              2       126.27732       60.032719     0.027694282      0.16020648      0.15448753     -0.32573014      -0.32573014        253.2061                                 253.2061
              1       126.04025       60.024727     0.027829189      0.16003631      0.15436321     -0.32573014      -0.32573014       252.73197                                252.73197
              2       125.81092       60.024727     0.027829189      0.15453064      0.15452325     -0.32573014      -0.32573014        252.2733                                 252.2733
              1        125.0584         60.0264     0.029864016      0.15854557      0.16288046     -0.32573014      -0.32573014       250.76825                                250.76825
              1       124.80649         60.0264     0.029864016      0.14799038      0.15869145     -0.32573014      -0.32573014       250.26444                                250.26444
              9        124.3779         60.0264     0.029864016      0.14984716      0.15633218     -0.32573014      -0.32573014       249.40726                                249.40726
              2       125.80878         60.0264     0.029864016      0.15269009      0.14322848     -0.32573014      -0.32573014       252.26902                                252.26902
              2       124.84802       60.059187     0.029685866      0.15230668       0.1576009     -0.32573014      -0.32573014       250.34749                                250.34749
              1       124.83182       60.059187     0.029685866      0.15170412       0.1559714     -0.32573014      -0.32573014       250.31511                                250.31511
              1       124.50498       60.025569     0.029499617      0.15145199      0.15568858     -0.32573014      -0.32573014       249.66141                                249.66141
              6       124.50005       60.025569     0.029499617      0.15160317      0.15606311     -0.32573014      -0.32573014       249.65156                                249.65156
              4       124.41388       60.025569     0.029499617      0.15282384      0.15423283     -0.32573014      -0.32573014       249.47921                                249.47921
              2       124.54197       60.025569     0.029499617       0.1534063      0.15145887     -0.32573014      -0.32573014       249.73539                                249.73539
              1        124.6511       60.025569     0.029499617      0.15063245      0.15265259     -0.32573014      -0.32573014       249.95366                                249.95366
              1       124.59652       60.025569     0.029499617       0.1510957      0.15278413     -0.32573014      -0.32573014       249.84449                                249.84449
              1       124.80153       60.025569     0.029499617      0.14971751      0.15805512     -0.32573014      -0.32573014       250.25452                                250.25452
              2       126.38546       60.163817     0.029995903      0.15092022      0.15930407     -0.32573014      -0.32573014       253.42238                                253.42238
              1       126.36795       60.163817     0.029995903       0.1507714      0.15882532     -0.32573014      -0.32573014       253.38736                                253.38736
              8       126.24827       60.163817     0.029995903      0.15096985      0.15652454     -0.32573014      -0.32573014       253.14799                                253.14799
              5       126.06942       60.163817     0.029995903       0.1588993      0.15543367     -0.32573014      -0.32573014        252.7903                                 252.7903
              2       126.30015       60.163817     0.029995903      0.15689441      0.16124916     -0.32573014      -0.32573014       253.25175                                253.25175
              1       126.46354       60.164696     0.029816768      0.15701419      0.16131517     -0.32573014      -0.32573014       253.57854                                253.57854
              2       126.92301       60.196134     0.029827114      0.15735076      0.16163184     -0.32573014      -0.32573014       254.49749                                254.49749
              5       126.73574       60.196134     0.029827114       0.1528695      0.15792296     -0.32573014      -0.32573014       254.12294                                254.12294
              1       125.57666       60.079143     0.029171702      0.15199655      0.15694105     -0.32573014      -0.32573014       251.80478                                251.80478
              2       125.44463       60.079143     0.029171702      0.15572353       0.1575145     -0.32573014      -0.32573014       251.54072                                251.54072
              1       125.55391       60.081649     0.029100641      0.15579458      0.15756264     -0.32573014      -0.32573014       251.75929                                251.75929
              1       125.75747       60.081649     0.029100641      0.15169809      0.15787349     -0.32573014      -0.32573014        252.1664                                 252.1664
              4       124.38853       60.002412     0.029370527      0.15066774      0.15698105     -0.32573014      -0.32573014       249.42853                                249.42853
              1       126.74597       60.124397     0.028667177      0.15243106      0.15844668     -0.32573014      -0.32573014       254.14341                                254.14341
              2       126.99725       60.124397     0.028667177      0.15449853      0.16234295     -0.32573014      -0.32573014       254.64596                                254.64596
              3       126.64647       60.124397     0.028667177      0.15927221      0.15554112     -0.32573014      -0.32573014       253.94441                                253.94441
              9       126.63583       60.124397     0.028667177      0.15898706      0.15512557     -0.32573014      -0.32573014       253.92312                                253.92312
              1       127.12675       60.124397     0.028667177      0.15583253      0.14940971     -0.32573014      -0.32573014       254.90497                                254.90497
              1       128.08626       60.124397     0.028667177      0.16096836      0.14630141     -0.32573014      -0.32573014       256.82398                                256.82398
              1       126.68301       60.124397     0.028667177      0.15890062      0.15878898     -0.32573014      -0.32573014       254.01749                                254.01749
              4       126.59077       60.124397     0.028667177      0.15429145      0.15796408     -0.32573014      -0.32573014         253.833                                  253.833
              2       127.62604       60.124397     0.028667177      0.15838088      0.16551055     -0.32573014      -0.32573014       255.90353                                255.90353
              1       127.53041       60.124397     0.028667177      0.15420023      0.16514573     -0.32573014      -0.32573014       255.71229                                255.71229
              2       128.71665       60.124397     0.028667177      0.15599961      0.14314826     -0.32573014      -0.32573014       258.08476                                258.08476
              8       126.92827       60.124397     0.028667177      0.16185403       0.1561156     -0.32573014      -0.32573014       254.50799                                254.50799
              1       128.54937       60.172704     0.028911049      0.16028162      0.16704648     -0.32573014      -0.32573014       257.75019                                257.75019
              1       128.12915       60.172704     0.028911049      0.15472172      0.16593111     -0.32573014      -0.32573014       256.90975                                256.90975
              1       128.40379       60.172704     0.028911049       0.1528818      0.16655154     -0.32573014      -0.32573014       257.45905                                257.45905
              1       127.39861       60.111069     0.028598671      0.15615756      0.14728248     -0.32573014      -0.32573014       255.44867                                255.44867
              2       127.43055       60.111069     0.028598671      0.16027422      0.14817619     -0.32573014      -0.32573014       255.51256                                255.51256
              1       127.14801       60.117057      0.02900315       0.1600907      0.14810827     -0.32573014      -0.32573014       254.94747                                254.94747
              1       127.24087       60.117057      0.02900315      0.16529571      0.15671369     -0.32573014      -0.32573014        255.1332                                 255.1332
              2       127.56844       60.117057      0.02900315      0.16656638      0.15689666     -0.32573014      -0.32573014       255.78834                                255.78834
              1       126.27597       60.117057      0.02900315      0.15912149      0.15460005     -0.32573014      -0.32573014        253.2034                                 253.2034
              1       126.79929       60.134611     0.028704805      0.15949652      0.15487376     -0.32573014      -0.32573014       254.25003                                254.25003
              3       126.75715       60.134611     0.028704805      0.15622169      0.15330397     -0.32573014      -0.32573014       254.16576                                254.16576
              1       128.42955       60.266437     0.029011775      0.15747081      0.15454787     -0.32573014      -0.32573014       257.51056                                257.51056
              1       128.38805       60.266437     0.029011775      0.15646282       0.1553173     -0.32573014      -0.32573014       257.42757                                257.42757
              1       125.22275       60.027956     0.028637327      0.15409182      0.15300938     -0.32573014      -0.32573014       251.09696                                251.09696
              1       127.54812       60.033858      0.02815098      0.14864943       0.1456456     -0.32573014      -0.32573014        255.7477                                 255.7477
              1       127.64893       60.033858      0.02815098      0.14325675      0.15827267     -0.32573014      -0.32573014       255.94932                                255.94932
              1       128.37857       60.132638     0.028972942      0.14382859      0.15901617     -0.32573014      -0.32573014        257.4086                                 257.4086
              4       127.44857       60.132638     0.028972942      0.15300953       0.1650176     -0.32573014      -0.32573014        255.5486                                 255.5486
              2       126.39247       60.132638     0.028972942      0.15665515      0.15746356     -0.32573014      -0.32573014       253.43641                                253.43641
              1       126.24831       60.100209     0.028583539      0.15654097      0.15725756     -0.32573014      -0.32573014       253.14809                                253.14809
              2       126.81605       60.100209     0.028583539      0.14922095       0.1558377     -0.32573014      -0.32573014       254.28355                                254.28355
              1       127.82797       60.100209     0.028583539      0.15359959      0.16721237     -0.32573014      -0.32573014       256.30741                                256.30741
              1       127.66192        60.11243     0.029018072      0.15346558      0.16719831     -0.32573014      -0.32573014        255.9753                                 255.9753
              1       127.36729        60.11243     0.029018072       0.1459712      0.15352788     -0.32573014      -0.32573014       255.38604                                255.38604
              1       127.14399       60.084722     0.029352525      0.15686796      0.16754576     -0.32573014      -0.32573014       254.93945                                254.93945
              2       127.04256       60.084722     0.029352525      0.16615369      0.15130404     -0.32573014      -0.32573014       254.73658                                254.73658
              1       127.79407       60.165115     0.029854328      0.16672191       0.1519624     -0.32573014      -0.32573014       256.23959                                256.23959
              1       129.32871       60.165115     0.029854328      0.14014548      0.15851413     -0.32573014      -0.32573014       259.30887                                259.30887
              1        129.3298       60.165045     0.029851792      0.14014627      0.15851422     -0.32573014      -0.32573014       259.31105                                259.31105
              1       128.13117       60.165045     0.029851792       0.1434478       0.1539062     -0.32573014      -0.32573014       256.91379                                256.91379
              9       126.51505       60.165045     0.029851792      0.15594396      0.15029282     -0.32573014      -0.32573014       253.68156                                253.68156
              3        126.5262       60.144617     0.029797132       0.1589649      0.14929533     -0.32573014      -0.32573014       253.70386                                253.70386
              1       125.03256       60.031439     0.029629283       0.1578336      0.14819689     -0.32573014      -0.32573014       250.71659                                250.71659
              2       125.06726       60.031439     0.029629283      0.15646712      0.16251116     -0.32573014      -0.32573014       250.78598                                250.78598
              3       125.50655       60.036592      0.02918614      0.15679595      0.16270479     -0.32573014      -0.32573014       251.66456                                251.66456
              4       125.58494        60.05715     0.028874505      0.15182862      0.15801701     -0.32573014      -0.32573014       251.82133                                251.82133
              2        125.9152        60.10247     0.029250769       0.1520915       0.1583584     -0.32573014      -0.32573014       252.48185                                252.48185
              2       126.48998        60.10247     0.029250769      0.14820907      0.15293667     -0.32573014      -0.32573014       253.63142                                253.63142
              1       127.84577       60.199893     0.028568578      0.15813452      0.16005575     -0.32573014      -0.32573014       256.34299                                256.34299
              1       127.45849       60.254048     0.029959621      0.15786949      0.16016375     -0.32573014      -0.32573014       255.56844                                255.56844
              1       127.33977       60.254048     0.029959621      0.15741027      0.15837849     -0.32573014      -0.32573014         255.331                                  255.331
              1       125.62518       60.108503     0.029452698      0.15613451      0.15705866     -0.32573014      -0.32573014       251.90182                                251.90182
              1       128.07471       60.108503     0.029452698      0.15439568      0.16978887     -0.32573014      -0.32573014       256.80088                                256.80088
              2       128.07032       60.108503     0.029452698      0.15418107      0.16975577     -0.32573014      -0.32573014        256.7921                                 256.7921
              1       126.13873       60.108503     0.029452698      0.14927992      0.15724571     -0.32573014      -0.32573014       252.92891                                252.92891
              2       124.96629       60.075385      0.02985466      0.15123669      0.15502793     -0.32573014      -0.32573014       250.58404                                250.58404
              3       124.90067       60.047904     0.029466579      0.15117566      0.15487187     -0.32573014      -0.32573014       250.45281                                250.45281
              2       124.66702       60.031846     0.029470627      0.15099801      0.15470714     -0.32573014      -0.32573014        249.9855                                 249.9855
              1       125.14054       60.031846     0.029470627      0.15984078       0.1497754     -0.32573014      -0.32573014       250.93254                                250.93254
              4        124.8366       60.031846     0.029470627      0.15948095      0.15231488     -0.32573014      -0.32573014       250.32466                                250.32466
              1        124.8017       60.031846     0.029470627       0.1589256      0.15196745     -0.32573014      -0.32573014       250.25486                                250.25486
              1       124.66337       60.031846     0.029470627      0.15830205      0.15321427     -0.32573014      -0.32573014       249.97821                                249.97821
              5       124.83212       60.031846     0.029470627      0.15266466      0.15025298     -0.32573014      -0.32573014        250.3157                                 250.3157
              2        125.7289       60.031846     0.029470627      0.14958028      0.16356418     -0.32573014      -0.32573014       252.10926                                252.10926
              5         126.106       60.031846     0.029470627      0.16610386      0.15679453     -0.32573014      -0.32573014       252.86346                                252.86346
              1       126.83249       60.031846     0.029470627      0.16844919      0.15642523     -0.32573014      -0.32573014       254.31645                                254.31645
              1       126.85037       60.031846     0.029470627      0.16459956      0.16480725     -0.32573014      -0.32573014       254.35221                                254.35221
              1       125.08041       60.031846     0.029470627      0.15769732      0.16148922     -0.32573014      -0.32573014       250.81228                                250.81228
              4       125.29069       60.031846     0.029470627      0.16189937      0.15906584     -0.32573014      -0.32573014       251.23284                                251.23284
              7       125.98969       60.031846     0.029470627      0.16353865      0.16183926     -0.32573014      -0.32573014       252.63085                                252.63085
              3       125.28706       60.031846     0.029470627      0.16023036      0.14910679     -0.32573014      -0.32573014       251.22558                                251.22558
              1       125.90304       60.075998     0.029507431       0.1607378      0.14956339     -0.32573014      -0.32573014       252.45754                                252.45754
              2       126.07022       60.075998     0.029507431      0.16132217      0.14904044     -0.32573014      -0.32573014       252.79191                                252.79191
              3       125.72747       60.075998     0.029507431      0.15921955       0.1495217     -0.32573014      -0.32573014       252.10639                                252.10639
              2       128.57965         60.2549     0.029256801      0.16154692      0.15170187     -0.32573014      -0.32573014       257.81077                                257.81077
              2        128.8273         60.2549     0.029256801      0.15679539      0.14883078     -0.32573014      -0.32573014       258.30605                                258.30605
              2       128.93974       60.267969      0.02935052       0.1568894      0.14889755     -0.32573014      -0.32573014       258.53095                                258.53095
              1       129.27536       60.267969      0.02935052      0.16163218      0.14854554     -0.32573014      -0.32573014       259.20218                                259.20218
              2       130.91655       60.267969      0.02935052      0.16276994      0.14333323     -0.32573014      -0.32573014       262.48457                                262.48457
              1       129.56558       60.093667     0.027840713      0.16169242      0.14265714     -0.32573014      -0.32573014       259.78263                                259.78263
              6        126.8286       60.093667     0.027840713      0.15575214      0.15456235     -0.32573014      -0.32573014       254.30866                                254.30866
              1        126.8658       60.093667     0.027840713      0.15555795      0.15396726     -0.32573014      -0.32573014       254.38306                                254.38306
              5       128.10752       60.140239     0.027184689      0.15656462      0.15502252     -0.32573014      -0.32573014        256.8665                                 256.8665
              1       128.61128        60.30243      0.02939163      0.15702313      0.15498952     -0.32573014      -0.32573014       257.87403                                257.87403
              1       129.19185        60.30243      0.02939163      0.16019149      0.16436157     -0.32573014      -0.32573014       259.03516                                259.03516
              1       127.97607       60.256272     0.029931139      0.15926887      0.16340707     -0.32573014      -0.32573014        256.6036                                 256.6036
              2       127.43504       60.256272     0.029931139      0.15542288      0.15488443     -0.32573014      -0.32573014       255.52153                                255.52153
              1       129.47138       60.256272     0.029931139      0.16542652      0.14740223     -0.32573014      -0.32573014       259.59422                                259.59422
              2        129.4706       60.256272     0.029931139      0.16860401      0.15201701     -0.32573014      -0.32573014       259.59267                                259.59267
             11       127.43152       60.256272     0.029931139      0.15899779      0.15649798     -0.32573014      -0.32573014       255.51451                                255.51451
              1       127.99395       60.256272     0.029931139      0.15999046      0.16318285     -0.32573014      -0.32573014       256.63937                                256.63937
              4       127.52629       60.256272     0.029931139      0.15504724      0.16012018     -0.32573014      -0.32573014       255.70405                                255.70405
              2       127.66209       60.256272     0.029931139      0.15915971      0.15270622     -0.32573014      -0.32573014       255.97565                                255.97565
              1       127.93919       60.256272     0.029931139      0.16302771      0.15922154     -0.32573014      -0.32573014       256.52985                                256.52985
              3       128.09271       60.256272     0.029931139      0.16353297      0.16019945     -0.32573014      -0.32573014       256.83688                                256.83688
              2       128.08529        60.25176      0.02986363      0.16352436      0.16020541     -0.32573014      -0.32573014       256.82204                                256.82204
              1       129.82298       60.365415     0.029896902      0.16487231      0.16143154     -0.32573014      -0.32573014       260.29742                                260.29742
              3       129.82247       60.365415     0.029896902       0.1587493      0.16586938     -0.32573014      -0.32573014       260.29641                                260.29641
              1       129.67531       60.347646     0.029751379      0.15863376      0.16579353     -0.32573014      -0.32573014       260.00209                                260.00209
              3       131.18715       60.347646     0.029751379      0.15430067      0.14467706     -0.32573014      -0.32573014       263.02575                                263.02575
              1       129.64992       60.347646     0.029751379      0.15206607      0.15228073     -0.32573014      -0.32573014       259.95131                                259.95131
              1       129.55688       60.347646     0.029751379      0.16230391      0.15212093     -0.32573014      -0.32573014       259.76521                                259.76521
              1       129.77468       60.292971     0.028526409      0.16048783      0.16452046     -0.32573014      -0.32573014       260.20082                                260.20082
              2        130.1834       60.292971     0.028526409      0.15015805       0.1628459     -0.32573014      -0.32573014       261.01826                                261.01826
              1       129.50849       60.292971     0.028526409      0.15278167      0.15613662     -0.32573014      -0.32573014       259.66844                                259.66844
              1       129.52348       60.292971     0.028526409      0.15245847      0.15687136     -0.32573014      -0.32573014       259.69842                                259.69842
              3        129.4442       60.285546     0.028492656      0.15239184      0.15681733     -0.32573014      -0.32573014       259.53986                                259.53986
              2       127.50131       60.161538     0.028673046      0.15077409      0.15530062     -0.32573014      -0.32573014       255.65409                                255.65409
              1       127.27056       60.141874     0.028890853      0.15137553      0.15082006     -0.32573014      -0.32573014       255.19258                                255.19258
              1       127.21983       60.125472     0.028666337      0.15133007       0.1508245     -0.32573014      -0.32573014       255.09113                                255.09113
              4       126.71941       60.125472     0.028666337      0.15426689      0.15974889     -0.32573014      -0.32573014       254.09028                                254.09028
              1       126.95056       60.125472     0.028666337      0.15072998      0.15457353     -0.32573014      -0.32573014       254.55258                                254.55258
              3       128.18776       60.241631      0.02917557      0.15178521      0.15543435     -0.32573014      -0.32573014       257.02698                                257.02698
              1       129.73615       60.241631      0.02917557      0.14470049      0.15806319     -0.32573014      -0.32573014       260.12376                                260.12376
              1       129.33113       60.124222     0.027689544      0.14429288      0.15799498     -0.32573014      -0.32573014       259.31372                                259.31372
              1        128.8759       60.124222     0.027689544      0.14586473       0.1554748     -0.32573014      -0.32573014       258.40326                                258.40326
              1       127.89133       60.124222     0.027689544      0.15771642      0.16330381     -0.32573014      -0.32573014       256.43411                                256.43411
              1       127.36297       60.124222     0.027689544      0.15638726      0.15728454     -0.32573014      -0.32573014        255.3774                                 255.3774
              4       128.68794       60.124222     0.027689544       0.1581468      0.14672185     -0.32573014      -0.32573014       258.02734                                258.02734
              1       128.87833       60.003536     0.025259172      0.15834036       0.1473971     -0.32573014      -0.32573014       258.40813                                258.40813
              1       128.68371       60.011178     0.025641026      0.15817344      0.14716615     -0.32573014      -0.32573014       258.01888                                258.01888
              1       129.67104       60.011178     0.025641026      0.16212512      0.16901786     -0.32573014      -0.32573014       259.99353                                259.99353
              2       129.30386       60.011178     0.025641026      0.16780118      0.16162105     -0.32573014      -0.32573014       259.25919                                259.25919
              2       129.39418       60.012969     0.025574734      0.16786775      0.16169553     -0.32573014      -0.32573014       259.43983                                259.43983
              1       129.49663       60.012969     0.025574734      0.14561631      0.15154842     -0.32573014      -0.32573014       259.64472                                259.64472
              1       128.01798       60.012969     0.025574734      0.15444574      0.15127853     -0.32573014      -0.32573014       256.68742                                256.68742
              8       128.04047       60.199671     0.028849442      0.15447541      0.15063439     -0.32573014      -0.32573014        256.7324                                 256.7324
              2       127.84159       60.199671     0.028849442      0.15789898      0.16228826     -0.32573014      -0.32573014       256.33464                                256.33464
              5       127.95679       60.199671     0.028849442      0.15642909      0.16318754     -0.32573014      -0.32573014       256.56504                                256.56504
              5       127.50875       60.238862     0.029981491      0.15613365      0.16268525     -0.32573014      -0.32573014       255.66897                                255.66897
              1       127.51011       60.238862     0.029981491      0.15616727      0.16269642     -0.32573014      -0.32573014       255.67169                                255.67169
              5       127.45105       60.238862     0.029981491      0.15681056      0.16229236     -0.32573014      -0.32573014       255.55356                                255.55356
              1       127.91454       60.238862     0.029981491       0.1483419      0.15647255     -0.32573014      -0.32573014       256.48053                                256.48053
              2       128.30782       60.238862     0.029981491      0.15448828      0.14698711     -0.32573014      -0.32573014       257.26711                                257.26711
              3       128.34417       60.238862     0.029981491       0.1549265      0.14675894     -0.32573014      -0.32573014       257.33979                                257.33979
              1       128.17199       60.018265     0.026209151      0.15482571      0.14744005     -0.32573014      -0.32573014       256.99544                                256.99544
              1       127.37845       60.018265     0.026209151       0.1528139      0.16009565     -0.32573014      -0.32573014       255.40837                                255.40837
              2       128.02764       60.018265     0.026209151      0.15574933      0.16542199     -0.32573014      -0.32573014       256.70673                                256.70673
              1       126.38989       60.053836     0.028575244      0.15457302      0.16386101     -0.32573014      -0.32573014       253.43124                                253.43124
              1         126.923       60.053836     0.028575244      0.15288776      0.16585066     -0.32573014      -0.32573014       254.49746                                254.49746
              2       126.64274       60.053836     0.028575244      0.14920344       0.1625111     -0.32573014      -0.32573014       253.93695                                253.93695
              2       126.45143       60.069383     0.029046186       0.1490714      0.16229379     -0.32573014      -0.32573014       253.55431                                253.55431
              1       125.60942       60.069383     0.029046186      0.15204701      0.15821165     -0.32573014      -0.32573014        251.8703                                 251.8703
              2       125.47216       60.076492     0.029324245      0.15194409      0.15806051     -0.32573014      -0.32573014       251.59579                                251.59579
              2       125.57769       60.076492     0.029324245      0.15831226      0.15981263     -0.32573014      -0.32573014       251.80684                                251.80684
              2       126.28598       60.076492     0.029324245      0.15928082      0.16380649     -0.32573014      -0.32573014       253.22341                                253.22341
              1       126.78942       60.076492     0.029324245      0.16543771      0.16010267     -0.32573014      -0.32573014        254.2303                                 254.2303
              1       128.45456       60.076492     0.029324245      0.16816319      0.16506249     -0.32573014      -0.32573014       257.56057                                257.56057
              2         129.297        60.08208     0.028559666      0.16874929      0.16575532     -0.32573014      -0.32573014       259.24545                                259.24545
              1        127.8568        60.08208     0.028559666      0.16780947      0.15790115     -0.32573014      -0.32573014       256.36505                                256.36505
              1       127.35047        60.08208     0.028559666      0.14589716        0.153141     -0.32573014      -0.32573014        255.3524                                 255.3524
              3        127.4492        60.08208     0.028559666      0.14958604      0.14728287     -0.32573014      -0.32573014       255.54985                                255.54985
              1       127.32387        60.08208     0.028559666      0.14835038      0.14900085     -0.32573014      -0.32573014        255.2992                                 255.2992
              3       128.81295       60.163712     0.028108555       0.1496408      0.15027365     -0.32573014      -0.32573014       258.27736                                258.27736
              2       129.69581       60.211497     0.027845849      0.15039525      0.15101758     -0.32573014      -0.32573014       260.04307                                260.04307
              1       129.92513       60.211497     0.027845849      0.16248819      0.14838689     -0.32573014      -0.32573014       260.50172                                260.50172
              1       129.68832       60.207845     0.028065981      0.16229481      0.14816489     -0.32573014      -0.32573014        260.0281                                 260.0281
              1       128.91988       60.207845     0.028065981      0.16335573      0.15381663     -0.32573014      -0.32573014       258.49123                                258.49123
              1       129.36608       60.207845     0.028065981      0.16581606      0.15397982     -0.32573014      -0.32573014       259.38362                                259.38362
              1       127.44337       60.132058     0.028938692      0.16431008      0.15242343     -0.32573014      -0.32573014        255.5382                                 255.5382
              1       127.34502       60.132058     0.028938692      0.16398172      0.15985887     -0.32573014      -0.32573014        255.3415                                 255.3415
              1         128.224       60.132058     0.028938692      0.15769558      0.16826532     -0.32573014      -0.32573014       257.09946                                257.09946
              3       127.34241       60.028973     0.027403507      0.14746498      0.16040304     -0.32573014      -0.32573014       255.33628                                255.33628
              2       126.08904       60.135909      0.02944286      0.15753903      0.15428105     -0.32573014      -0.32573014       252.82954                                252.82954
              2       125.83911       60.124046     0.029530992      0.15733618      0.15407745     -0.32573014      -0.32573014       252.32968                                252.32968
              3       126.69082       60.174167     0.029384702      0.15803982      0.15475104     -0.32573014      -0.32573014       254.03311                                254.03311
              1       126.71602       60.174167     0.029384702      0.15750885      0.15389074     -0.32573014      -0.32573014        254.0835                                 254.0835
              2       129.26402       60.174167     0.029384702      0.15509865      0.14197662     -0.32573014      -0.32573014        259.1795                                 259.1795
              4       127.41796       60.174167     0.029384702      0.15163685      0.16297258     -0.32573014      -0.32573014       255.48739                                255.48739
              2       127.49465       60.162476     0.029122087      0.15167405      0.16306044     -0.32573014      -0.32573014       255.64075                                255.64075
              5       127.65932       60.162476     0.029122087      0.14783803      0.15412124     -0.32573014      -0.32573014       255.97009                                255.97009
              1       127.11966       60.162476     0.029122087      0.16181954      0.15839653     -0.32573014      -0.32573014       254.89079                                254.89079
              2       126.93931       60.162476     0.029122087      0.15183673      0.15722863     -0.32573014      -0.32573014       254.53009                                254.53009
              2       128.21707       60.162476     0.029122087      0.14914108      0.14809027     -0.32573014      -0.32573014        257.0856                                 257.0856
              1       128.84596       60.168986     0.029174223      0.16271287      0.14527593     -0.32573014      -0.32573014       258.34338                                258.34338
              3       128.34383       60.168986     0.029174223      0.16311782      0.14751571     -0.32573014      -0.32573014       257.33912                                257.33912
              2       126.81391       60.168986     0.029174223      0.15531854      0.15886821     -0.32573014      -0.32573014       254.27929                                254.27929
              1       126.12578       60.126413      0.02924261      0.15475877      0.15834218     -0.32573014      -0.32573014       252.90303                                252.90303
              3       126.14931       60.126413      0.02924261       0.1547557      0.15872432     -0.32573014      -0.32573014       252.95007                                252.95007
              1       126.07843       60.126413      0.02924261      0.15622603      0.15765711     -0.32573014      -0.32573014       252.80832                                252.80832
              4        127.2491       60.126413      0.02924261      0.16017519      0.16486636     -0.32573014      -0.32573014       255.14967                                255.14967
              1       130.13005       60.126413      0.02924261      0.15679106       0.1740906     -0.32573014      -0.32573014       260.91156                                260.91156
              1       127.39809       60.126413      0.02924261      0.16021407      0.16549935     -0.32573014      -0.32573014       255.44765                                255.44765
              1       128.86891       60.126413      0.02924261      0.16372392      0.16882432     -0.32573014      -0.32573014       258.38927                                258.38927
              1       128.87194       60.114966     0.029056013      0.16371248      0.16885211     -0.32573014      -0.32573014       258.39533                                258.39533
              1       130.48615       60.114966     0.029056013      0.15961446      0.17451021     -0.32573014      -0.32573014       261.62376                                261.62376
              4       126.95391       60.114966     0.029056013      0.16221253      0.16174394     -0.32573014      -0.32573014       254.55929                                254.55929
              3       126.79231       60.109357     0.029136673      0.16209016      0.16161548     -0.32573014      -0.32573014       254.23609                                254.23609
              1       126.76832       60.109357     0.029136673      0.16167564      0.16189519     -0.32573014      -0.32573014       254.18809                                254.18809
              4        126.2099       60.042138     0.028624852      0.16121232      0.16157631     -0.32573014      -0.32573014       253.07127                                253.07127
              2       125.79998       60.042138     0.028624852      0.16081497      0.15829802     -0.32573014      -0.32573014       252.25141                                252.25141
              2       126.89432       60.042138     0.028624852      0.15358319      0.14470473     -0.32573014      -0.32573014       254.44011                                254.44011
              5       128.05226       60.042138     0.028624852      0.14931592      0.14233325     -0.32573014      -0.32573014       256.75598                                256.75598
              1       127.90287       60.042138     0.028624852      0.15135814      0.14199058     -0.32573014      -0.32573014       256.45719                                256.45719
              4        127.0916       60.046426     0.029815008       0.1506024      0.14105534     -0.32573014      -0.32573014       254.83466                                254.83466
              6       127.15473       60.046426     0.029815008       0.1411252       0.1497223     -0.32573014      -0.32573014       254.96093                                254.96093
              2       125.48747       60.046426     0.029815008      0.15518765      0.14573444     -0.32573014      -0.32573014        251.6264                                 251.6264
              1       125.22755       60.046426     0.029815008      0.15183398      0.16264634     -0.32573014      -0.32573014       251.10656                                251.10656
              1       127.69468       60.107138     0.028087941       0.1537378      0.16474176     -0.32573014      -0.32573014       256.04082                                256.04082
              2       127.10978       60.107138     0.028087941      0.15212125      0.15967786     -0.32573014      -0.32573014       254.87102                                254.87102
              1       127.29694       60.114051     0.027990232       0.1522445      0.15980585     -0.32573014      -0.32573014       255.24534                                255.24534
              3       128.85299       60.114051     0.027990232        0.154014      0.16870355     -0.32573014      -0.32573014       258.35744                                258.35744
              1       128.77453       60.114051     0.027990232      0.15430179      0.16849813     -0.32573014      -0.32573014       258.20052                                258.20052
              1       129.71983        60.27041     0.029400177      0.15486447      0.16866678     -0.32573014      -0.32573014       260.09112                                260.09112
              1       129.30417        60.27041     0.029400177      0.15274741      0.16634646     -0.32573014      -0.32573014        259.2598                                 259.2598
              1       128.33234        60.03632     0.026742012      0.15224139      0.16650615     -0.32573014      -0.32573014       257.31614                                257.31614
              1       127.80271        60.03632     0.026742012      0.15492395      0.16503957     -0.32573014      -0.32573014       256.25687                                256.25687
              1       127.98375       60.221867     0.029495457      0.15492766      0.16442609     -0.32573014      -0.32573014       256.61896                                256.61896
              1       128.06073       60.221867     0.029495457      0.15967783      0.16439095     -0.32573014      -0.32573014       256.77292                                256.77292
              4       127.91464       60.221867     0.029495457      0.16299162      0.16055222     -0.32573014      -0.32573014       256.48074                                256.48074
              3       128.96034       60.221867     0.029495457      0.16167694      0.14622827     -0.32573014      -0.32573014       258.57214                                258.57214
              4       128.39935       60.221867     0.029495457      0.16464264      0.15150468     -0.32573014      -0.32573014       257.45016                                257.45016
              1       128.39065       60.221867     0.029495457       0.1545456      0.14740787     -0.32573014      -0.32573014       257.43277                                257.43277
              1        128.8208       60.030068     0.025426056       0.1552936      0.14896326     -0.32573014      -0.32573014       258.29306                                258.29306
              2       128.70015       60.030068     0.025426056      0.14938266      0.15881844     -0.32573014      -0.32573014       258.05177                                258.05177
              4       126.65003       60.022408     0.027690728      0.14792065      0.15705253     -0.32573014      -0.32573014       253.95151                                253.95151
              3       126.01989       60.022408     0.027690728      0.15704157      0.15257426     -0.32573014      -0.32573014       252.69123                                252.69123
              4       126.08798       60.071218     0.028425271      0.15683817      0.15275647     -0.32573014      -0.32573014       252.82743                                252.82743
              2       126.70275       60.071218     0.028425271      0.15367939      0.14853558     -0.32573014      -0.32573014       254.05697                                254.05697
              1       126.86251       60.071218     0.028425271      0.15830222      0.14783592     -0.32573014      -0.32573014       254.37648                                254.37648
              1       127.29454       60.071218     0.028425271      0.16594585      0.15418151     -0.32573014      -0.32573014       255.24053                                255.24053
              2       127.47464       60.089828     0.028533732       0.1660493      0.15424628     -0.32573014      -0.32573014       255.60073                                255.60073
              2       127.12575       60.089828     0.028533732      0.15476785       0.1649971     -0.32573014      -0.32573014       254.90297                                254.90297
              1       126.90095       60.089828     0.028533732      0.15340902      0.14867409     -0.32573014      -0.32573014       254.45336                                254.45336
              1       126.45007       60.089828     0.028533732      0.15640634      0.15104001     -0.32573014      -0.32573014       253.55159                                253.55159
              1       126.20238       60.089828     0.028533732      0.15415925      0.15430132     -0.32573014      -0.32573014       253.05623                                253.05623
              2       126.00948       60.013573     0.027431618       0.1541396      0.15453124     -0.32573014      -0.32573014       252.67042                                252.67042
              1        125.9672       60.013573     0.027431618      0.15460851      0.15557787     -0.32573014      -0.32573014       252.58587                                252.58587
              2       126.53306       60.013573     0.027431618       0.1493615      0.15815722     -0.32573014      -0.32573014       253.71758                                253.71758
              3       126.68657       60.013573     0.027431618      0.14957301      0.16043099     -0.32573014      -0.32573014        254.0246                                 254.0246
              1        127.8324       60.013573     0.027431618      0.16693995      0.15111257     -0.32573014      -0.32573014       256.31625                                256.31625
              1       128.28081       60.013573     0.027431618      0.16879933      0.15225263     -0.32573014      -0.32573014       257.21309                                257.21309
              1       127.83904       60.106799     0.029534576      0.16835894       0.1514025     -0.32573014      -0.32573014       256.32955                                256.32955
              1       127.33196       60.078847     0.029644745      0.16803571      0.15109954     -0.32573014      -0.32573014       255.31538                                255.31538
              2       127.16973       60.078847     0.029644745      0.16756659      0.15120939     -0.32573014      -0.32573014       254.99093                                254.99093
              1       125.90093       60.078847     0.029644745      0.15884877      0.14783478     -0.32573014      -0.32573014       252.45333                                252.45333
              2       125.72431       60.071497     0.029727585      0.15873066      0.14771455     -0.32573014      -0.32573014       252.10008                                252.10008
              1       125.12905       60.071497     0.029727585      0.15688209      0.15077018     -0.32573014      -0.32573014       250.90956                                250.90956
              5       125.67128       60.071497     0.029727585      0.15375211      0.14726775     -0.32573014      -0.32573014       251.99403                                251.99403
             10       125.75223       60.071497     0.029727585      0.15481979      0.14677155     -0.32573014      -0.32573014       252.15591                                252.15591
              4       125.72024       60.071497     0.029727585      0.15275849       0.1472606     -0.32573014      -0.32573014       252.09193                                252.09193
              1       126.69705       60.071497     0.029727585      0.14453126      0.16124169     -0.32573014      -0.32573014       254.04556                                254.04556
              2       126.59657       60.071497     0.029727585      0.15663149      0.14357863     -0.32573014      -0.32573014       253.84461                                253.84461
              2        124.4057       60.000966     0.029530708      0.15756082      0.15986707     -0.32573014      -0.32573014       249.46285                                249.46285
              3       124.01498       60.000966     0.029530708      0.15636499      0.15427605     -0.32573014      -0.32573014       248.68142                                248.68142
              2       125.05832       60.000966     0.029530708      0.15861096      0.14643922     -0.32573014      -0.32573014        250.7681                                 250.7681
              1       128.21383        60.10942      0.02765454      0.16075555      0.14870577     -0.32573014      -0.32573014       257.07912                                257.07912
              2       127.72634        60.10942      0.02765454      0.15755432      0.15020162     -0.32573014      -0.32573014       256.10414                                256.10414
              3       127.60293       60.112197     0.027852964      0.15745774      0.15007402     -0.32573014      -0.32573014       255.85732                                255.85732
              2       127.34526       60.112197     0.027852964      0.15898383      0.16092976     -0.32573014      -0.32573014       255.34197                                255.34197
              1       127.28945       60.112197     0.027852964       0.1583982      0.16071053     -0.32573014      -0.32573014       255.23037                                255.23037
              2       127.05709       60.083224     0.027637295      0.15826592      0.16064494     -0.32573014      -0.32573014       254.76563                                254.76563
              2       128.38837       60.083224     0.027637295      0.16423551      0.14860044     -0.32573014      -0.32573014        257.4282                                 257.4282
              1       127.59867       60.083224     0.027637295      0.16260953      0.15167534     -0.32573014      -0.32573014       255.84881                                255.84881
              1       127.92132       60.100838      0.02756819      0.16281301        0.151866     -0.32573014      -0.32573014        256.4941                                 256.4941
              2       126.57052       60.003609     0.027450825      0.16199637      0.15118921     -0.32573014      -0.32573014       253.79249                                253.79249
              1       126.53104       60.003609     0.027450825      0.16270027      0.15280204     -0.32573014      -0.32573014       253.71353                                253.71353
              1        126.9962       60.008296     0.026989587      0.16302661       0.1531863     -0.32573014      -0.32573014       254.64386                                254.64386
              6       126.59872       60.008296     0.026989587      0.16084835      0.15425289     -0.32573014      -0.32573014        253.8489                                 253.8489
              2       126.90507       60.008296     0.026989587      0.16155949       0.1516574     -0.32573014      -0.32573014       254.46159                                254.46159
              1       127.15886       60.008296     0.026989587      0.16439305      0.15694716     -0.32573014      -0.32573014       254.96917                                254.96917
              8       126.84559       60.023488     0.027597194      0.16415846      0.15660911     -0.32573014      -0.32573014       254.34265                                254.34265
              4       126.07212       60.023488     0.027597194      0.15816976      0.15801318     -0.32573014      -0.32573014        252.7957                                 252.7957
              1       126.36861       60.023488     0.027597194      0.15406709      0.16151138     -0.32573014      -0.32573014       253.38869                                253.38869
              5       124.17617       60.004102     0.029933545      0.15445041       0.1483186     -0.32573014      -0.32573014        249.0038                                 249.0038
              3       123.71461       60.004102     0.029933545      0.15516097      0.15303367     -0.32573014      -0.32573014       248.08067                                248.08067
              1       124.41016       60.004102     0.029933545      0.14863493      0.15958304     -0.32573014      -0.32573014       249.47179                                249.47179
              3       124.21771       60.004102     0.029933545      0.14837446      0.15710484     -0.32573014      -0.32573014       249.08688                                249.08688
              2       124.52211       60.004102     0.029933545      0.14897874      0.14851457     -0.32573014      -0.32573014       249.69568                                249.69568
              3       123.73537       60.004102     0.029933545      0.15608753      0.15601048     -0.32573014      -0.32573014        248.1222                                 248.1222
              1       123.83782       60.004102     0.029933545       0.1547924      0.15819912     -0.32573014      -0.32573014        248.3271                                 248.3271
              6       124.32949       60.004102     0.029933545      0.15034749      0.14869131     -0.32573014      -0.32573014       249.31044                                249.31044
              1       124.70208       60.004102     0.029933545      0.15611279      0.14575727     -0.32573014      -0.32573014       250.05562                                250.05562
              3       123.67767       60.004102     0.029933545      0.15400456      0.15468955     -0.32573014      -0.32573014        248.0068                                 248.0068
              1       125.17823       60.086436     0.029573296      0.15497862      0.15560884     -0.32573014      -0.32573014       251.00791                                251.00791
              9       125.37332       60.086436     0.029573296      0.15884968      0.15734592     -0.32573014      -0.32573014       251.39811                                251.39811
              1       125.39844       60.086436     0.029573296      0.15744965      0.15918578     -0.32573014      -0.32573014       251.44834                                251.44834
              2       125.51135       60.086436     0.029573296      0.15071904      0.15334066     -0.32573014      -0.32573014       251.67417                                251.67417
              1       125.56262       60.086436     0.029573296      0.14989321      0.15630529     -0.32573014      -0.32573014        251.7767                                 251.7767
              1       125.38886       60.086436     0.029573296      0.15186721      0.15340996     -0.32573014      -0.32573014       251.42918                                251.42918
              2       125.34455       60.086436     0.029573296      0.15791761      0.15813768     -0.32573014      -0.32573014       251.34056                                251.34056
              2       125.27959       60.086436     0.029573296      0.15554981      0.15270351     -0.32573014      -0.32573014       251.21063                                251.21063
              5       125.30937       60.086436     0.029573296      0.15677892      0.15847092     -0.32573014      -0.32573014        251.2702                                 251.2702
              3       125.19752       60.086436     0.029573296      0.15470042      0.15667739     -0.32573014      -0.32573014       251.04649                                251.04649
              3        125.2181       60.042826     0.028813759      0.15476862      0.15690621     -0.32573014      -0.32573014       251.08766                                251.08766
              3       125.44268       60.042826     0.028813759      0.15377323      0.15974303     -0.32573014      -0.32573014       251.53682                                251.53682
              1       125.30634       60.017158     0.028545548      0.15370345      0.15974303     -0.32573014      -0.32573014       251.26414                                251.26414
              3       125.68392       60.017158     0.028545548      0.15067955      0.16090188     -0.32573014      -0.32573014        252.0193                                 252.0193
              1       125.23678       60.017158     0.028545548      0.15309485      0.15870264     -0.32573014      -0.32573014       251.12501                                251.12501
              1       125.87331       60.124496     0.029923231      0.15393387       0.1614306     -0.32573014      -0.32573014       252.39808                                252.39808
              3       126.85125       60.124496     0.029923231      0.15779839      0.16609133     -0.32573014      -0.32573014       254.35396                                254.35396
              2       127.31162       60.124496     0.029923231      0.14715718       0.1645949     -0.32573014      -0.32573014       255.27471                                255.27471
              6       127.80943       60.124496     0.029923231      0.14559826      0.16517908     -0.32573014      -0.32573014       256.27033                                256.27033
              4       126.92488       60.016825     0.029256866      0.14510815      0.16515587     -0.32573014      -0.32573014       254.50122                                254.50122
              1       128.41182       60.037933     0.029188909      0.14218731      0.16618414     -0.32573014      -0.32573014        257.4751                                 257.4751
              6       127.76975       60.037933     0.029188909      0.14023096       0.1587621     -0.32573014      -0.32573014       256.19097                                256.19097
              3       127.70049       60.037933     0.029188909      0.14386259      0.14519517     -0.32573014      -0.32573014       256.05244                                256.05244
              3       127.72674       60.037933     0.029188909      0.15531462      0.14006504     -0.32573014      -0.32573014       256.10493                                256.10493
              4       125.16243       60.037933     0.029188909        0.159068      0.15171793     -0.32573014      -0.32573014       250.97631                                250.97631
              2         125.336       60.037933     0.029188909       0.1510961      0.15018112     -0.32573014      -0.32573014       251.32346                                251.32346
              2       125.36054       60.037933     0.029188909      0.15105173      0.15002887     -0.32573014      -0.32573014       251.37254                                251.37254
              8       125.40382       60.036829     0.029098338      0.15109731      0.15008839     -0.32573014      -0.32573014        251.4591                                 251.4591
              1       126.10051       60.036829     0.029098338      0.16476902      0.15300869     -0.32573014      -0.32573014       252.85248                                252.85248
              2       125.89589       60.036829     0.029098338      0.16251166      0.15004405     -0.32573014      -0.32573014       252.44324                                252.44324
              6       126.68748       60.036829     0.029098338      0.15222419      0.14361669     -0.32573014      -0.32573014       254.02642                                254.02642
              1       124.87707       60.026981     0.028991517      0.15628926      0.15330381     -0.32573014      -0.32573014       250.40561                                250.40561
              1       126.69214       60.026981     0.028991517      0.14357285      0.15917804     -0.32573014      -0.32573014       254.03574                                254.03574
              2       126.62665       60.026981     0.028991517      0.14370846      0.15890186     -0.32573014      -0.32573014       253.90475                                253.90475
              1       126.77628       60.038928     0.029018498      0.14380108      0.15897556     -0.32573014      -0.32573014       254.20401                                254.20401
              1       126.54696       60.038928     0.029018498      0.14406804      0.15469124     -0.32573014      -0.32573014       253.74539                                253.74539
              1       124.97987       60.038928     0.029018498      0.15393169      0.15558458     -0.32573014      -0.32573014       250.61119                                250.61119
              3       125.79187       60.038928     0.029018498      0.14952883      0.14962342     -0.32573014      -0.32573014       252.23519                                252.23519
              1       125.44087       60.038928     0.029018498      0.15959411      0.15974873     -0.32573014      -0.32573014        251.5332                                 251.5332
              2       125.53687       60.058208     0.029210678      0.15965222      0.15975572     -0.32573014      -0.32573014        251.7252                                 251.7252
              1        124.6011       60.020336     0.029662391      0.15902838      0.15911747     -0.32573014      -0.32573014       249.85366                                249.85366
              3       125.17686       60.020336     0.029662391      0.16112136      0.16128775     -0.32573014      -0.32573014       251.00517                                251.00517
              1       125.17726       60.020336     0.029662391      0.16042949      0.16192708     -0.32573014      -0.32573014       251.00599                                251.00599
              1        126.2758       60.020336     0.029662391      0.14675422      0.16519971     -0.32573014      -0.32573014       253.20305                                253.20305
              4       126.10871       60.020336     0.029662391      0.14656506      0.16437063     -0.32573014      -0.32573014       252.86888                                252.86888
              4       126.63423       60.015357     0.028990526      0.14693251      0.16483745     -0.32573014      -0.32573014       253.91992                                253.91992
              2       126.36632       60.015357     0.028990526      0.15617379      0.14356182     -0.32573014      -0.32573014       253.38411                                253.38411
              4       125.08933       60.015357     0.028990526      0.15142648      0.15999164     -0.32573014      -0.32573014       250.83011                                250.83011
              1         125.699       60.015357     0.028990526      0.16184555       0.1491571     -0.32573014      -0.32573014       252.04946                                252.04946
              3       125.90768       60.015357     0.028990526      0.16447133      0.15207201     -0.32573014      -0.32573014       252.46682                                252.46682
              6       125.12733       60.015357     0.028990526      0.14998777      0.15886112     -0.32573014      -0.32573014       250.90613                                250.90613
              1       124.80499       60.015357     0.028990526      0.15167801      0.15382707     -0.32573014      -0.32573014       250.26144                                250.26144
              2       124.66798       60.015357     0.028990526      0.15637268      0.15581357     -0.32573014      -0.32573014       249.98741                                249.98741
              6       125.66575       60.015357     0.028990526      0.15538923      0.14619501     -0.32573014      -0.32573014       251.98297                                251.98297
              1       125.13371       60.015357     0.028990526      0.16079341      0.15292055     -0.32573014      -0.32573014       250.91888                                250.91888
              1       125.26088       60.047171     0.028892351       0.1529516      0.15531625     -0.32573014      -0.32573014       251.17322                                251.17322
              1       126.03826       60.047171     0.028892351      0.15138014      0.14836578     -0.32573014      -0.32573014       252.72799                                252.72799
              1       125.55443       60.047171     0.028892351      0.15491492      0.15017232     -0.32573014      -0.32573014       251.76033                                251.76033
              2       125.23444       60.047171     0.028892351      0.15424423      0.15396708     -0.32573014      -0.32573014       251.12035                                251.12035
              1       125.58151       60.047171     0.028892351      0.15049675      0.15281417     -0.32573014      -0.32573014       251.81448                                251.81448
              2        125.6923       60.047171     0.028892351      0.15096229       0.1510093     -0.32573014      -0.32573014       252.03606                                252.03606
              3       125.61927       60.047171     0.028892351      0.14960263      0.15459213     -0.32573014      -0.32573014       251.89001                                251.89001
              1       130.53471       60.047171     0.028892351      0.13584123      0.16183908     -0.32573014      -0.32573014       261.72089                                261.72089
              1       129.80842       60.047171     0.028892351      0.14283162      0.17000288     -0.32573014      -0.32573014       260.26831                                260.26831
              1       130.12036       60.047171     0.028892351      0.13665625      0.14938831     -0.32573014      -0.32573014       260.89219                                260.89219
              2       128.11132       60.047171     0.028892351      0.14254917      0.14740501     -0.32573014      -0.32573014        256.8741                                 256.8741
              2       125.23032       60.047171     0.028892351      0.15687339      0.15453166     -0.32573014      -0.32573014        251.1121                                 251.1121
              4       125.05842        60.05022     0.029129032       0.1567374      0.15442368     -0.32573014      -0.32573014        250.7683                                 250.7683
              3       125.21472       60.056556     0.029069549       0.1568376      0.15451297     -0.32573014      -0.32573014       251.08089                                251.08089
              3       125.25384       60.056556     0.029069549      0.15302958      0.15451175     -0.32573014      -0.32573014       251.15913                                251.15913
              2       125.41723       60.056556     0.029069549      0.15361255      0.15149509     -0.32573014      -0.32573014       251.48592                                251.48592
              3       125.97153       60.056556     0.029069549      0.16237046        0.159205     -0.32573014      -0.32573014       252.59453                                252.59453
              2       126.14652       60.056556     0.029069549       0.1637923      0.15777066     -0.32573014      -0.32573014        252.9445                                 252.9445
              1       126.28123       60.057834     0.028940201      0.16389398      0.15785543     -0.32573014      -0.32573014       253.21393                                253.21393
              1       125.38456       60.057834     0.028940201      0.15633324      0.15802108     -0.32573014      -0.32573014       251.42058                                251.42058
              4       126.56776       60.150678     0.029144524      0.15705439      0.15871722     -0.32573014      -0.32573014       253.78698                                253.78698
              3       127.40139       60.150678     0.029144524      0.15338297      0.16441972     -0.32573014      -0.32573014       255.45424                                255.45424
              2       128.17079       60.150678     0.029144524      0.14466788      0.15628477     -0.32573014      -0.32573014       256.99304                                256.99304
              1       126.73673       60.150678     0.029144524       0.1520594      0.15803479     -0.32573014      -0.32573014       254.12492                                254.12492
              1       127.69682       60.009243     0.025563255       0.1532312      0.15883472     -0.32573014      -0.32573014       256.04511                                256.04511
              3       129.67718        60.10295     0.024899969      0.15456275      0.16003203     -0.32573014      -0.32573014       260.00583                                260.00583
              3       130.32243        60.10295     0.024899969      0.15769179      0.16630855     -0.32573014      -0.32573014       261.29632                                261.29632
              6       126.34775        60.04418     0.028440615      0.15468723      0.16377992     -0.32573014      -0.32573014       253.34696                                253.34696
              3       126.67314       60.029464     0.027815498      0.15498446       0.1640068     -0.32573014      -0.32573014       253.99774                                253.99774
              6       127.34032       60.029464     0.027815498       0.1661536      0.15887364     -0.32573014      -0.32573014       255.33209                                255.33209
              5       124.89367       60.000318     0.029351779      0.14751806      0.15805863     -0.32573014      -0.32573014       250.43881                                250.43881
              1       125.99679       60.000318     0.029351779       0.1427926      0.15235929     -0.32573014      -0.32573014       252.64504                                252.64504
              1       126.65381       60.001194     0.028542004      0.14336297      0.15282766     -0.32573014      -0.32573014       253.95908                                253.95908
              4       127.09245       60.034266     0.028595501      0.14363323       0.1530866     -0.32573014      -0.32573014       254.83635                                254.83635
              2       125.66679       60.034266     0.028595501      0.15083703      0.15213713     -0.32573014      -0.32573014       251.98504                                251.98504
              2       129.80666       60.034266     0.028595501      0.13952704      0.14524487     -0.32573014      -0.32573014       260.26479                                260.26479
              1       125.45251       60.034266     0.028595501      0.15578133      0.15955822     -0.32573014      -0.32573014       251.55649                                251.55649
              1       126.67417        60.00292     0.027249964      0.14846042      0.15418327     -0.32573014      -0.32573014        253.9998                                 253.9998
              4        126.9226        60.00292     0.027249964      0.15949106      0.16399803     -0.32573014      -0.32573014       254.49666                                254.49666
              1       126.70188        60.00292     0.027249964      0.15732917      0.16360775     -0.32573014      -0.32573014       254.05522                                254.05522
              1       126.32317        60.00292     0.027249964      0.15664237      0.16142056     -0.32573014      -0.32573014        253.2978                                 253.2978
              2       126.00886        60.00292     0.027249964      0.15357526      0.15610081     -0.32573014      -0.32573014       252.66917                                252.66917
              1       126.01844        60.00292     0.027249964      0.15349591       0.1553729     -0.32573014      -0.32573014       252.68835                                252.68835
              4       126.01597        60.00292     0.027249964      0.15353994      0.15536782     -0.32573014      -0.32573014        252.6834                                 252.6834
              1        126.7368        60.00292     0.027249964       0.1536149      0.14839127     -0.32573014      -0.32573014       254.12505                                254.12505
              2       126.84197        60.00292     0.027249964      0.15384515      0.16421928     -0.32573014      -0.32573014       254.33539                                254.33539
              2       127.38657        60.00292     0.027249964       0.1544053      0.16662075     -0.32573014      -0.32573014       255.42459                                255.42459
              1       126.39492        60.00292     0.027249964      0.15943096      0.16073241     -0.32573014      -0.32573014        253.4413                                 253.4413
              2       126.49455        60.00292     0.027249964      0.15735316      0.16242614     -0.32573014      -0.32573014       253.64057                                253.64057
              1        128.5444       60.032671     0.025421985      0.15889888      0.16372646     -0.32573014      -0.32573014       257.74027                                257.74027
              3       128.50608       60.032671     0.025421985      0.15941169      0.15117001     -0.32573014      -0.32573014       257.66361                                257.66361
              3       126.97216       60.084051     0.028065921      0.15805359      0.15011536     -0.32573014      -0.32573014       254.59578                                254.59578
              2       129.06489       60.084051     0.028065921      0.14679392      0.14533696     -0.32573014      -0.32573014       258.78123                                258.78123
              1       128.66703       60.084051     0.028065921      0.14880385      0.14523493     -0.32573014      -0.32573014       257.98552                                257.98552
              2       125.11333       60.008411     0.029067272      0.14811703       0.1574165     -0.32573014      -0.32573014       250.87813                                250.87813
              1       125.00069       60.008411     0.029067272      0.16069343      0.15807815     -0.32573014      -0.32573014       250.65285                                250.65285
              1       124.68571       60.008411     0.029067272      0.15541946      0.15930548     -0.32573014      -0.32573014       250.02289                                250.02289
              3       125.43023       60.016433     0.028351304      0.15599112      0.15978301     -0.32573014      -0.32573014       251.51192                                251.51192
              1       125.94211       60.016433     0.028351304      0.15203201      0.16247527     -0.32573014      -0.32573014       252.53568                                252.53568
              3       125.49522       60.016433     0.028351304      0.15139358      0.15280627     -0.32573014      -0.32573014       251.64191                                251.64191
              3       125.33959       60.016433     0.028351304       0.1549164      0.15226477     -0.32573014      -0.32573014       251.33063                                251.33063
              4       127.07883       60.016433     0.028351304       0.1467741       0.1469107     -0.32573014      -0.32573014       254.80911                                254.80911
              2       127.06254       60.015347     0.028351769      0.14676369      0.14690093     -0.32573014      -0.32573014       254.77654                                254.77654
              3       125.25771       60.015347     0.028351769      0.15325966      0.15676016     -0.32573014      -0.32573014       251.16687                                251.16687
              1       125.62213       60.063639     0.028754122      0.15342919       0.1569538     -0.32573014      -0.32573014       251.89572                                251.89572
              1       125.63795       60.063639     0.028754122      0.15323972       0.1571136     -0.32573014      -0.32573014       251.92737                                251.92737
              1       125.21592       60.052603     0.029061453      0.15292376      0.15684219     -0.32573014      -0.32573014       251.08331                                251.08331
              1       127.31994       60.052603     0.029061453      0.15259098      0.16845395     -0.32573014      -0.32573014       255.29134                                255.29134
              3       127.49258       60.052603     0.029061453      0.15048423      0.16836203     -0.32573014      -0.32573014       255.63662                                255.63662
              3       127.29168       60.052603     0.029061453      0.15132345      0.16802745     -0.32573014      -0.32573014       255.23481                                255.23481
              2       127.25726       60.052603     0.029061453      0.14479666      0.16312329     -0.32573014      -0.32573014       255.16597                                255.16597
              1       127.45554       60.074428     0.029189017      0.14491096      0.16324169     -0.32573014      -0.32573014       255.56255                                255.56255
              3       126.58565       60.074428     0.029189017      0.14757062      0.16181909     -0.32573014      -0.32573014       253.82276                                253.82276
              3       126.48326       60.074428     0.029189017      0.15630665       0.1460612     -0.32573014      -0.32573014       253.61797                                253.61797
              1       126.23008       60.074428     0.029189017      0.15631305       0.1471769     -0.32573014      -0.32573014       253.11162                                253.11162
              3       126.84826       60.074428     0.029189017      0.14472816      0.15329651     -0.32573014      -0.32573014       254.34798                                254.34798
              2       125.44891       60.074428     0.029189017      0.15603345      0.15880856     -0.32573014      -0.32573014       251.54928                                251.54928
              3       125.67797       60.074428     0.029189017      0.16003979      0.15829654     -0.32573014      -0.32573014       252.00739                                252.00739
              4       125.96814       60.074428     0.029189017      0.16254652      0.15618318     -0.32573014      -0.32573014       252.58775                                252.58775
              6       125.78062       60.091814     0.029698329      0.16235451      0.15604554     -0.32573014      -0.32573014        252.2127                                 252.2127
              1        127.0993       60.091814     0.029698329      0.16756432      0.15371941     -0.32573014      -0.32573014       254.85005                                254.85005
              1       126.39513       60.091814     0.029698329       0.1508511      0.14666374     -0.32573014      -0.32573014       253.44173                                253.44173
              1       126.67348       60.091814     0.029698329      0.15134382      0.14528638     -0.32573014      -0.32573014       253.99841                                253.99841
              6       125.90426       60.091814     0.029698329      0.15307443      0.14812722     -0.32573014      -0.32573014       252.45999                                252.45999
              2       125.84299       60.091814     0.029698329      0.15563158      0.14811453     -0.32573014      -0.32573014       252.33744                                252.33744
              6       125.27868       60.091814     0.029698329      0.15360163      0.15282539     -0.32573014      -0.32573014       251.20882                                251.20882
              1       125.21923       60.090413     0.029744795      0.15355635      0.15278669     -0.32573014      -0.32573014       251.08993                                251.08993
              2       125.18865       60.090413     0.029744795      0.15809556       0.1557207     -0.32573014      -0.32573014       251.02876                                251.02876
              2       125.35877       60.090413     0.029744795      0.15623463      0.16004917     -0.32573014      -0.32573014         251.369                                  251.369
              2       124.86278       60.018863     0.029102649      0.15601539      0.15978844     -0.32573014      -0.32573014       250.37702                                250.37702
              2       125.13266       60.018863     0.029102649      0.16140234      0.15384695     -0.32573014      -0.32573014       250.91678                                250.91678
              1       125.77155       60.018863     0.029102649      0.16461109      0.15571193     -0.32573014      -0.32573014       252.19457                                252.19457
              1       125.45345       60.018863     0.029102649      0.14799065      0.15072785     -0.32573014      -0.32573014       251.55836                                251.55836
              1       126.59694       60.018863     0.029102649      0.14976434      0.14366612     -0.32573014      -0.32573014       253.84533                                253.84533
              1        125.8589       60.018863     0.029102649      0.15853213      0.14577138     -0.32573014      -0.32573014       252.36926                                252.36926
              5        125.7895       60.018863     0.029102649      0.15756727        0.164626     -0.32573014      -0.32573014       252.23047                                252.23047
              1       125.62323       60.018863     0.029102649      0.15560037      0.16425989     -0.32573014      -0.32573014       251.89792                                251.89792
              1       124.99412       60.018863     0.029102649        0.159054      0.15120738     -0.32573014      -0.32573014       250.63969                                250.63969
              1        126.7249       60.018863     0.029102649      0.15242983      0.14238688     -0.32573014      -0.32573014       254.10126                                254.10126
              2        127.2423       60.049062     0.029030798      0.15276043      0.14269201     -0.32573014      -0.32573014       255.13606                                255.13606
              1       125.36506       60.049062     0.029030798      0.15455785      0.16006767     -0.32573014      -0.32573014       251.38158                                251.38158
              3       125.28346       60.039553     0.028964627       0.1545154      0.16002211     -0.32573014      -0.32573014       251.21839                                251.21839
              2        125.5609       60.039553     0.028964627      0.16073147      0.15186675     -0.32573014      -0.32573014       251.77327                                251.77327
              1       125.21739       60.039553     0.028964627       0.1586383       0.1533473     -0.32573014      -0.32573014       251.08625                                251.08625
              3       125.08523       60.039553     0.028964627      0.15297753      0.15614772     -0.32573014      -0.32573014       250.82192                                250.82192
              3       125.92767       60.039553     0.028964627      0.16233702      0.16008829     -0.32573014      -0.32573014        252.5068                                 252.5068
              2       125.62445       60.031659      0.02917579      0.16211704      0.15989909     -0.32573014      -0.32573014       251.90036                                251.90036
              3       126.07569       60.018383     0.028948623      0.16351948      0.16119453     -0.32573014      -0.32573014       252.80284                                252.80284
              3       126.07212       60.018383     0.028948623      0.16350392      0.16119309     -0.32573014      -0.32573014       252.79569                                252.79569
              1       125.95602       60.038708     0.029407028      0.16337457      0.16111013     -0.32573014      -0.32573014       252.56349                                252.56349
              1       125.24641       60.038708     0.029407028      0.16165517      0.15735067     -0.32573014      -0.32573014       251.14429                                251.14429
              1       124.82948       60.038708     0.029407028      0.15896017      0.15587879     -0.32573014      -0.32573014       250.31042                                250.31042
              1       124.94917       60.038708     0.029407028      0.15949284      0.15753536     -0.32573014      -0.32573014        250.5498                                 250.5498
              2       125.46349       60.038708     0.029407028      0.14908045       0.1608045     -0.32573014      -0.32573014       251.57844                                251.57844
              1       124.89873       60.038708     0.029407028      0.15370023      0.15970383     -0.32573014      -0.32573014       250.44893                                250.44893
              2        124.9917       60.038708     0.029407028      0.15388255      0.16050505     -0.32573014      -0.32573014       250.63486                                250.63486
              2       125.32209       60.038708     0.029407028      0.16187976      0.15247559     -0.32573014      -0.32573014       251.29563                                251.29563
              2       125.27651       60.038708     0.029407028      0.16172947      0.15765302     -0.32573014      -0.32573014       251.20447                                251.20447
              2       127.34912       60.038708     0.029407028      0.16245036      0.16787687     -0.32573014      -0.32573014       255.34971                                255.34971
              2       127.03315       60.038708     0.029407028      0.16190252      0.16718083     -0.32573014      -0.32573014       254.71776                                254.71776
              1       125.64951       60.038708     0.029407028      0.15349065      0.16411608     -0.32573014      -0.32573014       251.95048                                251.95048
              1       126.59942       60.022124     0.029332235      0.16019164      0.16704464     -0.32573014      -0.32573014        253.8503                                 253.8503
              1       127.72521       60.022124     0.029332235      0.15883916      0.17074893     -0.32573014      -0.32573014       256.10188                                256.10188
              3       126.32469       60.022124     0.029332235      0.16699909      0.15583366     -0.32573014      -0.32573014       253.30084                                253.30084
              1       125.89433       60.022124     0.029332235      0.14930639      0.16424156     -0.32573014      -0.32573014       252.44012                                252.44012
              1       126.02846       60.022124     0.029332235      0.16602281      0.15508014     -0.32573014      -0.32573014       252.70837                                252.70837
              5       124.68652       60.022124     0.029332235      0.15783976      0.15190336     -0.32573014      -0.32573014        250.0245                                 250.0245
              4       125.40404       60.022124     0.029332235      0.15341162      0.16369991     -0.32573014      -0.32573014       251.45953                                251.45953
              2       125.45768       60.022124     0.029332235      0.16352341       0.1572799     -0.32573014      -0.32573014       251.56682                                251.56682
              5       124.64418       60.022124     0.029332235      0.15134142       0.1568252     -0.32573014      -0.32573014       249.93982                                249.93982
              1       125.02646       60.022124     0.029332235      0.14851934      0.15733653     -0.32573014      -0.32573014       250.70437                                250.70437
              3       124.85856       60.022124     0.029332235      0.15928734       0.1514809     -0.32573014      -0.32573014       250.36858                                250.36858
              1       124.96204       60.022124     0.029332235      0.16101682      0.15340738     -0.32573014      -0.32573014       250.57554                                250.57554
              3       125.36588       60.022124     0.029332235      0.14834621      0.16055311     -0.32573014      -0.32573014       251.38323                                251.38323
              2       125.42386       60.022124     0.029332235      0.14855628       0.1611902     -0.32573014      -0.32573014       251.49918                                251.49918
              1       126.88557       60.022124     0.029332235      0.16845128      0.15780639     -0.32573014      -0.32573014        254.4226                                 254.4226
              3       127.10525       60.012606     0.028951769      0.16865259      0.15795364     -0.32573014      -0.32573014       254.86195                                254.86195
              1       129.23592       60.204839     0.029518746      0.16962312      0.15905109     -0.32573014      -0.32573014       259.12329                                259.12329
              1       128.08837       60.204839     0.029518746       0.1538561      0.14750057     -0.32573014      -0.32573014        256.8282                                 256.8282
              1       127.06345       60.204839     0.029518746      0.15344213      0.15676466     -0.32573014      -0.32573014       254.77836                                254.77836
              2       127.18912       60.214302      0.02953687      0.15349682      0.15682428     -0.32573014      -0.32573014        255.0297                                 255.0297
              1        127.6685       60.214302      0.02953687      0.16335699      0.15665794     -0.32573014      -0.32573014       255.98846                                255.98846
              2       127.78906       60.214302      0.02953687      0.16399628      0.15617455     -0.32573014      -0.32573014       256.22959                                256.22959
              2       127.13188       60.214302      0.02953687      0.15581709      0.15467698     -0.32573014      -0.32573014       254.91522                                254.91522
              2       127.08069       60.133567     0.028221777      0.15617156      0.15483216     -0.32573014      -0.32573014       254.81283                                254.81283
              1       127.11294       60.128334     0.028094392      0.15622436      0.15486633     -0.32573014      -0.32573014       254.87733                                254.87733
              1       127.18496       60.128334     0.028094392      0.15571116      0.15378421     -0.32573014      -0.32573014       255.02137                                255.02137
              4       127.34353       60.128334     0.028094392       0.1569372      0.15206352     -0.32573014      -0.32573014       255.33853                                255.33853
              1       127.33656       60.128334     0.028094392      0.15509711      0.15232437     -0.32573014      -0.32573014       255.32457                                255.32457
              3       127.52204       60.133285     0.027965254      0.15522382      0.15243486     -0.32573014      -0.32573014       255.69554                                255.69554
              3       126.68831       60.167642     0.029388241      0.15250634      0.15588784     -0.32573014      -0.32573014       254.02807                                254.02807
              1       127.57457       60.094749     0.027081361      0.15361857      0.15666838     -0.32573014      -0.32573014        255.8006                                 255.8006
              1       127.80254       60.094749     0.027081361       0.1616323       0.1550551     -0.32573014      -0.32573014       256.25653                                256.25653
              2       128.02069       60.094749     0.027081361      0.16271527      0.15992524     -0.32573014      -0.32573014       256.69283                                256.69283
              1       128.12266       60.094749     0.027081361      0.16275287      0.16100903     -0.32573014      -0.32573014       256.89678                                256.89678
              1       127.65655       60.094749     0.027081361      0.15620281       0.1609504     -0.32573014      -0.32573014       255.96456                                255.96456
              1       127.47846       60.094749     0.027081361      0.15623213      0.15834101     -0.32573014      -0.32573014       255.60838                                255.60838
              1       129.93446       60.094749     0.027081361      0.17049738      0.15919466     -0.32573014      -0.32573014       260.52038                                260.52038
              1       128.77007       60.094749     0.027081361      0.16663764      0.15465074     -0.32573014      -0.32573014       258.19161                                258.19161
              2       127.87928       60.094749     0.027081361      0.15746992      0.15114945     -0.32573014      -0.32573014       256.41003                                256.41003
              1       124.75083       60.049149     0.029943229      0.15511944      0.14917503     -0.32573014      -0.32573014       250.15311                                250.15311
              2       125.00783       60.049149     0.029943229      0.15562629      0.14767199     -0.32573014      -0.32573014       250.66711                                250.66711
              1       124.63595       60.049149     0.029943229      0.14987121      0.15435517     -0.32573014      -0.32573014       249.92337                                249.92337
              1       126.20848       60.049149     0.029943229      0.14309976      0.15835839     -0.32573014      -0.32573014       253.06841                                253.06841
              3        126.3488       60.049149     0.029943229      0.14383877      0.16129361     -0.32573014      -0.32573014       253.34906                                253.34906
              3       126.70918       60.049149     0.029943229      0.15444647      0.14124817     -0.32573014      -0.32573014       254.06981                                254.06981
              2       126.80518       60.026858     0.029423352      0.15465528       0.1413807     -0.32573014      -0.32573014       254.26182                                254.26182
              2       124.82645       60.026858     0.029423352      0.15812934      0.15959463     -0.32573014      -0.32573014       250.30437                                250.30437
              2       124.54532       60.026858     0.029423352      0.15731856       0.1535036     -0.32573014      -0.32573014        249.7421                                 249.7421
              4       124.88935       60.026858     0.029423352      0.15928348      0.15913132     -0.32573014      -0.32573014       250.43015                                250.43015
              4       126.16214       60.026858     0.029423352      0.16107752      0.14518978     -0.32573014      -0.32573014       252.97574                                252.97574
              1       126.61877       60.040667     0.029417061      0.14970359      0.14389197     -0.32573014      -0.32573014       253.88899                                253.88899
              1       126.72355       60.044076     0.029352268      0.14977376      0.14395425     -0.32573014      -0.32573014       254.09857                                254.09857
              1       125.38565       60.044076     0.029352268      0.15973514      0.16064236     -0.32573014      -0.32573014       251.42277                                251.42277
              1       124.98479       60.044076     0.029352268      0.15868783      0.15764793     -0.32573014      -0.32573014       250.62104                                250.62104
              1       125.10749       60.088503     0.029938695      0.15858989      0.15764105     -0.32573014      -0.32573014       250.86644                                250.86644
              1       125.27432       60.088503     0.029938695      0.14998612       0.1570842     -0.32573014      -0.32573014        251.2001                                 251.2001
              1       124.99242       60.088503     0.029938695      0.15248383      0.15474101     -0.32573014      -0.32573014       250.63629                                250.63629
              1       125.36954       60.070072     0.029153074      0.15290822      0.15505411     -0.32573014      -0.32573014       251.39054                                251.39054
              6       126.20682       60.070072     0.029153074      0.14908558      0.14990632     -0.32573014      -0.32573014       253.06511                                253.06511
              1        126.7413       60.000849     0.027238875      0.14994613      0.15048937     -0.32573014      -0.32573014       254.13406                                254.13406
              1       128.10861       60.000849     0.027238875      0.14622397      0.14700138     -0.32573014      -0.32573014       256.86869                                256.86869
              3       127.91188       60.000849     0.027238875      0.14331312      0.15651929     -0.32573014      -0.32573014       256.47522                                256.47522
              1       127.77362       60.000849     0.027238875       0.1446162      0.16052686     -0.32573014      -0.32573014       256.19871                                256.19871
              5       128.23876       60.019701     0.027017028       0.1449077       0.1607932     -0.32573014      -0.32573014       257.12897                                257.12897
              1       128.08657        60.03766     0.027538199      0.14466706      0.16062789     -0.32573014      -0.32573014        256.8246                                 256.8246
              1       127.51557        60.03766     0.027538199       0.1522258      0.16564504     -0.32573014      -0.32573014        255.6826                                 255.6826
              1       127.57917        60.03766     0.027538199      0.15355038      0.16632391     -0.32573014      -0.32573014        255.8098                                 255.8098
              2       129.94864        60.03766     0.027538199      0.17024487      0.16568348     -0.32573014      -0.32573014       260.54874                                260.54874
              1       127.90005        60.03766     0.027538199      0.14854146      0.16503823     -0.32573014      -0.32573014       256.45156                                256.45156
              1       127.15425        60.03766     0.027538199      0.14846796      0.16043327     -0.32573014      -0.32573014       254.95996                                254.95996
              4       126.74576        60.03766     0.027538199      0.15134212      0.15160044     -0.32573014      -0.32573014       254.14297                                254.14297
              3       126.72481        60.03766     0.027538199       0.1543029      0.15000172     -0.32573014      -0.32573014       254.10108                                254.10108
              2       126.78927        60.03766     0.027538199      0.15329726      0.14994417     -0.32573014      -0.32573014       254.23001                                254.23001
              1       127.33135        60.03766     0.027538199      0.15879778      0.14717742     -0.32573014      -0.32573014       255.31416                                255.31416
              1       128.89987       60.044867     0.025858425      0.16003784      0.14819166     -0.32573014      -0.32573014        258.4512                                 258.4512
              2       128.18858       60.044867     0.025858425      0.15990227      0.15221858     -0.32573014      -0.32573014       257.02862                                257.02862
              5       124.51066       60.000839     0.029353156      0.15711517      0.14989375     -0.32573014      -0.32573014       249.67278                                249.67278
              3       125.44836       60.000839     0.029353156      0.16118774      0.14698135     -0.32573014      -0.32573014       251.54818                                251.54818
              1        125.1855       60.005572     0.029735701      0.16095082      0.14679751     -0.32573014      -0.32573014       251.02245                                251.02245
              4       125.93621       60.005572     0.029735701      0.15210225      0.16734044     -0.32573014      -0.32573014       252.52389                                252.52389
              2       123.92174       60.005572     0.029735701      0.15512119      0.15270852     -0.32573014      -0.32573014       248.49494                                248.49494
              2       123.91784       60.005572     0.029735701      0.15476745      0.15271143     -0.32573014      -0.32573014       248.48714                                248.48714
              2       125.72575       60.005572     0.029735701      0.16585314      0.15051644     -0.32573014      -0.32573014       252.10295                                252.10295
              1       125.23783       60.005572     0.029735701      0.15587561      0.16510171     -0.32573014      -0.32573014       251.12711                                251.12711
              4       124.66426       60.005572     0.029735701       0.1476434      0.15867465     -0.32573014      -0.32573014       249.97999                                249.97999
              1       124.14041       60.005572     0.029735701      0.14988361      0.15476747     -0.32573014      -0.32573014       248.93228                                248.93228
              1       123.98638       60.005572     0.029735701      0.15265513      0.15720897     -0.32573014      -0.32573014       248.62422                                248.62422
              3       124.67143       60.005572     0.029735701       0.1496459      0.16106192     -0.32573014      -0.32573014       249.99431                                249.99431
              3       125.51855       60.005572     0.029735701      0.15337012      0.14333846     -0.32573014      -0.32573014       251.68856                                251.68856
              6       123.91471       60.005572     0.029735701       0.1545542      0.15672838     -0.32573014      -0.32573014       248.48088                                248.48088
              1        124.9946       60.005572     0.029735701      0.14930954       0.1468593     -0.32573014      -0.32573014       250.64067                                250.64067
              1        126.2966       60.005572     0.029735701      0.14090408       0.1569911     -0.32573014      -0.32573014       253.24466                                253.24466
              5       124.56433       60.005572     0.029735701      0.14723842      0.15604196     -0.32573014      -0.32573014       249.78012                                249.78012
              1       125.49525       60.005572     0.029735701      0.16007087      0.14482188     -0.32573014      -0.32573014       251.64196                                251.64196
              7       125.66352       60.036615     0.028482221      0.15356131       0.1513695     -0.32573014      -0.32573014       251.97849                                251.97849
              2        125.6469       60.036615     0.028482221      0.15390836      0.15997054     -0.32573014      -0.32573014       251.94526                                251.94526
              1       125.67663       60.036615     0.028482221       0.1510014      0.15743225     -0.32573014      -0.32573014       252.00473                                252.00473
              5       125.54376       60.036615     0.028482221      0.15225395      0.15417364     -0.32573014      -0.32573014       251.73898                                251.73898
              3       126.89709       60.139546     0.028700229      0.15283418      0.15481023     -0.32573014      -0.32573014       254.44565                                254.44565
              1       127.27605       60.139546     0.028700229      0.14963016      0.15688106     -0.32573014      -0.32573014       255.20356                                255.20356
              1       127.07462       60.133987     0.028840885      0.14949096      0.15675948     -0.32573014      -0.32573014        254.8007                                 254.8007
              2       127.36356       60.133987     0.028840885      0.16173559      0.15031626     -0.32573014      -0.32573014       255.37858                                255.37858
              3       126.81975       60.133987     0.028840885      0.15646278      0.16136546     -0.32573014      -0.32573014       254.29096                                254.29096
              2       126.96852       60.053544     0.027333641       0.1569553      0.16163272     -0.32573014      -0.32573014       254.58849                                254.58849
              1       124.92299       60.015756     0.029051141      0.15547034      0.16037073     -0.32573014      -0.32573014       250.49745                                250.49745
              1       126.17982       60.015756     0.029051141      0.15660854      0.16633503     -0.32573014      -0.32573014       253.01111                                253.01111
              2        126.7836       60.015756     0.029051141       0.1525493      0.16818935     -0.32573014      -0.32573014       254.21866                                254.21866
              1       125.32274       60.015756     0.029051141      0.14835319      0.15899998     -0.32573014      -0.32573014       251.29695                                251.29695
              3       125.34379       60.015756     0.029051141      0.16224827      0.15780446     -0.32573014      -0.32573014       251.33903                                251.33903
              2       125.68051       60.015756     0.029051141      0.16415817      0.15386561     -0.32573014      -0.32573014       252.01249                                252.01249
              2       124.58801       60.015756     0.029051141      0.15479699      0.15588932     -0.32573014      -0.32573014       249.82748                                249.82748
              4        127.1152       60.015756     0.029051141      0.14979549      0.16838628     -0.32573014      -0.32573014       254.88185                                254.88185
              2       127.50438       60.015756     0.029051141      0.13990644      0.15670795     -0.32573014      -0.32573014       255.66022                                255.66022
              2       127.80429       60.015756     0.029051141      0.16418755      0.16822343     -0.32573014      -0.32573014       256.26004                                256.26004
              2       126.68174       60.015756     0.029051141      0.16586701      0.16200478     -0.32573014      -0.32573014       254.01495                                254.01495
              2       125.38229       60.015756     0.029051141      0.16122957      0.16007441     -0.32573014      -0.32573014       251.41604                                251.41604
              7       125.55231       60.050818      0.02942524      0.16121504      0.16011973     -0.32573014      -0.32573014       251.75608                                251.75608
              2       125.48125       60.046842     0.029442608      0.16117438      0.16008039     -0.32573014      -0.32573014       251.61395                                251.61395
              4       125.27601       60.046842     0.029442608      0.16144793      0.15710199     -0.32573014      -0.32573014       251.20349                                251.20349
              4       124.87599       60.046842     0.029442608      0.15860766      0.15572852     -0.32573014      -0.32573014       250.40344                                250.40344
              3        125.6501       60.046842     0.029442608        0.162968      0.15194644     -0.32573014      -0.32573014       251.95166                                251.95166
              8       125.64328       60.046842     0.029442608      0.16214695      0.15047402     -0.32573014      -0.32573014       251.93803                                251.93803
              1       126.04045       60.046842     0.029442608      0.16130185      0.14714513     -0.32573014      -0.32573014       252.73236                                252.73236
              3       126.07423       60.046842     0.029442608      0.16125252      0.14694401     -0.32573014      -0.32573014       252.79992                                252.79992
              1       126.20839       60.046842     0.029442608      0.16570308      0.15328533     -0.32573014      -0.32573014       253.06823                                253.06823
              1       126.11975       60.046842     0.029442608      0.15048222      0.16479332     -0.32573014      -0.32573014       252.89096                                252.89096
              1       126.11655       60.054269      0.02957255      0.15044327      0.16477392     -0.32573014      -0.32573014       252.88456                                252.88456
              1       124.93636       60.054269      0.02957255       0.1556877      0.15947348     -0.32573014      -0.32573014       250.52418                                250.52418
              1        125.2177       60.054269      0.02957255      0.14892798      0.15682026     -0.32573014      -0.32573014       251.08687                                251.08687
              4       125.44506       60.054269      0.02957255      0.14747824      0.15585287     -0.32573014      -0.32573014       251.54159                                251.54159
              1       126.43766       60.092205     0.029054918      0.14811523      0.15642956     -0.32573014      -0.32573014       253.52679                                253.52679
              3       126.59273       60.092205     0.029054918      0.14810539       0.1594148     -0.32573014      -0.32573014       253.83692                                253.83692
              4       126.11381       60.092205     0.029054918       0.1503941      0.15793038     -0.32573014      -0.32573014       252.87907                                252.87907
              2       125.72453       60.092205     0.029054918      0.15505656      0.15691711     -0.32573014      -0.32573014       252.10053                                252.10053
              8       125.98283       60.092205     0.029054918      0.15709174      0.15141873     -0.32573014      -0.32573014       252.61712                                252.61712
              5       125.86077       60.013749     0.027862215      0.15743035      0.15145214     -0.32573014      -0.32573014         252.373                                  252.373
              6       125.93815       60.013749     0.027862215      0.15898927      0.15171082     -0.32573014      -0.32573014       252.52776                                252.52776
              2       124.93427        60.05286      0.02964287      0.15785446      0.15120698     -0.32573014      -0.32573014          250.52                                   250.52
              2       124.71324        60.05286      0.02964287      0.15303649      0.15353552     -0.32573014      -0.32573014       250.07794                                250.07794
              3       125.56785       60.065042     0.028846586      0.15378329      0.15393347     -0.32573014      -0.32573014       251.78717                                251.78717
              2       125.65585       60.065042     0.028846586      0.15439217      0.15921676     -0.32573014      -0.32573014       251.96316                                251.96316
              2       129.18318       60.065042     0.028846586      0.14525972      0.16941332     -0.32573014      -0.32573014       259.01783                                259.01783
              2       126.35775       60.065042     0.028846586       0.1478807      0.15260745     -0.32573014      -0.32573014       253.36696                                253.36696
              3       125.57351       60.065042     0.028846586      0.15786746      0.15461386     -0.32573014      -0.32573014       251.79848                                251.79848
              1       125.52012       60.065042     0.028846586       0.1547348      0.15713627     -0.32573014      -0.32573014        251.6917                                 251.6917
              2       126.95685       60.151333      0.02864276       0.1555968      0.15772207     -0.32573014      -0.32573014       254.56516                                254.56516
              2       126.71022        60.18904     0.029575004      0.15514165      0.15755855     -0.32573014      -0.32573014        254.0719                                 254.0719
              1       126.71108       60.187644      0.02955029      0.15515053      0.15756058     -0.32573014      -0.32573014       254.07362                                254.07362
              4       126.83574       60.187644      0.02955029      0.15361349      0.15875891     -0.32573014      -0.32573014       254.32293                                254.32293
              2       126.96765       60.194471     0.029496453       0.1537124      0.15882074     -0.32573014      -0.32573014       254.58676                                254.58676
              3        126.9539       60.194471     0.029496453       0.1539809      0.15888141     -0.32573014      -0.32573014       254.55926                                254.55926
              4       127.56716       60.184623     0.028619262      0.15461591      0.15918442     -0.32573014      -0.32573014       255.78577                                255.78577
              1       127.71653       60.184623     0.028619262      0.15461746      0.16105958     -0.32573014      -0.32573014       256.08451                                256.08451
              1       127.55038        60.17416     0.028635729      0.15451966      0.16099193     -0.32573014      -0.32573014       255.75222                                255.75222
              1       127.59526        60.17416     0.028635729       0.1532277      0.16052255     -0.32573014      -0.32573014       255.84198                                255.84198
              3       127.36555        60.17416     0.028635729      0.15412253      0.15762517     -0.32573014      -0.32573014       255.38256                                255.38256
              1       125.21503       60.034706     0.028756079      0.15289972      0.15676433     -0.32573014      -0.32573014       251.08151                                251.08151
              2       125.46883       60.034706     0.028756079      0.15696943      0.16049194     -0.32573014      -0.32573014       251.58912                                251.58912
              5        125.3274        60.00544     0.028436637      0.15699356      0.16045286     -0.32573014      -0.32573014       251.30626                                251.30626
              2       125.14389        60.00544     0.028436637      0.15263558      0.15812977     -0.32573014      -0.32573014       250.93924                                250.93924
              2       125.05218        60.00544     0.028436637      0.15305035      0.15685012     -0.32573014      -0.32573014       250.75583                                250.75583
              1        124.9929        60.00544     0.028436637      0.15457016      0.15669296     -0.32573014      -0.32573014       250.63727                                250.63727
              1       125.06178       60.034552     0.028854999      0.15446423       0.1566905     -0.32573014      -0.32573014       250.77502                                250.77502
              7       125.21084       60.034552     0.028854999      0.15203263      0.15359377     -0.32573014      -0.32573014       251.07313                                251.07313
              1       125.50143       60.034552     0.028854999      0.16129124      0.15567318     -0.32573014      -0.32573014       251.65431                                251.65431
              7        125.6897       60.034552     0.028854999      0.15976857      0.16106006     -0.32573014      -0.32573014       252.03086                                252.03086
              5       129.06569       60.034552     0.028854999      0.15330404      0.17325666     -0.32573014      -0.32573014       258.78283                                258.78283
              1       129.84394       60.034552     0.028854999      0.14999398      0.17428653     -0.32573014      -0.32573014       260.33934                                260.33934
              1       128.18803       60.100999     0.029702837      0.14515904      0.16679473     -0.32573014      -0.32573014       257.02752                                257.02752
              1       127.83397       60.100999     0.029702837       0.1459831        0.166258     -0.32573014      -0.32573014        256.3194                                 256.3194
              2       127.67773       60.100999     0.029702837      0.15538197      0.16943588     -0.32573014      -0.32573014       256.00692                                256.00692
              1       126.83918       60.092888     0.029830427      0.15320542      0.16722582     -0.32573014      -0.32573014       254.32983                                254.32983
              2       127.19837       60.092888     0.029830427      0.16824016      0.15586966     -0.32573014      -0.32573014        255.0482                                 255.0482
              7       125.42838       60.092888     0.029830427      0.15074548      0.15243703     -0.32573014      -0.32573014       251.50823                                251.50823
              2       124.02722       60.007162      0.02998618      0.14992719      0.15187426     -0.32573014      -0.32573014        248.7059                                 248.7059
              2       123.92866       60.007162      0.02998618      0.15031101      0.15638509     -0.32573014      -0.32573014       248.50879                                248.50879
              3        124.5275       60.007162      0.02998618      0.14639675      0.15301612     -0.32573014      -0.32573014       249.70645                                249.70645
              1       124.47662       60.007162      0.02998618      0.14651873      0.15390617     -0.32573014      -0.32573014        249.6047                                 249.6047
              2       125.54682       60.012321     0.028734082      0.14758012      0.15445048     -0.32573014      -0.32573014        251.7451                                 251.7451
              1       125.45999       60.012321     0.028734082      0.15501005      0.16248909     -0.32573014      -0.32573014       251.57144                                251.57144
              1       125.30155       60.012321     0.028734082      0.15634432       0.1614235     -0.32573014      -0.32573014       251.25457                                251.25457
              2       125.05438       60.012321     0.028734082      0.15944754      0.15524288     -0.32573014      -0.32573014       250.76021                                250.76021
              2       125.32745       60.012321     0.028734082      0.16137267      0.15633299     -0.32573014      -0.32573014       251.30635                                251.30635
              5        126.2582       60.012321     0.028734082       0.1653107      0.15228209     -0.32573014      -0.32573014       253.16785                                253.16785
              2       125.40869       60.031889     0.028805286      0.14986517      0.15533939     -0.32573014      -0.32573014       251.46883                                251.46883
              2       126.83051       60.031889     0.028805286      0.14435419      0.15076725     -0.32573014      -0.32573014       254.31249                                254.31249
              2       127.51006       60.104565     0.029352421      0.14449475      0.15096538     -0.32573014      -0.32573014       255.67158                                255.67158
              1       127.31586       60.104565     0.029352421      0.14446198      0.15859231     -0.32573014      -0.32573014       255.28319                                255.28319
              2       125.82625       60.104565     0.029352421      0.15642605      0.15198482     -0.32573014      -0.32573014       252.30396                                252.30396
              1       125.89116       60.104565     0.029352421      0.16003956      0.15488919     -0.32573014      -0.32573014       252.43377                                252.43377
              3       125.88121       60.104565     0.029352421       0.1561024      0.16027212     -0.32573014      -0.32573014       252.41388                                252.41388
              2       125.83098       60.104565     0.029352421      0.15784695      0.15913768     -0.32573014      -0.32573014       252.31343                                252.31343
              1         125.025       60.057757     0.029512606      0.15733895      0.15879954     -0.32573014      -0.32573014       250.70145                                250.70145
              1       125.48898       60.057757     0.029512606      0.14782519      0.15518273     -0.32573014      -0.32573014       251.62942                                251.62942
              1       124.87041       60.057757     0.029512606      0.15344273       0.1567139     -0.32573014      -0.32573014       250.39228                                250.39228
              1       125.91573       60.057757     0.029512606      0.15179669      0.16408776     -0.32573014      -0.32573014       252.48292                                252.48292
              1       128.04444       60.047795     0.027199054      0.14976498      0.16471042     -0.32573014      -0.32573014       256.74033                                256.74033
              1       127.29377       60.047795     0.027199054      0.14993484      0.15973397     -0.32573014      -0.32573014       255.23899                                255.23899
              3       127.65855       60.030819     0.026427977      0.15042592      0.15995191     -0.32573014      -0.32573014       255.96855                                255.96855
              1       127.38902       60.030819     0.026427977      0.15663903       0.1618173     -0.32573014      -0.32573014       255.42949                                255.42949
              1       127.81079       60.030819     0.026427977      0.14881126      0.15723516     -0.32573014      -0.32573014       256.27305                                256.27305
              3       127.72537       60.030819     0.026427977      0.14924864      0.15635366     -0.32573014      -0.32573014       256.10221                                256.10221
              1       127.57993       60.030819     0.026427977      0.15010464      0.15609523     -0.32573014      -0.32573014       255.81131                                255.81131
              2       127.93647       60.030819     0.026427977       0.1483847      0.15855282     -0.32573014      -0.32573014       256.52441                                256.52441
              1       127.04751       60.018212     0.027321772      0.14755506      0.15811234     -0.32573014      -0.32573014       254.74647                                254.74647
              2       128.10777       60.018212     0.027321772      0.14647785       0.1644125     -0.32573014      -0.32573014         256.867                                  256.867
              1       128.34541       60.018212     0.027321772      0.14385932      0.16166238     -0.32573014      -0.32573014       257.34229                                257.34229
              2       127.79243       60.018212     0.027321772       0.1451887      0.16029629     -0.32573014      -0.32573014       256.23632                                256.23632
              5       126.48151       60.008369     0.028854265      0.14386116      0.15960955     -0.32573014      -0.32573014       253.61448                                253.61448
              1       127.33999       60.008369     0.028854265      0.16661127      0.14644845     -0.32573014      -0.32573014       255.33143                                255.33143
              1       126.82842       60.008369     0.028854265       0.1593495      0.16762621     -0.32573014      -0.32573014        254.3083                                 254.3083
              3       126.63045       60.008369     0.028854265       0.1602916      0.16657658     -0.32573014      -0.32573014       253.91235                                253.91235
              2       125.61608       60.008369     0.028854265      0.15592783      0.16392211     -0.32573014      -0.32573014       251.88363                                251.88363
              2       125.44117       60.008369     0.028854265      0.15845368      0.16233565     -0.32573014      -0.32573014       251.53379                                251.53379
              1       125.12876       60.008369     0.028854265      0.15822415      0.16044708     -0.32573014      -0.32573014       250.90898                                250.90898
              1       125.41157       60.008369     0.028854265      0.16094135      0.16018041     -0.32573014      -0.32573014       251.47461                                251.47461
              3       125.46259       60.008369     0.028854265      0.14863275      0.16002419     -0.32573014      -0.32573014       251.57665                                251.57665
              4       125.00813       60.008369     0.028854265      0.14982077      0.15431674     -0.32573014      -0.32573014       250.66773                                250.66773
              1       126.44311       60.008369     0.028854265      0.14374891      0.15891533     -0.32573014      -0.32573014       253.53767                                253.53767
              1       126.01956       60.008369     0.028854265      0.14865273       0.1634455     -0.32573014      -0.32573014       252.69057                                252.69057
              2       125.51384       60.029888     0.029889941      0.14798278       0.1631453     -0.32573014      -0.32573014       251.67914                                251.67914
              2       125.58741       60.029888     0.029889941       0.1438796      0.15369451     -0.32573014      -0.32573014       251.82628                                251.82628
              1       125.48992       60.029888     0.029889941      0.15325751      0.16535515     -0.32573014      -0.32573014       251.63131                                251.63131
              1       125.62185       60.029888     0.029889941      0.14429656      0.15126386     -0.32573014      -0.32573014       251.89516                                251.89516
              6       125.41464       60.029888     0.029889941      0.14542868      0.15050816     -0.32573014      -0.32573014       251.48073                                251.48073
              4       124.12022       60.029888     0.029889941      0.15401748      0.15334401     -0.32573014      -0.32573014        248.8919                                 248.8919
              2       124.15826       60.029888     0.029889941      0.15371936      0.15266717     -0.32573014      -0.32573014       248.96799                                248.96799
              1       126.39626       60.029888     0.029889941      0.16719608      0.15984011     -0.32573014      -0.32573014       253.44397                                253.44397
              2       126.03785       60.010593     0.029990574      0.16695848       0.1596865     -0.32573014      -0.32573014       252.72717                                252.72717
              1       125.64884       60.010593     0.029990574      0.16628404      0.15133425     -0.32573014      -0.32573014       251.94914                                251.94914
              1       125.98785       60.010593     0.029990574      0.16775301      0.15537474     -0.32573014      -0.32573014       252.62716                                252.62716
              2       125.34834       60.010593     0.029990574      0.15746357      0.16561594     -0.32573014      -0.32573014       251.34815                                251.34815
              2       124.91749       60.010593     0.029990574      0.14622107      0.15981413     -0.32573014      -0.32573014       250.48644                                250.48644
              2       124.73717       60.010593     0.029990574      0.14711479      0.15979023     -0.32573014      -0.32573014       250.12579                                250.12579
              1       124.40903       60.010593     0.029990574      0.16140945      0.15699319     -0.32573014      -0.32573014       249.46952                                249.46952
              1       124.34756       60.006755     0.029998977      0.16137165       0.1569674     -0.32573014      -0.32573014       249.34658                                249.34658
              3       123.99345       60.006755     0.029998977      0.14991649      0.15711232     -0.32573014      -0.32573014       248.63836                                248.63836
              1       124.14848       60.006755     0.029998977      0.14910541      0.15785826     -0.32573014      -0.32573014       248.94842                                248.94842
              1       124.36734       60.006755     0.029998977      0.14989053      0.16059333     -0.32573014      -0.32573014       249.38614                                249.38614
              2       123.99216       60.006755     0.029998977      0.14964514      0.15650903     -0.32573014      -0.32573014       248.63577                                248.63577
              1       123.74894       60.006755     0.029998977      0.15433199      0.15729804     -0.32573014      -0.32573014       248.14935                                248.14935
              3       123.76611       60.006755     0.029998977      0.15430154      0.15754066     -0.32573014      -0.32573014       248.18369                                248.18369
              5        124.1852       60.006755     0.029998977       0.1482609      0.15652187     -0.32573014      -0.32573014       249.02186                                249.02186
              3       124.28764       60.006755     0.029998977      0.14953335      0.15971422     -0.32573014      -0.32573014       249.22673                                249.22673
              2       124.69049       60.006755     0.029998977      0.14552566      0.15608079     -0.32573014      -0.32573014       250.03243                                250.03243
              1       124.63119       60.006755     0.029998977      0.14606421      0.15200418     -0.32573014      -0.32573014       249.91384                                249.91384
              5       123.66785       60.006755     0.029998977      0.15521854      0.15487836     -0.32573014      -0.32573014       247.98716                                247.98716
              2        125.7583       60.006755     0.029998977      0.15253006      0.14183547     -0.32573014      -0.32573014       252.16805                                252.16805
              1       126.03203       60.015841     0.029845986      0.15272795      0.14195118     -0.32573014      -0.32573014       252.71552                                252.71552
              4       124.29403       60.015841     0.029845986       0.1580032      0.15899742     -0.32573014      -0.32573014       249.23952                                249.23952
              5       124.53378       60.015841     0.029845986      0.15557166      0.16169414     -0.32573014      -0.32573014       249.71902                                249.71902
              2       125.99079       60.015841     0.029845986      0.16520477       0.1618398     -0.32573014      -0.32573014       252.63303                                252.63303
              1       124.85808       60.015841     0.029845986      0.15552635      0.16336331     -0.32573014      -0.32573014       250.36762                                250.36762
              1       126.06105       60.015841     0.029845986      0.16121393      0.14357946     -0.32573014      -0.32573014       252.77357                                252.77357
              1       125.59737       60.015841     0.029845986      0.16089557      0.14514794     -0.32573014      -0.32573014        251.8462                                 251.8462
              2       123.93535       60.015841     0.029845986       0.1537217      0.15403039     -0.32573014      -0.32573014       248.52216                                248.52216
              4       124.09822       60.015841     0.029845986      0.15366221      0.15843966     -0.32573014      -0.32573014        248.8479                                 248.8479
              6       124.94424       60.031191     0.029930579      0.16283447      0.15620207     -0.32573014      -0.32573014       250.53994                                250.53994
              1       125.61724       60.031191     0.029930579      0.16481176      0.15057042     -0.32573014      -0.32573014       251.88594                                251.88594
              7       124.11216       60.031191     0.029930579      0.15648861      0.15478868     -0.32573014      -0.32573014       248.87577                                248.87577
              4       124.54762        60.04907     0.029722986      0.15675403      0.15500463     -0.32573014      -0.32573014       249.74671                                249.74671
              4       124.52985        60.04907     0.029722986      0.15572528      0.15630144     -0.32573014      -0.32573014       249.71117                                249.71117
              3       124.93611        60.04907     0.029722986      0.15708918      0.16057851     -0.32573014      -0.32573014       250.52368                                250.52368
              1        125.6003        60.04079     0.028704101      0.15393352      0.16062832     -0.32573014      -0.32573014       251.85205                                251.85205
              1       125.88565        60.04079     0.028704101      0.15486599      0.14853858     -0.32573014      -0.32573014       252.42275                                252.42275
              1       125.56291        60.04079     0.028704101      0.15532497      0.15065346     -0.32573014      -0.32573014       251.77728                                251.77728
              3       126.41656        60.04079     0.028704101      0.15445355      0.16516129     -0.32573014      -0.32573014       253.48459                                253.48459
              1       126.52782       60.078213       0.0297855      0.15390069      0.16676591     -0.32573014      -0.32573014       253.70709                                253.70709
              1       127.10023       60.078213       0.0297855      0.15497216      0.16867269     -0.32573014      -0.32573014       254.85192                                254.85192
              1       127.51496       60.098824     0.029630826      0.15522064      0.16888576     -0.32573014      -0.32573014       255.68138                                255.68138
              2       127.15751       60.098824     0.029630826      0.15868976      0.16731391     -0.32573014      -0.32573014       254.96649                                254.96649
              1        127.0314       60.050152     0.028980105      0.15879317      0.16724148     -0.32573014      -0.32573014       254.71426                                254.71426
              1       126.97009       60.050152     0.028980105      0.15873743      0.16704824     -0.32573014      -0.32573014       254.59164                                254.59164
              2       125.66356       60.050152     0.028980105      0.15688069      0.16169895     -0.32573014      -0.32573014       251.97858                                251.97858
              4       125.17154       60.050152     0.028980105      0.15644104      0.15542107     -0.32573014      -0.32573014       250.99455                                250.99455
              3       125.15498       60.035063      0.02874466        0.156496      0.15541291     -0.32573014      -0.32573014       250.96142                                250.96142
              2       125.54923       60.035063      0.02874466      0.15574135      0.16123447     -0.32573014      -0.32573014       251.74993                                251.74993
              3       124.77174       60.005347     0.029165287      0.15524885      0.16084349     -0.32573014      -0.32573014       250.19493                                250.19493
              5       124.72117       60.005347     0.029165287      0.15910966      0.15838835     -0.32573014      -0.32573014       250.09381                                250.09381
              1       126.03592       60.005347     0.029165287      0.15589444      0.14349485     -0.32573014      -0.32573014        252.7233                                 252.7233
              1       129.74645       60.005347     0.029165287      0.17406676      0.14770353     -0.32573014      -0.32573014       260.14436                                260.14436
              1       127.53358       60.005347     0.029165287      0.16691957      0.16528604     -0.32573014      -0.32573014       255.71861                                255.71861
              1       127.53535       60.005347     0.029165287      0.14251511       0.1450362     -0.32573014      -0.32573014       255.72217                                255.72217
              1       127.29795       60.007158     0.029488494      0.14230815      0.14491214     -0.32573014      -0.32573014       255.24735                                255.24735
              4       124.37235       60.007158     0.029488494      0.15530284      0.15951984     -0.32573014      -0.32573014       249.39616                                249.39616
              1       125.26261       60.007158     0.029488494       0.1464604      0.15981586     -0.32573014      -0.32573014       251.17667                                251.17667
              2       124.92551       60.007619     0.029756392      0.14601433      0.15163929     -0.32573014      -0.32573014       250.50249                                250.50249
              1       125.43473       60.007619     0.029756392      0.14355013      0.15356049     -0.32573014      -0.32573014       251.52093                                251.52093
              1       125.14389       60.007619     0.029756392      0.14782919      0.14733027     -0.32573014      -0.32573014       250.93923                                250.93923
              2       123.98952       60.007619     0.029756392      0.15404008      0.15180579     -0.32573014      -0.32573014        248.6305                                 248.6305
              9       123.94039        60.00247     0.029725741      0.15402508      0.15178194     -0.32573014      -0.32573014       248.53224                                248.53224
              1        124.5054        60.00247     0.029725741       0.1516056      0.14799346     -0.32573014      -0.32573014       249.66225                                249.66225
              1       126.10232       60.016593     0.029524406      0.15897931      0.14343065     -0.32573014      -0.32573014        252.8561                                 252.8561
              3       125.63612       60.016593     0.029524406       0.1442016      0.15613001     -0.32573014      -0.32573014        251.9237                                 251.9237
              3        125.6803       60.016593     0.029524406      0.14642909      0.14806316     -0.32573014      -0.32573014       252.01206                                252.01206
              1       126.64458       60.016593     0.029524406      0.16771824      0.15977168     -0.32573014      -0.32573014       253.94062                                253.94062
              2       124.34668       60.016593     0.029524406      0.15776982      0.15350196     -0.32573014      -0.32573014       249.34483                                249.34483
              1        125.7196       60.016593     0.029524406      0.16260408      0.14734893     -0.32573014      -0.32573014       252.09066                                252.09066
              3        124.2054       60.016593     0.029524406      0.15457565      0.15536985     -0.32573014      -0.32573014       249.06227                                249.06227
              2       124.34051       60.016593     0.029524406      0.15435015      0.15823719     -0.32573014      -0.32573014       249.33248                                249.33248
              1       127.54077       60.016593     0.029524406      0.14595896      0.16863537     -0.32573014      -0.32573014         255.733                                  255.733
              2       125.60234       60.016593     0.029524406      0.16274895      0.16174648     -0.32573014      -0.32573014       251.85614                                251.85614
              2       125.39307       60.005617     0.029229887       0.1561587      0.14576178     -0.32573014      -0.32573014       251.43759                                251.43759
              1       126.06748       60.033032     0.028928431      0.15655422      0.14608577     -0.32573014      -0.32573014       252.78641                                252.78641
              1       125.64004       60.033032     0.028928431      0.14841688      0.15253812     -0.32573014      -0.32573014       251.93154                                251.93154
              6       125.21938       60.004135     0.028911028      0.14822765       0.1523387     -0.32573014      -0.32573014       251.09022                                251.09022
              1       124.62198       60.029014     0.029576339      0.15227948       0.1510427     -0.32573014      -0.32573014       249.89542                                249.89542
              3       124.55058       60.029014     0.029576339      0.15079982      0.15438271     -0.32573014      -0.32573014       249.75261                                249.75261
              1       124.46223       60.029014     0.029576339      0.15184383      0.15413277     -0.32573014      -0.32573014       249.57593                                249.57593
              1       124.91593       60.029014     0.029576339      0.15360717      0.16169978     -0.32573014      -0.32573014       250.48332                                250.48332
              2       125.13523       60.029014     0.029576339      0.15204866       0.1624883     -0.32573014      -0.32573014       250.92192                                250.92192
              2       124.41037       60.029014     0.029576339      0.15629892      0.15690405     -0.32573014      -0.32573014       249.47219                                249.47219
              1        124.3963       60.029014     0.029576339      0.15385684      0.15694266     -0.32573014      -0.32573014       249.44407                                249.44407
              4       124.74225       60.029014     0.029576339      0.15412297      0.16065716     -0.32573014      -0.32573014       250.13596                                250.13596
              1       125.73871       60.029014     0.029576339      0.16209877      0.16262757     -0.32573014      -0.32573014       252.12888                                252.12888
              1       129.72885       60.076925     0.025778594      0.16501202       0.1645805     -0.32573014      -0.32573014       260.10917                                260.10917
              1       130.33782       60.076925     0.025778594      0.16813846       0.1511358     -0.32573014      -0.32573014        261.3271                                 261.3271
              1       131.61745       60.107385     0.025959432      0.17013391      0.14900339     -0.32573014      -0.32573014       263.88636                                263.88636
              1       128.82507       60.107385     0.025959432      0.15923746      0.16124683     -0.32573014      -0.32573014        258.3016                                 258.3016
              4       129.44966       60.007438     0.023563146      0.16016993      0.16154749     -0.32573014      -0.32573014       259.55079                                259.55079
              2       129.61754       60.007438     0.023563146      0.15644073      0.16346939     -0.32573014      -0.32573014       259.88655                                259.88655
              4        128.3285       60.070939     0.026289081      0.15387305      0.16294179     -0.32573014      -0.32573014       257.30847                                257.30847
              1       128.41451        60.06301       0.0260485      0.15398131      0.16298704     -0.32573014      -0.32573014       257.48048                                257.48048
              1       128.85823        60.06301       0.0260485      0.14922071      0.16131202     -0.32573014      -0.32573014       258.36793                                258.36793
              1       128.86916        60.06301       0.0260485      0.14887535      0.16069832     -0.32573014      -0.32573014       258.38978                                258.38978
              2       128.25017        60.06301       0.0260485      0.16122145      0.16056063     -0.32573014      -0.32573014        257.1518                                 257.1518
              4       128.44678        60.06301       0.0260485      0.16361527      0.15794844     -0.32573014      -0.32573014       257.54503                                257.54503
              1       128.47746        60.06301       0.0260485      0.16302157      0.16045257     -0.32573014      -0.32573014       257.60638                                257.60638
              2       129.34595        60.06301       0.0260485      0.16085941      0.14711547     -0.32573014      -0.32573014       259.34335                                259.34335
              2        129.7959       60.041214     0.025756192      0.15232708      0.14545056     -0.32573014      -0.32573014       260.24326                                260.24326
              3       128.47299       60.041214     0.025756192      0.15406903      0.15045636     -0.32573014      -0.32573014       257.59743                                257.59743
              3       127.68359       60.001774      0.02596408       0.1536534      0.15008598     -0.32573014      -0.32573014       256.01864                                256.01864
              2       129.42245       60.001774      0.02596408      0.16590172      0.16662629     -0.32573014      -0.32573014       259.49636                                259.49636
              4       129.09717       60.102443      0.02858934      0.16370539      0.16908605     -0.32573014      -0.32573014       258.84581                                258.84581
              3       129.21404       60.108116     0.028543724      0.16377584      0.16914599     -0.32573014      -0.32573014       259.07954                                259.07954
              2       126.55782       60.108116     0.028543724      0.15283211      0.15446808     -0.32573014      -0.32573014        253.7671                                 253.7671
              6       124.26511       60.012208     0.029594683      0.15119168      0.15328512     -0.32573014      -0.32573014       249.18167                                249.18167
              4       124.26335       60.012208     0.029594683      0.15186931      0.15746316     -0.32573014      -0.32573014       249.17817                                249.17817
              5       124.73186       60.012208     0.029594683      0.15425522      0.16206459     -0.32573014      -0.32573014       250.11519                                250.11519
              2       124.78901       60.015823     0.029546278      0.15268939      0.16162638     -0.32573014      -0.32573014       250.22948                                250.22948
              1       126.73425       60.015823     0.029546278      0.15330316      0.16913176     -0.32573014      -0.32573014       254.11997                                254.11997
              1       127.81268       60.015823     0.029546278       0.1463275      0.16969677     -0.32573014      -0.32573014       256.27682                                256.27682
              1       128.12428       60.015823     0.029546278      0.13905047      0.14686134     -0.32573014      -0.32573014       256.90003                                256.90003
              1       127.07204       60.015823     0.029546278      0.14166765      0.14733551     -0.32573014      -0.32573014       254.79555                                254.79555
              5        124.4271       60.015823     0.029546278        0.158644      0.15707114     -0.32573014      -0.32573014       249.50566                                249.50566
              6       124.39818       60.015823     0.029546278       0.1540988      0.15911771     -0.32573014      -0.32573014       249.44781                                249.44781
              1       125.51266       60.015823     0.029546278       0.1446839      0.15284115     -0.32573014      -0.32573014       251.67678                                251.67678
              1       124.41517       60.015823     0.029546278      0.15092039       0.1527858     -0.32573014      -0.32573014       249.48181                                249.48181
              2        126.0646       60.050286     0.028201871      0.15207345      0.15360239     -0.32573014      -0.32573014       252.78066                                252.78066
              4       127.39286       60.050286     0.028201871      0.16260617      0.14718672     -0.32573014      -0.32573014       255.43718                                255.43718
              4        126.2121       60.050286     0.028201871      0.16070288      0.15355364     -0.32573014      -0.32573014       253.07566                                253.07566
              3       126.23153       60.050286     0.028201871      0.16084955      0.15354456     -0.32573014      -0.32573014       253.11451                                253.11451
              1       126.35357       60.050286     0.028201871      0.16216748      0.15577827     -0.32573014      -0.32573014        253.3586                                 253.3586
              1       125.98874       60.050286     0.028201871      0.15348518      0.15313286     -0.32573014      -0.32573014       252.62894                                252.62894
              5       126.01499       60.050286     0.028201871      0.15239167      0.15399475     -0.32573014      -0.32573014       252.68145                                252.68145
              1       127.19846       60.050286     0.028201871      0.14559964       0.1536865     -0.32573014      -0.32573014       255.04837                                255.04837
              4       126.98345       60.050286     0.028201871      0.14624171      0.15505784     -0.32573014      -0.32573014       254.61836                                254.61836
              2       127.55098       60.050286     0.028201871      0.14729793      0.14787753     -0.32573014      -0.32573014       255.75341                                255.75341
              1       126.74877       60.050286     0.028201871      0.16417379      0.15486204     -0.32573014      -0.32573014       254.14901                                254.14901
              1       126.84827       60.050286     0.028201871      0.16460629      0.15716706     -0.32573014      -0.32573014         254.348                                  254.348
              1       127.43312       60.050286     0.028201871      0.16650254      0.15275146     -0.32573014      -0.32573014        255.5177                                 255.5177
              3       126.02538       60.056335      0.02984997      0.16542504      0.15209604     -0.32573014      -0.32573014       252.70223                                252.70223
              2       125.42891       60.056335      0.02984997      0.15765216      0.16327168     -0.32573014      -0.32573014       251.50927                                251.50927
              3        125.0794       60.056335      0.02984997      0.15618428       0.1617921     -0.32573014      -0.32573014       250.81025                                250.81025
              5       124.93067       60.056335      0.02984997      0.15624631       0.1608196     -0.32573014      -0.32573014        250.5128                                 250.5128
              3        124.8928       60.056335      0.02984997       0.1561084      0.16058014     -0.32573014      -0.32573014       250.43706                                250.43706
              2       125.19554       60.056335      0.02984997      0.15757869      0.16206559     -0.32573014      -0.32573014       251.04254                                251.04254
              2        125.0719       60.056335      0.02984997      0.15823489        0.160985     -0.32573014      -0.32573014       250.79527                                250.79527
              7       125.03493       60.054417     0.029861721      0.15821356      0.16096629     -0.32573014      -0.32573014       250.72132                                250.72132
              1       125.29749       60.076816     0.029923256      0.15832759      0.16110049     -0.32573014      -0.32573014       251.24644                                251.24644
              1       125.93096       60.076816     0.029923256      0.16274171      0.16122758     -0.32573014      -0.32573014       252.51337                                252.51337
              1       126.48931       60.063218      0.02906664      0.16322903      0.16149343     -0.32573014      -0.32573014       253.63009                                253.63009
              1        128.4403       60.178474     0.028684722      0.16429037      0.16248015     -0.32573014      -0.32573014       257.53207                                257.53207
              3       128.73016       60.178474     0.028684722      0.16724195      0.15673161     -0.32573014      -0.32573014       258.11178                                258.11178
              2       128.66075       60.178474     0.028684722      0.16688321      0.15542228     -0.32573014      -0.32573014       257.97296                                257.97296
              1       127.57206       60.178474     0.028684722      0.15711431      0.15222434     -0.32573014      -0.32573014       255.79558                                255.79558
              2       127.67933       60.178474     0.028684722      0.15885267      0.15182904     -0.32573014      -0.32573014       256.01013                                256.01013
              2        128.8347       60.083498     0.025839497      0.16025388      0.15217691     -0.32573014      -0.32573014       258.32087                                258.32087
              1       128.89178       60.083498     0.025839497      0.15122978      0.15965155     -0.32573014      -0.32573014       258.43502                                258.43502
              1       127.40618       60.049352     0.026943893      0.15044489      0.15879784     -0.32573014      -0.32573014       255.46381                                255.46381
              1       127.21657       60.020347     0.026628366      0.15053758      0.15864947     -0.32573014      -0.32573014        255.0846                                 255.0846
              1       127.07875       60.020347     0.026628366      0.15111664      0.15618412     -0.32573014      -0.32573014       254.80896                                254.80896
              1       127.20914       60.020347     0.026628366      0.16196011      0.15867474     -0.32573014      -0.32573014       255.06975                                255.06975
              4       127.05583       60.020347     0.026628366      0.15924288      0.16054191     -0.32573014      -0.32573014       254.76313                                254.76313
              3        127.3688       60.088876     0.027418522       0.1589968      0.16087191     -0.32573014      -0.32573014       255.38906                                255.38906
              1        127.3613       60.088876     0.027418522       0.1565207      0.15190242     -0.32573014      -0.32573014       255.37406                                255.37406
              3       127.21854       60.019961     0.028238556      0.16499684      0.14817131     -0.32573014      -0.32573014       255.08855                                255.08855
              7       128.28687       60.019961     0.028238556      0.16786357      0.14687864     -0.32573014      -0.32573014        257.2252                                 257.2252
              1       125.47056       60.019961     0.028238556      0.15348339      0.15323973     -0.32573014      -0.32573014       251.59258                                251.59258
              3       131.15921       60.019961     0.028238556      0.13579538      0.14724051     -0.32573014      -0.32573014       262.96989                                262.96989
              1       130.03949       60.019961     0.028238556      0.13630653      0.15430262     -0.32573014      -0.32573014       260.73043                                260.73043
              7       128.39588       60.019961     0.028238556      0.14342766      0.14585265     -0.32573014      -0.32573014       257.44322                                257.44322
              1       129.61731       60.172543     0.029164949       0.1659859      0.14514384     -0.32573014      -0.32573014       259.88608                                259.88608
              2       128.18812       60.172543     0.029164949       0.1666793      0.15495057     -0.32573014      -0.32573014        257.0277                                 257.0277
              1       127.44602        60.15785     0.028952877      0.15016092      0.16054133     -0.32573014      -0.32573014       255.54349                                255.54349
              2       127.10321       60.146739     0.029150516      0.15000349      0.16033795     -0.32573014      -0.32573014       254.85789                                254.85789
              1       126.82592       60.146739     0.029150516       0.1515057       0.1595473     -0.32573014      -0.32573014       254.30331                                254.30331
              2        126.5783       60.146739     0.029150516      0.15303929      0.15794834     -0.32573014      -0.32573014       253.80807                                253.80807
              3       126.98199       60.146739     0.029150516      0.16058284      0.15142401     -0.32573014      -0.32573014       254.61543                                254.61543
              3       127.04369       60.146739     0.029150516      0.14943499      0.15832066     -0.32573014      -0.32573014       254.73883                                254.73883
              1        126.4708       60.146739     0.029150516       0.1555913      0.15816952     -0.32573014      -0.32573014       253.59306                                253.59306
              1       128.12268       60.146739     0.029150516       0.1506174      0.14611375     -0.32573014      -0.32573014       256.89682                                256.89682
              1       128.06282       60.156914     0.029379413      0.15051327      0.14611141     -0.32573014      -0.32573014       256.77709                                256.77709
              2       126.48363       60.156914     0.029379413      0.15409895      0.15865888     -0.32573014      -0.32573014       253.61871                                253.61871
              1       126.43637       60.156914     0.029379413      0.15509643       0.1584927     -0.32573014      -0.32573014        253.5242                                 253.5242
              3       125.59785       60.091067     0.029217961      0.15497075      0.15790057     -0.32573014      -0.32573014       251.84716                                251.84716
              3       125.88843       60.129354      0.02955478      0.15489666      0.15813309     -0.32573014      -0.32573014       252.42833                                252.42833
              2        126.1351       60.129354      0.02955478      0.15095611      0.15461122     -0.32573014      -0.32573014       252.92165                                252.92165
              1       128.96525       60.129354      0.02955478      0.16609641      0.14406728     -0.32573014      -0.32573014       258.58197                                258.58197
              2       129.01981       60.129354      0.02955478      0.17077761      0.15093521     -0.32573014      -0.32573014       258.69108                                258.69108
              2       133.49952       60.129354      0.02955478      0.16451845      0.13288302     -0.32573014      -0.32573014        267.6505                                 267.6505
              2       132.80933       60.129354      0.02955478      0.17912849       0.1548782     -0.32573014      -0.32573014       266.27012                                266.27012
              1       127.94016       60.129354      0.02955478      0.16186799      0.14453264     -0.32573014      -0.32573014       256.53178                                256.53178
              1       127.27341       60.129354      0.02955478      0.16447402      0.16214622     -0.32573014      -0.32573014       255.19828                                255.19828
              2       127.09591       60.129354      0.02955478      0.16351679      0.16229846     -0.32573014      -0.32573014       254.84329                                254.84329
              3       126.99508       60.129354      0.02955478      0.14989046      0.16361873     -0.32573014      -0.32573014       254.64162                                254.64162
              2       126.54525       60.129354      0.02955478      0.16007503      0.14974066     -0.32573014      -0.32573014       253.74196                                253.74196
              2       127.00931       60.129354      0.02955478      0.15340688      0.14652306     -0.32573014      -0.32573014       254.67007                                254.67007
              1       126.91067       60.129354      0.02955478      0.14850211       0.1501677     -0.32573014      -0.32573014       254.47279                                254.47279
              2       127.71019        60.06891     0.027524766      0.14952669      0.15048998     -0.32573014      -0.32573014       256.07185                                256.07185
              1       127.89191        60.06891     0.027524766      0.14827402      0.16208389     -0.32573014      -0.32573014       256.43529                                256.43529
              1       126.62925       60.050507     0.029627112      0.14249965      0.15362585     -0.32573014      -0.32573014       253.90996                                253.90996
              1       127.38371       60.104785     0.029596075      0.15932785      0.14384476     -0.32573014      -0.32573014       255.41888                                255.41888
              1       128.05147       60.104785     0.029596075      0.16493333      0.14482457     -0.32573014      -0.32573014       256.75439                                256.75439
              1       127.01333       60.104785     0.029596075      0.14781876      0.16386573     -0.32573014      -0.32573014       254.67812                                254.67812
              3       126.18099       60.104785     0.029596075      0.15190114       0.1488592     -0.32573014      -0.32573014       253.01344                                253.01344
              5       126.95681       60.104785     0.029596075      0.15185742      0.16612219     -0.32573014      -0.32573014       254.56508                                254.56508
              1       127.75855       60.104785     0.029596075      0.16529533      0.16510642     -0.32573014      -0.32573014       256.16855                                256.16855
              2       126.71975       60.104785     0.029596075       0.1630692      0.14901712     -0.32573014      -0.32573014       254.09096                                254.09096
              3       126.19173       60.104611     0.029567986      0.16222051      0.15941922     -0.32573014      -0.32573014       253.03492                                253.03492
              1       127.55408       60.104611     0.029567986      0.16835798       0.1562235     -0.32573014      -0.32573014       255.75963                                255.75963
              1        128.8299       60.104611     0.029567986      0.16488221      0.16914212     -0.32573014      -0.32573014       258.31127                                258.31127
              7       127.12069       60.104611     0.029567986      0.14842036       0.1647876     -0.32573014      -0.32573014       254.89283                                254.89283
              1       125.93571       60.104611     0.029567986      0.16097909      0.15279301     -0.32573014      -0.32573014       252.52289                                252.52289
              3       126.12205       60.104611     0.029567986      0.16270381      0.15459391     -0.32573014      -0.32573014       252.89556                                252.89556
              2       126.76315       60.104611     0.029567986      0.14987912        0.147212     -0.32573014      -0.32573014       254.17776                                254.17776
              1       126.44993       60.104611     0.029567986      0.14864843      0.15006969     -0.32573014      -0.32573014       253.55131                                253.55131
              4       126.48179       60.067983     0.028867981      0.14894816      0.15002107     -0.32573014      -0.32573014       253.61503                                253.61503
              1        126.3819       60.067983     0.028867981      0.15822447      0.14789583     -0.32573014      -0.32573014       253.41527                                253.41527
              1       126.11898       60.067983     0.028867981      0.16088691       0.1601519     -0.32573014      -0.32573014       252.88942                                252.88942
              1       127.51115        60.11195     0.027975386      0.16157683      0.16100755     -0.32573014      -0.32573014       255.67375                                255.67375
              1       127.37041        60.11195     0.027975386       0.1505429      0.15631709     -0.32573014      -0.32573014       255.39227                                255.39227
              1       127.88578        60.11195     0.027975386       0.1629882      0.16229901     -0.32573014      -0.32573014       256.42303                                256.42303
              1       127.36415        60.11195     0.027975386      0.16109202      0.16014005     -0.32573014      -0.32573014       255.37975                                255.37975
              1        125.9744       60.064124     0.028799711      0.16043036      0.15927675     -0.32573014      -0.32573014       252.60027                                252.60027
              4       126.03411       60.064124     0.028799711      0.16133259      0.15847092     -0.32573014      -0.32573014       252.71968                                252.71968
              2       125.81162       60.064124     0.028799711       0.1578926      0.16000716     -0.32573014      -0.32573014        252.2747                                 252.2747
              2       125.66185       60.064124     0.028799711      0.15288386      0.15788862     -0.32573014      -0.32573014       251.97517                                251.97517
              2       125.48919        60.05957     0.028922166      0.15279423      0.15778618     -0.32573014      -0.32573014       251.62984                                251.62984
              1       125.55845        60.05957     0.028922166      0.15289874      0.15891059     -0.32573014      -0.32573014       251.76836                                251.76836
              2       125.54627        60.05957     0.028922166      0.15760245       0.1522735     -0.32573014      -0.32573014       251.74401                                251.74401
              4       125.67725       60.071236     0.028962479      0.15761762      0.15237302     -0.32573014      -0.32573014       252.00595                                252.00595
              4       126.21363       60.071236     0.028962479      0.15415582      0.14822248     -0.32573014      -0.32573014       253.07872                                253.07872
              3       126.29848       60.071236     0.028962479      0.15918938      0.14856043     -0.32573014      -0.32573014       253.24842                                253.24842
              3       127.82021       60.071236     0.028962479      0.16080592      0.14317594     -0.32573014      -0.32573014       256.29189                                256.29189
              1        130.3906       60.071236     0.028962479       0.1701197      0.14253089     -0.32573014      -0.32573014       261.43267                                261.43267
              2       128.51123       60.071236     0.028962479      0.17076195      0.15336273     -0.32573014      -0.32573014       257.67392                                257.67392
              2       126.96528       60.071236     0.028962479       0.1663165       0.1554465     -0.32573014      -0.32573014       254.58203                                254.58203
              1       126.67969       60.071236     0.028962479      0.16510801       0.1542073     -0.32573014      -0.32573014       254.01084                                254.01084
              4       124.84451       60.006209     0.029784152      0.14784407      0.14878101     -0.32573014      -0.32573014       250.34048                                250.34048
              1       124.55166       60.006209     0.029784152      0.14995785      0.14871712     -0.32573014      -0.32573014       249.75479                                249.75479
              1       124.32959       60.006209     0.029784152      0.14965842      0.15077754     -0.32573014      -0.32573014       249.31063                                249.31063
              4       123.91082       60.006209     0.029784152      0.15646714      0.15321904     -0.32573014      -0.32573014        248.4731                                 248.4731
              2       125.23692       60.009087     0.029249379      0.14641566      0.15414406     -0.32573014      -0.32573014        251.1253                                 251.1253
              2        125.0611       60.009087     0.029249379      0.15159759      0.14811303     -0.32573014      -0.32573014       250.77367                                250.77367
              1       125.33704       60.009087     0.029249379       0.1595001      0.16263893     -0.32573014      -0.32573014       251.32554                                251.32554
              1       127.14731       60.009087     0.029249379      0.16759615      0.16266914     -0.32573014      -0.32573014       254.94609                                254.94609
              2       127.49529       60.009087     0.029249379      0.16958163      0.16055728     -0.32573014      -0.32573014       255.64204                                255.64204
              1       126.15568       60.009087     0.029249379      0.16674221      0.15600799     -0.32573014      -0.32573014       252.96282                                252.96282
              2       124.55686       60.009087     0.029249379      0.15672091      0.15121935     -0.32573014      -0.32573014       249.76518                                249.76518
              3       125.05453       60.009087     0.029249379      0.16228693      0.15398044     -0.32573014      -0.32573014       250.76051                                250.76051
              1       126.51785       60.124279     0.029344597      0.16262021      0.15510245     -0.32573014      -0.32573014       253.68717                                253.68717
              3       126.45091       60.124279     0.029344597      0.16227719      0.15638568     -0.32573014      -0.32573014       253.55328                                253.55328
              4       126.56233       60.131962     0.029338195      0.16230714      0.15646637     -0.32573014      -0.32573014       253.77612                                253.77612
              1       125.54535       60.069446     0.029670182      0.15901539      0.16170831     -0.32573014      -0.32573014       251.74215                                251.74215
              6       125.51492       60.069446     0.029670182      0.14797912      0.15643811     -0.32573014      -0.32573014       251.68131                                251.68131
              6       126.25256       60.069446     0.029670182       0.1452759      0.15898001     -0.32573014      -0.32573014       253.15659                                253.15659
              2       127.28821       60.069446     0.029670182      0.16894111      0.15434889     -0.32573014      -0.32573014       255.22789                                255.22789
              4       126.19249       60.069446     0.029670182       0.1654119      0.15512048     -0.32573014      -0.32573014       253.03645                                253.03645
              1       126.38349       60.069446     0.029670182      0.16420802      0.14912172     -0.32573014      -0.32573014       253.41844                                253.41844
              3       127.54765       60.069446     0.029670182      0.14314073      0.16364681     -0.32573014      -0.32573014       255.74675                                255.74675
              2       127.82425       60.066616     0.029274363       0.1433709      0.16380028     -0.32573014      -0.32573014       256.29995                                256.29995
              1       129.54867       60.066616     0.029274363      0.17061523      0.16616448     -0.32573014      -0.32573014       259.74881                                259.74881
              1        129.5686       60.067296     0.029261369      0.17062541      0.16617734     -0.32573014      -0.32573014       259.78865                                259.78865
              1       129.94335       60.067296     0.029261369      0.17468163      0.15607199     -0.32573014      -0.32573014       260.53817                                260.53817
              2       129.54325       60.067296     0.029261369        0.173771      0.15371578     -0.32573014      -0.32573014       259.73797                                259.73797
              2        127.0561       60.067296     0.029261369      0.16646246      0.16052508     -0.32573014      -0.32573014       254.76365                                254.76365
              2       126.92042       60.067296     0.029261369      0.16669569      0.15260628     -0.32573014      -0.32573014       254.49229                                254.49229
              1       126.92872       60.067296     0.029261369      0.16680812      0.15295745     -0.32573014      -0.32573014       254.50891                                254.50891
              6       125.18653       60.067296     0.029261369      0.15627182      0.15646625     -0.32573014      -0.32573014       251.02451                                251.02451
              3       125.75382       60.067296     0.029261369      0.15035906      0.15088588     -0.32573014      -0.32573014       252.15911                                252.15911
              5       125.22712       60.067296     0.029261369       0.1534771      0.15676026     -0.32573014      -0.32573014        251.1057                                 251.1057
              1       125.77948       60.067296     0.029261369      0.15394049      0.14869988     -0.32573014      -0.32573014       252.21042                                252.21042
              2       125.98656       60.067296     0.029261369      0.16334633      0.15507366     -0.32573014      -0.32573014       252.62458                                252.62458
              2        125.3443       60.032111     0.029458662       0.1631074      0.15462679     -0.32573014      -0.32573014       251.34006                                251.34006
              1       125.59367       60.032111     0.029458662      0.16039053      0.16272687     -0.32573014      -0.32573014        251.8388                                 251.8388
              2       125.28128       60.032111     0.029458662      0.15864083      0.16214557     -0.32573014      -0.32573014       251.21401                                251.21401
              2       125.00363       60.032111     0.029458662      0.14912211      0.15242719     -0.32573014      -0.32573014       250.65872                                250.65872
              4       125.01482       60.032111     0.029458662      0.14984716      0.15110735     -0.32573014      -0.32573014        250.6811                                 250.6811
              2       125.14318       60.032111     0.029458662      0.14780098      0.15617769     -0.32573014      -0.32573014       250.93782                                250.93782
             21       124.70301       60.032111     0.029458662      0.15396176      0.15106934     -0.32573014      -0.32573014       250.05748                                250.05748
              1       124.71278       60.032111     0.029458662      0.15407131      0.15095084     -0.32573014      -0.32573014       250.07703                                250.07703
              3       124.72664       60.032111     0.029458662      0.15379535        0.150885     -0.32573014      -0.32573014       250.10475                                250.10475
              4       124.69713       60.032111     0.029458662      0.15580972      0.15111524     -0.32573014      -0.32573014       250.04571                                250.04571
              2       124.57564       60.032111     0.029458662      0.15757389       0.1548606     -0.32573014      -0.32573014       249.80275                                249.80275
              2       124.96826       60.061442     0.029487529      0.15770202      0.15518675     -0.32573014      -0.32573014       250.58799                                250.58799
              2       125.16829       60.061442     0.029487529      0.15889033      0.15248164     -0.32573014      -0.32573014       250.98804                                250.98804
              2       125.43138       60.061442     0.029487529      0.14912039       0.1528533     -0.32573014      -0.32573014       251.51422                                251.51422
              2       125.78199       60.109431     0.029909083      0.14919947      0.15321867     -0.32573014      -0.32573014       252.21544                                252.21544
              1       125.83753       60.109431     0.029909083      0.15063507       0.1504983     -0.32573014      -0.32573014       252.32651                                252.32651
              1       126.83581       60.109431     0.029909083      0.15212524      0.16642759     -0.32573014      -0.32573014       254.32308                                254.32308
              1       125.71509       60.109431     0.029909083      0.15086504      0.15130578     -0.32573014      -0.32573014       252.08164                                252.08164
              3       125.54078       60.025049       0.0286934      0.15089145      0.15087659     -0.32573014      -0.32573014       251.73301                                251.73301
              1       126.37979       60.025049       0.0286934      0.14854767      0.14762213     -0.32573014      -0.32573014       253.41105                                253.41105
              3       127.79632       60.025049       0.0286934      0.15115368      0.14122821     -0.32573014      -0.32573014        256.2441                                 256.2441
              2        125.5867       60.025049       0.0286934      0.15017221      0.15124302     -0.32573014      -0.32573014       251.82485                                251.82485
              1       126.64103       60.025049       0.0286934      0.14797844       0.1468497     -0.32573014      -0.32573014       253.93353                                253.93353
              2       126.36562       60.025049       0.0286934      0.15055327      0.14632389     -0.32573014      -0.32573014        253.3827                                 253.3827
              3       126.43497       60.025049       0.0286934      0.14643516      0.16117212     -0.32573014      -0.32573014        253.5214                                 253.5214
              1       125.13977       60.025049       0.0286934      0.15685185      0.15306356     -0.32573014      -0.32573014       250.93099                                250.93099
              2       125.45011       60.025049       0.0286934      0.15089082      0.15917676     -0.32573014      -0.32573014       251.55168                                251.55168
             12       125.25504       60.025049       0.0286934      0.15811221      0.15849374     -0.32573014      -0.32573014       251.16154                                251.16154
              6       125.13015       60.025049       0.0286934      0.15677033      0.15317149     -0.32573014      -0.32573014       250.91175                                250.91175
              1        125.0822       60.029297     0.028820705      0.15674595      0.15316339     -0.32573014      -0.32573014       250.81586                                250.81586
              1       126.11397       60.029297     0.028820705      0.14586396      0.15453045     -0.32573014      -0.32573014       252.87941                                252.87941
              1       126.36139       60.029297     0.028820705      0.14529549      0.15237204     -0.32573014      -0.32573014       253.37423                                253.37423
              1       128.25845       60.146173     0.028744846      0.14587262      0.15375748     -0.32573014      -0.32573014       257.16835                                257.16835
              1       127.93127       60.146173     0.028744846      0.14812204      0.15161168     -0.32573014      -0.32573014       256.51401                                256.51401
              3       127.99474       60.146173     0.028744846      0.14860667      0.15044383     -0.32573014      -0.32573014       256.64094                                256.64094
              1       127.33313       60.146173     0.028744846      0.15070253      0.15294953     -0.32573014      -0.32573014       255.31772                                255.31772
              4       127.61264       60.146173     0.028744846      0.14936884      0.16078919     -0.32573014      -0.32573014       255.87674                                255.87674
              3       127.91314       60.088908     0.027389156      0.14957186      0.16073647     -0.32573014      -0.32573014       256.47774                                256.47774
              2       128.51267       60.088908     0.027389156      0.14655071      0.16018784     -0.32573014      -0.32573014        257.6768                                 257.6768
              3       128.08658       60.070661     0.027534505      0.14641404      0.15991153     -0.32573014      -0.32573014       256.82462                                256.82462
              1        128.3354       60.014045     0.026235785      0.14660024       0.1598407     -0.32573014      -0.32573014       257.32226                                257.32226
              1       129.43904       60.112249     0.026785749      0.14687114      0.16072895     -0.32573014      -0.32573014       259.52953                                259.52953
              3       129.93798       60.086733     0.029107226      0.13768724      0.16042393     -0.32573014      -0.32573014       260.52743                                260.52743
              1       126.09964       60.000309     0.028764391      0.16226818      0.14717826     -0.32573014      -0.32573014       252.85075                                252.85075
              3       125.94377       60.001733     0.028772987      0.16368762       0.1499147     -0.32573014      -0.32573014       252.53901                                252.53901
              1        124.9705       60.001733     0.028772987      0.14993535      0.15403329     -0.32573014      -0.32573014       250.59246                                250.59246
              1        125.5845       60.001733     0.028772987      0.14708578      0.15164023     -0.32573014      -0.32573014       251.82046                                251.82046
              2        125.5009       60.001733     0.028772987      0.14890463      0.14956055     -0.32573014      -0.32573014       251.65325                                251.65325
              1       125.19197       60.001733     0.028772987      0.15055403      0.15021387     -0.32573014      -0.32573014       251.03539                                251.03539
              1       128.13077       60.001733     0.028772987       0.1385678       0.1574409     -0.32573014      -0.32573014       256.91301                                256.91301
              3        125.4263       60.001733     0.028772987      0.15101711       0.1483145     -0.32573014      -0.32573014       251.50405                                251.50405
              1       125.35323       60.001733     0.028772987      0.15212943      0.14817769     -0.32573014      -0.32573014       251.35792                                251.35792
              3       124.90524       60.001733     0.028772987      0.15361165      0.15970211     -0.32573014      -0.32573014       250.46194                                250.46194
              6         125.545       60.001733     0.028772987      0.14650888      0.15516131     -0.32573014      -0.32573014       251.74146                                251.74146
              1       127.00641       60.001733     0.028772987       0.1420202      0.15090509     -0.32573014      -0.32573014       254.66428                                254.66428
              2       126.97896       60.005411      0.02886604      0.14200508      0.15090579     -0.32573014      -0.32573014       254.60937                                254.60937
              2       127.26348       60.080494     0.029843008       0.1420181      0.15133476     -0.32573014      -0.32573014       255.17843                                255.17843
              1       128.15255       60.080494     0.029843008      0.16540604      0.14290878     -0.32573014      -0.32573014       256.95657                                256.95657
              2       128.59804        60.06278     0.029040115      0.16560261      0.14306487     -0.32573014      -0.32573014       257.84755                                257.84755
              1       128.81739        60.06278     0.029040115      0.17035611      0.14827822     -0.32573014      -0.32573014       258.28624                                258.28624
              4       126.65283        60.06278     0.029040115      0.16440624      0.15048967     -0.32573014      -0.32573014       253.95713                                253.95713
              1       125.99208       60.044555     0.029548634      0.16414301      0.15005037     -0.32573014      -0.32573014       252.63563                                252.63563
              1       126.23977       60.040658     0.029498278      0.16624531      0.15704017     -0.32573014      -0.32573014       253.13101                                253.13101
              1       125.74728       60.040658     0.029498278      0.16424923      0.15761404     -0.32573014      -0.32573014       252.14602                                252.14602
              2       125.77266       60.040658     0.029498278      0.16446943      0.15711497     -0.32573014      -0.32573014       252.19678                                252.19678
              3       127.36363       60.041561     0.029989748      0.14108982      0.16303093     -0.32573014      -0.32573014       255.37872                                255.37872
              2       126.93133       60.041561     0.029989748      0.14825925      0.14162315     -0.32573014      -0.32573014       254.51411                                254.51411
              1       126.89287       60.041561     0.029989748      0.16179929      0.14206267     -0.32573014      -0.32573014        254.4372                                 254.4372
              2       125.80515       60.041561     0.029989748      0.16163762      0.14590564     -0.32573014      -0.32573014       252.26176                                252.26176
              2       125.40881       60.041561     0.029989748      0.16320986      0.14988807     -0.32573014      -0.32573014       251.46908                                251.46908
              3       125.47358       60.041561     0.029989748       0.1648282      0.15527987     -0.32573014      -0.32573014       251.59862                                251.59862
              2       125.17587       60.017111     0.029953893      0.16472551      0.15501329     -0.32573014      -0.32573014       251.00319                                251.00319
              1       127.44859       60.081084     0.028216913      0.16563274      0.15653374     -0.32573014      -0.32573014       255.54863                                255.54863
              2       128.35259       60.081084     0.028216913      0.15582208      0.14333712     -0.32573014      -0.32573014       257.35665                                257.35665
              1       127.47768       60.081084     0.028216913      0.16264748       0.1490308     -0.32573014      -0.32573014       255.60682                                255.60682
              1       127.97616       60.111842     0.028121781      0.16282557      0.14942919     -0.32573014      -0.32573014       256.60379                                256.60379
              2       126.98747       60.111842     0.028121781      0.15257966      0.15583291     -0.32573014      -0.32573014        254.6264                                 254.6264
              3       127.00059       60.120728     0.028259182       0.1525736      0.15587389     -0.32573014      -0.32573014       254.65263                                254.65263
              2       125.16618       60.099623     0.029986309      0.15187179      0.15485352     -0.32573014      -0.32573014       250.98382                                250.98382
              2       126.27846       60.099623     0.029986309      0.14530346      0.15525251     -0.32573014      -0.32573014       253.20837                                253.20837
              3       126.11753       60.099623     0.029986309      0.14595733      0.15537289     -0.32573014      -0.32573014       252.88652                                252.88652
              4       125.07951       60.099623     0.029986309      0.15743097      0.15498254     -0.32573014      -0.32573014       250.81047                                250.81047
              1       125.08086       60.099623     0.029986309      0.15565728      0.15322945     -0.32573014      -0.32573014       250.81317                                250.81317
              1       125.23087       60.099623     0.029986309      0.15713634      0.15179277     -0.32573014      -0.32573014        251.1132                                 251.1132
              1       125.41536       60.099623     0.029986309      0.15953052      0.15183459     -0.32573014      -0.32573014       251.48219                                251.48219
              2          125.26       60.099623     0.029986309       0.1594442      0.15671555     -0.32573014      -0.32573014       251.17145                                251.17145
              2       125.26691       60.099623     0.029986309      0.15887601      0.15803752     -0.32573014      -0.32573014       251.18528                                251.18528
              1       125.32466       60.099623     0.029986309      0.15278784      0.15975365     -0.32573014      -0.32573014       251.30079                                251.30079
              3       125.03337       60.099623     0.029986309      0.15567244      0.15656302     -0.32573014      -0.32573014        250.7182                                 250.7182
              4       125.28509       60.099623     0.029986309      0.15238264      0.15185028     -0.32573014      -0.32573014       251.22163                                251.22163
              5       125.68081       60.099623     0.029986309      0.14900119        0.159106     -0.32573014      -0.32573014       252.01308                                252.01308
              1       124.99472       60.044559     0.029797926      0.14880745      0.15855401     -0.32573014      -0.32573014        250.6409                                 250.6409
              3       125.16446       60.044559     0.029797926      0.14706044      0.15614955     -0.32573014      -0.32573014       250.98038                                250.98038
              3       124.70394       60.044559     0.029797926      0.15274132      0.15041824     -0.32573014      -0.32573014       250.05934                                250.05934
              4       124.68796       60.044559     0.029797926      0.15286879      0.15962756     -0.32573014      -0.32573014       250.02739                                250.02739
              2       126.79311       60.044559     0.029797926      0.14128462       0.1574284     -0.32573014      -0.32573014       254.23768                                254.23768
              1       129.38876       60.044559     0.029797926      0.13549753      0.15072928     -0.32573014      -0.32573014       259.42898                                259.42898
              1       127.82879       60.044559     0.029797926      0.17111171      0.15757108     -0.32573014      -0.32573014       256.30903                                256.30903
              1       127.47443       60.044559     0.029797926      0.16979934      0.15949706     -0.32573014      -0.32573014       255.60032                                255.60032
              3       127.29142       60.007068     0.029401271      0.16976103      0.15924187     -0.32573014      -0.32573014        255.2343                                 255.2343
              8       125.25378       60.007068     0.029401271      0.16350503      0.15772732     -0.32573014      -0.32573014       251.15901                                251.15901
              2       125.56936       60.007068     0.029401271      0.16092383      0.14643502     -0.32573014      -0.32573014       251.79019                                251.79019
              1       126.47199       60.007068     0.029401271      0.15558673      0.16843091     -0.32573014      -0.32573014       253.59544                                253.59544
              5       126.48113       60.007068     0.029401271      0.15559569       0.1684572     -0.32573014      -0.32573014       253.61372                                253.61372
              1       128.81874       60.007068     0.029401271      0.16198582      0.17270631     -0.32573014      -0.32573014       258.28895                                258.28895
              1       128.73779       60.007068     0.029401271      0.15562059      0.17396545     -0.32573014      -0.32573014       258.12704                                258.12704
              1       124.63061       60.007068     0.029401271      0.15287988      0.16069517     -0.32573014      -0.32573014       249.91268                                249.91268
              2       124.19294       60.007068     0.029401271      0.15498595      0.15359842     -0.32573014      -0.32573014       249.03734                                249.03734
              1       124.99847       60.007068     0.029401271      0.15238689      0.16270193     -0.32573014      -0.32573014       250.64839                                250.64839
              2       126.24881       60.007068     0.029401271      0.14457034      0.16273689     -0.32573014      -0.32573014       253.14909                                253.14909
              4       125.92484       60.007068     0.029401271      0.15502104      0.16673896     -0.32573014      -0.32573014       252.50115                                252.50115
              1       126.53591       60.007068     0.029401271      0.15043412       0.1679511     -0.32573014      -0.32573014       253.72329                                253.72329
              1       124.59687       60.007068     0.029401271      0.14918704      0.15320442     -0.32573014      -0.32573014       249.84519                                249.84519
              3       124.80464       60.009223      0.02939802       0.1519443      0.14863637     -0.32573014      -0.32573014       250.26074                                250.26074
              1       124.87005       60.009223      0.02939802      0.14979311      0.16026301     -0.32573014      -0.32573014       250.39155                                250.39155
              2       125.60595       60.009223      0.02939802      0.16169971      0.16284497     -0.32573014      -0.32573014       251.86336                                251.86336
              3       125.79587       60.009223      0.02939802      0.16231133      0.14668207     -0.32573014      -0.32573014        252.2432                                 252.2432
              1       126.85866       60.009223      0.02939802      0.14728913      0.14250793     -0.32573014      -0.32573014       254.36878                                254.36878
              1       127.83734       60.009223      0.02939802      0.14822449      0.13927079     -0.32573014      -0.32573014       256.32613                                256.32613
              3       124.53384       60.009223      0.02939802      0.15913906      0.15751905     -0.32573014      -0.32573014       249.71915                                249.71915
              3       124.67177       60.009223      0.02939802      0.15985884      0.15169539     -0.32573014      -0.32573014         249.995                                  249.995
              1       125.06242       60.009223      0.02939802      0.16294061      0.15503402     -0.32573014      -0.32573014        250.7763                                 250.7763
              3       124.51903       60.009223      0.02939802      0.15713896      0.15933569     -0.32573014      -0.32573014       249.68952                                249.68952
              7       124.64926       60.009223      0.02939802      0.15085924      0.15944522     -0.32573014      -0.32573014       249.94997                                249.94997
              1       124.66102       60.009223      0.02939802      0.14878647      0.15426238     -0.32573014      -0.32573014       249.97349                                249.97349
              4        124.2888       60.009223      0.02939802      0.15285691      0.15316417     -0.32573014      -0.32573014       249.22905                                249.22905
              1       125.27762        60.06878     0.029264293      0.15318417      0.15391289     -0.32573014      -0.32573014        251.2067                                 251.2067
              2       125.76766        60.06878     0.029264293      0.15798745       0.1618321     -0.32573014      -0.32573014       252.18678                                252.18678
              1       125.81355        60.06878     0.029264293      0.15253796      0.14907495     -0.32573014      -0.32573014       252.27856                                252.27856
              3       125.26296        60.06878     0.029264293      0.15382002       0.1535792     -0.32573014      -0.32573014       251.17737                                251.17737
              4        125.2262        60.06878     0.029264293       0.1552577      0.15739255     -0.32573014      -0.32573014       251.10385                                251.10385
              3       125.26277        60.06878     0.029264293      0.15574859       0.1580318     -0.32573014      -0.32573014         251.177                                  251.177
              2       126.11261        60.06878     0.029264293       0.1471752      0.15308247     -0.32573014      -0.32573014       252.87667                                252.87667
              3       128.42741       60.144718     0.028010498      0.14797029      0.15452407     -0.32573014      -0.32573014       257.50628                                257.50628
              1       126.99071       60.141042     0.029525622      0.14742454      0.15380052     -0.32573014      -0.32573014       254.63287                                254.63287
              4       126.85682       60.141042     0.029525622      0.15103587      0.14951041     -0.32573014      -0.32573014       254.36511                                254.36511
              2       126.66049       60.141042     0.029525622      0.15226114      0.14991294     -0.32573014      -0.32573014       253.97244                                253.97244
              4       126.58964       60.141042     0.029525622      0.15260314      0.15018241     -0.32573014      -0.32573014       253.83073                                253.83073
              1        127.5458       60.141042     0.029525622      0.15111689      0.14614417     -0.32573014      -0.32573014       255.74306                                255.74306
              1       130.34009       60.188111     0.027195225      0.15215144      0.14773591     -0.32573014      -0.32573014       261.33164                                261.33164
              1       129.71364       60.188111     0.027195225      0.15418185        0.149489     -0.32573014      -0.32573014       260.07874                                260.07874
              2       129.85502       60.236118     0.027884286      0.14911076      0.15535815     -0.32573014      -0.32573014        260.3615                                 260.3615
              1       127.91709        60.18524     0.029125075      0.14843829      0.15421215     -0.32573014      -0.32573014       256.48564                                256.48564
              1       128.83104        60.18524     0.029125075      0.16840599      0.15633626     -0.32573014      -0.32573014       258.31353                                258.31353
              1       127.74977        60.18524     0.029125075      0.16212299      0.16180382     -0.32573014      -0.32573014         256.151                                  256.151
              2       127.11838       60.087739     0.028194282      0.16198823      0.16109488     -0.32573014      -0.32573014       254.88822                                254.88822
              1       127.77315       60.094981     0.027531672      0.16225345      0.16147647     -0.32573014      -0.32573014       256.19777                                256.19777
              1       129.85806       60.094981     0.027531672       0.1570589      0.17159995     -0.32573014      -0.32573014       260.36758                                260.36758
              1       127.30107       60.010873     0.029032906      0.15613902      0.16995266     -0.32573014      -0.32573014        255.2536                                 255.2536
              1       126.80178       60.010873     0.029032906      0.15355795      0.14177001     -0.32573014      -0.32573014       254.25502                                254.25502
              1       126.02408       60.010873     0.029032906      0.15354897      0.14432557     -0.32573014      -0.32573014       252.69961                                252.69961
              3       125.87613       60.010873     0.029032906      0.15373158      0.14485996     -0.32573014      -0.32573014       252.40372                                252.40372
              8       125.38261       60.010873     0.029032906      0.14684079      0.15644749     -0.32573014      -0.32573014       251.41669                                251.41669
              5       124.73557       60.010873     0.029032906       0.1559036      0.15118608     -0.32573014      -0.32573014        250.1226                                 250.1226
              7        124.9013       60.010873     0.029032906      0.15957527        0.152323     -0.32573014      -0.32573014       250.45407                                250.45407
              8       124.97206       60.010873     0.029032906      0.15922791      0.15105526     -0.32573014      -0.32573014       250.59559                                250.59559
              2       124.98595       60.010873     0.029032906      0.15471194      0.16119204     -0.32573014      -0.32573014       250.62336                                250.62336
              2       125.05421       60.010873     0.029032906      0.15185691      0.16084074     -0.32573014      -0.32573014       250.75988                                250.75988
              1       124.54221       60.010873     0.029032906       0.1558462      0.15581583     -0.32573014      -0.32573014       249.73589                                249.73589
              1       125.02455       60.010873     0.029032906       0.1599954      0.15884403     -0.32573014      -0.32573014       250.70057                                250.70057
              2       125.44911       60.010873     0.029032906      0.16332275      0.15656959     -0.32573014      -0.32573014       251.54969                                251.54969
              2       125.27311       60.010873     0.029032906      0.16252258      0.15415382     -0.32573014      -0.32573014       251.19769                                251.19769
              3       126.12933       60.010873     0.029032906      0.16536571      0.15928458     -0.32573014      -0.32573014       252.91011                                252.91011
              7       125.96749       60.010873     0.029032906      0.16543081       0.1568386     -0.32573014      -0.32573014       252.58645                                252.58645
              1       125.04758       60.010873     0.029032906      0.16017595      0.15883648     -0.32573014      -0.32573014       250.74663                                250.74663
              2        124.9211       60.010873     0.029032906      0.15946192      0.15840735     -0.32573014      -0.32573014       250.49366                                250.49366
              1       124.94075       60.010873     0.029032906      0.15853078      0.15960456     -0.32573014      -0.32573014       250.53296                                250.53296
              1       124.89753       60.010873     0.029032906      0.15986088      0.15736645     -0.32573014      -0.32573014       250.44652                                250.44652
              4       124.52927       60.010873     0.029032906      0.15536805      0.15488748     -0.32573014      -0.32573014          249.71                                   249.71
              2       124.64112       60.010873     0.029032906      0.15791529      0.15478051     -0.32573014      -0.32573014        249.9337                                 249.9337
              2       124.91995       60.010873     0.029032906      0.15958158      0.15208154     -0.32573014      -0.32573014       250.49137                                250.49137
              4       126.09595       60.047605     0.028236953      0.15989708      0.15288343     -0.32573014      -0.32573014       252.84336                                252.84336
              1       125.65619       60.012496     0.028174851       0.1597625       0.1525344     -0.32573014      -0.32573014       251.96384                                251.96384
              1       125.35773       60.012496     0.028174851      0.15600552      0.15345088     -0.32573014      -0.32573014       251.36691                                251.36691
              3       125.39528       60.012496     0.028174851      0.15347029       0.1535513     -0.32573014      -0.32573014       251.44203                                251.44203
              1       125.35362       60.012496     0.028174851       0.1534489      0.15468435     -0.32573014      -0.32573014       251.35871                                251.35871
              1       125.42961       60.012496     0.028174851      0.15228402      0.15465687     -0.32573014      -0.32573014       251.51067                                251.51067
              1       125.51169       60.012496     0.028174851      0.15756348      0.15916041     -0.32573014      -0.32573014       251.67484                                251.67484
              1       127.14018       60.012496     0.028174851      0.16743128      0.15554809     -0.32573014      -0.32573014       254.93182                                254.93182
              3       125.90775       60.012496     0.028174851      0.16181993      0.15826359     -0.32573014      -0.32573014       252.46696                                252.46696
              4       126.10233       60.019326     0.028051373      0.16187362      0.15840026     -0.32573014      -0.32573014       252.85613                                252.85613
              1        126.3305       60.072571     0.028692628      0.16196671      0.15865208     -0.32573014      -0.32573014       253.31246                                253.31246
              1       126.58024       60.072571     0.028692628      0.16231567      0.16067783     -0.32573014      -0.32573014       253.81194                                253.81194
              1       126.76836       60.072571     0.028692628      0.14960028      0.16260599     -0.32573014      -0.32573014       254.18819                                254.18819
              1       128.49564         60.0898     0.027100856       0.1499955       0.1636002     -0.32573014      -0.32573014       257.64275                                257.64275
              1       128.37146         60.0898     0.027100856      0.15179963      0.16439062     -0.32573014      -0.32573014       257.39437                                257.39437
              4       127.89253         60.0898     0.027100856      0.15336766      0.16247597     -0.32573014      -0.32573014       256.43653                                256.43653
              1       128.36228         60.0898     0.027100856       0.1545582       0.1655524     -0.32573014      -0.32573014       257.37603                                257.37603
              1       129.58589       60.070925     0.025393055      0.15482561      0.16621413     -0.32573014      -0.32573014       259.82324                                259.82324
              1       129.24621       60.070925     0.025393055      0.16465745      0.15812972     -0.32573014      -0.32573014       259.14389                                259.14389
              1       130.66755       60.070925     0.025393055      0.16685314      0.14888677     -0.32573014      -0.32573014       261.98656                                261.98656
              1       132.09455       60.180565     0.025469658      0.16729723      0.15003628     -0.32573014      -0.32573014       264.84056                                264.84056
              1       130.00941        60.19377     0.028268248      0.16678472      0.14875975     -0.32573014      -0.32573014       260.67028                                260.67028
              1       130.01691        60.19377     0.028268248      0.16581988      0.16672959     -0.32573014      -0.32573014       260.68528                                260.68528
              5       129.34004        60.19377     0.028268248      0.14662202      0.15478886     -0.32573014      -0.32573014       259.33154                                259.33154
              2       128.35197       60.030926       0.0265639      0.14628518      0.15388841     -0.32573014      -0.32573014       257.35539                                257.35539
              1        127.0009       60.030926       0.0265639      0.15678431      0.15859452     -0.32573014      -0.32573014       254.65327                                254.65327
              4       127.52565       60.030926       0.0265639       0.1545876      0.16313338     -0.32573014      -0.32573014       255.70276                                255.70276
              7       126.97201       60.021137     0.026561832      0.15336212      0.15447347     -0.32573014      -0.32573014       254.59547                                254.59547
              5       126.86157       60.021137     0.026561832      0.15728671      0.15838057     -0.32573014      -0.32573014       254.37461                                254.37461
              1       128.62088       60.095615     0.025813763      0.15775073       0.1595673     -0.32573014      -0.32573014       257.89321                                257.89321
              1       129.38443       60.087982     0.024903067      0.15884891      0.16101973     -0.32573014      -0.32573014       259.42031                                259.42031
              1       130.80406        60.15613     0.024881367      0.16426027      0.16090421     -0.32573014      -0.32573014       262.25959                                262.25959
              2       131.77252        60.15613     0.024881367      0.16408397      0.14949699     -0.32573014      -0.32573014       264.19651                                264.19651
              1       131.69088        60.15613     0.024881367      0.15459994      0.16839413     -0.32573014      -0.32573014       264.03322                                264.03322
              5       129.85611       60.116708     0.026208639      0.15416535      0.16729355     -0.32573014      -0.32573014       260.36367                                260.36367
              2       130.49145        60.02897     0.026987703      0.14876366      0.14034698     -0.32573014      -0.32573014       261.63436                                261.63436
              1       130.73825        60.02897     0.026987703      0.16880802      0.14332681     -0.32573014      -0.32573014       262.12795                                262.12795
              1       127.49977        60.02897     0.026987703      0.14795755      0.15381122     -0.32573014      -0.32573014         255.651                                  255.651
              1       127.88019        60.02897     0.026987703      0.14806323      0.16259974     -0.32573014      -0.32573014       256.41185                                256.41185
              2        126.7204        60.02897     0.026987703       0.1590942      0.15428794     -0.32573014      -0.32573014       254.09226                                254.09226
              1       128.94004        60.02897     0.026987703      0.16322609      0.14459367     -0.32573014      -0.32573014       258.53155                                258.53155
              1       129.28534        60.02897     0.026987703      0.16638824      0.14584474     -0.32573014      -0.32573014       259.22214                                259.22214
              1       129.53025       60.090337     0.027696435      0.16650169      0.14615036     -0.32573014      -0.32573014       259.71195                                259.71195
              1       127.01955       60.090337     0.027696435      0.15976888      0.15783626     -0.32573014      -0.32573014       254.69055                                254.69055
              1       127.36133       60.024829     0.026480816      0.15156408      0.15339202     -0.32573014      -0.32573014       255.37412                                255.37412
              4       127.55444       60.032021     0.026377711      0.15161515      0.15352227     -0.32573014      -0.32573014       255.76033                                255.76033
              3       125.95843       60.021726     0.027987993      0.15124525      0.15259384     -0.32573014      -0.32573014       252.56831                                252.56831
              3       125.60418       60.021726     0.027987993       0.1562035      0.15668616     -0.32573014      -0.32573014       251.85982                                251.85982
              2       125.54524       60.026673     0.028142078      0.15619297      0.15666162     -0.32573014      -0.32573014       251.74194                                251.74194
              1       127.13534       60.026673     0.028142078       0.1504329      0.14570684     -0.32573014      -0.32573014       254.92215                                254.92215
              2       127.46963       60.084527     0.028724549      0.15055724      0.14603843     -0.32573014      -0.32573014       255.59073                                255.59073
              1       126.81536       60.084527     0.028724549      0.15785516       0.1643574     -0.32573014      -0.32573014       254.28218                                254.28218
              1       126.96973       60.090153     0.028639998       0.1578959      0.16446128     -0.32573014      -0.32573014       254.59093                                254.59093
              1       126.06237       60.090153     0.028639998       0.1546083      0.15689954     -0.32573014      -0.32573014       252.77621                                252.77621
              3       126.13064       60.090153     0.028639998      0.15844416      0.15510105     -0.32573014      -0.32573014       252.91273                                252.91273
              6       127.57066       60.090153     0.028639998       0.1572837      0.16704195     -0.32573014      -0.32573014       255.79278                                255.79278
              5       128.16505       60.090153     0.028639998       0.1477131      0.14598002     -0.32573014      -0.32573014       256.98155                                256.98155
              6       126.92915       60.090153     0.028639998      0.16421401       0.1553659     -0.32573014      -0.32573014       254.50976                                254.50976
              2       126.95805       60.137004      0.02889201      0.16058112      0.15235515     -0.32573014      -0.32573014       254.56755                                254.56755
              3       127.20705       60.137004      0.02889201      0.15008784       0.1520904     -0.32573014      -0.32573014       255.06556                                255.06556
              1        126.7643       60.137004      0.02889201      0.15956354      0.15340348     -0.32573014      -0.32573014       254.18006                                254.18006
              2       127.28387       60.137004      0.02889201      0.14937027      0.16026316     -0.32573014      -0.32573014        255.2192                                 255.2192
              1       126.60302       60.137004      0.02889201      0.15855309       0.1577725     -0.32573014      -0.32573014       253.85751                                253.85751
              1       128.59432       60.137004      0.02889201      0.16394584      0.16660353     -0.32573014      -0.32573014       257.84009                                257.84009
              1       127.15165       60.015471      0.02854902      0.16350595      0.16546025     -0.32573014      -0.32573014       254.95475                                254.95475
              2       126.81397       60.015471      0.02854902      0.16439402      0.16304367     -0.32573014      -0.32573014       254.27941                                254.27941
              2       127.05935       60.015471      0.02854902       0.1650179      0.16352371     -0.32573014      -0.32573014       254.77015                                254.77015
              7       127.54225       60.015471      0.02854902      0.15870845        0.169176     -0.32573014      -0.32573014       255.73595                                255.73595
              2       127.13687       60.049239     0.029649296      0.15862675      0.16898386     -0.32573014      -0.32573014        254.9252                                 254.9252
              1       126.35722       60.049239     0.029649296      0.15818618      0.16665283     -0.32573014      -0.32573014        253.3659                                 253.3659
              1       126.30973       60.049239     0.029649296      0.14412079      0.15082647     -0.32573014      -0.32573014       253.27092                                253.27092
              1       128.50626       60.049239     0.029649296      0.15544893      0.13749965     -0.32573014      -0.32573014       257.66397                                257.66397
              2       128.25984       60.016665     0.029417491      0.15535941      0.13726419     -0.32573014      -0.32573014       257.17115                                257.17115
              2       124.61604       60.016665     0.029417491      0.15082332      0.15191963     -0.32573014      -0.32573014       249.88353                                249.88353
              3       124.52428       60.016665     0.029417491      0.15105288      0.15701986     -0.32573014      -0.32573014       249.70002                                249.70002
              1       124.64213       60.016665     0.029417491      0.15232939      0.15963958     -0.32573014      -0.32573014       249.93571                                249.93571
              2       127.18276       60.016665     0.029417491      0.14113482      0.14865228     -0.32573014      -0.32573014       255.01699                                255.01699
              1       126.25703       60.016665     0.029417491      0.14255202      0.15701711     -0.32573014      -0.32573014       253.16552                                253.16552
              2       126.25905       60.016665     0.029417491      0.14254586      0.15701899     -0.32573014      -0.32573014       253.16956                                253.16956
              1       126.17618       60.016665     0.029417491      0.14305692      0.15186539     -0.32573014      -0.32573014       253.00383                                253.00383
              2       124.58363       60.016665     0.029417491      0.15928776      0.15344102     -0.32573014      -0.32573014       249.81873                                249.81873
              1        124.8635       60.016665     0.029417491      0.16127006      0.15663735     -0.32573014      -0.32573014       250.37847                                250.37847
              1       125.13663       60.016665     0.029417491      0.16170405      0.15930693     -0.32573014      -0.32573014       250.92472                                250.92472
              2       124.66212       60.016665     0.029417491      0.15684499      0.16000054     -0.32573014      -0.32573014        249.9757                                 249.9757
              1       124.64411       60.016665     0.029417491      0.15745573      0.15047417     -0.32573014      -0.32573014       249.93968                                249.93968
              4       126.89484       60.016665     0.029417491      0.14068981      0.15277525     -0.32573014      -0.32573014       254.44113                                254.44113
              2       125.57709       60.016665     0.029417491      0.14502395      0.15273949     -0.32573014      -0.32573014       251.80563                                251.80563
              4       124.89908       60.016665     0.029417491      0.14859872      0.15198943     -0.32573014      -0.32573014       250.44963                                250.44963
              6       124.35995       60.016665     0.029417491      0.15258569      0.15453528     -0.32573014      -0.32573014       249.37137                                249.37137
              4       125.98415       60.016665     0.029417491      0.15267069      0.14361948     -0.32573014      -0.32573014       252.61977                                252.61977
              3       125.27708       60.016665     0.029417491      0.14684601      0.15875508     -0.32573014      -0.32573014       251.20562                                251.20562
              5       126.06188       60.016665     0.029417491      0.16273245      0.16375773     -0.32573014      -0.32573014       252.77521                                252.77521
              4       124.70393       60.016665     0.029417491      0.15253593      0.16023813     -0.32573014      -0.32573014       250.05931                                250.05931
              3       124.85934       60.016665     0.029417491      0.15415472      0.16167622     -0.32573014      -0.32573014       250.37015                                250.37015
              1       125.59488       60.016665     0.029417491      0.14499492      0.15256168     -0.32573014      -0.32573014       251.84122                                251.84122
              2       126.29145       60.018553     0.028703049      0.14514781      0.15294456     -0.32573014      -0.32573014       253.23435                                253.23435
              2       127.04239       60.018553     0.028703049      0.14785442      0.16604458     -0.32573014      -0.32573014       254.73625                                254.73625
              2       130.40908       60.109869     0.026661493      0.14865149      0.16806996     -0.32573014      -0.32573014       261.46962                                261.46962
              1       130.88823        60.22509     0.028170644      0.14882829      0.16855326     -0.32573014      -0.32573014       262.42793                                262.42793
              1       132.24883        60.22509     0.028170644      0.15615053      0.17491427     -0.32573014      -0.32573014       265.14913                                265.14913
              7       132.38788        60.22509     0.028170644      0.15511004      0.17512704     -0.32573014      -0.32573014       265.42722                                265.42722
              2       132.18711       60.085125     0.025875251      0.15498905      0.17477439     -0.32573014      -0.32573014       265.02569                                265.02569
              1       129.09238       60.085125     0.025875251      0.15180451      0.16276877     -0.32573014      -0.32573014       258.83622                                258.83622
              4       129.04445       60.068684     0.025637621      0.15181839      0.16272592     -0.32573014      -0.32573014       258.74035                                258.74035
              1       130.08849       60.268412     0.027992376      0.15183599      0.16354348     -0.32573014      -0.32573014       260.82844                                260.82844
              1       127.58335       60.204169     0.029632409      0.15099083       0.1619418     -0.32573014      -0.32573014       255.81816                                255.81816
              1       128.02583       60.204169     0.029632409      0.14790569      0.16110605     -0.32573014      -0.32573014       256.70311                                256.70311
              1       128.00287       60.197019     0.029516406      0.14791616      0.16109449     -0.32573014      -0.32573014        256.6572                                 256.6572
              1       127.70189       60.197019     0.029516406      0.14821124      0.15541846     -0.32573014      -0.32573014       256.05523                                256.05523
              1       128.28263       60.180494     0.028605865       0.1484604      0.15575047     -0.32573014      -0.32573014       257.21672                                257.21672
              2       131.19641       60.180494     0.028605865      0.14582038      0.14344045     -0.32573014      -0.32573014       263.04428                                263.04428
              1       128.11758       60.180494     0.028605865      0.15388852      0.14991002     -0.32573014      -0.32573014       256.88662                                256.88662
              1       128.07441       60.180494     0.028605865      0.14971861      0.15485778     -0.32573014      -0.32573014       256.80028                                256.80028
              1       128.13246       60.180494     0.028605865      0.16401769      0.15485759     -0.32573014      -0.32573014       256.91639                                256.91639
              2       128.97985       60.180494     0.028605865      0.15987339      0.14616922     -0.32573014      -0.32573014       258.61116                                258.61116
              3       128.33474       60.180494     0.028605865      0.15854152      0.14849049     -0.32573014      -0.32573014       257.32093                                257.32093
              1       126.29513       60.020574     0.028347299      0.15795776      0.14692746     -0.32573014      -0.32573014       253.24173                                253.24173
              4       127.28908       60.020574     0.028347299      0.14339153      0.15948302     -0.32573014      -0.32573014       255.22961                                255.22961
              3       128.73336       60.020574     0.028347299      0.15553589      0.13899466     -0.32573014      -0.32573014       258.11818                                258.11818
              1       126.57745       60.020574     0.028347299      0.15299016      0.16552761     -0.32573014      -0.32573014       253.80637                                253.80637
              1       126.67959       60.020574     0.028347299      0.15125409      0.16535647     -0.32573014      -0.32573014       254.01065                                254.01065
              1       127.46754        60.03094     0.027639815      0.15154553       0.1658622     -0.32573014      -0.32573014       255.58655                                255.58655
              3       127.89965        60.03094     0.027639815      0.15343018      0.14409564     -0.32573014      -0.32573014       256.45075                                256.45075
              2       127.80761       60.041001     0.027917343      0.15337542       0.1440481     -0.32573014      -0.32573014       256.26669                                256.26669
              1       127.96389       60.041001     0.027917343      0.15346996      0.16849887     -0.32573014      -0.32573014       256.57924                                256.57924
              1       127.87329        60.01807     0.027617109      0.15347841       0.1684217     -0.32573014      -0.32573014       256.39803                                256.39803
              2       129.52718       60.064676      0.02657056      0.15404138      0.16950367     -0.32573014      -0.32573014       259.70583                                259.70583
              2       129.58297        60.04173     0.026104188      0.15410793       0.1695191     -0.32573014      -0.32573014       259.81739                                259.81739
              1       129.69047       60.073056     0.026525734      0.15409241      0.16961817     -0.32573014      -0.32573014       260.03241                                260.03241
              1       128.68138       60.043973     0.027157331      0.15374862      0.16895499     -0.32573014      -0.32573014       258.01421                                258.01421
              1       128.89124       60.043973     0.027157331      0.15322572      0.16949394     -0.32573014      -0.32573014       258.43394                                258.43394
              2       129.47854       60.043973     0.027157331      0.16044023      0.14200241     -0.32573014      -0.32573014       259.60854                                259.60854
              1       130.66312       60.043973     0.027157331      0.17094313      0.14640095     -0.32573014      -0.32573014       261.97769                                261.97769
              2       128.34154       60.043973     0.027157331      0.16511624      0.14897246     -0.32573014      -0.32573014       257.33454                                257.33454
              1       129.44974       60.043973     0.027157331      0.17101868      0.15504208     -0.32573014      -0.32573014       259.55095                                259.55095
              1       127.79071       60.043973     0.027157331      0.16465335      0.16090827     -0.32573014      -0.32573014       256.23289                                256.23289
              1       126.78146       60.043973     0.027157331      0.15881783      0.15868669     -0.32573014      -0.32573014       254.21438                                254.21438
              2       127.06355       60.043973     0.027157331      0.15878336      0.16169529     -0.32573014      -0.32573014       254.77857                                254.77857
              3       127.01734       60.043973     0.027157331      0.15880732       0.1613209     -0.32573014      -0.32573014       254.68613                                254.68613
              5       127.03862       60.043973     0.027157331      0.15082057      0.15811149     -0.32573014      -0.32573014        254.7287                                 254.7287
              5       127.34227       60.043973     0.027157331       0.1492711      0.15368544     -0.32573014      -0.32573014         255.336                                  255.336
              2       127.09438       60.043973     0.027157331      0.16210452      0.15514005     -0.32573014      -0.32573014       254.84022                                254.84022
              1       127.33206       60.047587     0.026907514      0.16220723      0.15531813     -0.32573014      -0.32573014       255.31557                                255.31557
              1       127.43503       60.047587     0.026907514      0.16233707      0.15371359     -0.32573014      -0.32573014       255.52151                                255.52151
              1       127.75897       60.047587     0.026907514      0.15998777      0.16412063     -0.32573014      -0.32573014        256.1694                                 256.1694
              6       127.45563       60.047587     0.026907514      0.15656056      0.16336192     -0.32573014      -0.32573014       255.56271                                255.56271
              4       127.43615       60.051639     0.027024483      0.15653669      0.16333986     -0.32573014      -0.32573014       255.52376                                255.52376
              3         127.057       60.051639     0.027024483      0.15543798      0.16042245     -0.32573014      -0.32573014       254.76547                                254.76547
              5       127.09752       60.051639     0.027024483      0.15229824      0.15509878     -0.32573014      -0.32573014       254.84649                                254.84649
              1       128.28446       60.051639     0.027024483      0.16510708      0.15060317     -0.32573014      -0.32573014       257.22037                                257.22037
              1        127.1335       60.051639     0.027024483      0.15924707      0.15292724     -0.32573014      -0.32573014       254.91845                                254.91845
              3       126.93504       60.059179     0.027385369      0.15915249      0.15280623     -0.32573014      -0.32573014       254.52154                                254.52154
              5        127.0604       60.059179     0.027385369      0.16184549      0.15639381     -0.32573014      -0.32573014       254.77227                                254.77227
              3       125.95868        60.10895     0.029533428      0.16130318      0.15572574     -0.32573014      -0.32573014       252.56882                                252.56882
              1       126.61346        60.10895     0.029533428      0.15501717      0.14656053     -0.32573014      -0.32573014       253.87838                                253.87838
              2       125.92792        60.10895     0.029533428       0.1568471      0.16119095     -0.32573014      -0.32573014       252.50731                                252.50731
              9       126.45372        60.10895     0.029533428      0.16400708      0.15649543     -0.32573014      -0.32573014        253.5589                                 253.5589
              1       126.08548        60.10895     0.029533428      0.16194006      0.15427834     -0.32573014      -0.32573014       252.82242                                252.82242
              2       128.00905        60.10895     0.029533428      0.16393244      0.14458486     -0.32573014      -0.32573014       256.66955                                256.66955
              1       127.99733       60.092437     0.029265147      0.16395675      0.14455837     -0.32573014      -0.32573014       256.64611                                256.64611
              2       125.99988       60.092437     0.029265147      0.16123558      0.15816106     -0.32573014      -0.32573014       252.65121                                252.65121
              1       126.15484       60.092437     0.029265147      0.16244597      0.15415192     -0.32573014      -0.32573014       252.96113                                252.96113
              5       125.98252        60.06035     0.028956639       0.1624187      0.15398161     -0.32573014      -0.32573014        252.6165                                 252.6165
              7       125.67403        60.06035     0.028956639      0.15241268      0.15133736     -0.32573014      -0.32573014       251.99952                                251.99952
              2       125.55444        60.06035     0.028956639      0.15168356      0.15363354     -0.32573014      -0.32573014       251.76034                                251.76034
              2       124.56996       60.029871     0.029566353      0.15134155      0.15296767     -0.32573014      -0.32573014       249.79139                                249.79139
              4       124.12294       60.009766     0.029740867      0.15119567      0.15265558     -0.32573014      -0.32573014       248.89733                                248.89733
              1       124.33853       60.018627     0.029641284       0.1512679      0.15280579     -0.32573014      -0.32573014       249.32852                                249.32852
              1       125.16896       60.018627     0.029641284      0.14568492      0.15508585     -0.32573014      -0.32573014       250.98938                                250.98938
              1       125.17934       60.018627     0.029641284      0.14574952      0.15633559     -0.32573014      -0.32573014       251.01015                                251.01015
              5       125.15592       60.024369     0.029936946       0.1457067      0.15099189     -0.32573014      -0.32573014        250.9633                                 250.9633
              3        125.7262       60.024369     0.029936946      0.14376044      0.15022777     -0.32573014      -0.32573014       252.10385                                252.10385
              1       125.19112       60.024369     0.029936946       0.1559626      0.16458346     -0.32573014      -0.32573014       251.03371                                251.03371
              1       125.36669       60.024369     0.029936946      0.14540222      0.15988201     -0.32573014      -0.32573014       251.38484                                251.38484
              1       124.53892       60.024369     0.029936946      0.15005094      0.14984093     -0.32573014      -0.32573014       249.72929                                249.72929
              1       126.04713       60.024369     0.029936946      0.14302572      0.14934888     -0.32573014      -0.32573014       252.74573                                252.74573
              2       125.70962       60.024369     0.029936946      0.14318317      0.15223088     -0.32573014      -0.32573014        252.0707                                 252.0707
              2       127.48943       60.024369     0.029936946      0.14694463      0.13994792     -0.32573014      -0.32573014       255.63032                                255.63032
              1       126.60744       60.024369     0.029936946      0.15925337       0.1410962     -0.32573014      -0.32573014       253.86634                                253.86634
              2       125.56987       60.024369     0.029936946      0.15895455      0.14440299     -0.32573014      -0.32573014        251.7912                                 251.7912
              4       124.87352       60.024369     0.029936946       0.1616918      0.15021431     -0.32573014      -0.32573014        250.3985                                 250.3985
              3       124.05715       60.024369     0.029936946       0.1552814      0.15219662     -0.32573014      -0.32573014       248.76577                                248.76577
              1       124.17845       60.024369     0.029936946      0.15849872      0.15359228     -0.32573014      -0.32573014       249.00836                                249.00836
              8       124.99957       60.005442     0.028633722      0.15887525      0.15411791     -0.32573014      -0.32573014       250.65059                                250.65059
              1       125.03349       60.005442     0.028633722      0.15662628      0.15128621     -0.32573014      -0.32573014       250.71845                                250.71845
              9       126.73591       60.109636     0.028389522      0.15715112      0.15253502     -0.32573014      -0.32573014       254.12329                                254.12329
              1       130.38851       60.109636     0.028389522      0.16017817      0.13936157     -0.32573014      -0.32573014       261.42848                                261.42848
              2       130.32375       60.131252     0.028819775      0.16011865       0.1393521     -0.32573014      -0.32573014       261.29897                                261.29897
              3       129.87125       60.131252     0.028819775      0.15849005      0.14012033     -0.32573014      -0.32573014       260.39396                                260.39396
              1       129.97223       60.146072     0.028942901      0.15850942      0.14020981     -0.32573014      -0.32573014       260.59592                                260.59592
              1       129.44778       60.118781      0.02911923      0.15833261      0.13981998     -0.32573014      -0.32573014       259.54702                                259.54702
              3       129.42067       60.118781      0.02911923      0.15512796      0.13971592     -0.32573014      -0.32573014        259.4928                                 259.4928
              1       126.56735       60.118781      0.02911923      0.16203306      0.15794099     -0.32573014      -0.32573014       253.78616                                253.78616
              3       127.35972       60.118781      0.02911923      0.16589289      0.15785403     -0.32573014      -0.32573014       255.37091                                255.37091
              2       127.84934       60.118781      0.02911923      0.16505114      0.16373376     -0.32573014      -0.32573014       256.35015                                256.35015
              2       126.97493       60.062726     0.029230498      0.16477583      0.16307314     -0.32573014      -0.32573014       254.60132                                254.60132
              3       125.33421       60.062726     0.029230498       0.1513018      0.15429209     -0.32573014      -0.32573014       251.31988                                251.31988
              1       128.61705       60.062726     0.029230498      0.15217048      0.17190994     -0.32573014      -0.32573014       257.88557                                257.88557
              3       128.78017       60.062726     0.029230498      0.15875249      0.17223674     -0.32573014      -0.32573014       258.21179                                258.21179
              2        128.5739       60.088967     0.029937029      0.15861573      0.17212239     -0.32573014      -0.32573014       257.79926                                257.79926
              1       128.54881       60.088967     0.029937029      0.15641832      0.17237232     -0.32573014      -0.32573014       257.74908                                257.74908
              3       126.50626       60.088967     0.029937029      0.15568943      0.16667148     -0.32573014      -0.32573014       253.66398                                253.66398
              3       126.76533       60.019956     0.028440349      0.15592253       0.1667704     -0.32573014      -0.32573014       254.18212                                254.18212
              1       126.00308       60.019956     0.028440349      0.15708783      0.16345876     -0.32573014      -0.32573014       252.65762                                252.65762
              2       127.30219       60.019956     0.028440349      0.14295759      0.15925567     -0.32573014      -0.32573014       255.25584                                255.25584
              3       125.26215       60.019956     0.028440349      0.15273628      0.15562336     -0.32573014      -0.32573014       251.17575                                251.17575
              4       125.41298       60.019956     0.028440349      0.15295373      0.15192781     -0.32573014      -0.32573014       251.47743                                251.47743
              9       125.42867       60.019956     0.028440349      0.15270768      0.15192785     -0.32573014      -0.32573014       251.50881                                251.50881
              1       125.39194       60.019956     0.028440349      0.15385115      0.15168231     -0.32573014      -0.32573014       251.43533                                251.43533
              1       126.03873       60.019956     0.028440349      0.15666776      0.16371691     -0.32573014      -0.32573014       252.72892                                252.72892
              3       125.75666       60.019956     0.028440349      0.15712036      0.16209606     -0.32573014      -0.32573014       252.16477                                252.16477
              4       125.50869       60.019956     0.028440349      0.15688325      0.16044424     -0.32573014      -0.32573014       251.66884                                251.66884
              3       126.38899       60.019956     0.028440349      0.15048934      0.16406952     -0.32573014      -0.32573014       253.42944                                253.42944
              1       126.42026       60.065699     0.029194986      0.15041797      0.16413651     -0.32573014      -0.32573014       253.49197                                253.49197
              1       128.22983        60.08108     0.027450071      0.15109383      0.16527507     -0.32573014      -0.32573014       257.11111                                257.11111
              2       129.15667        60.08108     0.027450071      0.16657232      0.16512819     -0.32573014      -0.32573014       258.96479                                258.96479
              2       129.76272        60.08108     0.027450071      0.16878987      0.16497815     -0.32573014      -0.32573014       260.17691                                260.17691
              4       128.58386       60.156695     0.029690357      0.14356576      0.14963338     -0.32573014      -0.32573014       257.81918                                257.81918
              1       127.14991       60.156695     0.029690357      0.15093027      0.14852978     -0.32573014      -0.32573014       254.95128                                254.95128
              1       127.14515        60.15586     0.029681483      0.15092986      0.14852582     -0.32573014      -0.32573014       254.94177                                254.94177
              3       127.09788        60.15586     0.029681483      0.15168288      0.14831275     -0.32573014      -0.32573014       254.84721                                254.84721
              3       127.31649        60.15586     0.029681483      0.15013834      0.14820556     -0.32573014      -0.32573014       255.28443                                255.28443
              3        128.7581       60.104634     0.028400606      0.14700439      0.14639393     -0.32573014      -0.32573014       258.16765                                258.16765
              4       128.24641        60.11753     0.028239908      0.14757141      0.15032255     -0.32573014      -0.32573014       257.14428                                257.14428
              2       128.09496        60.11753     0.028239908      0.14662248      0.15356468     -0.32573014      -0.32573014       256.84138                                256.84138
              4       127.53902       60.117824     0.027840207       0.1520075      0.16012599     -0.32573014      -0.32573014       255.72951                                255.72951
              3       127.65677       60.045671     0.026464065      0.15198388      0.16012555     -0.32573014      -0.32573014         255.965                                  255.965
              2       127.78338       60.045671     0.026464065      0.15927065      0.15086025     -0.32573014      -0.32573014       256.21823                                256.21823
              2       125.95052       60.090515     0.029196406      0.16020173      0.15257591     -0.32573014      -0.32573014       252.55251                                252.55251
              2        127.0461       60.090515     0.029196406      0.14634818      0.16152053     -0.32573014      -0.32573014       254.74365                                254.74365
              1       125.68159       60.090515     0.029196406      0.15733786      0.15852594     -0.32573014      -0.32573014       252.01463                                252.01463
              9       125.95706       60.090515     0.029196406      0.15148686       0.1518306     -0.32573014      -0.32573014       252.56558                                252.56558
              1       126.25966       60.024965     0.027760772      0.15152912      0.15193124     -0.32573014      -0.32573014       253.17079                                253.17079
              3       126.94102       60.024965     0.027760772      0.14765606      0.15124797     -0.32573014      -0.32573014        254.5335                                 254.5335
              2       127.03524       60.024965     0.027760772      0.15657208      0.14620112     -0.32573014      -0.32573014       254.72193                                254.72193
              1       125.85435       60.024965     0.027760772      0.15703806      0.15570055     -0.32573014      -0.32573014       252.36017                                252.36017
              2       128.61764       60.024965     0.027760772      0.16477924      0.16771167     -0.32573014      -0.32573014       257.88673                                257.88673
              1       126.14498       60.024965     0.027760772      0.15350367      0.16040309     -0.32573014      -0.32573014       252.94142                                252.94142
              3       126.35864       60.024965     0.027760772      0.15193271      0.16116644     -0.32573014      -0.32573014       253.36874                                253.36874
              1       126.95584       60.024965     0.027760772      0.16478804      0.15842913     -0.32573014      -0.32573014       254.56314                                254.56314
              4       125.57533       60.020712     0.029380886      0.16420213      0.15750208     -0.32573014      -0.32573014       251.80212                                251.80212
              1       125.13436       60.020712     0.029380886       0.1621808      0.15280892     -0.32573014      -0.32573014       250.92019                                250.92019
              3       124.85712       60.020712     0.029380886      0.15898496      0.15956059     -0.32573014      -0.32573014       250.36569                                250.36569
              1       125.85566       60.020712     0.029380886      0.14469079      0.15857415     -0.32573014      -0.32573014       252.36279                                252.36279
              3       124.60607       60.020712     0.029380886      0.15886799      0.15395814     -0.32573014      -0.32573014       249.86359                                249.86359
              2       124.81051       60.020712     0.029380886      0.16059763      0.15565021     -0.32573014      -0.32573014       250.27248                                250.27248
              1        124.7545       60.020712     0.029380886      0.16003963      0.15650707     -0.32573014      -0.32573014       250.16046                                250.16046
              1       125.15353       60.020712     0.029380886      0.16258299      0.15438152     -0.32573014      -0.32573014       250.95852                                250.95852
              1       125.47945       60.020712     0.029380886       0.1640559      0.15609972     -0.32573014      -0.32573014       251.61036                                251.61036
              1       124.92968       60.020712     0.029380886      0.16092846      0.15748294     -0.32573014      -0.32573014       250.51083                                250.51083
              5       124.91607       60.020712     0.029380886      0.15705587      0.14895617     -0.32573014      -0.32573014        250.4836                                 250.4836
              1       124.78187       60.020712     0.029380886      0.16026086      0.15369419     -0.32573014      -0.32573014       250.21519                                250.21519
              3       124.72791       60.020712     0.029380886      0.15991147      0.15392451     -0.32573014      -0.32573014       250.10728                                250.10728
              1       127.53086       60.020712     0.029380886      0.16088399      0.14046361     -0.32573014      -0.32573014       255.71318                                255.71318
              1       124.50122       60.020712     0.029380886      0.15233222      0.15337585     -0.32573014      -0.32573014        249.6539                                 249.6539
              3       124.47502       60.020712     0.029380886      0.15590206      0.15260196     -0.32573014      -0.32573014        249.6015                                 249.6015
              1       124.75223       60.020712     0.029380886       0.1580044      0.15069099     -0.32573014      -0.32573014       250.15592                                250.15592
              2       124.89993       60.020712     0.029380886      0.16112196      0.15403509     -0.32573014      -0.32573014       250.45133                                250.45133
              4       124.96079       60.020712     0.029380886      0.16073046      0.15178981     -0.32573014      -0.32573014       250.57304                                250.57304
              3       124.66586       60.020712     0.029380886      0.15214572      0.15893142     -0.32573014      -0.32573014       249.98318                                249.98318
              2       127.27964       60.020712     0.029380886      0.16948211      0.15145925     -0.32573014      -0.32573014       255.21074                                255.21074
              1        126.5015       60.020712     0.029380886      0.14361337      0.14871727     -0.32573014      -0.32573014       253.65446                                253.65446
              1          126.12        60.02681     0.029908426      0.14347407      0.14849321     -0.32573014      -0.32573014       252.89145                                252.89145
              4       126.34758        60.02681     0.029908426      0.16441052      0.16420822     -0.32573014      -0.32573014       253.34661                                253.34661
              2        124.4588        60.02681     0.029908426      0.15360451      0.16062775     -0.32573014      -0.32573014       249.56906                                249.56906
              2       124.68973        60.02681     0.029908426      0.15899557      0.16063668     -0.32573014      -0.32573014       250.03092                                250.03092
              1       125.02791        60.02681     0.029908426      0.14825497      0.16105249     -0.32573014      -0.32573014       250.70727                                250.70727
              2       125.04467        60.02681     0.029908426      0.14803674       0.1609274     -0.32573014      -0.32573014       250.74081                                250.74081
             11       124.64032        60.02681     0.029908426      0.15364652      0.14792066     -0.32573014      -0.32573014        249.9321                                 249.9321
              1       124.73522        60.02681     0.029908426        0.153291      0.14745227     -0.32573014      -0.32573014       250.12189                                250.12189
              4       124.83808        60.02681     0.029908426      0.15335527      0.14690776     -0.32573014      -0.32573014       250.32761                                250.32761
              2       124.26078        60.02681     0.029908426      0.15757405       0.1516873     -0.32573014      -0.32573014       249.17302                                249.17302
              4       124.20059       60.015369     0.029786949      0.15753707      0.15163452     -0.32573014      -0.32573014       249.05265                                249.05265
              2       124.88254       60.015369     0.029786949      0.14753496      0.15955817     -0.32573014      -0.32573014       250.41654                                250.41654
              3       123.97821       60.015369     0.029786949      0.15499963       0.1538008     -0.32573014      -0.32573014       248.60788                                248.60788
              2       124.07717       60.015369     0.029786949      0.15173954      0.15391017     -0.32573014      -0.32573014        248.8058                                 248.8058
              4       124.50368       60.015369     0.029786949      0.14917586      0.15117001     -0.32573014      -0.32573014       249.65882                                249.65882
              1       124.06782       60.015369     0.029786949      0.15516383      0.15198251     -0.32573014      -0.32573014        248.7871                                 248.7871
              3       124.23541       60.001474     0.029351018      0.15521801      0.15207557     -0.32573014      -0.32573014       249.12229                                249.12229
              4       124.34285       60.001474     0.029351018       0.1537747       0.1509077     -0.32573014      -0.32573014       249.33717                                249.33717
              2       124.25506       60.001474     0.029351018      0.15273811      0.15245788     -0.32573014      -0.32573014       249.16158                                249.16158
              1       124.81538       60.001474     0.029351018      0.16198275      0.15422403     -0.32573014      -0.32573014       250.28221                                250.28221
              1       124.42684       60.001474     0.029351018      0.15238933      0.15916573     -0.32573014      -0.32573014       249.50515                                249.50515
              6        124.6248       60.001474     0.029351018      0.14891044      0.15258685     -0.32573014      -0.32573014       249.90106                                249.90106
              2       124.56317       60.001474     0.029351018      0.15324388      0.14922881     -0.32573014      -0.32573014        249.7778                                 249.7778
              2       124.26438       60.001474     0.029351018      0.15150736      0.15547695     -0.32573014      -0.32573014       249.18022                                249.18022
              6        124.9517       60.022138     0.028909306       0.1518013      0.15593253     -0.32573014      -0.32573014       250.55485                                250.55485
              5       126.36661       60.022138     0.028909306      0.16019817      0.16520429     -0.32573014      -0.32573014       253.38468                                253.38468
              1       126.17914       60.022138     0.028909306      0.14608601      0.15017347     -0.32573014      -0.32573014       253.00974                                253.00974
              2       126.55046        60.02938     0.028614408      0.14623716      0.15040946     -0.32573014      -0.32573014       253.75238                                253.75238
              1       125.99508        60.02938     0.028614408        0.149923      0.14951218     -0.32573014      -0.32573014       252.64163                                252.64163
              2       125.78685        60.02938     0.028614408       0.1503074       0.1506567     -0.32573014      -0.32573014       252.22516                                252.22516
              6       125.67262        60.02938     0.028614408      0.15335755      0.16157458     -0.32573014      -0.32573014        251.9967                                 251.9967
              3       126.12864        60.02938     0.028614408      0.14778161      0.15988422     -0.32573014      -0.32573014       252.90873                                252.90873
              3       125.62078        60.02938     0.028614408      0.16089014      0.15773488     -0.32573014      -0.32573014       251.89303                                251.89303
              1       127.37771        60.02938     0.028614408      0.16663406      0.14874408     -0.32573014      -0.32573014       255.40688                                255.40688
              8       129.36166       60.220556        0.029434      0.16766783      0.15028555     -0.32573014      -0.32573014       259.37479                                259.37479
              1       129.49847       60.220556        0.029434      0.16934983      0.15317697     -0.32573014      -0.32573014       259.64841                                259.64841
              1       126.75659       60.024454     0.029480246      0.16798467      0.15111247     -0.32573014      -0.32573014       254.16465                                254.16465
              1       124.49309       60.024454     0.029480246      0.15283624      0.15768368     -0.32573014      -0.32573014       249.63764                                249.63764
              2        124.5029       60.024454     0.029480246      0.15685623      0.15780531     -0.32573014      -0.32573014       249.65725                                249.65725
              3       124.47642       60.024454     0.029480246      0.15686594      0.15738437     -0.32573014      -0.32573014        249.6043                                 249.6043
              2        125.4644       60.024454     0.029480246      0.15452245      0.14566046     -0.32573014      -0.32573014       251.58026                                251.58026
              1       125.42917       60.024454     0.029480246      0.15161414      0.14639201     -0.32573014      -0.32573014        251.5098                                 251.5098
              4       125.84921       60.041079     0.029270159      0.15180071      0.14667938     -0.32573014      -0.32573014       252.34988                                252.34988
             10       125.04617       60.041079     0.029270159      0.15934468      0.15351435     -0.32573014      -0.32573014        250.7438                                 250.7438
              1       125.09241       60.041079     0.029270159       0.1539726      0.15041047     -0.32573014      -0.32573014       250.83629                                250.83629
              8       125.13331       60.046212     0.029309036      0.15399456      0.15044267     -0.32573014      -0.32573014       250.91808                                250.91808
              4       125.37849       60.044854     0.029000444      0.15409124       0.1505967     -0.32573014      -0.32573014       251.40844                                251.40844
              1       126.28423       60.038866      0.02784621      0.15444663       0.1511634     -0.32573014      -0.32573014       253.21991                                253.21991
              2       126.79622       60.038866      0.02784621      0.14844361      0.15268289     -0.32573014      -0.32573014        254.2439                                 254.2439
              2        127.0636       60.038866      0.02784621      0.15089496      0.14809124     -0.32573014      -0.32573014       254.77866                                254.77866
              1        126.7842       60.038866      0.02784621      0.15971412      0.14896605     -0.32573014      -0.32573014       254.21986                                254.21986
              1       126.77707       60.038326     0.027845514      0.15971064      0.14896081     -0.32573014      -0.32573014       254.20561                                254.20561
              4       127.59905       60.038326     0.027845514      0.16266673      0.14691465     -0.32573014      -0.32573014       255.84956                                255.84956
              2        127.3504       60.038326     0.027845514      0.16538391      0.16025585     -0.32573014      -0.32573014       255.35227                                255.35227
              3       126.98118       60.038326     0.027845514      0.16191923      0.16263202     -0.32573014      -0.32573014       254.61382                                254.61382
              1       127.09482       60.038326     0.027845514      0.15917869       0.1649148     -0.32573014      -0.32573014        254.8411                                 254.8411
              1       127.28886       60.038326     0.027845514      0.14704697      0.15071603     -0.32573014      -0.32573014       255.22917                                255.22917
              1       126.99559       60.020366     0.027975897      0.14700378      0.14962468     -0.32573014      -0.32573014       254.64264                                254.64264
              3       125.92653       60.020366     0.027975897      0.15824118       0.1512786     -0.32573014      -0.32573014       252.50451                                252.50451
              6       125.84596       60.020366     0.027975897      0.15840965      0.15218282     -0.32573014      -0.32573014       252.34338                                252.34338
              2       128.19917       60.231466     0.028808857      0.15957592      0.15392419     -0.32573014      -0.32573014       257.04979                                257.04979
              3       129.08062       60.231466     0.028808857      0.15666986      0.16663981     -0.32573014      -0.32573014        258.8127                                 258.8127
              2       129.78042       60.231466     0.028808857      0.14655458      0.16287275     -0.32573014      -0.32573014       260.21231                                260.21231
              2       128.75405       60.172809     0.028928152      0.14611001      0.16219776     -0.32573014      -0.32573014       258.15957                                258.15957
              2       128.78503       60.172809     0.028928152      0.14603507      0.16227721     -0.32573014      -0.32573014       258.22152                                258.22152
              2       127.92033       60.172809     0.028928152      0.14983231       0.1620016     -0.32573014      -0.32573014       256.49212                                256.49212
              6       130.49021       60.172809     0.028928152      0.14146737      0.14968116     -0.32573014      -0.32573014       261.63189                                261.63189
              2       128.04886       60.172809     0.028928152      0.14929635      0.15111603     -0.32573014      -0.32573014       256.74919                                256.74919
              3       127.96713       60.172809     0.028928152      0.16039125      0.14886847     -0.32573014      -0.32573014       256.58571                                256.58571
              3       127.02591       60.172809     0.028928152      0.15624997      0.15802431     -0.32573014      -0.32573014       254.70329                                254.70329
              1        127.3986       60.172809     0.028928152      0.15098834      0.15567729     -0.32573014      -0.32573014       255.44867                                255.44867
              2       126.71328       60.163363      0.02953643      0.15071435       0.1552476     -0.32573014      -0.32573014       254.07802                                254.07802
              1       126.91946       60.163363      0.02953643      0.15624459      0.14946255     -0.32573014      -0.32573014       254.49038                                254.49038
              5        126.7013       60.163363      0.02953643      0.16075572      0.15366816     -0.32573014      -0.32573014       254.05406                                254.05406
              2        125.7134       60.091473     0.029488771      0.16027746      0.15294654     -0.32573014      -0.32573014       252.07827                                252.07827
              3       125.53858       60.091473     0.029488771      0.15818831      0.15256704     -0.32573014      -0.32573014       251.72863                                251.72863
              2       126.73572       60.091473     0.029488771      0.16158709      0.14704822     -0.32573014      -0.32573014        254.1229                                 254.1229
              2       125.87351       60.091473     0.029488771      0.15915893      0.15019476     -0.32573014      -0.32573014       252.39848                                252.39848
              2       127.41617       60.056329     0.028381147      0.16429029      0.14837425     -0.32573014      -0.32573014        255.4838                                 255.4838
              1       128.41967       60.056329     0.028381147      0.16980249      0.15280878     -0.32573014      -0.32573014        257.4908                                 257.4908
              2       128.17456       60.056329     0.028381147      0.16850475      0.15085343     -0.32573014      -0.32573014       257.00058                                257.00058
              1       127.61871       60.031992     0.028659907      0.16824152      0.15044844     -0.32573014      -0.32573014       255.88888                                255.88888
              2       128.51838       60.031992     0.028659907      0.17087867      0.16016078     -0.32573014      -0.32573014       257.68822                                257.68822
              5       125.34662       60.031992     0.028659907      0.15420969      0.15917536     -0.32573014      -0.32573014        251.3447                                 251.3447
              2       126.23738        60.15621     0.029756227      0.15468767      0.15986971     -0.32573014      -0.32573014       253.12623                                253.12623
              1       126.62733        60.15621     0.029756227      0.15604918      0.14926682     -0.32573014      -0.32573014       253.90611                                253.90611
              2        126.5822        60.15621     0.029756227      0.15553733      0.14954183     -0.32573014      -0.32573014       253.81586                                253.81586
              3       126.05076        60.15621     0.029756227        0.155177      0.15551441     -0.32573014      -0.32573014       252.75299                                252.75299
              1       126.16942        60.15621     0.029756227      0.15619431      0.15290644     -0.32573014      -0.32573014       252.99029                                252.99029
              2       126.87139        60.15621     0.029756227      0.16395305      0.15586263     -0.32573014      -0.32573014       254.39424                                254.39424
              1       128.03008       60.161732     0.029376002       0.1607344      0.16659148     -0.32573014      -0.32573014       256.71162                                256.71162
              1       127.90782       60.161732     0.029376002      0.14846427      0.16391568     -0.32573014      -0.32573014        256.4671                                 256.4671
              1       127.18351       60.161732     0.029376002      0.14948103      0.16015568     -0.32573014      -0.32573014       255.01848                                255.01848
              5       127.57575       60.161732     0.029376002      0.16229662      0.16354393     -0.32573014      -0.32573014       255.80296                                255.80296
              3       132.89668       60.137796      0.02995068      0.17808846      0.16405501     -0.32573014      -0.32573014       266.44481                                266.44481
              1       126.64876       60.137796      0.02995068      0.15087676      0.16360117     -0.32573014      -0.32573014       253.94898                                253.94898
              1       126.14754       60.137796      0.02995068        0.151021      0.15114426     -0.32573014      -0.32573014       252.94655                                252.94655
              1       126.43752       60.137796      0.02995068      0.16108851      0.16182781     -0.32573014      -0.32573014       253.52649                                253.52649
              2       126.60303       60.137796      0.02995068      0.15838853      0.16429802     -0.32573014      -0.32573014       253.85753                                253.85753
              4       126.85409       60.137796      0.02995068      0.15918799      0.16513142     -0.32573014      -0.32573014       254.35963                                254.35963
              1       125.68539       60.137796      0.02995068      0.15665654      0.15348493     -0.32573014      -0.32573014       252.02224                                252.02224
              1        126.7909       60.167099     0.029158499      0.15707507      0.15423299     -0.32573014      -0.32573014       254.23326                                254.23326
              2       127.39264       60.167099     0.029158499      0.16088961      0.15083217     -0.32573014      -0.32573014       255.43674                                255.43674
              2       127.16343       60.167099     0.029158499      0.15944092      0.15147164     -0.32573014      -0.32573014       254.97833                                254.97833
              3       125.82983       60.088503     0.029242341      0.15830328      0.16023409     -0.32573014      -0.32573014       252.31113                                252.31113
             12       126.48039       60.088503     0.029242341       0.1633912      0.15986711     -0.32573014      -0.32573014       253.61224                                253.61224
              2       127.14701       60.090193     0.028775495      0.16400738      0.15059286     -0.32573014      -0.32573014       254.94547                                254.94547
              2       126.32188       60.090193     0.028775495      0.15264962      0.16071185     -0.32573014      -0.32573014       253.29522                                253.29522
              3       127.25869       60.090193     0.028775495      0.14583869      0.15847618     -0.32573014      -0.32573014       255.16883                                255.16883
              3       127.12674       60.090193     0.028775495      0.16548629      0.15506634     -0.32573014      -0.32573014       254.90495                                254.90495
              1       127.00437       60.090193     0.028775495      0.16457677      0.15314692     -0.32573014      -0.32573014       254.66021                                254.66021
              1       128.97289       60.150392     0.027400413       0.1653594      0.15454718     -0.32573014      -0.32573014       258.59724                                258.59724
              1       130.45714       60.150392     0.027400413        0.162342      0.14435905     -0.32573014      -0.32573014       261.56574                                261.56574
              1        130.6226       60.194033     0.027927182      0.16244336      0.14454974     -0.32573014      -0.32573014       261.89666                                261.89666
              3       130.88274       60.194033     0.027927182      0.16528805      0.14526305     -0.32573014      -0.32573014       262.41695                                262.41695
              2       130.51279       60.194033     0.027927182      0.14551559      0.15060301     -0.32573014      -0.32573014       261.67704                                261.67704
              2       130.33915       60.194033     0.027927182      0.14722828      0.14903566     -0.32573014      -0.32573014       261.32977                                261.32977
              1       127.44046       60.068361     0.029008738      0.14614164      0.14708052     -0.32573014      -0.32573014       255.53239                                255.53239
              1       127.71986       60.068361     0.029008738      0.14368208      0.14908377     -0.32573014      -0.32573014       256.09118                                256.09118
              2       127.02377       60.068361     0.029008738      0.15285967      0.14462668     -0.32573014      -0.32573014       254.69899                                254.69899
              6       126.55624       60.068361     0.029008738      0.15279626      0.14647647     -0.32573014      -0.32573014       253.76395                                253.76395
              1       126.46807       60.068361     0.029008738      0.16303266       0.1504715     -0.32573014      -0.32573014       253.58759                                253.58759
              1       127.00719       60.068361     0.029008738      0.15648856      0.16695825     -0.32573014      -0.32573014       254.66584                                254.66584
              2       125.59683       60.068361     0.029008738      0.15921833       0.1569874     -0.32573014      -0.32573014       251.84512                                251.84512
              1       125.82246       60.068361     0.029008738      0.15507514      0.16149249     -0.32573014      -0.32573014       252.29639                                252.29639
              1       125.65525       60.068361     0.029008738      0.15150258      0.15356038     -0.32573014      -0.32573014       251.96195                                251.96195
              1       126.04616       60.068361     0.029008738      0.15046077      0.15057941     -0.32573014      -0.32573014       252.74377                                252.74377
              1       126.62392       60.056293     0.028635663      0.15980008      0.14753685     -0.32573014      -0.32573014        253.8993                                 253.8993
              1       128.30587       60.110282     0.028186971      0.16627172      0.16148626     -0.32573014      -0.32573014       257.26321                                257.26321
              2       128.26673       60.110282     0.028186971       0.1533496      0.16718253     -0.32573014      -0.32573014       257.18491                                257.18491
              4       127.43954       60.207772     0.029226307      0.15933987      0.15423127     -0.32573014      -0.32573014       255.53053                                255.53053
              2       127.55683       60.207772     0.029226307      0.15934386      0.15282846     -0.32573014      -0.32573014       255.76512                                255.76512
              9       127.52633       60.208551     0.029275602      0.15933347      0.15281027     -0.32573014      -0.32573014       255.70411                                255.70411
              1       128.89097       60.208551     0.029275602       0.1492038       0.1480832     -0.32573014      -0.32573014       258.43341                                258.43341
              3       130.82144       60.208551     0.029275602      0.15288414      0.14034996     -0.32573014      -0.32573014       262.29434                                262.29434
              2       129.33673       60.208551     0.029275602      0.16635843      0.14838567     -0.32573014      -0.32573014       259.32492                                259.32492
              2       130.13712       60.208551     0.029275602      0.16754189      0.14633533     -0.32573014      -0.32573014       260.92571                                260.92571
              1       127.44329        60.06798     0.029734996      0.16807243      0.14884613     -0.32573014      -0.32573014       255.53805                                255.53805
              2        125.5779        60.06798     0.029734996      0.14717103      0.15450857     -0.32573014      -0.32573014       251.80726                                251.80726
              6       124.83236        60.06798     0.029734996      0.15730176      0.15504786     -0.32573014      -0.32573014       250.31618                                250.31618
              3       125.70916        60.06798     0.029734996      0.14840252      0.14989256     -0.32573014      -0.32573014       252.06979                                252.06979
              1        125.8345       60.065155     0.029546864      0.14844307      0.14996357     -0.32573014      -0.32573014       252.32046                                252.32046
              3        125.5527       60.065155     0.029546864      0.15261678      0.14858468     -0.32573014      -0.32573014       251.75686                                251.75686
              1       125.51656       60.043943     0.029234869      0.15258462      0.14852227     -0.32573014      -0.32573014       251.68458                                251.68458
              2        125.0304       60.043943     0.029234869      0.15224203      0.15288325     -0.32573014      -0.32573014       250.71226                                250.71226
             12       124.81204       60.063928     0.029945968      0.15138862      0.15825049     -0.32573014      -0.32573014       250.27554                                250.27554
              1       124.75417       60.063928     0.029945968      0.15167613      0.15779446     -0.32573014      -0.32573014        250.1598                                 250.1598
              3       126.47436       60.115901     0.028876248      0.15231589      0.15893981     -0.32573014      -0.32573014       253.60018                                253.60018
              1       126.59967       60.157636     0.029431343      0.15239713       0.1590944     -0.32573014      -0.32573014       253.85081                                253.85081
              1       126.61417       60.144316     0.029203196      0.15238679      0.15907265     -0.32573014      -0.32573014        253.8798                                 253.8798
              1       126.97842       60.144316     0.029203196      0.15131544      0.15102515     -0.32573014      -0.32573014        254.6083                                 254.6083
              1       126.60042       60.144316     0.029203196      0.15469476      0.15197521     -0.32573014      -0.32573014       253.85231                                253.85231
              1       126.61347       60.144316     0.029203196      0.15260398      0.15933205     -0.32573014      -0.32573014       253.87841                                253.87841
              2       126.60758       60.144316     0.029203196      0.15342171      0.15254921     -0.32573014      -0.32573014       253.86662                                253.86662
              1       126.39265       60.144316     0.029203196      0.15768694      0.15739309     -0.32573014      -0.32573014       253.43677                                253.43677
              2       126.24226       60.167552     0.029775118      0.15765178      0.15733693     -0.32573014      -0.32573014       253.13598                                253.13598
              1       126.90972       60.167552     0.029775118      0.15924367      0.14937846     -0.32573014      -0.32573014       254.47091                                254.47091
              1       126.60688       60.167552     0.029775118      0.15714029      0.15055334     -0.32573014      -0.32573014       253.86523                                253.86523
              6       128.13751       60.167552     0.029775118      0.14402276      0.15304054     -0.32573014      -0.32573014       256.92647                                256.92647
              2       126.55732       60.167552     0.029775118      0.15502784      0.15087102     -0.32573014      -0.32573014        253.7661                                 253.7661
              6       126.55966       60.167552     0.029775118       0.1539082      0.15118482     -0.32573014      -0.32573014       253.77078                                253.77078
              2       126.61818       60.167552     0.029775118      0.15201386      0.16044696     -0.32573014      -0.32573014       253.88783                                253.88783
              1       126.83419       60.167552     0.029775118      0.16053421      0.16168164     -0.32573014      -0.32573014       254.31985                                254.31985
              4        126.2782       60.167552     0.029775118      0.15574325      0.15882873     -0.32573014      -0.32573014       253.20785                                253.20785
              5       127.18318       60.167552     0.029775118      0.16004986      0.16407305     -0.32573014      -0.32573014       255.01783                                255.01783
              2       127.28282       60.167552     0.029775118      0.16306536      0.16218422     -0.32573014      -0.32573014       255.21709                                255.21709
              6       127.69973       60.167552     0.029775118      0.16108388      0.16586378     -0.32573014      -0.32573014       256.05092                                256.05092
              4       127.41299       60.167552     0.029775118       0.1461978      0.15568288     -0.32573014      -0.32573014       255.47743                                255.47743
              4       127.80817       60.167552     0.029775118      0.14487714      0.15426342     -0.32573014      -0.32573014        256.2678                                 256.2678
              4         127.486       60.167552     0.029775118      0.15003984      0.16439345     -0.32573014      -0.32573014       255.62346                                255.62346
              1       127.19504       60.167552     0.029775118      0.14766966      0.15934074     -0.32573014      -0.32573014       255.04154                                255.04154
              2       127.40478       60.167552     0.029775118      0.16488872      0.15218535     -0.32573014      -0.32573014       255.46103                                255.46103
              2       127.99553       60.167552     0.029775118      0.14461361      0.15263994     -0.32573014      -0.32573014       256.64253                                256.64253
              5       126.19999       60.167552     0.029775118      0.15509628      0.15630511     -0.32573014      -0.32573014       253.05143                                253.05143
              2       128.00564       60.167552     0.029775118      0.16342451       0.1468042     -0.32573014      -0.32573014       256.66273                                256.66273
              5       128.19198       60.167552     0.029775118       0.1615594      0.14489613     -0.32573014      -0.32573014       257.03542                                257.03542
              2       129.67254       60.167552     0.029775118      0.15628077      0.13955381     -0.32573014      -0.32573014       259.99654                                259.99654
              2       128.66286       60.167552     0.029775118      0.15619855      0.14217074     -0.32573014      -0.32573014       257.97719                                257.97719
              3       126.32457       60.167552     0.029775118       0.1547657      0.15922602     -0.32573014      -0.32573014       253.30059                                253.30059
              1       126.88941       60.167552     0.029775118      0.15491678      0.14880993     -0.32573014      -0.32573014       254.43028                                254.43028
              2       127.07206       60.167552     0.029775118      0.16378402      0.15330617     -0.32573014      -0.32573014       254.79559                                254.79559
              2        131.6822       60.167552     0.029775118      0.17347297      0.14495616     -0.32573014      -0.32573014       264.01585                                264.01585
              1       128.06035       60.075467     0.029408865      0.16990531      0.15946296     -0.32573014      -0.32573014       256.77217                                256.77217
              1       126.82461       60.075467     0.029408865      0.15808736      0.16671766     -0.32573014      -0.32573014       254.30068                                254.30068
              2       127.08008       60.075467     0.029408865      0.14339774       0.1526473     -0.32573014      -0.32573014       254.81162                                254.81162
              3       126.74611       60.075467     0.029408865      0.14481884      0.15177806     -0.32573014      -0.32573014       254.14368                                254.14368
              1       125.91539       60.075467     0.029408865      0.15224306      0.14843664     -0.32573014      -0.32573014       252.48223                                252.48223
              1       126.37975       60.075688     0.028879754      0.15240622      0.14872535     -0.32573014      -0.32573014       253.41096                                253.41096
              1       125.99487       60.075688     0.028879754      0.15802858      0.16074928     -0.32573014      -0.32573014        252.6412                                 252.6412
              3       125.97273       60.075688     0.028879754      0.15642943      0.16109205     -0.32573014      -0.32573014       252.59692                                252.59692
              5       125.60681       60.114727     0.029576162      0.15474685      0.15671778     -0.32573014      -0.32573014       251.86508                                251.86508
              3        125.5273       60.112455     0.029629483      0.15471688      0.15666416     -0.32573014      -0.32573014       251.70606                                251.70606
              2       125.87672       60.027024     0.028623927      0.14906296      0.15098955     -0.32573014      -0.32573014       252.40489                                252.40489
              1       125.45383       60.027024     0.028623927      0.16032105      0.15465428     -0.32573014      -0.32573014       251.55912                                251.55912
              4       127.85652       60.027024     0.028623927      0.16669744      0.16476672     -0.32573014      -0.32573014        256.3645                                 256.3645
              1       127.51145       60.027024     0.028623927      0.14185646      0.15294198     -0.32573014      -0.32573014       255.67436                                255.67436
              1        127.4956       60.027024     0.028623927      0.14495046      0.14657045     -0.32573014      -0.32573014       255.64267                                255.64267
              2       126.92397       60.027024     0.028623927      0.14556308      0.14865637     -0.32573014      -0.32573014       254.49939                                254.49939
              2       126.32116       60.025259     0.029261564      0.14535745      0.14829211     -0.32573014      -0.32573014       253.29378                                253.29378
              4       125.68602       60.025259     0.029261564       0.1456201      0.15381809     -0.32573014      -0.32573014        252.0235                                 252.0235
              3       125.95657       60.025259     0.029261564      0.16321177      0.16168294     -0.32573014      -0.32573014        252.5646                                 252.5646
              4       124.59196       60.025259     0.029261564      0.15652899      0.15437517     -0.32573014      -0.32573014       249.83537                                249.83537
              1       125.51388       60.025259     0.029261564      0.16067006      0.14858869     -0.32573014      -0.32573014       251.67921                                251.67921
              2       125.43495       60.025259     0.029261564      0.16041799      0.14885362     -0.32573014      -0.32573014       251.52136                                251.52136
              1         127.164       60.025259     0.029261564      0.16883287      0.15866471     -0.32573014      -0.32573014       254.97946                                254.97946
              2        126.3359       60.025259     0.029261564      0.16436447      0.16237511     -0.32573014      -0.32573014       253.32326                                253.32326
              2       126.65114       60.012149     0.028648492      0.16448434      0.16258579     -0.32573014      -0.32573014       253.95375                                253.95375
              1       125.62234       60.012149     0.028648492      0.14922241      0.16016166     -0.32573014      -0.32573014       251.89615                                251.89615
              3       126.28556       60.012149     0.028648492      0.16298886      0.14836192     -0.32573014      -0.32573014       253.22259                                253.22259
              1       125.78068       60.012149     0.028648492      0.16072866      0.14906789     -0.32573014      -0.32573014       252.21282                                252.21282
              3       125.41654        60.03963     0.029563751      0.16060311      0.14882385     -0.32573014      -0.32573014       251.48454                                251.48454
              4       124.83008        60.03963     0.029563751      0.15090843      0.15823776     -0.32573014      -0.32573014       250.31163                                250.31163
              3       124.69513        60.03963     0.029563751      0.15403365      0.15893799     -0.32573014      -0.32573014       250.04172                                250.04172
              1       124.57485        60.03963     0.029563751      0.15711229      0.15604521     -0.32573014      -0.32573014       249.80115                                249.80115
              1       124.86827       60.030713     0.029063771      0.15722204      0.15623285     -0.32573014      -0.32573014       250.38801                                250.38801
              3       125.99437       60.030713     0.029063771      0.14658178      0.15992964     -0.32573014      -0.32573014       252.64021                                252.64021
              1       126.26146       60.030713     0.029063771      0.15123376      0.14527263     -0.32573014      -0.32573014       253.17439                                253.17439
              1       126.46562       60.030713     0.029063771       0.1580736      0.14421003     -0.32573014      -0.32573014       253.58271                                253.58271
              2       125.39299       60.030713     0.029063771      0.15770606      0.14897701     -0.32573014      -0.32573014       251.43745                                251.43745
              1       125.19287       60.030713     0.029063771      0.15814599      0.15065037     -0.32573014      -0.32573014       251.03719                                251.03719
              4       124.99564       60.030713     0.029063771      0.15516607      0.15138248     -0.32573014      -0.32573014       250.64273                                250.64273
              1       125.88215       60.030713     0.029063771      0.15138828      0.16380402     -0.32573014      -0.32573014       252.41576                                252.41576
              3       125.58482       60.030713     0.029063771      0.15385418      0.16311486     -0.32573014      -0.32573014       251.82111                                251.82111
              1       126.78447       60.030713     0.029063771      0.16201569      0.16577344     -0.32573014      -0.32573014        254.2204                                 254.2204
              2       126.77547       60.030713     0.029063771      0.15924823       0.1671346     -0.32573014      -0.32573014       254.20241                                254.20241
              1       125.17604       60.030713     0.029063771      0.15121439      0.15151135     -0.32573014      -0.32573014       251.00355                                251.00355
              1       125.54242       60.094083     0.029719843      0.15141935      0.15172569     -0.32573014      -0.32573014       251.73629                                251.73629
              4       126.22974       60.094083     0.029719843      0.14982089      0.16289962     -0.32573014      -0.32573014       253.11095                                253.11095
              1       127.05015       60.094083     0.029719843      0.15509711      0.16780009     -0.32573014      -0.32573014       254.75175                                254.75175
              2       128.79714       60.094083     0.029719843       0.1397959      0.16218559     -0.32573014      -0.32573014       258.24574                                258.24574
              2       125.17657       60.094083     0.029719843      0.15466407      0.15636882     -0.32573014      -0.32573014       251.00461                                251.00461
              1       125.64922       60.094083     0.029719843      0.15448693      0.16171385     -0.32573014      -0.32573014        251.9499                                 251.9499
              5       125.45406       60.094083     0.029719843      0.15632034      0.16026465     -0.32573014      -0.32573014       251.55959                                251.55959
              2       125.44849       60.094083     0.029719843      0.15146527      0.15829721     -0.32573014      -0.32573014       251.54844                                251.54844
              2       125.38173       60.094083     0.029719843      0.15157066      0.15380691     -0.32573014      -0.32573014       251.41492                                251.41492
              1       124.53984       60.050123     0.029941675      0.15119833      0.15329654     -0.32573014      -0.32573014       249.73113                                249.73113
              6       124.84707       60.050123     0.029941675        0.151652      0.16056923     -0.32573014      -0.32573014       250.34559                                250.34559
              1        126.8156       60.092609     0.028409683      0.15245978      0.16176644     -0.32573014      -0.32573014       254.28267                                254.28267
              1        126.2803       60.092609     0.028409683      0.15540928      0.15546558     -0.32573014      -0.32573014       253.21206                                253.21206
              1       124.24023       60.024985     0.029632862      0.15453671       0.1542093     -0.32573014      -0.32573014       249.13192                                249.13192
              1       124.48627       60.027059     0.029379255      0.15463693      0.15436327     -0.32573014      -0.32573014         249.624                                  249.624
              4       124.49723       60.027965      0.02938186      0.15464217      0.15436996     -0.32573014      -0.32573014       249.64592                                249.64592
              5       124.51901       60.027965      0.02938186      0.15417253      0.15377813     -0.32573014      -0.32573014       249.68949                                249.68949
              1       124.55945       60.029251     0.029356492      0.15418984      0.15380315     -0.32573014      -0.32573014       249.77036                                249.77036
              1       124.56442       60.029251     0.029356492       0.1540154      0.15376682     -0.32573014      -0.32573014        249.7803                                 249.7803
              2       125.05992       60.029251     0.029356492      0.15505732      0.14866082     -0.32573014      -0.32573014        250.7713                                 250.7713
              1       125.44358       60.050465     0.028853204      0.15754494      0.15257623     -0.32573014      -0.32573014       251.53862                                251.53862
              1       125.30471       60.050465     0.028853204      0.15657164      0.15440798     -0.32573014      -0.32573014       251.26087                                251.26087
              2       125.39355       60.050465     0.028853204       0.1531005       0.1534684     -0.32573014      -0.32573014       251.43856                                251.43856
              1       126.49953         60.1012     0.028447264      0.15358117      0.15413752     -0.32573014      -0.32573014       253.65051                                253.65051
              1       126.65822         60.1012     0.028447264      0.15132547      0.15545649     -0.32573014      -0.32573014        253.9679                                 253.9679
              5       126.75166         60.1012     0.028447264       0.1515168      0.15943122     -0.32573014      -0.32573014       254.15478                                254.15478
              1       126.68899         60.1012     0.028447264      0.15186955      0.15912177     -0.32573014      -0.32573014       254.02943                                254.02943
              3       126.50275         60.1012     0.028447264      0.15907736      0.15488995     -0.32573014      -0.32573014       253.65695                                253.65695
              1       127.66608         60.1012     0.028447264      0.16463879      0.16167789     -0.32573014      -0.32573014       255.98363                                255.98363
              2       127.70397       60.100773     0.028393787      0.16465408      0.16170265     -0.32573014      -0.32573014        256.0594                                 256.0594
              3       126.81122       60.121328     0.029974406      0.15384357      0.14498394     -0.32573014      -0.32573014        254.2739                                 254.2739
              5       125.11077       60.052044     0.029811953      0.15422952      0.14803282     -0.32573014      -0.32573014       250.87301                                250.87301
              5       125.02784       60.052044     0.029811953      0.15823625       0.1608618     -0.32573014      -0.32573014       250.70713                                250.70713
              6       124.85039       60.052044     0.029811953      0.15651506      0.16036104     -0.32573014      -0.32573014       250.35224                                250.35224
              1       124.94713       60.052044     0.029811953      0.15702355      0.16088582     -0.32573014      -0.32573014       250.54572                                250.54572
              1       124.08522       60.000917     0.029966342      0.15662575      0.16034761     -0.32573014      -0.32573014        248.8219                                 248.8219
              2       124.17415       60.000917     0.029966342      0.15350805      0.16127088     -0.32573014      -0.32573014       248.99976                                248.99976
              1       125.11008       60.000917     0.029966342      0.15009745      0.16465232     -0.32573014      -0.32573014       250.87163                                250.87163
              3       123.75579       60.000917     0.029966342      0.15136742      0.15634621     -0.32573014      -0.32573014       248.16304                                248.16304
              4       123.74307       60.000917     0.029966342      0.15163792      0.15649825     -0.32573014      -0.32573014       248.13759                                248.13759
              4        124.1152       60.000917     0.029966342      0.15072167      0.15981003     -0.32573014      -0.32573014       248.88186                                248.88186
              1       124.22264       60.000917     0.029966342      0.14739323       0.1547806     -0.32573014      -0.32573014       249.09674                                249.09674
              5       124.23578       60.000917     0.029966342      0.14864338      0.15043679     -0.32573014      -0.32573014       249.12302                                249.12302
              1       123.90694       60.000917     0.029966342      0.15044085      0.15164494     -0.32573014      -0.32573014       248.46534                                248.46534
              6       123.75036       60.000917     0.029966342      0.15176875      0.15235459     -0.32573014      -0.32573014       248.15218                                248.15218
              5       124.08104       60.000917     0.029966342      0.15883938      0.15880082     -0.32573014      -0.32573014       248.81355                                248.81355
              1       123.64397       60.000917     0.029966342       0.1560129      0.15381031     -0.32573014      -0.32573014        247.9394                                 247.9394
              3       123.79317       60.000917     0.029966342      0.15058864      0.15372492     -0.32573014      -0.32573014        248.2378                                 248.2378
              1       124.03383       60.000917     0.029966342      0.15264253      0.14898481     -0.32573014      -0.32573014       248.71911                                248.71911
              2       124.48984       60.000917     0.029966342      0.16260646      0.15326441     -0.32573014      -0.32573014       249.63115                                249.63115
              2       125.30247       60.000917     0.029966342      0.16231384      0.16301617     -0.32573014      -0.32573014        251.2564                                 251.2564
              1       125.23819       60.000917     0.029966342      0.16562536      0.15334336     -0.32573014      -0.32573014       251.12784                                251.12784
              1       124.15238       60.000917     0.029966342      0.15975464      0.15079744     -0.32573014      -0.32573014       248.95622                                248.95622
              3       124.29964       60.000917     0.029966342      0.16093069      0.15115057     -0.32573014      -0.32573014       249.25074                                249.25074
              1       126.08539       60.000917     0.029966342       0.1624862      0.16600854     -0.32573014      -0.32573014       252.82224                                252.82224
              3       126.24785       60.000917     0.029966342      0.14199091      0.16200075     -0.32573014      -0.32573014       253.14716                                253.14716
              1       125.92094       60.000917     0.029966342      0.14618324      0.16537307     -0.32573014      -0.32573014       252.49334                                252.49334
              2       125.24693       60.000917     0.029966342        0.162358      0.16270643     -0.32573014      -0.32573014       251.14532                                251.14532
              4       123.65006       60.000917     0.029966342      0.15558448      0.15305715     -0.32573014      -0.32573014       247.95159                                247.95159
              1       124.15861       60.000917     0.029966342      0.16073877      0.15633607     -0.32573014      -0.32573014       248.96868                                248.96868
              1       125.06975       60.000917     0.029966342       0.1438797      0.15685647     -0.32573014      -0.32573014       250.79095                                250.79095
              4       124.44142       60.000917     0.029966342      0.14633783       0.1534082     -0.32573014      -0.32573014       249.53431                                249.53431
              1       124.17117       60.000917     0.029966342      0.14769401      0.15424992     -0.32573014      -0.32573014       248.99381                                248.99381
              4       124.78918       60.000917     0.029966342      0.14533094      0.15798754     -0.32573014      -0.32573014       250.22983                                250.22983
              1       123.94175       60.000917     0.029966342      0.15343442      0.14946917     -0.32573014      -0.32573014       248.53497                                248.53497
              3       123.62262       60.000917     0.029966342      0.15321918      0.15402262     -0.32573014      -0.32573014        247.8967                                 247.8967
              2       124.21882       60.000917     0.029966342      0.16105348      0.15265896     -0.32573014      -0.32573014       249.08909                                249.08909
              4       124.66901       60.000917     0.029966342      0.16350998      0.15480705     -0.32573014      -0.32573014       249.98947                                249.98947
              1       124.93992       60.000917     0.029966342        0.164536       0.1558036     -0.32573014      -0.32573014        250.5313                                 250.5313
              4        124.2541       60.000917     0.029966342      0.15370897      0.14741146     -0.32573014      -0.32573014       249.15967                                249.15967
              3        123.9063       60.000917     0.029966342      0.15420872       0.1496649     -0.32573014      -0.32573014       248.46406                                248.46406
              3       124.22332       60.000917     0.029966342      0.15243896      0.16133696     -0.32573014      -0.32573014       249.09809                                249.09809
              9       124.56016       60.000917     0.029966342      0.14721696      0.14964733     -0.32573014      -0.32573014       249.77177                                249.77177
              3       124.59443       60.000917     0.029966342      0.15051968      0.14658788     -0.32573014      -0.32573014       249.84032                                249.84032
              2       124.13745       60.000917     0.029966342       0.1575018      0.14887143     -0.32573014      -0.32573014       248.92637                                248.92637
              4       125.74886          60.102     0.029773265      0.15825016      0.14987561     -0.32573014      -0.32573014       252.14918                                252.14918
              2       125.34715          60.102     0.029773265      0.15597537      0.15263401     -0.32573014      -0.32573014       251.34576                                251.34576
              1        125.3665          60.102     0.029773265      0.15281054      0.15360518     -0.32573014      -0.32573014       251.38447                                251.38447
              1       126.12831          60.102     0.029773265      0.14701084      0.15518517     -0.32573014      -0.32573014       252.90808                                252.90808
              1       126.33016       60.101908     0.029546373      0.14708735      0.15530557     -0.32573014      -0.32573014       253.31179                                253.31179
              2       126.54594       60.101908     0.029546373       0.1461271      0.15566967     -0.32573014      -0.32573014       253.74333                                253.74333
              1       126.50541       60.101908     0.029546373      0.14635346      0.15469806     -0.32573014      -0.32573014       253.66228                                253.66228
              1        126.1859       60.101908     0.029546373      0.14780708      0.15504146     -0.32573014      -0.32573014       253.02325                                253.02325
              5       126.19989       60.101908     0.029546373       0.1556102       0.1478675     -0.32573014      -0.32573014       253.05124                                253.05124
              2       126.33776       60.101908     0.029546373      0.15334873      0.14747693     -0.32573014      -0.32573014       253.32697                                253.32697
              1       126.31045       60.101908     0.029546373      0.15327794      0.14762915     -0.32573014      -0.32573014       253.27237                                253.27237
              3       124.90491        60.00409     0.029485281      0.15263822      0.14689439     -0.32573014      -0.32573014       250.46127                                250.46127
              1       124.75107        60.00409     0.029485281      0.15751352      0.14800781     -0.32573014      -0.32573014       250.15361                                250.15361
              4       124.48781        60.00409     0.029485281      0.15716544      0.14957539     -0.32573014      -0.32573014       249.62709                                249.62709
             12       124.70015       60.008329     0.029304929      0.15726039      0.14970323     -0.32573014      -0.32573014       250.05176                                250.05176
              1       124.81726        60.00784      0.02915732       0.1573113      0.14977684     -0.32573014      -0.32573014       250.28597                                250.28597
              5       125.05713        60.00784      0.02915732      0.16000266      0.14994214     -0.32573014      -0.32573014       250.76572                                250.76572
              2       125.13812        60.00784      0.02915732      0.16048729      0.14983257     -0.32573014      -0.32573014       250.92771                                250.92771
              1        124.5394        60.00784      0.02915732      0.15141226      0.15527761     -0.32573014      -0.32573014       249.73027                                249.73027
              2       126.21178        60.00784      0.02915732      0.14792447      0.14524781     -0.32573014      -0.32573014       253.07502                                253.07502
              1       126.91527       60.081973       0.0294222      0.16092534      0.14550296     -0.32573014      -0.32573014         254.482                                  254.482
              1        125.8649       60.081973       0.0294222      0.15686551      0.14871826     -0.32573014      -0.32573014       252.38126                                252.38126
              2       125.69128       60.081973       0.0294222      0.15534493      0.14961832     -0.32573014      -0.32573014       252.03403                                252.03403
              4       125.55433       60.081973       0.0294222      0.15202348       0.1592634     -0.32573014      -0.32573014       251.76013                                251.76013
              1       126.37207       60.081973       0.0294222      0.15080394       0.1638824     -0.32573014      -0.32573014        253.3956                                 253.3956
              2       126.66396       60.089977     0.029209056      0.15093643      0.16405696     -0.32573014      -0.32573014       253.97938                                253.97938
              2       125.57159       60.089977     0.029209056      0.15692434      0.15701617     -0.32573014      -0.32573014       251.79465                                251.79465
              1       125.60436       60.089977     0.029209056      0.15749977      0.15726412     -0.32573014      -0.32573014       251.86019                                251.86019
              3       127.24287       60.089977     0.029209056      0.14874263      0.16521753     -0.32573014      -0.32573014       255.13721                                255.13721
              1       126.49444       60.089977     0.029209056      0.15569369      0.16453703     -0.32573014      -0.32573014       253.64033                                253.64033
              1       128.67332       60.089977     0.029209056      0.13986392      0.15619973     -0.32573014      -0.32573014        257.9981                                 257.9981
              2       127.97849       60.089977     0.029209056      0.14178644       0.1573225     -0.32573014      -0.32573014       256.60844                                256.60844
              2       127.88775       60.089977     0.029209056      0.15106215      0.14285025     -0.32573014      -0.32573014       256.42695                                256.42695
              1       127.93487       60.092897     0.029206491      0.15108285      0.14287449     -0.32573014      -0.32573014       256.52121                                256.52121
              2       126.36786       60.092897     0.029206491      0.14892039      0.16005336     -0.32573014      -0.32573014       253.38717                                253.38717
              5       126.24281       60.093859     0.029378752      0.14886363      0.15997054     -0.32573014      -0.32573014       253.13709                                253.13709
              3       126.62142       60.093859     0.029378752      0.15630145      0.16533671     -0.32573014      -0.32573014       253.89431                                253.89431
              2       127.75832       60.093859     0.029378752      0.15178892       0.1687386     -0.32573014      -0.32573014       256.16809                                256.16809
              2       125.94535       60.093859     0.029378752      0.15505498      0.16197211     -0.32573014      -0.32573014       252.54217                                252.54217
              3       126.46798       60.093859     0.029378752      0.15239894       0.1641492     -0.32573014      -0.32573014       253.58742                                253.58742
              2       126.72145       60.093859     0.029378752      0.15020248       0.1642309     -0.32573014      -0.32573014       254.09436                                254.09436
              1       128.36496       60.093859     0.029378752      0.14705705       0.1683395     -0.32573014      -0.32573014       257.38139                                257.38139
              2       129.89662       60.169493     0.028921372      0.14773706      0.16917235     -0.32573014      -0.32573014       260.44469                                260.44469
              1       129.45946       60.188465     0.029717547      0.14757301      0.16890339     -0.32573014      -0.32573014       259.57037                                259.57037
              2       129.77048       60.188465     0.029717547      0.14065129      0.15307579     -0.32573014      -0.32573014       260.19243                                260.19243
              1       129.45228       60.188465     0.029717547      0.14156356      0.15270326     -0.32573014      -0.32573014       259.55602                                259.55602
              1        127.9741       60.188465     0.029717547       0.1555242       0.1457833     -0.32573014      -0.32573014       256.59966                                256.59966
              1       126.60866       60.078288     0.029381815      0.15490171      0.14509574     -0.32573014      -0.32573014       253.86878                                253.86878
              1        127.6189       60.078288     0.029381815      0.16020406      0.14266749     -0.32573014      -0.32573014       255.88925                                255.88925
              2       126.98885       60.078288     0.029381815      0.14374729      0.15745456     -0.32573014      -0.32573014       254.62917                                254.62917
              1       126.19427       60.078288     0.029381815      0.14821887      0.15054025     -0.32573014      -0.32573014          253.04                                   253.04
              1       126.14073       60.078288     0.029381815      0.14842563      0.15067086     -0.32573014      -0.32573014       252.93292                                252.93292
              8       125.95217       60.109787     0.029440076      0.15677719      0.15093115     -0.32573014      -0.32573014        252.5558                                 252.5558
              1       127.46772       60.109787     0.029440076       0.1574134       0.1677866     -0.32573014      -0.32573014       255.58691                                255.58691
              6       125.97652       60.109787     0.029440076      0.15890172      0.15990389     -0.32573014      -0.32573014       252.60451                                252.60451
              2       125.01143       60.008449     0.028870787      0.15842486      0.15940814     -0.32573014      -0.32573014       250.67433                                250.67433
              2       124.97446       60.008449     0.028870787      0.15106405      0.15193813     -0.32573014      -0.32573014       250.60038                                250.60038
              2       125.57854       60.008449     0.028870787      0.16288284       0.1518207     -0.32573014      -0.32573014       251.80855                                251.80855
              1        125.3523       60.008449     0.028870787      0.14821768      0.15835603     -0.32573014      -0.32573014       251.35607                                251.35607
              1       125.35436       60.008449     0.028870787      0.14808845      0.15808425     -0.32573014      -0.32573014       251.36018                                251.36018
              2       125.54899       60.011367     0.028699027       0.1481713      0.15819724     -0.32573014      -0.32573014       251.74943                                251.74943
              1       125.98874       60.011367     0.028699027      0.14618703       0.1586818     -0.32573014      -0.32573014       252.62895                                252.62895
              1       126.78347       60.088785     0.029112695      0.14655914      0.15907168     -0.32573014      -0.32573014        254.2184                                 254.2184
              2       126.77046       60.029093     0.028120428      0.14651957      0.15912429     -0.32573014      -0.32573014       254.19237                                254.19237
              1       129.28469       60.111938     0.026733742      0.14758977       0.1605012     -0.32573014      -0.32573014       259.22084                                259.22084
              1       128.41063       60.111938     0.026733742      0.15219907      0.16009403     -0.32573014      -0.32573014       257.47273                                257.47273
              2       128.13119       60.103742     0.026907782      0.15207966      0.15993848     -0.32573014      -0.32573014       256.91383                                256.91383
              4       128.70297       60.092492     0.026078554      0.15230812      0.16028531     -0.32573014      -0.32573014        258.0574                                 258.0574
              1       128.85772       60.092492     0.026078554      0.15626344      0.15081026     -0.32573014      -0.32573014       258.36691                                258.36691
              2       129.66825       60.092492     0.026078554      0.15614651      0.14704211     -0.32573014      -0.32573014       259.98796                                259.98796
              5       129.75758       60.092492     0.026078554      0.15634747      0.14668751     -0.32573014      -0.32573014       260.16662                                260.16662
              2       128.79545       60.194905     0.028964502      0.15598059      0.14597634     -0.32573014      -0.32573014       258.24237                                258.24237
              1       128.43173       60.194905     0.028964502      0.16607248      0.15650063     -0.32573014      -0.32573014       257.51492                                257.51492
              2       127.11487         60.1334     0.028148623      0.15592254      0.15569889     -0.32573014      -0.32573014       254.88121                                254.88121
              1        127.4643         60.1334     0.028148623      0.15334393      0.15237482     -0.32573014      -0.32573014       255.58006                                255.58006
              1       127.56845         60.1334     0.028148623      0.15693181      0.15062394     -0.32573014      -0.32573014       255.78835                                255.78835
              2       127.68521         60.1334     0.028148623      0.15553272      0.14996599     -0.32573014      -0.32573014       256.02188                                256.02188
              1       127.15052         60.1334     0.028148623      0.15845737      0.15606217     -0.32573014      -0.32573014        254.9525                                 254.9525
              3       129.39988         60.1334     0.028148623      0.15512988      0.14327401     -0.32573014      -0.32573014       259.45121                                259.45121
              2       128.36431         60.1334     0.028148623      0.15930486      0.14709481     -0.32573014      -0.32573014       257.38008                                257.38008
              1       128.19793         60.1334     0.028148623      0.15526593      0.16600275     -0.32573014      -0.32573014       257.04732                                257.04732
              2        128.6002         60.1334     0.028148623       0.1464709      0.16087224     -0.32573014      -0.32573014       257.85186                                257.85186
              4       128.62405       60.087431      0.02786377      0.14572726      0.14985685     -0.32573014      -0.32573014       257.89956                                257.89956
              2       128.43847       60.087431      0.02786377      0.14500742      0.15285805     -0.32573014      -0.32573014        257.5284                                 257.5284
              1       128.55153       60.087431      0.02786377      0.16840818       0.1561231     -0.32573014      -0.32573014       257.75451                                257.75451
              1       127.65525       60.138904     0.029847188      0.16802801      0.15548608     -0.32573014      -0.32573014       255.96196                                255.96196
              3       128.35674       60.138904     0.029847188      0.16839868        0.162712     -0.32573014      -0.32573014       257.36494                                257.36494
              1       125.65489       60.050995     0.029070276      0.16077533      0.15928084     -0.32573014      -0.32573014       251.96125                                251.96125
              2       125.97105       60.050995     0.029070276      0.16332788      0.15340386     -0.32573014      -0.32573014       252.59356                                252.59356
              4       125.90052       60.050995     0.029070276      0.16028906      0.14925597     -0.32573014      -0.32573014       252.45249                                252.45249
              3        125.7013       60.050995     0.029070276      0.15231255      0.16179233     -0.32573014      -0.32573014       252.05406                                252.05406
              6       125.49554       60.053017     0.029341035      0.15222677      0.16166613     -0.32573014      -0.32573014       251.64255                                251.64255
              2       125.01196       60.053017     0.029341035      0.15752897      0.15333946     -0.32573014      -0.32573014       250.67539                                250.67539
              4       125.29098       60.053017     0.029341035      0.14971709      0.15398088     -0.32573014      -0.32573014       251.23343                                251.23343
              6        125.0546       60.053017     0.029341035      0.15269634      0.15272092     -0.32573014      -0.32573014       250.76065                                250.76065
              3       125.10499       60.053017     0.029341035      0.15138968      0.15370467     -0.32573014      -0.32573014       250.86144                                250.86144
              1       125.18258       60.053017     0.029341035      0.15690172      0.15988681     -0.32573014      -0.32573014       251.01661                                251.01661
              2       127.20519       60.053017     0.029341035      0.16815606      0.15177555     -0.32573014      -0.32573014       255.06183                                255.06183
              1       125.61726       60.053017     0.029341035      0.14781338      0.15359134     -0.32573014      -0.32573014       251.88598                                251.88598
              2       126.04366       60.053017     0.029341035       0.1592075      0.16405307     -0.32573014      -0.32573014       252.73877                                252.73877
              2       125.68657       60.053017     0.029341035      0.15719575      0.16307676     -0.32573014      -0.32573014       252.02461                                252.02461
              1       125.92246       60.053017     0.029341035      0.16223031      0.14976027     -0.32573014      -0.32573014       252.49638                                252.49638
              4       125.48536       60.053017     0.029341035      0.15825789       0.1492336     -0.32573014      -0.32573014       251.62219                                251.62219
              2       126.05665       60.053017     0.029341035      0.16229474      0.16180416     -0.32573014      -0.32573014       252.76475                                252.76475
              1       124.95243       60.053017     0.029341035      0.15651243      0.15718174     -0.32573014      -0.32573014       250.55632                                250.55632
              6       125.58131       60.052925      0.02938419      0.16145436      0.15114775     -0.32573014      -0.32573014       251.81408                                251.81408
              1       124.86767       60.052925      0.02938419      0.15623381      0.15579534     -0.32573014      -0.32573014        250.3868                                 250.3868
              4       125.22585       60.052925      0.02938419      0.15013603      0.15323201     -0.32573014      -0.32573014       251.10315                                251.10315
              2       124.77686       60.015921     0.029267271      0.14992849      0.15300327     -0.32573014      -0.32573014       250.20518                                250.20518
              7       126.03086       60.015921     0.029267271      0.14971177      0.16516923     -0.32573014      -0.32573014       252.71318                                252.71318
              2       126.27443       60.015921     0.029267271      0.14939227      0.16592961     -0.32573014      -0.32573014       253.20032                                253.20032
              1       126.34938       60.015921     0.029267271      0.14816307      0.16549626     -0.32573014      -0.32573014       253.35022                                253.35022
              1       125.50096       60.015921     0.029267271      0.14923321      0.16245779     -0.32573014      -0.32573014       251.65338                                251.65338
              2       126.16163       60.048283     0.029054993      0.14953026      0.16282285     -0.32573014      -0.32573014       252.97472                                252.97472
              1        127.5013       60.048283     0.029054993      0.15099175      0.16872034     -0.32573014      -0.32573014       255.65407                                255.65407
              1       126.06576       60.048283     0.029054993      0.14880477      0.16158819     -0.32573014      -0.32573014       252.78298                                252.78298
              2       125.83107       60.048283     0.029054993      0.15400541      0.16318796     -0.32573014      -0.32573014       252.31359                                252.31359
              1        125.4513       60.037609     0.029317563       0.1538367      0.16296653     -0.32573014      -0.32573014       251.55406                                251.55406
              1       125.74284       60.037609     0.029317563      0.15099145      0.16347195     -0.32573014      -0.32573014       252.13714                                252.13714
              4       126.73545       60.037609     0.029317563      0.14866145      0.16629098     -0.32573014      -0.32573014       254.12237                                254.12237
              2        127.4908       60.037609     0.029317563      0.15136132      0.16972278     -0.32573014      -0.32573014       255.63305                                255.63305
              3       126.45018       60.037609     0.029317563      0.14990071      0.16591231     -0.32573014      -0.32573014       253.55182                                253.55182
              1       125.44921       60.037609     0.029317563      0.16123947      0.15991784     -0.32573014      -0.32573014       251.54987                                251.54987
              1       125.71412       60.037609     0.029317563      0.16176903      0.14925913     -0.32573014      -0.32573014        252.0797                                 252.0797
              4       128.16432       60.037609     0.029317563      0.17064726      0.14982005     -0.32573014      -0.32573014       256.98009                                256.98009
              4       126.71438       60.037609     0.029317563      0.15282694      0.14274192     -0.32573014      -0.32573014       254.08021                                254.08021
              2       126.59021       60.037609     0.029317563      0.15242576      0.14322412     -0.32573014      -0.32573014       253.83188                                253.83188
              2       127.21469       60.037609     0.029317563      0.15127497      0.14158129     -0.32573014      -0.32573014       255.08083                                255.08083
              3       134.11017       60.037609     0.029317563      0.15373786      0.12790712     -0.32573014      -0.32573014        268.8718                                 268.8718
              4       134.00272       60.020892     0.029120005      0.15369727      0.12787971     -0.32573014      -0.32573014        268.6569                                 268.6569
              2       126.87699       60.020892     0.029120005      0.14888089      0.14321269     -0.32573014      -0.32573014       254.40543                                254.40543
              1        125.2747       60.020892     0.029120005      0.16188744      0.15285162     -0.32573014      -0.32573014       251.20086                                251.20086
              6       124.98069       60.020892     0.029120005      0.15595317      0.16063072     -0.32573014      -0.32573014       250.61285                                250.61285
              1       125.07758       60.020892     0.029120005       0.1540835      0.16131046     -0.32573014      -0.32573014       250.80663                                250.80663
              1        127.3526       60.020892     0.029120005      0.14761912      0.16800661     -0.32573014      -0.32573014       255.35665                                255.35665
              2       125.93039       60.020892     0.029120005      0.16376161      0.16046631     -0.32573014      -0.32573014       252.51224                                252.51224
              1       125.75641       60.020892     0.029120005      0.16218326       0.1489055     -0.32573014      -0.32573014       252.16428                                252.16428
              2       125.24863       60.020892     0.029120005      0.16206319       0.1542343     -0.32573014      -0.32573014       251.14871                                251.14871
              1        124.6643       60.020892     0.029120005       0.1530892       0.1538744     -0.32573014      -0.32573014       249.98006                                249.98006
              2       124.90654       60.020892     0.029120005       0.1598365      0.15602617     -0.32573014      -0.32573014       250.46454                                250.46454
              3       125.94187       60.020892     0.029120005      0.16523803      0.15563682     -0.32573014      -0.32573014        252.5352                                 252.5352
              2       126.38534       60.020892     0.029120005      0.16675785      0.15641314     -0.32573014      -0.32573014       253.42213                                253.42213
              1       125.87838       60.020892     0.029120005      0.16471354      0.15759908     -0.32573014      -0.32573014       252.40822                                252.40822
              2       125.67604       60.020892     0.029120005      0.16395307      0.15722529     -0.32573014      -0.32573014       252.00354                                252.00354
              6        125.2072       60.020892     0.029120005        0.160991      0.15863943     -0.32573014      -0.32573014       251.06586                                251.06586
              2       126.68541       60.102486     0.028121233      0.15494605      0.15665057     -0.32573014      -0.32573014       254.02228                                254.02228
              1       126.73478        60.05672     0.027279434      0.15503478      0.15669946     -0.32573014      -0.32573014       254.12103                                254.12103
              2       127.70773        60.05826     0.027255933      0.14836381      0.15993062     -0.32573014      -0.32573014       256.06692                                256.06692
              2       127.77624        60.05826     0.027255933      0.16515948      0.15535452     -0.32573014      -0.32573014       256.20394                                256.20394
              2       127.00707        60.05826     0.027255933      0.15881291      0.15285147     -0.32573014      -0.32573014       254.66559                                254.66559
              2       127.21608        60.05826     0.027255933      0.16207319      0.15489536     -0.32573014      -0.32573014       255.08361                                255.08361
              5       127.06789        60.05826     0.027255933      0.15168189      0.15476831     -0.32573014      -0.32573014       254.78724                                254.78724
              2       127.89046        60.05826     0.027255933      0.14708639      0.15451434     -0.32573014      -0.32573014       256.43237                                256.43237
              1       126.86178       60.005902     0.027510421      0.14661535      0.15399709     -0.32573014      -0.32573014       254.37501                                254.37501
              6       125.98168       60.005902     0.027510421      0.15487558       0.1518465     -0.32573014      -0.32573014       252.61482                                252.61482
              2       126.04348       60.003858      0.02740354      0.15491212       0.1518813     -0.32573014      -0.32573014       252.73842                                252.73842
              2       126.95808       60.003858      0.02740354      0.15431297      0.16531081     -0.32573014      -0.32573014       254.56762                                254.56762
              1       126.30247       60.003858      0.02740354      0.15865235      0.16132713     -0.32573014      -0.32573014       253.25641                                253.25641
              2        126.3274       60.003858      0.02740354      0.15876406      0.16144695     -0.32573014      -0.32573014       253.30626                                253.30626
              3       125.89704       60.003858      0.02740354      0.15796144      0.15658471     -0.32573014      -0.32573014       252.44553                                252.44553
              2       126.03809       60.003858      0.02740354      0.15978274      0.15597919     -0.32573014      -0.32573014       252.72764                                252.72764
              2       126.18118       60.003858      0.02740354      0.15607677      0.16122661     -0.32573014      -0.32573014       253.01382                                253.01382
              1       126.14994       60.003858      0.02740354      0.16037481      0.15402499     -0.32573014      -0.32573014       252.95134                                252.95134
              8       126.80966       60.003858      0.02740354      0.14770894      0.15953099     -0.32573014      -0.32573014       254.27078                                254.27078
              3       126.63863       60.003858      0.02740354      0.16041448      0.14944779     -0.32573014      -0.32573014       253.92873                                253.92873
              2       126.13603       60.003858      0.02740354      0.16016059      0.15381021     -0.32573014      -0.32573014       252.92353                                252.92353
              2       125.86828       60.003858      0.02740354      0.15730243      0.15511436     -0.32573014      -0.32573014       252.38802                                252.38802
              2       125.05056       60.065536      0.02940993      0.15677283      0.15463801     -0.32573014      -0.32573014       250.75258                                250.75258
              2       125.56384       60.065536      0.02940993      0.15379316      0.16191591     -0.32573014      -0.32573014       251.77913                                251.77913
              1       125.78573       60.065536      0.02940993      0.16300463      0.15605712     -0.32573014      -0.32573014       252.22292                                252.22292
              2       126.47243       60.145643     0.029933473      0.16329602      0.15641875     -0.32573014      -0.32573014       253.59633                                253.59633
              2       126.29398       60.145643     0.029933473      0.15228502      0.15017425     -0.32573014      -0.32573014       253.23941                                253.23941
              1       126.52673       60.145643     0.029933473      0.15589618      0.14796286     -0.32573014      -0.32573014       253.70491                                253.70491
              2       125.83938       60.103014      0.02999592      0.15558074      0.14760987     -0.32573014      -0.32573014       252.33021                                252.33021
              2       125.30739       60.103014      0.02999592      0.15920849      0.15754334     -0.32573014      -0.32573014       251.26625                                251.26625
              1       125.16278       60.089297     0.029936055      0.15914458       0.1574674     -0.32573014      -0.32573014       250.97702                                250.97702
              2       125.12611       60.089297     0.029936055      0.15754617      0.15880647     -0.32573014      -0.32573014       250.90369                                250.90369
              3       124.31755       60.041957     0.029842058      0.15584665      0.15542333     -0.32573014      -0.32573014       249.28656                                249.28656
              4       125.16263       60.041957     0.029842058      0.15614766      0.14685561     -0.32573014      -0.32573014       250.97672                                250.97672
              2       125.22399       60.041957     0.029842058      0.15427194      0.14647104     -0.32573014      -0.32573014       251.09944                                251.09944
              1       127.18576       60.171984     0.029819955      0.15515493      0.14746848     -0.32573014      -0.32573014       255.02298                                255.02298
              3       126.39602       60.171984     0.029819955      0.15342845       0.1589675     -0.32573014      -0.32573014       253.44351                                253.44351
              2       127.24568       60.171984     0.029819955      0.16162674      0.16325408     -0.32573014      -0.32573014       255.14282                                255.14282
              1       128.32877       60.212221     0.029216434      0.16218057      0.16384363     -0.32573014      -0.32573014         257.309                                  257.309
              1       127.61348        60.21902     0.029343536      0.15431982      0.16105611     -0.32573014      -0.32573014       255.87843                                255.87843
              1       128.06845        60.21902     0.029343536      0.15832103       0.1493758     -0.32573014      -0.32573014       256.78837                                256.78837
              2       127.87362        60.21902     0.029343536      0.15504123      0.15048507     -0.32573014      -0.32573014        256.3987                                 256.3987
              2       129.29608       60.310897     0.029318684      0.15566949       0.1511942     -0.32573014      -0.32573014       259.24361                                259.24361
              1       129.71468       60.310897     0.029318684      0.15377815      0.14965472     -0.32573014      -0.32573014       260.08082                                260.08082
              3       129.26931       60.312544     0.029841579       0.1535433      0.14942106     -0.32573014      -0.32573014       259.19009                                259.19009
              1       129.13434       60.312544     0.029841579      0.16540829      0.15648197     -0.32573014      -0.32573014       258.92014                                258.92014
              2       128.29451       60.235328     0.029516379      0.16504303      0.15604892     -0.32573014      -0.32573014       257.24049                                257.24049
              2       128.23222       60.235328     0.029516379      0.16472504      0.15588881     -0.32573014      -0.32573014       257.11589                                257.11589
              2       128.26778       60.250946     0.029748007      0.16472093      0.15589832     -0.32573014      -0.32573014       257.18703                                257.18703
              1       130.22857       60.250946     0.029748007      0.14199513      0.15618981     -0.32573014      -0.32573014       261.10859                                261.10859
              2       131.27005       60.250946     0.029748007      0.13945439      0.15786402     -0.32573014      -0.32573014       263.19156                                263.19156
              2       131.20387       60.252207     0.029843781      0.13941781      0.15782851     -0.32573014      -0.32573014       263.05921                                263.05921
              3       127.72053       60.252207     0.029843781      0.15950841      0.16131666     -0.32573014      -0.32573014       256.09252                                256.09252
              5       128.03239       60.252207     0.029843781      0.16320396       0.1538805     -0.32573014      -0.32573014       256.71623                                256.71623
              1        129.8579       60.141791     0.026691207      0.15905094       0.1472593     -0.32573014      -0.32573014       260.36727                                260.36727
              1       132.95511       60.141791     0.026691207      0.17606819      0.15818465     -0.32573014      -0.32573014       266.56167                                266.56167
              1       129.18765       60.141791     0.026691207      0.16033138      0.16442179     -0.32573014      -0.32573014       259.02676                                259.02676
              2       125.69596       60.061652     0.029452406      0.15849511      0.16251358     -0.32573014      -0.32573014       252.04338                                252.04338
              5       125.27307       60.061652     0.029452406      0.15862934      0.15138786     -0.32573014      -0.32573014       251.19761                                251.19761
              1       125.04906       60.073201     0.029910628      0.15849137      0.15125982     -0.32573014      -0.32573014       250.74959                                250.74959
             12       124.91179       60.073201     0.029910628      0.15787962      0.15226208     -0.32573014      -0.32573014       250.47504                                250.47504
              3       124.87028       60.073201     0.029910628      0.15776159      0.15273912     -0.32573014      -0.32573014       250.39201                                250.39201
              1       126.12195       60.073201     0.029910628      0.16090346       0.1463991     -0.32573014      -0.32573014       252.89536                                252.89536
              2       126.17319       60.012404     0.028820143      0.16100826      0.14645095     -0.32573014      -0.32573014       252.99784                                252.99784
              3       126.45852       60.012404     0.028820143      0.16132475      0.14544544     -0.32573014      -0.32573014       253.56851                                253.56851
              1       125.08481       60.012404     0.028820143      0.15131738      0.15888808     -0.32573014      -0.32573014       250.82108                                250.82108
              3       126.86658       60.012404     0.028820143      0.15176249      0.16784415     -0.32573014      -0.32573014       254.38461                                254.38461
              1       127.10866       60.012404     0.028820143      0.14835963      0.16722019     -0.32573014      -0.32573014       254.86877                                254.86877
              4       125.41704       60.012404     0.028820143      0.14789047      0.15649359     -0.32573014      -0.32573014       251.48555                                251.48555
              1       126.41838       60.012404     0.028820143       0.1436523      0.15637251     -0.32573014      -0.32573014       253.48821                                253.48821
              1        125.8653       60.012404     0.028820143      0.14604758      0.15266363     -0.32573014      -0.32573014       252.38207                                252.38207
              1       127.05409       60.012404     0.028820143      0.14164573      0.15418374     -0.32573014      -0.32573014       254.75964                                254.75964
              1       127.71631       60.012404     0.028820143      0.14043515      0.15087421     -0.32573014      -0.32573014       256.08408                                256.08408
              1       126.12805       60.012404     0.028820143      0.14692151      0.14872728     -0.32573014      -0.32573014       252.90757                                252.90757
              1       125.47233       60.071088     0.029875867      0.15241949      0.14786285     -0.32573014      -0.32573014       251.59613                                251.59613
              1       125.93809       60.046436     0.028912083      0.15270728      0.14812943     -0.32573014      -0.32573014       252.52764                                252.52764
              1       126.90279       60.046436     0.028912083      0.15586924      0.16730095     -0.32573014      -0.32573014       254.45705                                254.45705
              1        125.8104       60.046436     0.028912083      0.14840635      0.15375704     -0.32573014      -0.32573014       252.27225                                252.27225
              1       126.14894       60.046436     0.028912083      0.16333345      0.15184886     -0.32573014      -0.32573014       252.94934                                252.94934
              9       125.60363       60.046436     0.028912083      0.15556421      0.14960462     -0.32573014      -0.32573014       251.85871                                251.85871
              3       126.26881       60.046436     0.028912083      0.15405968      0.14623775     -0.32573014      -0.32573014       253.18909                                253.18909
              1       125.68494       60.049096     0.029630369      0.15373975       0.1459198     -0.32573014      -0.32573014       252.02134                                252.02134
              3       125.12799       60.012638     0.029645959      0.15348775      0.14563571     -0.32573014      -0.32573014       250.90745                                250.90745
              6       125.10574       60.012638     0.029645959       0.1543143      0.14566469     -0.32573014      -0.32573014       250.86293                                250.86293
              2       125.22985       60.012481     0.029499727      0.15438201      0.14573234     -0.32573014      -0.32573014       251.11116                                251.11116
              1       125.18845       60.046742     0.029732399      0.16223469      0.15334345     -0.32573014      -0.32573014       251.02837                                251.02837
              1        126.6169       60.046742     0.029732399      0.14908351      0.16681693     -0.32573014      -0.32573014       253.88527                                253.88527
              3       126.34308       60.046742     0.029732399      0.14329168      0.15868863     -0.32573014      -0.32573014       253.33762                                253.33762
              2       127.34028       60.046742     0.029732399       0.1459672      0.16727313     -0.32573014      -0.32573014       255.33202                                255.33202
              1       126.62684       60.046742     0.029732399      0.15436368      0.16822107     -0.32573014      -0.32573014       253.90514                                253.90514
              3       125.76191       60.046742     0.029732399      0.15435849       0.1652635     -0.32573014      -0.32573014       252.17528                                252.17528
              2       125.15553       60.046742     0.029732399      0.14795523      0.15264462     -0.32573014      -0.32573014       250.96253                                250.96253
              1       125.48036       60.046742     0.029732399      0.16279936      0.15091796     -0.32573014      -0.32573014       251.61217                                251.61217
              1       125.42861       60.046742     0.029732399      0.16277417      0.15138591     -0.32573014      -0.32573014       251.50868                                251.50868
              3       124.47924       60.046742     0.029732399      0.15503831      0.15624237     -0.32573014      -0.32573014       249.60994                                249.60994
              1       124.99603       60.046742     0.029732399      0.15305951      0.16135584     -0.32573014      -0.32573014       250.64351                                250.64351
              4       124.99486       60.046742     0.029732399       0.1613184       0.1558441     -0.32573014      -0.32573014       250.64118                                250.64118
              1        125.1323       60.063465     0.029850392      0.16137514      0.15591549     -0.32573014      -0.32573014       250.91606                                250.91606
              1       126.17018       60.063465     0.029850392      0.16591417      0.15337242     -0.32573014      -0.32573014       252.99181                                252.99181
              4       124.99037       60.063465     0.029850392       0.1546995      0.14969152     -0.32573014      -0.32573014       250.63221                                250.63221
              2       124.71048       60.063465     0.029850392      0.15482467      0.15233779     -0.32573014      -0.32573014       250.07242                                250.07242
              1       124.62253       60.063465     0.029850392      0.15498492      0.15633652     -0.32573014      -0.32573014       249.89651                                249.89651
              2       124.33189        60.04974     0.029957359      0.15484252      0.15618198     -0.32573014      -0.32573014       249.31524                                249.31524
              2       124.43458        60.04974     0.029957359      0.15181704      0.15565969     -0.32573014      -0.32573014       249.52061                                249.52061
              4       124.35186        60.04974     0.029957359      0.15590663      0.15633399     -0.32573014      -0.32573014       249.35519                                249.35519
              6        124.8726        60.04974     0.029957359      0.14893035      0.15806615     -0.32573014      -0.32573014       250.39665                                250.39665
              1       124.79625        60.04974     0.029957359      0.15971344      0.15130003     -0.32573014      -0.32573014       250.24395                                250.24395
              1       125.01164       60.013352     0.029124886      0.16109145      0.15331974     -0.32573014      -0.32573014       250.67473                                250.67473
              3       126.17161       60.060106     0.028560899      0.16167043      0.15394016     -0.32573014      -0.32573014       252.99468                                252.99468
              5       125.53982       60.090436     0.029811084      0.16128606      0.15358184     -0.32573014      -0.32573014        251.7311                                 251.7311
              2       130.27113       60.090436     0.029811084       0.1722635      0.16657496     -0.32573014      -0.32573014       261.19372                                261.19372
              2       128.35357       60.090436     0.029811084      0.16677191      0.16685884     -0.32573014      -0.32573014       257.35861                                257.35861
              1       128.31173       60.090436     0.029811084      0.16483192      0.16842656     -0.32573014      -0.32573014       257.27491                                257.27491
              2       125.16025       60.090436     0.029811084      0.15264514      0.15364613     -0.32573014      -0.32573014       250.97195                                250.97195
              1       125.04623       60.090436     0.029811084      0.15420262      0.15571679     -0.32573014      -0.32573014       250.74393                                250.74393
              1       126.39842       60.090436     0.029811084      0.14665022      0.16126473     -0.32573014      -0.32573014        253.4483                                 253.4483
              2       128.21802       60.090436     0.029811084      0.16514677      0.14305529     -0.32573014      -0.32573014       257.08751                                257.08751
              1         125.698       60.090436     0.029811084      0.14836673      0.15767482     -0.32573014      -0.32573014       252.04746                                252.04746
              1       129.04828       60.212162       0.0280834      0.14999607      0.15941218     -0.32573014      -0.32573014       258.74802                                258.74802
              3       128.97286       60.247526     0.028779245      0.14990617      0.15935305     -0.32573014      -0.32573014       258.59719                                258.59719
              2       128.66995       60.247526     0.028779245      0.15554297      0.16302055     -0.32573014      -0.32573014       257.99137                                257.99137
              3       128.67402       60.248108     0.028784484      0.15554441       0.1630225     -0.32573014      -0.32573014       257.99949                                257.99949
              4       128.76343       60.278684     0.029200347      0.15555404      0.16305883     -0.32573014      -0.32573014       258.17832                                258.17832
              5       128.50431       60.278684     0.029200347      0.16066493       0.1588371     -0.32573014      -0.32573014       257.66007                                257.66007
              2       127.93721       60.124932     0.027263557      0.16054391      0.15858175     -0.32573014      -0.32573014       256.52588                                256.52588
              2       128.23898       60.124932     0.027263557      0.16307543      0.15809359     -0.32573014      -0.32573014       257.12942                                257.12942
              2       126.29097       60.087659     0.028913994      0.16204917      0.15703368     -0.32573014      -0.32573014        253.2334                                 253.2334
              2       126.22813       60.087659     0.028913994      0.16175125      0.15595921     -0.32573014      -0.32573014       253.10771                                253.10771
              1       126.92869       60.167072     0.029410879      0.16205051      0.15632811     -0.32573014      -0.32573014       254.50885                                254.50885
              1       127.41188       60.167072     0.029410879      0.16397729      0.15977837     -0.32573014      -0.32573014       255.47523                                255.47523
              5       127.63027       60.167671     0.029177375      0.16409111      0.15989285     -0.32573014      -0.32573014       255.91199                                255.91199
              1       127.37322        60.16449     0.029413431      0.16395876      0.15975757     -0.32573014      -0.32573014       255.39791                                255.39791
              1       126.20372        60.05019      0.02891132      0.16342783       0.1591263     -0.32573014      -0.32573014       253.05891                                253.05891
              2       125.81284        60.05019      0.02891132      0.15988829      0.15040503     -0.32573014      -0.32573014       252.27713                                252.27713
              3       124.27202       60.005916     0.029958959       0.1589896      0.14954845     -0.32573014      -0.32573014        249.1955                                 249.1955
              1       123.92681       60.005916     0.029958959      0.15126943      0.15772346     -0.32573014      -0.32573014       248.50507                                248.50507
              1        123.7705       60.005916     0.029958959      0.15226313      0.15305602     -0.32573014      -0.32573014       248.19247                                248.19247
              3       127.12221       60.049176     0.026786568      0.15429675      0.15502241     -0.32573014      -0.32573014       254.89587                                254.89587
              3       127.12739       60.049176     0.026786568      0.15449857        0.154678     -0.32573014      -0.32573014       254.90625                                254.90625
              1       127.48284       60.049176     0.026786568       0.1512991      0.15365244     -0.32573014      -0.32573014       255.61713                                255.61713
              2       128.31514       60.049176     0.026786568        0.161752      0.14807714     -0.32573014      -0.32573014       257.28173                                257.28173
              2       127.23556       60.049176     0.026786568      0.16049121      0.15657113     -0.32573014      -0.32573014       255.12257                                255.12257
              4       127.49104       60.049176     0.026786568      0.15241832      0.16117255     -0.32573014      -0.32573014       255.63354                                255.63354
              1       127.48623       60.049176     0.026786568      0.15235639      0.16107205     -0.32573014      -0.32573014       255.62392                                255.62392
              2       127.36263       60.049176     0.026786568      0.15314152      0.16060161     -0.32573014      -0.32573014       255.37673                                255.37673
              2       127.73687       60.049176     0.026786568      0.15037021       0.1610025     -0.32573014      -0.32573014       256.12519                                256.12519
              2        127.9726       60.049176     0.026786568      0.16264874      0.15065416     -0.32573014      -0.32573014       256.59666                                256.59666
              1       125.31975       60.014579     0.029278305      0.16104675      0.14910539     -0.32573014      -0.32573014       251.29095                                251.29095
              1       127.24021       60.014579     0.029278305       0.1399606      0.15349893     -0.32573014      -0.32573014       255.13188                                255.13188
              4       127.26015       60.007748     0.029132189      0.13998743      0.15352853     -0.32573014      -0.32573014       255.17177                                255.17177
              2        125.0692       60.007748     0.029132189       0.1548131      0.14782832     -0.32573014      -0.32573014       250.78985                                250.78985
              1       124.87874        60.01977     0.029566933      0.15467037      0.14768288     -0.32573014      -0.32573014       250.40895                                250.40895
              4       124.83996        60.01977     0.029566933      0.16175265      0.15474285     -0.32573014      -0.32573014       250.33138                                250.33138
              1       125.98745        60.01977     0.029566933      0.16638395      0.15303865     -0.32573014      -0.32573014       252.62636                                252.62636
              7       125.29005        60.01977     0.029566933      0.16365532      0.15269803     -0.32573014      -0.32573014       251.23156                                251.23156
              1       124.61528        60.01977     0.029566933      0.14912696      0.15503396     -0.32573014      -0.32573014       249.88203                                249.88203
              4       124.84079       60.017919     0.029268814      0.14927326      0.15517787     -0.32573014      -0.32573014       250.33303                                250.33303
              5       124.85011       60.017919     0.029268814        0.149209      0.15498589     -0.32573014      -0.32573014       250.35167                                250.35167
              2       125.46053       60.017919     0.029268814      0.16354243      0.15735643     -0.32573014      -0.32573014       251.57253                                251.57253
              5       124.52292       60.017919     0.029268814      0.15401038      0.15267629     -0.32573014      -0.32573014        249.6973                                 249.6973
              2       124.52365       60.020746     0.029316793      0.15400599      0.15267061     -0.32573014      -0.32573014       249.69876                                249.69876
              4       124.48694       60.020746     0.029316793      0.15421667      0.15691591     -0.32573014      -0.32573014       249.62534                                249.62534
              2       126.43026       60.020746     0.029316793      0.16657268      0.15953138     -0.32573014      -0.32573014       253.51198                                253.51198
              1       127.38424       60.020746     0.029316793      0.15343163      0.17032815     -0.32573014      -0.32573014       255.41995                                255.41995
              3       126.84397       60.020746     0.029316793      0.15919656      0.16822289     -0.32573014      -0.32573014       254.33939                                254.33939
              2        125.6724       60.020746     0.029316793      0.15862684      0.16425112     -0.32573014      -0.32573014       251.99627                                251.99627
              1         126.659       60.020746     0.029316793      0.16513355      0.16345637     -0.32573014      -0.32573014       253.96946                                253.96946
              1       129.43607       60.020746     0.029316793      0.14785676      0.17373022     -0.32573014      -0.32573014        259.5236                                 259.5236
              2       127.91218       60.020746     0.029316793      0.14038683      0.16303447     -0.32573014      -0.32573014       256.47583                                256.47583
              1        128.4445       60.020746     0.029316793      0.15668286      0.17284887     -0.32573014      -0.32573014       257.54047                                257.54047
              1       128.22145       60.020746     0.029316793      0.15726324      0.17227065     -0.32573014      -0.32573014       257.09437                                257.09437
              4       127.47242       60.020746     0.029316793      0.16022574       0.1696632     -0.32573014      -0.32573014        255.5963                                 255.5963
              1       125.90555       60.015382     0.029257885      0.15875153      0.16524925     -0.32573014      -0.32573014       252.46255                                252.46255
              1       126.75816       60.015382     0.029257885       0.1488631      0.16732746     -0.32573014      -0.32573014       254.16777                                254.16777
              2       126.37847       60.015382     0.029257885      0.14741536      0.16508343     -0.32573014      -0.32573014       253.40839                                253.40839
              1       125.85749       60.015382     0.029257885      0.14538495        0.159958     -0.32573014      -0.32573014       252.36644                                252.36644
              2       124.17611       60.025297     0.029749834      0.15393005      0.15648401     -0.32573014      -0.32573014       249.00369                                249.00369
              1       124.38432       60.025297     0.029749834      0.15817773      0.15762417     -0.32573014      -0.32573014        249.4201                                 249.4201
              1       126.67112       60.025297     0.029749834      0.15677628      0.16895087     -0.32573014      -0.32573014       253.99369                                253.99369
              1       126.21491       60.025297     0.029749834       0.1579139       0.1673503     -0.32573014      -0.32573014       253.08128                                253.08128
              2       127.96398       60.141832     0.029583556      0.15888592      0.16824293     -0.32573014      -0.32573014       256.57942                                256.57942
              2       127.56426       60.141832     0.029583556       0.1529587      0.14520875     -0.32573014      -0.32573014       255.77998                                255.77998
              1       127.72213       60.141832     0.029583556      0.15133124      0.14519293     -0.32573014      -0.32573014       256.09572                                256.09572
              1       128.14517       60.141832     0.029583556      0.15131519      0.14374795     -0.32573014      -0.32573014       256.94179                                256.94179
              1       126.94568       60.141832     0.029583556      0.16211538      0.14997028     -0.32573014      -0.32573014       254.54282                                254.54282
              2       128.14669       60.141832     0.029583556      0.14291451      0.15434941     -0.32573014      -0.32573014       256.94484                                256.94484
              3       129.27759       60.010841     0.025927344      0.14388859      0.15536608     -0.32573014      -0.32573014       259.20664                                259.20664
              2       128.60453       60.072768      0.02781921      0.14334024      0.15479957     -0.32573014      -0.32573014       257.86052                                257.86052
              1       129.00666        60.08758     0.027616632      0.14356136       0.1550084     -0.32573014      -0.32573014       258.66477                                258.66477
              1       127.77746        60.08758     0.027616632      0.15361816      0.14861467     -0.32573014      -0.32573014       256.20637                                256.20637
              3       129.31657        60.08758     0.027616632       0.1655874      0.16697108     -0.32573014      -0.32573014       259.28459                                259.28459
              2       129.33695        60.08758     0.027616632      0.16577667      0.16687666     -0.32573014      -0.32573014       259.32536                                259.32536
              1       127.93168       60.103581     0.029491078      0.16488985      0.16600197     -0.32573014      -0.32573014       256.51481                                256.51481
              5       126.83242       60.103581     0.029491078      0.16574198      0.15494105     -0.32573014      -0.32573014        254.3163                                 254.3163
              8       127.48028       60.051303     0.027876298      0.16621441      0.15542859     -0.32573014      -0.32573014       255.61202                                255.61202
              4       127.72044       60.051303     0.027876298      0.15364705      0.14507804     -0.32573014      -0.32573014       256.09234                                256.09234
              1       127.00957       60.051303     0.027876298      0.14892663       0.1607368     -0.32573014      -0.32573014        254.6706                                 254.6706
              2       126.71821       60.051303     0.027876298      0.14943884      0.15838176     -0.32573014      -0.32573014       254.08788                                254.08788
              3        126.1521       60.051303     0.027876298      0.15585786      0.15452661     -0.32573014      -0.32573014       252.95565                                252.95565
              1       126.58268       60.035572     0.027829439      0.15258404      0.14956024     -0.32573014      -0.32573014       253.81682                                253.81682
              2       126.46519       60.035572     0.027829439       0.1620567      0.15769207     -0.32573014      -0.32573014       253.58184                                253.58184
              1       126.94471       60.078412     0.028163501      0.16291538      0.15848767     -0.32573014      -0.32573014       254.54088                                254.54088
              2       124.97787       60.038752     0.029795604      0.16173733      0.15735575     -0.32573014      -0.32573014       250.60721                                250.60721
              3       124.94666       60.038752     0.029795604      0.16118451      0.15824983     -0.32573014      -0.32573014       250.54478                                250.54478
              1       125.15152       60.038752     0.029795604      0.16298814      0.15468995     -0.32573014      -0.32573014       250.95451                                250.95451
              3       125.03671       60.038752     0.029795604      0.16242537      0.15507221     -0.32573014      -0.32573014       250.72488                                250.72488
              2       124.85048       60.035493     0.029958685      0.16231298      0.15496397     -0.32573014      -0.32573014       250.35243                                250.35243
              4       124.65325       60.035493     0.029958685      0.14835064      0.15325401     -0.32573014      -0.32573014       249.95796                                249.95796
              3       124.14046       60.035493     0.029958685      0.15370668      0.15617462     -0.32573014      -0.32573014       248.93239                                248.93239
             11       125.20826       60.035493     0.029958685      0.15311364      0.14567876     -0.32573014      -0.32573014       251.06798                                251.06798
              3       126.51984       60.035493     0.029958685      0.16585378      0.14682247     -0.32573014      -0.32573014       253.69114                                253.69114
              1       125.20528       60.035493     0.029958685      0.15183738      0.14600736     -0.32573014      -0.32573014       251.06202                                251.06202
              4       126.81545       60.035493     0.029958685      0.14042766      0.15792833     -0.32573014      -0.32573014       254.28236                                254.28236
              1       128.03414       60.035493     0.029958685      0.16956254      0.14553722     -0.32573014      -0.32573014       256.71973                                256.71973
              1       127.73245       60.035493     0.029958685      0.16662443      0.14291655     -0.32573014      -0.32573014       256.11636                                256.11636
              4       128.27576       60.035493     0.029958685      0.16463317      0.13970077     -0.32573014      -0.32573014       257.20298                                257.20298
              1       125.83758       60.035493     0.029958685      0.16105201      0.14508042     -0.32573014      -0.32573014       252.32662                                252.32662
              3        125.9939       60.035493     0.029958685        0.164386      0.16227783     -0.32573014      -0.32573014       252.63925                                252.63925
              4       126.71023       60.035493     0.029958685      0.16826469      0.15044482     -0.32573014      -0.32573014       254.07192                                254.07192
              2       124.11462       60.035493     0.029958685      0.15453091      0.15417754     -0.32573014      -0.32573014       248.88069                                248.88069
              2       124.44135       60.035493     0.029958685      0.15041045      0.15206811     -0.32573014      -0.32573014       249.53416                                249.53416
              2       127.79951       60.199398     0.028909064      0.15221626      0.15375237     -0.32573014      -0.32573014       256.25048                                256.25048
              3       126.65299       60.086542     0.028261594       0.1517097      0.15331288     -0.32573014      -0.32573014       253.95744                                253.95744
              2        126.6657       60.086542     0.028261594      0.15173596      0.15310858     -0.32573014      -0.32573014       253.98286                                253.98286
              1       127.38669       60.086542     0.028261594      0.16523133      0.15639687     -0.32573014      -0.32573014       255.42484                                255.42484
              1       127.38277       60.086542     0.028261594      0.15613415      0.14699654     -0.32573014      -0.32573014         255.417                                  255.417
              2       127.19451       60.086542     0.028261594      0.15700549      0.14790142     -0.32573014      -0.32573014       255.04047                                255.04047
              5       126.76159       60.097619     0.028958459      0.15671464      0.14761168     -0.32573014      -0.32573014       254.17465                                254.17465
              2       125.66698       60.012066     0.028735047      0.15618683      0.14713795     -0.32573014      -0.32573014       251.98543                                251.98543
              2       126.21188       60.012066     0.028735047      0.16246017      0.14779623     -0.32573014      -0.32573014       253.07521                                253.07521
              4       125.58417       60.012066     0.028735047      0.16275051      0.15380039     -0.32573014      -0.32573014       251.81979                                251.81979
              7       124.64125       60.011982     0.029587103      0.15965646       0.1505068     -0.32573014      -0.32573014       249.93396                                249.93396
              7       124.32852       60.011982     0.029587103      0.15281744      0.15888717     -0.32573014      -0.32573014       249.30849                                249.30849
              1       124.35788       60.011982     0.029587103      0.15307684      0.15927236     -0.32573014      -0.32573014       249.36722                                249.36722
              3       125.66356       60.098135      0.02978439      0.15286514      0.16132672     -0.32573014      -0.32573014       251.97859                                251.97859
              2       126.45303       60.098135      0.02978439      0.16158668      0.14763499     -0.32573014      -0.32573014       253.55752                                253.55752
              2       127.03479       60.098135      0.02978439      0.16728898      0.15749907     -0.32573014      -0.32573014       254.72104                                254.72104
              1       126.17676       60.098135      0.02978439      0.16317829      0.15980265     -0.32573014      -0.32573014       253.00498                                253.00498
              1        125.3664       60.098135      0.02978439      0.15212582      0.15322776     -0.32573014      -0.32573014       251.38426                                251.38426
              4       125.50572       60.098135      0.02978439      0.15134114      0.15227637     -0.32573014      -0.32573014       251.66289                                251.66289
              1       125.47107       60.100322     0.029862758      0.15131556      0.15225029     -0.32573014      -0.32573014        251.5936                                 251.5936
              1       126.73738       60.100322     0.029862758      0.14434987      0.15315111     -0.32573014      -0.32573014       254.12623                                254.12623
              2       127.61553       60.126661      0.02928652      0.14485923      0.15363599     -0.32573014      -0.32573014       255.88252                                255.88252
              1       127.65455       60.126661      0.02928652      0.14496858      0.15268525     -0.32573014      -0.32573014       255.96056                                255.96056
              3       127.10127       60.126661      0.02928652      0.16512373      0.15540039     -0.32573014      -0.32573014       254.85399                                254.85399
              2       127.10769       60.126661      0.02928652      0.16514941      0.15538022     -0.32573014      -0.32573014       254.86685                                254.86685
              3       126.74889       60.126661      0.02928652      0.16337369      0.15457447     -0.32573014      -0.32573014       254.14923                                254.14923
              1       126.62269       60.126661      0.02928652      0.14919562      0.15392188     -0.32573014      -0.32573014       253.89684                                253.89684
              1       128.13285       60.126661      0.02928652      0.14942875      0.14476507     -0.32573014      -0.32573014       256.91716                                256.91716
              1       127.12452       60.126661      0.02928652      0.16406277      0.15147436     -0.32573014      -0.32573014       254.90049                                254.90049
              1       126.55724       60.126661      0.02928652      0.16240894      0.15519274     -0.32573014      -0.32573014       253.76594                                253.76594
              1       129.32287       60.226926     0.027814139      0.16396009      0.15665946     -0.32573014      -0.32573014       259.29719                                259.29719
              1       129.08626       60.325543     0.029715929      0.16368428      0.15634126     -0.32573014      -0.32573014       258.82398                                258.82398
              1       129.04359       60.325543     0.029715929      0.16341474       0.1563622     -0.32573014      -0.32573014       258.73864                                258.73864
              2       128.17868       60.173903     0.028176921      0.16309388      0.15612334     -0.32573014      -0.32573014       257.00881                                257.00881
              1       127.85092       60.173903     0.028176921      0.15714301      0.16083333     -0.32573014      -0.32573014       256.35329                                256.35329
              1       127.83248       60.173903     0.028176921      0.15901333      0.15991568     -0.32573014      -0.32573014       256.31642                                256.31642
              1        128.9949       60.173903     0.028176921      0.14836748       0.1627147     -0.32573014      -0.32573014       258.64126                                258.64126
              1       128.93702       60.170576     0.028186461      0.14833716       0.1626867     -0.32573014      -0.32573014        258.5255                                 258.5255
              1       129.26655       60.170576     0.028186461      0.14731449       0.1633173     -0.32573014      -0.32573014       259.18456                                259.18456
              3       130.04283       60.301509     0.029533123      0.14764321      0.16360598     -0.32573014      -0.32573014       260.73711                                260.73711
              2       129.05112       60.301509     0.029533123       0.1505384      0.16005524     -0.32573014      -0.32573014       258.75371                                258.75371
              2       124.26046       60.007458     0.029998121      0.14822706      0.15749439     -0.32573014      -0.32573014       249.17237                                249.17237
              5       124.48283       60.007458     0.029998121      0.14985836      0.16123261     -0.32573014      -0.32573014       249.61713                                249.61713
              5       124.49429       60.007458     0.029998121      0.14976263      0.16123396     -0.32573014      -0.32573014       249.64004                                249.64004
              1       126.56534       60.007458     0.029998121      0.14006087      0.14999141     -0.32573014      -0.32573014       253.78214                                253.78214
              1       124.68848       60.007458     0.029998121      0.16303489      0.15698307     -0.32573014      -0.32573014       250.02841                                250.02841
              5       125.39082       60.032754     0.029591216      0.16343727      0.15741584     -0.32573014      -0.32573014        251.4331                                 251.4331
              1       125.21365       60.032754     0.029591216      0.15212855      0.14739926     -0.32573014      -0.32573014       251.07875                                251.07875
              2       126.00832       60.032754     0.029591216      0.14460774      0.15026123     -0.32573014      -0.32573014        252.6681                                 252.6681
              1       126.52793       60.032754     0.029591216      0.14455023      0.14711536     -0.32573014      -0.32573014       253.70733                                253.70733
              3       124.51677       60.032754     0.029591216       0.1548938      0.15835618     -0.32573014      -0.32573014       249.68499                                249.68499
              1       124.51553       60.032754     0.029591216      0.15486647      0.15834145     -0.32573014      -0.32573014       249.68251                                249.68251
              1       124.51401       60.032754     0.029591216      0.15487644       0.1583229     -0.32573014      -0.32573014       249.67947                                249.67947
              2       125.78183        60.12254     0.029619769      0.15559871      0.15892265     -0.32573014      -0.32573014       252.21511                                252.21511
              2       125.67603        60.12254     0.029619769      0.15587863      0.15491234     -0.32573014      -0.32573014       252.00352                                252.00352
              2       125.71072       60.131296      0.02972973       0.1558977      0.15490269     -0.32573014      -0.32573014       252.07289                                252.07289
              2        126.3067       60.131296      0.02972973      0.14879766      0.15518601     -0.32573014      -0.32573014       253.26486                                253.26486
              1       126.41321       60.066011     0.028488824      0.14885733      0.15552564     -0.32573014      -0.32573014       253.47787                                253.47787
              1       126.61814       60.066011     0.028488824       0.1483017      0.15303995     -0.32573014      -0.32573014       253.88774                                253.88774
              2       127.30939       60.066011     0.028488824      0.15285301      0.14541026     -0.32573014      -0.32573014       255.27025                                255.27025
              2       127.81056       60.066011     0.028488824      0.15202213      0.16798954     -0.32573014      -0.32573014       256.27259                                256.27259
              6       126.99052       60.066011     0.028488824      0.15490904      0.14628524     -0.32573014      -0.32573014        254.6325                                 254.6325
              1       127.26538       60.092808     0.028649086      0.15505187      0.14636776     -0.32573014      -0.32573014       255.18221                                255.18221
              3         127.153       60.092808     0.028649086      0.15297611      0.16492726     -0.32573014      -0.32573014       254.95747                                254.95747
              2       126.73124       60.092808     0.028649086      0.15496605      0.14888177     -0.32573014      -0.32573014       254.11394                                254.11394
              2       126.24106       60.092808     0.028649086      0.15437186      0.15951715     -0.32573014      -0.32573014       253.13357                                253.13357
              1       125.99745       60.126186       0.0294825      0.15424598      0.15921701     -0.32573014      -0.32573014       252.64636                                252.64636
              1       125.62362       60.057498     0.028769644      0.15402464       0.1591975     -0.32573014      -0.32573014       251.89871                                251.89871
              2       129.24949       60.057498     0.028769644      0.16764783      0.14334846     -0.32573014      -0.32573014       259.15044                                259.15044
              2       127.90839       60.057498     0.028769644       0.1649377      0.14543697     -0.32573014      -0.32573014       256.46825                                256.46825
              1       127.92292       60.057498     0.028769644      0.16712308      0.16347161     -0.32573014      -0.32573014        256.4973                                 256.4973
              1       127.14395       60.057498     0.028769644      0.14905607      0.16536358     -0.32573014      -0.32573014       254.93935                                254.93935
              3       126.28564       60.057498     0.028769644      0.15612716      0.16387471     -0.32573014      -0.32573014       253.22274                                253.22274
              1       131.52717       60.135277     0.025183803      0.15909379      0.17023655     -0.32573014      -0.32573014        263.7058                                 263.7058
              1       131.76365       60.135277     0.025183803      0.15557129      0.17078255     -0.32573014      -0.32573014       264.17876                                264.17876
              1       130.88998       60.157374     0.026479868       0.1551312      0.17011064     -0.32573014      -0.32573014       262.43143                                262.43143
              2       130.92455       60.157374     0.026479868      0.14508428      0.15855963     -0.32573014      -0.32573014       262.50055                                262.50055
              1       131.01457       60.067472     0.024844317      0.14513131      0.15898073     -0.32573014      -0.32573014       262.68059                                262.68059
              3        131.4542       60.067472     0.024844317      0.14386471       0.1594162     -0.32573014      -0.32573014       263.55986                                263.55986
              1        129.9615       60.067979      0.02650626      0.14307227      0.15836311     -0.32573014      -0.32573014       260.57447                                260.57447
              2       127.55974       60.121846     0.029279919       0.1447093      0.15398047     -0.32573014      -0.32573014       255.77093                                255.77093
              1       127.16215       60.121846     0.029279919      0.15534986      0.14615903     -0.32573014      -0.32573014       254.97576                                254.97576
              1        128.3156       60.121846     0.029279919      0.16778532       0.1626566     -0.32573014      -0.32573014       257.28267                                257.28267
              2       128.52368       60.102955     0.028254559      0.16629572      0.16366854     -0.32573014      -0.32573014       257.69882                                257.69882
              2       126.96613       60.102955     0.028254559      0.15051518       0.1560662     -0.32573014      -0.32573014       254.58372                                254.58372
              1       126.99864       60.102955     0.028254559      0.15726482      0.15055893     -0.32573014      -0.32573014       254.64873                                254.64873
              2       127.31131       60.059008     0.028130371      0.15485538      0.14595892     -0.32573014      -0.32573014       255.27408                                255.27408
              5       126.23633       60.059008     0.028130371      0.16001244      0.15584399     -0.32573014      -0.32573014       253.12411                                253.12411
              4       126.07477       60.059008     0.028130371      0.15623953      0.15821569     -0.32573014      -0.32573014         252.801                                  252.801
              5       126.35449       60.059008     0.028130371      0.16011998      0.15898228     -0.32573014      -0.32573014       253.36045                                253.36045
              2       126.94729       60.059008     0.028130371      0.15252409      0.16399702     -0.32573014      -0.32573014       254.54604                                254.54604
              1       126.61072       60.059008     0.028130371       0.1582976      0.14963557     -0.32573014      -0.32573014       253.87289                                253.87289
              2       127.52271       60.059008     0.028130371      0.16625207      0.15287944     -0.32573014      -0.32573014       255.69688                                255.69688
              3       128.09753       60.059008     0.028130371      0.16781846      0.15155824     -0.32573014      -0.32573014       256.84653                                256.84653
              2       127.35956       60.059008     0.028130371      0.14803765      0.16277608     -0.32573014      -0.32573014       255.37058                                255.37058
              3       126.96074       60.059008     0.028130371      0.15248197      0.16404625     -0.32573014      -0.32573014       254.57294                                254.57294
              5       127.19518       60.059008     0.028130371      0.15607754      0.16574844     -0.32573014      -0.32573014       255.04182                                255.04182
              1       126.18503       60.059008     0.028130371      0.15419092      0.15934469     -0.32573014      -0.32573014       253.02152                                253.02152
              1       126.58837       60.054296     0.027589584       0.1544115      0.15965607     -0.32573014      -0.32573014       253.82821                                253.82821
              1       126.78338       60.054296     0.027589584      0.16129452      0.15775385     -0.32573014      -0.32573014       254.21822                                254.21822
              4       127.27083       60.054296     0.027589584      0.16300613      0.16075357     -0.32573014      -0.32573014       255.19312                                255.19312
              1       127.23227       60.054296     0.027589584      0.15965696      0.16353887     -0.32573014      -0.32573014         255.116                                  255.116
              4       126.51346       60.054296     0.027589584       0.1568645      0.15904628     -0.32573014      -0.32573014       253.67838                                253.67838
              2       125.10568       60.085345     0.029734689      0.15609081       0.1578962     -0.32573014      -0.32573014       250.86281                                250.86281
              1       126.25571       60.018164      0.02727994      0.15671675      0.15899449     -0.32573014      -0.32573014       253.16288                                253.16288
              1       126.27654       60.018164      0.02727994      0.15289207      0.15722571     -0.32573014      -0.32573014       253.20454                                253.20454
              1       127.12811       60.018164      0.02727994       0.1646603      0.15696852     -0.32573014      -0.32573014       254.90769                                254.90769
              1       127.13109       60.018164      0.02727994      0.16466392      0.15706594     -0.32573014      -0.32573014       254.91363                                254.91363
              3       127.61637       60.018164      0.02727994      0.16126988      0.16551302     -0.32573014      -0.32573014        255.8842                                 255.8842
              2       127.72319       60.018164      0.02727994      0.16074801      0.16622587     -0.32573014      -0.32573014       256.09785                                256.09785
              1       127.16896       60.018164      0.02727994      0.14716012      0.15803971     -0.32573014      -0.32573014       254.98937                                254.98937
              1       126.60841       60.018164      0.02727994      0.15036272      0.15849205     -0.32573014      -0.32573014       253.86829                                253.86829
              1       126.94488       60.078881     0.027919958      0.15055364      0.15850301     -0.32573014      -0.32573014       254.54122                                254.54122
              2       127.99299       60.078881     0.027919958        0.149696       0.1651564     -0.32573014      -0.32573014       256.63744                                256.63744
              5       129.31462       60.084622     0.027527797      0.15223296      0.16977812     -0.32573014      -0.32573014       259.28071                                259.28071
              1       129.61501       60.084622     0.027527797      0.14855304      0.16895761     -0.32573014      -0.32573014       259.88149                                259.88149
              2       129.18511       60.125274     0.029467158      0.14668391      0.16949057     -0.32573014      -0.32573014       259.02167                                259.02167
              5       128.21415       60.125274     0.029467158      0.15726505      0.16963411     -0.32573014      -0.32573014       257.07976                                257.07976
              1       127.23342       60.125274     0.029467158      0.16610813      0.15751673     -0.32573014      -0.32573014       255.11829                                255.11829
              1       126.98777       60.031517      0.02818195      0.16595564      0.15768857     -0.32573014      -0.32573014         254.627                                  254.627
              2       126.31108       60.031517      0.02818195      0.14819534       0.1577925     -0.32573014      -0.32573014       253.27361                                253.27361
              1          126.18       60.031517      0.02818195      0.14997192      0.15990653     -0.32573014      -0.32573014       253.01145                                253.01145
              1       125.92115       60.011722     0.028148714       0.1498256      0.15979143     -0.32573014      -0.32573014       252.49376                                252.49376
              1       125.49918       60.011722     0.028148714      0.15928169      0.15516499     -0.32573014      -0.32573014       251.64982                                251.64982
              3       125.07967        60.00504     0.028528995      0.15904465      0.15487725     -0.32573014      -0.32573014        250.8108                                 250.8108
              3       125.79825        60.00504     0.028528995       0.1470075      0.15301384     -0.32573014      -0.32573014       252.24795                                252.24795
              3       124.91926        60.00504     0.028528995      0.15468349      0.15699403     -0.32573014      -0.32573014       250.48999                                250.48999
              7       125.19442        60.00504     0.028528995      0.15930649      0.15267772     -0.32573014      -0.32573014       251.04031                                251.04031
              2       125.12337        60.00504     0.028528995      0.15267272        0.158954     -0.32573014      -0.32573014        250.8982                                 250.8982
              5       125.12409       60.004328     0.028516247      0.15267299       0.1589572     -0.32573014      -0.32573014       250.89963                                250.89963
              5       126.79265       60.004328     0.028516247       0.1673778      0.15500143     -0.32573014      -0.32573014       254.23675                                254.23675
              1       128.20114       60.004328     0.028516247      0.16908801      0.16353392     -0.32573014      -0.32573014       257.05374                                257.05374
              2       125.92931       60.004328     0.028516247      0.15989578      0.14760064     -0.32573014      -0.32573014       252.51009                                252.51009
              7       126.13071       60.004328     0.028516247       0.1601322      0.14676481     -0.32573014      -0.32573014       252.91289                                252.91289
              1       125.74668       60.004328     0.028516247      0.16251761      0.15168264     -0.32573014      -0.32573014       252.14482                                252.14482
              4       124.96785       60.004328     0.028516247      0.15273083      0.15624188     -0.32573014      -0.32573014       250.58717                                250.58717
              4        125.1114       60.004328     0.028516247      0.15487776      0.15961242     -0.32573014      -0.32573014       250.87427                                250.87427
              1       125.24482       60.004328     0.028516247      0.15225032      0.15087138     -0.32573014      -0.32573014       251.14111                                251.14111
              2       125.26223       60.004328     0.028516247      0.15567586      0.14990437     -0.32573014      -0.32573014       251.17593                                251.17593
              2       126.79729       60.123934     0.028817232      0.15651199      0.15053614     -0.32573014      -0.32573014       254.24604                                254.24604
              1       126.45591       60.123934     0.028817232      0.15749136      0.15424473     -0.32573014      -0.32573014       253.56329                                253.56329
              3       126.42499       60.123934     0.028817232      0.15666733      0.15444751     -0.32573014      -0.32573014       253.50143                                253.50143
              2       127.47041       60.142696     0.027928398      0.15724716      0.15514171     -0.32573014      -0.32573014       255.59228                                255.59228
              2       129.93954       60.410665     0.029719937      0.15858494      0.15584687     -0.32573014      -0.32573014       260.53055                                260.53055
              1       129.88615       60.410665     0.029719937      0.15983424      0.15853929     -0.32573014      -0.32573014       260.42376                                260.42376
              3       128.29453       60.248903     0.028790787      0.15895366      0.15801677     -0.32573014      -0.32573014       257.24052                                257.24052
              2       129.05846       60.248903     0.028790787      0.15702143      0.14945236     -0.32573014      -0.32573014       258.76839                                258.76839
              1       128.98334       60.248903     0.028790787      0.15238012      0.15160954     -0.32573014      -0.32573014       258.61814                                258.61814
              2       128.68176       60.248903     0.028790787      0.16208197       0.1606603     -0.32573014      -0.32573014       258.01497                                258.01497
              1       127.48608       60.135964     0.028280393      0.16140087      0.16020754     -0.32573014      -0.32573014       255.62361                                255.62361
              3       129.23596       60.135964     0.028280393      0.16857611      0.16193867     -0.32573014      -0.32573014       259.12338                                259.12338
              1       130.00992       60.135964     0.028280393      0.17044475       0.1629875     -0.32573014      -0.32573014        260.6713                                 260.6713
              1        129.3352       60.135964     0.028280393      0.16994381      0.15663356     -0.32573014      -0.32573014       259.32187                                259.32187
              1        129.8779       60.178528     0.028368601      0.17025042       0.1568704     -0.32573014      -0.32573014       260.40726                                260.40726
              1       129.79584       60.178126     0.028457658      0.17020444      0.15681102     -0.32573014      -0.32573014       260.24313                                260.24313
              1       130.21827       60.178126     0.028457658      0.15932596      0.14248426     -0.32573014      -0.32573014       261.08801                                261.08801
              3       129.05853       60.158928     0.029499649      0.15866915      0.14168969     -0.32573014      -0.32573014       258.76852                                258.76852
              3       128.30879       60.158928     0.029499649      0.16184457      0.14505622     -0.32573014      -0.32573014       257.26904                                257.26904
              1       128.33045       60.158928     0.029499649      0.14443686      0.15128645     -0.32573014      -0.32573014       257.31235                                257.31235
              3       127.42567       60.160567     0.029469034      0.14812494      0.15167587     -0.32573014      -0.32573014       255.50279                                255.50279
              2       128.77225       60.160567     0.029469034      0.15056707      0.16900094     -0.32573014      -0.32573014       258.19596                                258.19596
              2       129.05367       60.160567     0.029469034      0.14761311      0.16821081     -0.32573014      -0.32573014        258.7588                                 258.7588
              2        127.8129       60.160567     0.029469034      0.15332738      0.14587219     -0.32573014      -0.32573014       256.27726                                256.27726
              1       127.01867       60.160567     0.029469034      0.15464823      0.14915139     -0.32573014      -0.32573014       254.68879                                254.68879
              1       125.75235       60.011998     0.028270102       0.1540769      0.14909286     -0.32573014      -0.32573014       252.15617                                252.15617
              2       125.73028       60.011998     0.028270102      0.15512413      0.16201879     -0.32573014      -0.32573014       252.11201                                252.11201
              7       125.38747       60.011998     0.028270102      0.15789504      0.15837311     -0.32573014      -0.32573014       251.42641                                251.42641
              2          128.98       60.011998     0.028270102      0.15394172      0.17282745     -0.32573014      -0.32573014       258.61147                                258.61147
              4       125.53771       60.011998     0.028270102      0.15267289      0.15994128     -0.32573014      -0.32573014       251.72688                                251.72688
              1       126.54124       60.011998     0.028270102       0.1493734       0.1639301     -0.32573014      -0.32573014       253.73394                                253.73394
              3       125.49532       60.011998     0.028270102      0.15827982      0.15934853     -0.32573014      -0.32573014       251.64209                                251.64209
              5       125.35811       60.011998     0.028270102      0.15712901       0.1585506     -0.32573014      -0.32573014       251.36769                                251.36769
              7       125.90962       60.011998     0.028270102      0.15902897      0.16206211     -0.32573014      -0.32573014       252.47069                                252.47069
              1       128.08979       60.011998     0.028270102      0.14256186      0.16353426     -0.32573014      -0.32573014       256.83105                                256.83105
              4       126.69071       60.011998     0.028270102      0.15945669      0.16561044     -0.32573014      -0.32573014       254.03289                                254.03289
              1       126.68887        60.01213     0.028274164      0.15945573      0.16560835     -0.32573014      -0.32573014       254.02921                                254.02921
              3       126.04299        60.01213     0.028274164       0.1562952      0.16367349     -0.32573014      -0.32573014       252.73743                                252.73743
              1        126.3333        60.01213     0.028274164      0.14822354      0.16175427     -0.32573014      -0.32573014       253.31805                                253.31805
              1       126.04994        60.01213     0.028274164      0.14858789      0.16013889     -0.32573014      -0.32573014       252.75134                                252.75134
              1       127.55732        60.01213     0.028274164      0.15152986      0.16868917     -0.32573014      -0.32573014       255.76611                                255.76611
              2       128.69677       60.066124     0.027850246      0.15215881      0.16932342     -0.32573014      -0.32573014         258.045                                  258.045
              3        128.3105       60.066124     0.027850246      0.14900874      0.16650115     -0.32573014      -0.32573014       257.27246                                257.27246
              5       127.77696       60.096971     0.028822266      0.14812734      0.16515277     -0.32573014      -0.32573014       256.20538                                256.20538
              5       129.08411       60.096971     0.028822266      0.16245425      0.17028039     -0.32573014      -0.32573014       258.81969                                258.81969
              1       127.07195       60.096971     0.028822266      0.15280244      0.16486545     -0.32573014      -0.32573014       254.79536                                254.79536
              1       127.59306        60.12636     0.028706901      0.15308824       0.1651284     -0.32573014      -0.32573014       255.83759                                255.83759
              2       127.51308       60.128215     0.028823682      0.15304547      0.16505654     -0.32573014      -0.32573014       255.67762                                255.67762
              1       129.66557       60.128215     0.028823682      0.14022909       0.1554172     -0.32573014      -0.32573014        259.9826                                 259.9826
              2       127.61986        60.05849     0.029959577      0.13912847      0.15417855     -0.32573014      -0.32573014       255.89118                                255.89118
              1       127.62813        60.02277     0.029323195      0.13916172      0.15441271     -0.32573014      -0.32573014       255.90772                                255.90772
              2        129.0379        60.02277     0.029323195       0.1382769      0.14597339     -0.32573014      -0.32573014       258.72725                                258.72725
              1       129.52301        60.02277     0.029323195      0.14209638      0.13974899     -0.32573014      -0.32573014       259.69749                                259.69749
              2       125.39566        60.02277     0.029323195      0.16344209      0.15487432     -0.32573014      -0.32573014       251.44278                                251.44278
              1       125.97555        60.07252     0.029478354      0.16375413      0.15506956     -0.32573014      -0.32573014       252.60256                                252.60256
              2       125.14159        60.07252     0.029478354      0.15415632      0.15785953     -0.32573014      -0.32573014       250.93463                                250.93463
              3       125.43171        60.07252     0.029478354      0.15309683      0.16050138     -0.32573014      -0.32573014       251.51488                                251.51488
              1       125.52442       60.073504     0.029389269      0.15314817      0.16057095     -0.32573014      -0.32573014       251.70029                                251.70029
              4       125.68785       60.073504     0.029389269      0.15057344      0.15103967     -0.32573014      -0.32573014       252.02717                                252.02717
              2       125.68328       60.073504     0.029389269       0.1508069      0.15084071     -0.32573014      -0.32573014       252.01801                                252.01801
              3       127.11937       60.073504     0.029389269      0.16158293      0.14471355     -0.32573014      -0.32573014        254.8902                                 254.8902
              1       130.62894       60.073504     0.029389269      0.14189355      0.13963129     -0.32573014      -0.32573014       261.90935                                261.90935
              1       129.41022       60.073504     0.029389269      0.15919732      0.13754359     -0.32573014      -0.32573014        259.4719                                 259.4719
              1        128.2348       60.073504     0.029389269      0.15959903      0.14047027     -0.32573014      -0.32573014       257.12106                                257.12106
              1       131.46633       60.146743     0.026767759      0.16145519      0.14278986     -0.32573014      -0.32573014       263.58412                                263.58412
              1        128.7982       60.146743     0.026767759      0.15271422       0.1562983     -0.32573014      -0.32573014       258.24786                                258.24786
              1       129.43675       60.146743     0.026767759       0.1491027      0.15532257     -0.32573014      -0.32573014       259.52496                                259.52496
              2       128.99407       60.071019     0.025936702      0.14891931       0.1554496     -0.32573014      -0.32573014       258.63959                                258.63959
              3       128.31613       60.071019     0.025936702      0.15607777      0.16138714     -0.32573014      -0.32573014       257.28373                                257.28373
              1       128.73285       60.071019     0.025936702      0.16316081      0.15363453     -0.32573014      -0.32573014       258.11716                                258.11716
              1       128.40233       60.071019     0.025936702      0.16159008      0.15529767     -0.32573014      -0.32573014       257.45613                                257.45613
              1       128.80492       60.078101      0.02559295       0.1618138      0.15558633     -0.32573014      -0.32573014        258.2613                                 258.2613
              1       126.80297       60.179886     0.029706624      0.16059163      0.15327883     -0.32573014      -0.32573014       254.25739                                254.25739
              1       127.20081       60.179886     0.029706624      0.16120589      0.15041888     -0.32573014      -0.32573014       255.05308                                255.05308
              1       126.80283       60.179886     0.029706624       0.1526472      0.16049955     -0.32573014      -0.32573014       254.25711                                254.25711
              2       126.70942       60.173626     0.029709582      0.15259692      0.16045896     -0.32573014      -0.32573014       254.07029                                254.07029
              4       126.92973       60.173626     0.029709582      0.15188324      0.16170581     -0.32573014      -0.32573014       254.51091                                254.51091
              1       127.51122       60.173626     0.029709582      0.14915719      0.16298837     -0.32573014      -0.32573014        255.6739                                 255.6739
              2       127.93497       60.173626     0.029709582      0.15072601      0.16618854     -0.32573014      -0.32573014        256.5214                                 256.5214
              2       127.45766       60.173626     0.029709582      0.14892728      0.16240117     -0.32573014      -0.32573014       255.56678                                255.56678
              1       126.52115       60.173626     0.029709582      0.15441295      0.15973422     -0.32573014      -0.32573014       253.69375                                253.69375
              4       126.67994       60.173626     0.029709582      0.15159671      0.15362169     -0.32573014      -0.32573014       254.01135                                254.01135
              1       125.75768       60.021178     0.028113521      0.15118976      0.15382249     -0.32573014      -0.32573014       252.16683                                252.16683
              1       126.48648       60.021178     0.028113521      0.15174445      0.16385872     -0.32573014      -0.32573014       253.62443                                253.62443
              1       126.38092       60.021178     0.028113521      0.15414938      0.16410825     -0.32573014      -0.32573014        253.4133                                 253.4133
              3       125.64182       60.052133     0.029423244      0.15374894      0.16336465     -0.32573014      -0.32573014       251.93509                                251.93509
              1        125.6421       60.052108     0.029422539      0.15374909        0.163365     -0.32573014      -0.32573014       251.93566                                251.93566
              2       124.91413       60.052108     0.029422539      0.15360486      0.15783904     -0.32573014      -0.32573014       250.47971                                250.47971
              3       125.11789       60.052108     0.029422539      0.15392911      0.16016402     -0.32573014      -0.32573014       250.88725                                250.88725
              3       126.43861       60.052108     0.029422539      0.16633458       0.1538848     -0.32573014      -0.32573014       253.52868                                253.52868
              1       126.82747       60.052108     0.029422539      0.16686163      0.15987919     -0.32573014      -0.32573014        254.3064                                 254.3064
              3       126.41645       60.052108     0.029422539      0.14563065      0.16140093     -0.32573014      -0.32573014       253.48435                                253.48435
              3       127.49863       60.052108     0.029422539      0.16862566      0.16070169     -0.32573014      -0.32573014       255.64873                                255.64873
              1        128.2654       60.052108     0.029422539      0.16621604      0.16757474     -0.32573014      -0.32573014       257.18225                                257.18225
              1       125.63406       60.052108     0.029422539      0.14799099      0.15912557     -0.32573014      -0.32573014       251.91958                                251.91958
              3       125.80025       60.064519     0.029438394      0.14808003      0.15919057     -0.32573014      -0.32573014       252.25195                                252.25195
              1       125.45274       60.040756     0.029441775      0.14789301      0.15904206     -0.32573014      -0.32573014       251.55693                                251.55693
              1       125.46552       60.040756     0.029441775      0.14703783      0.15360238     -0.32573014      -0.32573014       251.58249                                251.58249
              4        124.7564       60.040756     0.029441775      0.15287364      0.15278257     -0.32573014      -0.32573014       250.16425                                250.16425
              5       124.71185       60.040756     0.029441775      0.15371314      0.15291732     -0.32573014      -0.32573014       250.07517                                250.07517
              1       125.45345       60.101367     0.029512081      0.15518369      0.15636713     -0.32573014      -0.32573014       251.55836                                251.55836
              1       125.13802       60.093619     0.029747726      0.15500776      0.15615147     -0.32573014      -0.32573014       250.92749                                250.92749
              3       125.83191       60.093619     0.029747726      0.15292569      0.16259283     -0.32573014      -0.32573014       252.31528                                252.31528
              3       127.97243       60.093619     0.029747726      0.14795748      0.16860461     -0.32573014      -0.32573014       256.59632                                256.59632
              1       128.65793       60.093619     0.029747726       0.1497635       0.1713135     -0.32573014      -0.32573014       257.96732                                257.96732
              1       125.69206       60.093619     0.029747726      0.16085166       0.1592063     -0.32573014      -0.32573014       252.03559                                252.03559
              1       126.12275       60.093619     0.029747726      0.14868556      0.14969064     -0.32573014      -0.32573014       252.89697                                252.89697
              6       126.11537       60.090814     0.029705077      0.14868458       0.1497038     -0.32573014      -0.32573014       252.88219                                252.88219
              2       125.17286       60.090814     0.029705077      0.15620345      0.15720735     -0.32573014      -0.32573014       250.99718                                250.99718
              1       125.25655       60.090814     0.029705077      0.15706943      0.15820356     -0.32573014      -0.32573014       251.16457                                251.16457
              1       125.29206       60.090814     0.029705077      0.15503427      0.15913669     -0.32573014      -0.32573014       251.23559                                251.23559
              1       125.55132       60.090814     0.029705077      0.15973959      0.15180768     -0.32573014      -0.32573014       251.75411                                251.75411
              1       127.15978       60.101786     0.027985799      0.16066782      0.15310108     -0.32573014      -0.32573014       254.97101                                254.97101
              1       130.41421       60.101786     0.027985799      0.17266718      0.16083235     -0.32573014      -0.32573014       261.47988                                261.47988
              2       127.64801       60.101786     0.027985799       0.1646099      0.15655275     -0.32573014      -0.32573014       255.94749                                255.94749
              2        127.1318       60.101786     0.027985799      0.16158191       0.1573089     -0.32573014      -0.32573014       254.91507                                254.91507
              1       126.29458       60.051248     0.028106866      0.16112834      0.15691185     -0.32573014      -0.32573014       253.24062                                253.24062
              6       125.92738       60.051248     0.028106866      0.15651365      0.15596137     -0.32573014      -0.32573014       252.50623                                252.50623
              2       125.93443       60.051248     0.028106866       0.1563818      0.15514553     -0.32573014      -0.32573014       252.52032                                252.52032
              1       127.40066       60.051248     0.028106866      0.15892641      0.16638149     -0.32573014      -0.32573014       255.45277                                255.45277
              2       126.58993       60.022537      0.02836743      0.15546848      0.16582727     -0.32573014      -0.32573014       253.83132                                253.83132
              2       126.41107       60.022537      0.02836743      0.15840421      0.16460926     -0.32573014      -0.32573014        253.4736                                 253.4736
              2       126.21033       60.022537      0.02836743      0.15737741      0.16399059     -0.32573014      -0.32573014       253.07212                                253.07212
              2       126.80567       60.022537      0.02836743      0.15736191      0.16645495     -0.32573014      -0.32573014       254.26281                                254.26281
              1       127.09331       60.022537      0.02836743      0.14961183      0.14509158     -0.32573014      -0.32573014       254.83808                                254.83808
              1       125.52496       60.022537      0.02836743      0.15303477      0.15184581     -0.32573014      -0.32573014       251.70138                                251.70138
              1        125.5277       60.022537      0.02836743      0.15286768      0.15192766     -0.32573014      -0.32573014       251.70687                                251.70687
              1       125.53097       60.022537      0.02836743      0.15841068      0.15892802     -0.32573014      -0.32573014       251.71341                                251.71341
              9       125.72011       60.022537      0.02836743      0.15505278      0.16153901     -0.32573014      -0.32573014       252.09167                                252.09167
              1       126.05494       60.043238     0.028321739      0.15523665      0.16169887     -0.32573014      -0.32573014       252.76133                                252.76133
              1       126.14952       60.043238     0.028321739      0.15819296      0.14986725     -0.32573014      -0.32573014        252.9505                                 252.9505
              1       126.18456       60.043238     0.028321739      0.15908981      0.15010191     -0.32573014      -0.32573014       253.02057                                253.02057
              3       126.16911       60.043238     0.028321739      0.16168736      0.15331757     -0.32573014      -0.32573014       252.98967                                252.98967
              1       125.99243       60.043238     0.028321739      0.15547272      0.16127085     -0.32573014      -0.32573014       252.63632                                252.63632
              2       125.95483       60.043238     0.028321739      0.15602642      0.15066534     -0.32573014      -0.32573014       252.56113                                252.56113
              2       125.92964       60.043238     0.028321739      0.15790674      0.16022046     -0.32573014      -0.32573014       252.51073                                252.51073
              5       125.80738       60.043238     0.028321739      0.15562421      0.15194361     -0.32573014      -0.32573014       252.26621                                252.26621
              2       126.56104       60.043238     0.028321739      0.14888781      0.16122215     -0.32573014      -0.32573014       253.77354                                253.77354
              2       127.71837       60.043238     0.028321739      0.14564947       0.1476681     -0.32573014      -0.32573014       256.08821                                256.08821
              1       127.52782       60.043238     0.028321739      0.15517309      0.14350662     -0.32573014      -0.32573014       255.70709                                255.70709
              2       125.95099       60.043238     0.028321739      0.16042456      0.15412204     -0.32573014      -0.32573014       252.55344                                252.55344
              1       126.15555       60.043238     0.028321739      0.16209234      0.15568015     -0.32573014      -0.32573014       252.96255                                252.96255
              2       125.91325       60.043238     0.028321739      0.15988676      0.15802078     -0.32573014      -0.32573014       252.47797                                252.47797
              7       125.79366       60.043238     0.028321739      0.15909961      0.15457632     -0.32573014      -0.32573014       252.23877                                252.23877
              2       131.01934       60.230456     0.025521001      0.16193273      0.15772448     -0.32573014      -0.32573014       262.69014                                262.69014
              1       131.18939       60.195024     0.024718818       0.1620495      0.15807865     -0.32573014      -0.32573014       263.03025                                263.03025
              1       131.45535       60.205103     0.024592484      0.16219003      0.15823069     -0.32573014      -0.32573014       263.56217                                263.56217
              7       131.59836       60.205103     0.024592484      0.16374167      0.15885985     -0.32573014      -0.32573014       263.84818                                263.84818
              3        131.2715       60.181855     0.024563459      0.16357454      0.15873762     -0.32573014      -0.32573014       263.19447                                263.19447
              3       131.66235       60.181855     0.024563459       0.1516453      0.15811467     -0.32573014      -0.32573014       263.97617                                263.97617
              1       131.52155       60.181855     0.024563459      0.16515772      0.16059378     -0.32573014      -0.32573014       263.69456                                263.69456
              1       128.98728       60.159798      0.02705477      0.16376463      0.15868172     -0.32573014      -0.32573014       258.62602                                258.62602
              1         129.174       60.159798      0.02705477      0.16435762      0.16038418     -0.32573014      -0.32573014       258.99947                                258.99947
              2       128.88706       60.159798      0.02705477      0.15574457      0.16326456     -0.32573014      -0.32573014       258.42557                                258.42557
              1       132.22058       60.159798      0.02705477      0.16945976      0.14525376     -0.32573014      -0.32573014       265.09261                                265.09261
              1       131.98593       60.065348     0.025826268      0.17197047      0.14812861     -0.32573014      -0.32573014       264.62333                                264.62333
              2        130.9177       60.065348     0.025826268      0.14285539      0.15316408     -0.32573014      -0.32573014       262.48687                                262.48687
              1       131.20964       60.065348     0.025826268      0.16397588      0.14322142     -0.32573014      -0.32573014       263.07074                                263.07074
              1       131.19275       60.065348     0.025826268      0.17202992      0.15288198     -0.32573014      -0.32573014       263.03697                                263.03697
              3       128.82354       60.065348     0.025826268      0.15782638      0.16484391     -0.32573014      -0.32573014       258.29853                                258.29853
              2       128.44637       60.065348     0.025826268      0.15717813      0.16252607     -0.32573014      -0.32573014       257.54421                                257.54421
              1       128.42286       60.065348     0.025826268      0.15764406      0.16231502     -0.32573014      -0.32573014       257.49718                                257.49718
              1       128.40853       60.065348     0.025826268      0.15355783      0.15398009     -0.32573014      -0.32573014       257.46853                                257.46853
              1       130.31718       60.233717     0.026630096      0.15442191      0.15449476     -0.32573014      -0.32573014       261.28583                                261.28583
              3       130.55098       60.233717     0.026630096      0.16014489      0.15171638     -0.32573014      -0.32573014       261.75343                                261.75343
              2        130.2892       60.233717     0.026630096      0.15323855      0.15676137     -0.32573014      -0.32573014       261.22985                                261.22985
              1       130.02872       60.239844     0.027029671      0.15309013      0.15651468     -0.32573014      -0.32573014        260.7089                                 260.7089
              2       129.25554       60.162745     0.027336033       0.1613633      0.16537031     -0.32573014      -0.32573014       259.16254                                259.16254
              1       129.45736       60.162745     0.027336033      0.16060755      0.16664243     -0.32573014      -0.32573014       259.56618                                259.56618
              1       129.36079       60.162745     0.027336033      0.15836249      0.16678565     -0.32573014      -0.32573014       259.37303                                259.37303
              3       129.50271       60.162745     0.027336033      0.15090776       0.1496932     -0.32573014      -0.32573014       259.65688                                259.65688
              2       130.31083       60.244758     0.027911319      0.15123942      0.14981221     -0.32573014      -0.32573014       261.27312                                261.27312
              1       131.22208       60.350715     0.028815422      0.15158976      0.14985065     -0.32573014      -0.32573014       263.09561                                263.09561
              1       131.84212       60.385921     0.028748973      0.15188436      0.15012637     -0.32573014      -0.32573014        264.3357                                 264.3357
              2       131.82613       60.385921     0.028748973      0.15197247      0.15013179     -0.32573014      -0.32573014       264.30371                                264.30371
              1       131.33207       60.385921     0.028748973      0.15243815      0.15235576     -0.32573014      -0.32573014       263.31561                                263.31561
              5       126.89231       60.131589      0.02929053      0.15028009      0.15031985     -0.32573014      -0.32573014       254.43608                                254.43608
              2       126.82022       60.131589      0.02929053      0.15657058      0.14840849     -0.32573014      -0.32573014        254.2919                                 254.2919
              1       126.20311       60.131589      0.02929053      0.15270259      0.15672897     -0.32573014      -0.32573014       253.05768                                253.05768
              5       125.69193       60.079859     0.029015613      0.15245068      0.15659087     -0.32573014      -0.32573014       252.03532                                252.03532
              2        125.7823       60.079859     0.029015613      0.15838198      0.15266945     -0.32573014      -0.32573014       252.21606                                252.21606
              1       126.08884       60.105205     0.029561906      0.15950563      0.16155574     -0.32573014      -0.32573014       252.82914                                252.82914
              1       125.96724       60.105205     0.029561906       0.1573624      0.16180742     -0.32573014      -0.32573014       252.58594                                252.58594
              1       127.42001       60.105205     0.029561906      0.15503002      0.16820754     -0.32573014      -0.32573014       255.49149                                255.49149
              1       127.65062       60.104561     0.029290424      0.15515709      0.16839795     -0.32573014      -0.32573014       255.95269                                255.95269
              2       129.19781       60.213376     0.029268977      0.15597828       0.1691183     -0.32573014      -0.32573014       259.04709                                259.04709
              1       129.01495       60.213376     0.029268977      0.15722116      0.14523312     -0.32573014      -0.32573014       258.68136                                258.68136
              1       129.06594       60.213376     0.029268977      0.16217752       0.1464327     -0.32573014      -0.32573014       258.78334                                258.78334
              1       128.81023       60.201338     0.029356634      0.16204524      0.14629188     -0.32573014      -0.32573014       258.27193                                258.27193
              1        129.9421       60.127814     0.026587946      0.16284221          0.1478     -0.32573014      -0.32573014       260.53566                                260.53566
              1       129.38407       60.127814     0.026587946      0.14841371      0.15860115     -0.32573014      -0.32573014        259.4196                                 259.4196
              2       129.08512       60.127814     0.026587946      0.14988103      0.15878604     -0.32573014      -0.32573014        258.8217                                 258.8217
              1       129.10072       60.124202     0.026508941      0.14989249      0.15881927     -0.32573014      -0.32573014        258.8529                                 258.8529
              1       129.21485       60.124202     0.026508941      0.16475383      0.15436774     -0.32573014      -0.32573014       259.08116                                259.08116
              1       129.08957       60.124202     0.026508941      0.16382837      0.15389623     -0.32573014      -0.32573014       258.83061                                258.83061
              1        130.1422        60.23864      0.02726832      0.16431221      0.15409335     -0.32573014      -0.32573014       260.93585                                260.93585
              1       130.58046        60.23864      0.02726832      0.15316181      0.16647956     -0.32573014      -0.32573014       261.81238                                261.81238
              2       129.44671        60.23864      0.02726832      0.15806813      0.15660451     -0.32573014      -0.32573014       259.54488                                259.54488
              2       129.53819       60.240598     0.027225915      0.15810331      0.15664759     -0.32573014      -0.32573014       259.72784                                259.72784
              1       130.24856       60.338986      0.02855711      0.16204067      0.15395904     -0.32573014      -0.32573014       261.14858                                261.14858
              1       130.24174       60.338986      0.02855711      0.16376789      0.15676153     -0.32573014      -0.32573014       261.13494                                261.13494
              1       131.20478       60.338986      0.02855711      0.16619182      0.15162976     -0.32573014      -0.32573014       263.06102                                263.06102
              1       130.79214       60.338986      0.02855711      0.14973878      0.16076124     -0.32573014      -0.32573014       262.23574                                262.23574
              2       131.74342       60.326221     0.027300723      0.15025392      0.16157906     -0.32573014      -0.32573014       264.13831                                264.13831
              2        132.6443       60.255214     0.025133545      0.15077747      0.16267234     -0.32573014      -0.32573014       265.94006                                265.94006
              1       131.62604        60.29157     0.026836389      0.15022126      0.16168737     -0.32573014      -0.32573014       263.90355                                263.90355
              3       128.92518       60.158942     0.027597975      0.14886314      0.16028224     -0.32573014      -0.32573014       258.50182                                258.50182
              3       129.00519       60.159126     0.027512158       0.1489062      0.16034495     -0.32573014      -0.32573014       258.66184                                258.66184
              1       129.54758        60.00648     0.024347361      0.14930602      0.16162436     -0.32573014      -0.32573014       259.74661                                259.74661
              1       129.08024        60.00648     0.024347361      0.15167935      0.16107609     -0.32573014      -0.32573014       258.81195                                258.81195
              1       129.52172        60.00648     0.024347361      0.16585029      0.16015544     -0.32573014      -0.32573014       259.69489                                259.69489
              3       129.40713       60.000994     0.024387458      0.16578994      0.16009117     -0.32573014      -0.32573014       259.46571                                259.46571
              2       128.13831       60.020504     0.026161713      0.16507353      0.15894586     -0.32573014      -0.32573014       256.92808                                256.92808
              1        129.1131       60.020504     0.026161713      0.14434715      0.15919923     -0.32573014      -0.32573014       258.87765                                258.87765
              4        128.1418       60.020504     0.026161713      0.14780183      0.15530245     -0.32573014      -0.32573014       256.93506                                256.93506
              1        128.3894       60.020504     0.026161713       0.1491795      0.15009079     -0.32573014      -0.32573014       257.43026                                257.43026
              3       127.76888       60.039507     0.027255052      0.14879005      0.14943026     -0.32573014      -0.32573014       256.18921                                256.18921
              2       127.24919       60.039507     0.027255052      0.16093867      0.15021232     -0.32573014      -0.32573014       255.14984                                255.14984
              1       126.86412       60.109102     0.028979433      0.16061966      0.14942726     -0.32573014      -0.32573014       254.37971                                254.37971
              1       126.79543       60.109102     0.028979433      0.15508373      0.14825964     -0.32573014      -0.32573014       254.24233                                254.24233
              1         125.902       60.072703     0.029394447      0.15461095      0.14772636     -0.32573014      -0.32573014       252.45546                                252.45546
              4       126.36638       60.072703     0.029394447      0.16317225      0.14955675     -0.32573014      -0.32573014       253.38423                                253.38423
              2       126.58102       60.119189     0.029956914      0.16328814      0.14954101     -0.32573014      -0.32573014        253.8135                                 253.8135
              4       126.18749       60.119189     0.029956914      0.15895072      0.14816926     -0.32573014      -0.32573014       253.02643                                253.02643
              3       126.09561       60.119189     0.029956914      0.15897834      0.14868819     -0.32573014      -0.32573014       252.84269                                252.84269
              2       126.31243       60.119189     0.029956914      0.14762511      0.15159333     -0.32573014      -0.32573014       253.27631                                253.27631
              1       126.27932       60.119189     0.029956914      0.14695101      0.15400498     -0.32573014      -0.32573014        253.2101                                 253.2101
              1       125.33993       60.119189     0.029956914      0.15621968      0.15491862     -0.32573014      -0.32573014       251.33132                                251.33132
              6       125.46967       60.119189     0.029956914      0.15588896      0.15901306     -0.32573014      -0.32573014       251.59081                                251.59081
              6       125.35946       60.119189     0.029956914      0.15585589      0.15406359     -0.32573014      -0.32573014       251.37038                                251.37038
              3        126.0908       60.119189     0.029956914      0.15054557       0.1496114     -0.32573014      -0.32573014       252.83306                                252.83306
              1       126.11238       60.119189     0.029956914       0.1503958      0.14959442     -0.32573014      -0.32573014       252.87623                                252.87623
              1       126.48199       60.119189     0.029956914      0.16463836      0.15814342     -0.32573014      -0.32573014       253.61545                                253.61545
              2       126.57929       60.119189     0.029956914      0.16149365      0.16356479     -0.32573014      -0.32573014       253.81005                                253.81005
              4       125.64162       60.119189     0.029956914      0.15853797      0.15958316     -0.32573014      -0.32573014       251.93471                                251.93471
              1       125.34708       60.119189     0.029956914      0.15674194       0.1555455     -0.32573014      -0.32573014       251.34562                                251.34562
              8       126.03138       60.030441     0.027654491        0.157199      0.15662079     -0.32573014      -0.32573014       252.71423                                252.71423
              5       126.05257       60.030441     0.027654491      0.15761642      0.15687456     -0.32573014      -0.32573014        252.7566                                 252.7566
              4       126.01542       60.030441     0.027654491      0.15607308      0.15511135     -0.32573014      -0.32573014        252.6823                                 252.6823
              6       126.16312       60.030441     0.027654491      0.15378547      0.15314946     -0.32573014      -0.32573014        252.9777                                 252.9777
              1       126.55952       60.030441     0.027654491      0.15949127      0.15051499     -0.32573014      -0.32573014       253.77051                                253.77051
              8       126.47065       60.028903     0.027627508      0.16186722      0.15560596     -0.32573014      -0.32573014       253.59277                                253.59277
              1       126.44789       60.028903     0.027627508      0.16172523      0.15572686     -0.32573014      -0.32573014       253.54725                                253.54725
              2       126.44377       60.028903     0.027627508      0.15664766      0.16190586     -0.32573014      -0.32573014         253.539                                  253.539
              1       126.31111       60.028903     0.027627508      0.15327548      0.16026443     -0.32573014      -0.32573014       253.27368                                253.27368
              1       126.44158       60.028903     0.027627508      0.15204549      0.16054583     -0.32573014      -0.32573014       253.53462                                253.53462
              3         126.767       60.028903     0.027627508      0.14979427      0.15118994     -0.32573014      -0.32573014       254.18546                                254.18546
              2       126.02892       60.028903     0.027627508       0.1563851      0.15476153     -0.32573014      -0.32573014        252.7093                                 252.7093
              1       126.03854       60.028227     0.027604512      0.15639123      0.15477363     -0.32573014      -0.32573014       252.72854                                252.72854
              2       126.42232       60.028227     0.027604512      0.16108157       0.1582064     -0.32573014      -0.32573014        253.4961                                 253.4961
              1       127.64839       60.028227     0.027604512      0.16248851      0.16528352     -0.32573014      -0.32573014       255.94824                                255.94824
              3       127.41156       60.072198      0.02854459      0.16235952       0.1648946     -0.32573014      -0.32573014       255.47459                                255.47459
              1       127.20164       60.072198      0.02854459      0.16203997      0.16416405     -0.32573014      -0.32573014       255.05475                                255.05475
              1       127.78422       60.072198      0.02854459      0.16472958      0.14749015     -0.32573014      -0.32573014       256.21991                                256.21991
              3       126.52379       60.072198      0.02854459      0.15799283      0.16291707     -0.32573014      -0.32573014       253.69904                                253.69904
              2       126.71965       60.072198      0.02854459      0.15837072       0.1638418     -0.32573014      -0.32573014       254.09075                                254.09075
              3       126.02194       60.072198      0.02854459      0.15329564      0.15325208     -0.32573014      -0.32573014       252.69534                                252.69534
              1       125.98779        60.06588     0.028473564      0.15328306      0.15326205     -0.32573014      -0.32573014       252.62703                                252.62703
              1       125.97853        60.06588     0.028473564      0.15381287      0.15297715     -0.32573014      -0.32573014       252.60853                                252.60853
              1       124.95525       60.063914     0.029650742      0.15322645      0.15212067     -0.32573014      -0.32573014       250.56196                                250.56196
              3       125.05433       60.063914     0.029650742      0.15308636      0.15112826     -0.32573014      -0.32573014       250.76011                                250.76011
              3       125.05149       60.063914     0.029650742      0.15579405      0.15074017     -0.32573014      -0.32573014       250.75445                                250.75445
              1       125.68927       60.063914     0.029650742      0.16080512      0.14906058     -0.32573014      -0.32573014       252.02999                                252.02999
              1       125.01462       60.063914     0.029650742       0.1517375      0.15266611     -0.32573014      -0.32573014        250.6807                                 250.6807
              1        124.8677       60.009726     0.028871953      0.15171202      0.15287323     -0.32573014      -0.32573014       250.38687                                250.38687
              5       124.87529       60.009726     0.028871953      0.15875613       0.1534958     -0.32573014      -0.32573014       250.40203                                250.40203
              1       125.26122       60.009726     0.028871953      0.16186408       0.1546808     -0.32573014      -0.32573014        251.1739                                 251.1739
              1        125.1289       60.009726     0.028871953      0.16088167      0.15366329     -0.32573014      -0.32573014       250.90927                                250.90927
              1       125.22074       60.009726     0.028871953      0.16134147      0.15321261     -0.32573014      -0.32573014       251.09295                                251.09295
              3       127.21776       60.009726     0.028871953      0.16554937       0.1456968     -0.32573014      -0.32573014       255.08698                                255.08698
              4       126.03966       60.009726     0.028871953      0.16044174      0.14629089     -0.32573014      -0.32573014       252.73077                                252.73077
              1       124.79466       60.009726     0.028871953      0.15678408      0.15798973     -0.32573014      -0.32573014       250.24077                                250.24077
              1       124.71411       60.009726     0.028871953      0.15441457      0.15723703     -0.32573014      -0.32573014       250.07968                                250.07968
              3        125.1709       60.009726     0.028871953      0.15555228      0.16158665     -0.32573014      -0.32573014       250.99327                                250.99327
              2       127.71747       60.118916     0.027766857       0.1569094      0.16311868     -0.32573014      -0.32573014        256.0864                                 256.0864
              1       127.91397       60.118916     0.027766857      0.14934909      0.15839295     -0.32573014      -0.32573014       256.47939                                256.47939
              2        127.9996       60.118916     0.027766857      0.15006837      0.16120221     -0.32573014      -0.32573014       256.65066                                256.65066
              1       125.89026       60.029364      0.02865582      0.14896387      0.15995772     -0.32573014      -0.32573014       252.43198                                252.43198
              2       125.88565       60.029364      0.02865582      0.15130277      0.14889757     -0.32573014      -0.32573014       252.42275                                252.42275
              2       125.81433       60.029364      0.02865582      0.15176666      0.14905981     -0.32573014      -0.32573014       252.28013                                252.28013
              3       126.09203       60.029364      0.02865582      0.15644145      0.16419131     -0.32573014      -0.32573014       252.83552                                252.83552
              4       125.85586       60.029364      0.02865582      0.15827554      0.14853604     -0.32573014      -0.32573014       252.36318                                252.36318
              3       125.83535       60.030387     0.028699141       0.1582619      0.14851335     -0.32573014      -0.32573014       252.32217                                252.32217
              2       125.68721       60.010475       0.0285203      0.15820116       0.1484965     -0.32573014      -0.32573014       252.02588                                252.02588
              1       126.53283       60.010475       0.0285203       0.1660425      0.15768134     -0.32573014      -0.32573014       253.71712                                253.71712
              2       125.95386       60.010475       0.0285203      0.16078758      0.16224619     -0.32573014      -0.32573014       252.55918                                252.55918
              8       125.78107        60.14177     0.029839727      0.15520246      0.15723449     -0.32573014      -0.32573014       252.21361                                252.21361
              5       126.10824        60.14177     0.029839727      0.15437914       0.1610407     -0.32573014      -0.32573014       252.86794                                252.86794
              6       126.42208        60.14177     0.029839727      0.15211598      0.16223518     -0.32573014      -0.32573014       253.49563                                253.49563
              1       126.60544       60.110707     0.029129995       0.1522327      0.16250619     -0.32573014      -0.32573014       253.86234                                253.86234
              2       127.12691       60.110707     0.029129995      0.15851843      0.14657722     -0.32573014      -0.32573014       254.90528                                254.90528
              4       126.91271       60.110707     0.029129995      0.15924572      0.14780014     -0.32573014      -0.32573014       254.47688                                254.47688
              3       126.65694       60.110707     0.029129995      0.16057185      0.16201445     -0.32573014      -0.32573014       253.96534                                253.96534
              5       127.48332       60.170303     0.029153032      0.16100513      0.16241842     -0.32573014      -0.32573014        255.6181                                 255.6181
              1       127.63204       60.170303     0.029153032      0.15964527      0.16411699     -0.32573014      -0.32573014       255.91554                                255.91554
              1         129.479       60.170303     0.029153032       0.1633652      0.16939328     -0.32573014      -0.32573014       259.60946                                259.60946
              2       128.31328       60.045215     0.028721813      0.16085649      0.17009106     -0.32573014      -0.32573014       257.27803                                257.27803
              2       125.99268       60.014111     0.027877605      0.15169268        0.160049     -0.32573014      -0.32573014       252.63683                                252.63683
              4       126.78114       60.047862      0.02754387      0.15210832      0.16051714     -0.32573014      -0.32573014       254.21375                                254.21375
              1       127.48327       60.047862      0.02754387      0.16243175      0.16322392     -0.32573014      -0.32573014         255.618                                  255.618
              2       126.74693       60.138153     0.029812477      0.16199153      0.16229425     -0.32573014      -0.32573014       254.14533                                254.14533
              1       126.34487       60.138153     0.029812477      0.14883769      0.15714384     -0.32573014      -0.32573014       253.34121                                253.34121
              2       126.15893       60.138153     0.029812477      0.15162372      0.15170803     -0.32573014      -0.32573014       252.96932                                252.96932
              4       126.28578       60.138153     0.029812477      0.16200651      0.15790059     -0.32573014      -0.32573014       253.22302                                253.22302
              4        126.0191       60.138153     0.029812477      0.16000733      0.15798835     -0.32573014      -0.32573014       252.68965                                252.68965
              1        125.9392       60.138153     0.029812477      0.15956019       0.1572104     -0.32573014      -0.32573014       252.52987                                252.52987
              4       125.83957       60.138153     0.029812477      0.15272136      0.15569561     -0.32573014      -0.32573014        252.3306                                 252.3306
              1       125.97491       60.138153     0.029812477      0.15219249      0.15861185     -0.32573014      -0.32573014       252.60128                                252.60128
              4       125.75134       60.138153     0.029812477      0.15595705      0.15452815     -0.32573014      -0.32573014       252.15414                                252.15414
              3        125.7442       60.138153     0.029812477       0.1563345      0.15491625     -0.32573014      -0.32573014       252.13985                                252.13985
              1       125.79716       60.138153     0.029812477       0.1577622      0.15702203     -0.32573014      -0.32573014       252.24577                                252.24577
              5       125.91149       60.138153     0.029812477      0.15360296      0.15910976     -0.32573014      -0.32573014       252.47443                                252.47443
              1       125.73149       60.138153     0.029812477      0.15510427      0.15570786     -0.32573014      -0.32573014       252.11443                                252.11443
              1       126.00756       60.138153     0.029812477      0.15994828      0.15788928     -0.32573014      -0.32573014       252.66659                                252.66659
              4       125.97055       60.137618     0.029846306      0.15992768      0.15786217     -0.32573014      -0.32573014       252.59256                                252.59256
              1       125.81065       60.137618     0.029846306       0.1532469      0.15779951     -0.32573014      -0.32573014       252.27276                                252.27276
              1       126.00973       60.137618     0.029846306      0.15397859      0.15113171     -0.32573014      -0.32573014       252.67092                                252.67092
              5       126.41565       60.137618     0.029846306      0.15963642      0.14942029     -0.32573014      -0.32573014       253.48277                                253.48277
              4       125.92011       60.137618     0.029846306      0.15461695      0.16002878     -0.32573014      -0.32573014       252.49167                                252.49167
              3       127.15878       60.137618     0.029846306      0.16115379      0.16516913     -0.32573014      -0.32573014       254.96902                                254.96902
              1       126.97095       60.137618     0.029846306      0.15939802      0.16524841     -0.32573014      -0.32573014       254.59336                                254.59336
              3       126.94197       60.137618     0.029846306      0.15936396      0.16513848     -0.32573014      -0.32573014       254.53539                                254.53539
              2       126.77614       60.137618     0.029846306      0.16392165      0.16003796     -0.32573014      -0.32573014       254.20373                                254.20373
              2       126.94516       60.137618     0.029846306      0.16466191      0.16009631     -0.32573014      -0.32573014       254.54178                                254.54178
              1       126.54599       60.088612     0.029515313      0.16445882      0.15997949     -0.32573014      -0.32573014       253.74345                                253.74345
              1       129.77395       60.088612     0.029515313      0.13790969      0.14860971     -0.32573014      -0.32573014       260.19937                                260.19937
              3       130.37606       60.088612     0.029515313       0.1363709      0.14929349     -0.32573014      -0.32573014       261.40358                                261.40358
              3       130.56253       60.026973      0.02814916      0.13658179      0.14980215     -0.32573014      -0.32573014       261.77652                                261.77652
              1       127.68289       60.026973      0.02814916      0.16029546      0.14357816     -0.32573014      -0.32573014       256.01725                                256.01725
              3       128.34282       60.029063     0.027367254      0.16069493      0.14413256     -0.32573014      -0.32573014       257.33711                                257.33711
              1       127.90314       60.097235     0.028561561      0.16595622      0.15036796     -0.32573014      -0.32573014       256.45773                                256.45773
              1       127.83915       60.097235     0.028561561      0.14851989      0.16476307     -0.32573014      -0.32573014       256.32976                                256.32976
              1       126.65973       60.097235     0.028561561      0.16180205      0.15490969     -0.32573014      -0.32573014       253.97093                                253.97093
              1       126.32014       60.097235     0.028561561      0.15834862      0.15434899     -0.32573014      -0.32573014       253.29175                                253.29175
              2       127.54754       60.095631     0.027101365      0.15905354      0.15534552     -0.32573014      -0.32573014       255.74653                                255.74653
              5       127.68749       60.111607     0.027214658       0.1591171      0.15537988     -0.32573014      -0.32573014       256.02644                                256.02644
              1       126.88389        60.17564     0.029252867      0.15859412      0.15442424     -0.32573014      -0.32573014       254.41923                                254.41923
              3       127.35514        60.17564     0.029252867      0.15442071      0.16313284     -0.32573014      -0.32573014       255.36173                                255.36173
              4       128.31623        60.17564     0.029252867       0.1567342      0.14543024     -0.32573014      -0.32573014       257.28391                                257.28391
              1        127.3114       60.134989     0.029722891      0.15620018      0.14481942     -0.32573014      -0.32573014       255.27425                                255.27425
              3       126.60581       60.134989     0.029722891      0.16337783      0.15870823     -0.32573014      -0.32573014       253.86308                                253.86308
              1       126.08004       60.134989     0.029722891      0.15144631      0.15860507     -0.32573014      -0.32573014       252.81154                                252.81154
              3       126.03811       60.134989     0.029722891       0.1512423      0.15448624     -0.32573014      -0.32573014       252.72769                                252.72769
              1       126.62328       60.134989     0.029722891      0.15062728      0.14939295     -0.32573014      -0.32573014       253.89801                                253.89801
              1       126.89191       60.134989     0.029722891      0.16392398      0.15126243     -0.32573014      -0.32573014       254.43528                                254.43528
              3       126.72138       60.134989     0.029722891      0.16254787      0.16132213     -0.32573014      -0.32573014       254.09421                                254.09421
              1       126.53328       60.134989     0.029722891      0.15015205       0.1614306     -0.32573014      -0.32573014       253.71802                                253.71802
              4        125.9907       60.134989     0.029722891      0.15376708      0.15208847     -0.32573014      -0.32573014       252.63285                                252.63285
              3       126.24789       60.134989     0.029722891      0.15978858      0.16062053     -0.32573014      -0.32573014       253.14724                                253.14724
              1       127.43601       60.134989     0.029722891      0.16459239      0.14861603     -0.32573014      -0.32573014       255.52349                                255.52349
              2        126.8247       60.134989     0.029722891      0.14786775      0.16066334     -0.32573014      -0.32573014       254.30086                                254.30086
              2       126.82172       60.134989     0.029722891      0.14790657      0.16070312     -0.32573014      -0.32573014        254.2949                                 254.2949
              1       128.44364       60.134989     0.029722891      0.16775433      0.16406849     -0.32573014      -0.32573014       257.53873                                257.53873
              1       127.99888       60.134989     0.029722891      0.16787246      0.15062004     -0.32573014      -0.32573014       256.64921                                256.64921
              1       128.07596       60.134989     0.029722891      0.16907178      0.15770811     -0.32573014      -0.32573014       256.80339                                256.80339
              1       127.10677       60.134989     0.029722891      0.16572143      0.15828069     -0.32573014      -0.32573014         254.865                                  254.865
              2       127.05019       60.027816      0.02803726      0.16574949      0.15868904     -0.32573014      -0.32573014       254.75185                                254.75185
              1       130.17603       60.027816      0.02803726      0.15293718      0.17463279     -0.32573014      -0.32573014       261.00351                                261.00351
              2       129.80364       60.027816      0.02803726      0.15166166       0.1735888     -0.32573014      -0.32573014       260.25873                                260.25873
              4       126.23282       60.027816      0.02803726      0.15587839      0.14894695     -0.32573014      -0.32573014        253.1171                                 253.1171
              1       126.32083       60.027816      0.02803726       0.1629252      0.15625333     -0.32573014      -0.32573014       253.29311                                253.29311
              2       127.18084       60.027816      0.02803726      0.16591463       0.1519351     -0.32573014      -0.32573014       255.01313                                255.01313
              1       126.88215       60.022093     0.028296872      0.16574449       0.1517156     -0.32573014      -0.32573014       254.41577                                254.41577
              1       125.36566       60.022093     0.028296872      0.15569593      0.15730079     -0.32573014      -0.32573014       251.38278                                251.38278
              1        125.4417       60.086678     0.029296127      0.15568714      0.15706612     -0.32573014      -0.32573014       251.53486                                251.53486
              2        125.5833       60.086678     0.029296127      0.15277764      0.15332399     -0.32573014      -0.32573014       251.81806                                251.81806
              2       125.61888       60.074549     0.029042679       0.1528116      0.15341347     -0.32573014      -0.32573014       251.88923                                251.88923
              2       125.82311       60.074549     0.029042679      0.15268058      0.15116127     -0.32573014      -0.32573014       252.29769                                252.29769
              1        125.9365       60.074549     0.029042679      0.16163146      0.15596696     -0.32573014      -0.32573014       252.52446                                252.52446
              1       125.84686       60.074549     0.029042679      0.16046781      0.15817727     -0.32573014      -0.32573014       252.34517                                252.34517
              2       125.92972       60.074549     0.029042679      0.16106504      0.15323445     -0.32573014      -0.32573014        252.5109                                 252.5109
              2       126.85739       60.074549     0.029042679      0.16148909      0.16438959     -0.32573014      -0.32573014       254.36624                                254.36624
              1       126.31501       60.057576      0.02938696      0.16119345      0.16403238     -0.32573014      -0.32573014       253.28148                                253.28148
              2       126.43964       60.012372     0.028539964      0.16127206      0.16429851     -0.32573014      -0.32573014       253.53073                                253.53073
              2       126.92239       60.012372     0.028539964      0.15843077      0.16741957     -0.32573014      -0.32573014       254.49625                                254.49625
              1       127.10834       60.012372     0.028539964      0.15755952      0.16821463     -0.32573014      -0.32573014       254.86813                                254.86813
              1       127.46237       60.012372     0.028539964      0.15699496       0.1693566     -0.32573014      -0.32573014        255.5762                                 255.5762
              5       125.55121       60.012372     0.028539964      0.14921537      0.15841096     -0.32573014      -0.32573014       251.75388                                251.75388
              3       124.81379       60.032561      0.02972826      0.14878259      0.15773304     -0.32573014      -0.32573014       250.27903                                250.27903
              1       125.94425       60.032561      0.02972826      0.14336517      0.15632435     -0.32573014      -0.32573014       252.53995                                252.53995
              1       125.95396       60.032561      0.02972826       0.1454275      0.14821081     -0.32573014      -0.32573014       252.55938                                252.55938
              2       126.49113       60.032561      0.02972826       0.1419732      0.15166243     -0.32573014      -0.32573014       253.63373                                253.63373
              1       127.06522       60.032561      0.02972826      0.16518012      0.14435284     -0.32573014      -0.32573014        254.7819                                 254.7819
              4       124.37846       60.032561      0.02972826      0.15494819      0.15804163     -0.32573014      -0.32573014       249.40839                                249.40839
              3       124.42973       60.032561      0.02972826      0.15493075      0.15864991     -0.32573014      -0.32573014       249.51093                                249.51093
              1       125.03555       60.032561      0.02972826      0.15218298      0.16239054     -0.32573014      -0.32573014       250.72257                                250.72257
              3       124.47198       60.032561      0.02972826      0.15475689      0.15908605     -0.32573014      -0.32573014       249.59541                                249.59541
              3       124.52715       60.032561      0.02972826      0.15489835      0.15958885     -0.32573014      -0.32573014       249.70575                                249.70575
              3       124.51574       60.032561      0.02972826      0.15402752      0.15942727     -0.32573014      -0.32573014       249.68293                                249.68293
              2       126.57009       60.032561      0.02972826      0.14265887      0.16087966     -0.32573014      -0.32573014       253.79163                                253.79163
              1       127.03169       60.032561      0.02972826      0.14003792      0.15502929     -0.32573014      -0.32573014       254.71484                                254.71484
              6        124.4173       60.032561      0.02972826      0.15496382      0.15147061     -0.32573014      -0.32573014       249.48606                                249.48606
              3       124.44495       60.032561      0.02972826      0.15453865      0.15880736     -0.32573014      -0.32573014       249.54136                                249.54136
              2       125.00961       60.032561      0.02972826      0.14870735      0.15969895     -0.32573014      -0.32573014       250.67068                                250.67068
              1       125.91422       60.032561      0.02972826      0.15885349      0.16569433     -0.32573014      -0.32573014        252.4799                                 252.4799
              2       126.76766       60.032561      0.02972826       0.1569652      0.16893398     -0.32573014      -0.32573014       254.18678                                254.18678
              1       126.57847       60.032561      0.02972826      0.16379285      0.16507962     -0.32573014      -0.32573014        253.8084                                 253.8084
              1       128.85117       60.093942     0.028168311      0.16510946      0.16664528     -0.32573014      -0.32573014        258.3538                                 258.3538
              4       128.99214       60.093942     0.028168311      0.15597794      0.14227693     -0.32573014      -0.32573014       258.63575                                258.63575
              1       129.84099       60.093942     0.028168311      0.16069832      0.14071278     -0.32573014      -0.32573014       260.33345                                260.33345
              4       128.40851       60.093942     0.028168311       0.1623445      0.14572847     -0.32573014      -0.32573014       257.46849                                257.46849
              2       128.76399       60.155659     0.028868326      0.16244656      0.14568303     -0.32573014      -0.32573014       258.17945                                258.17945
              1       128.41782       60.146345     0.029120452      0.16223847      0.14543445     -0.32573014      -0.32573014       257.48711                                257.48711
              1       130.25638       60.146345     0.029120452      0.15349532      0.17354502     -0.32573014      -0.32573014       261.16421                                261.16421
              1       130.24944       60.098616     0.028419391       0.1535024      0.17369418     -0.32573014      -0.32573014       261.15034                                261.15034
              2       129.87337       60.098616     0.028419391       0.1451782      0.14361784     -0.32573014      -0.32573014       260.39819                                260.39819
              4       129.70929        60.07773      0.02821441      0.14512648      0.14361043     -0.32573014      -0.32573014       260.07004                                260.07004
              1         129.382        60.07773      0.02821441      0.14245762      0.16433065     -0.32573014      -0.32573014       259.41546                                259.41546
              2       128.56897        60.07773      0.02821441      0.14427408      0.16312462     -0.32573014      -0.32573014       257.78941                                257.78941
              3       128.58666        60.07773      0.02821441      0.14467138      0.14852371     -0.32573014      -0.32573014       257.82479                                257.82479
              3       129.35701        60.07773      0.02821441      0.14097431      0.15156464     -0.32573014      -0.32573014       259.36549                                259.36549
              1       127.23843        60.07773      0.02821441       0.1471537      0.15469155     -0.32573014      -0.32573014       255.12831                                255.12831
              3       126.73731        60.07773      0.02821441      0.15871725       0.1503851     -0.32573014      -0.32573014       254.12608                                254.12608
              3       127.25871        60.07773      0.02821441      0.16283443      0.16211065     -0.32573014      -0.32573014       255.16889                                255.16889
              2       126.56945        60.07773      0.02821441      0.15605145      0.16147819     -0.32573014      -0.32573014       253.79035                                253.79035
              1       126.78219        60.07773      0.02821441      0.15002463      0.15918639     -0.32573014      -0.32573014       254.21584                                254.21584
              3       126.49944        60.07773      0.02821441      0.15220802      0.15335822     -0.32573014      -0.32573014       253.65033                                253.65033
              2       129.58802        60.07773      0.02821441      0.16820755       0.1454097     -0.32573014      -0.32573014       259.82751                                259.82751
              3       128.91809       60.104259     0.029518021      0.16771138      0.14467425     -0.32573014      -0.32573014       258.48764                                258.48764
              1       129.42467       60.104259     0.029518021      0.16478699      0.17079881     -0.32573014      -0.32573014        259.5008                                 259.5008
              1       128.56202       60.045444     0.029584944      0.16386588      0.17057851     -0.32573014      -0.32573014        257.7755                                 257.7755
              2       125.07246       60.045444     0.029584944      0.15132822      0.15003168     -0.32573014      -0.32573014       250.79638                                250.79638
              2       124.37627       60.017046     0.029919557      0.15092756       0.1495837     -0.32573014      -0.32573014       249.40399                                249.40399
              3       125.67569       60.017046     0.029919557      0.16642027      0.15478363     -0.32573014      -0.32573014       252.00285                                252.00285
              1       124.49152       60.017046     0.029919557      0.15777558      0.16095104     -0.32573014      -0.32573014        249.6345                                 249.6345
             15       124.02691       60.017046     0.029919557      0.15571413      0.15802747     -0.32573014      -0.32573014       248.70527                                248.70527
              4       125.23227       60.017046     0.029919557      0.15169813      0.16474122     -0.32573014      -0.32573014       251.11601                                251.11601
              3       125.71935       60.017046     0.029919557      0.16023165      0.16541887     -0.32573014      -0.32573014       252.09016                                252.09016
              3       125.12176       60.017046     0.029919557      0.15861529      0.16382377     -0.32573014      -0.32573014       250.89498                                250.89498
              3       124.22831       60.017046     0.029919557      0.15177645      0.15927097     -0.32573014      -0.32573014       249.10808                                249.10808
              3       124.70512       60.017046     0.029919557      0.15757767      0.14722307     -0.32573014      -0.32573014       250.06171                                250.06171
              1        125.6101       60.017747      0.02991335      0.16614688        0.154212     -0.32573014      -0.32573014       251.87167                                251.87167
              2       125.56899       60.017747      0.02991335      0.16601377      0.15437739     -0.32573014      -0.32573014       251.78945                                251.78945
             11        125.1608       60.017747      0.02991335      0.15311958      0.16471063     -0.32573014      -0.32573014       250.97306                                250.97306
              1       126.38158       60.017747      0.02991335      0.15350684      0.16879718     -0.32573014      -0.32573014       253.41462                                253.41462
              4       126.35507       60.017747      0.02991335      0.16759495      0.15959096     -0.32573014      -0.32573014       253.36161                                253.36161
              1       126.02632       60.017747      0.02991335      0.15675035      0.16760386     -0.32573014      -0.32573014       252.70411                                252.70411
              2       123.97945       60.017747      0.02991335      0.15575904      0.15713796     -0.32573014      -0.32573014       248.61036                                248.61036
              1       126.29062       60.017747      0.02991335      0.16422242      0.14496684     -0.32573014      -0.32573014        253.2327                                 253.2327
              1       127.16259       60.017747      0.02991335      0.16894402      0.14769166     -0.32573014      -0.32573014       254.97663                                254.97663
              1       127.16195       60.017747      0.02991335      0.16894302      0.14769316     -0.32573014      -0.32573014       254.97537                                254.97537
              1       130.69356       60.083903     0.026818073      0.17112359      0.15039015     -0.32573014      -0.32573014       262.03858                                262.03858
              1       129.34911        60.08452     0.028797724      0.17027864      0.16409385     -0.32573014      -0.32573014       259.34967                                259.34967
              3       129.00348        60.08452     0.028797724       0.1699828      0.16284142     -0.32573014      -0.32573014       258.65843                                258.65843
              1       128.87131       60.069709     0.028716235      0.16991172      0.16279056     -0.32573014      -0.32573014       258.39408                                258.39408
              1        136.4415       60.069709     0.028716235      0.13531512      0.13493719     -0.32573014      -0.32573014       273.53445                                273.53445
              2       134.10391       60.069709     0.028716235      0.13202446      0.14560344     -0.32573014      -0.32573014       268.85928                                268.85928
              2       127.07217       60.069709     0.028716235      0.15246518      0.14578535     -0.32573014      -0.32573014       254.79581                                254.79581
              4       126.50213       60.093816      0.02987425      0.15202864      0.14513603     -0.32573014      -0.32573014       253.65571                                253.65571
              1       129.21986       60.093816      0.02987425      0.16807028      0.14255251     -0.32573014      -0.32573014       259.09118                                259.09118
              3       129.45155         60.0351     0.029695779      0.16809289      0.13990544     -0.32573014      -0.32573014       259.55456                                259.55456
              1       129.57092       60.041672     0.029666795      0.16815952      0.13997451     -0.32573014      -0.32573014        259.7933                                 259.7933
              1       126.07911       60.041672     0.029666795      0.14767109      0.16388155     -0.32573014      -0.32573014       252.80969                                252.80969
              5       124.56086       60.041672     0.029666795      0.15214932      0.15635497     -0.32573014      -0.32573014       249.77318                                249.77318
              3       124.87105       60.041672     0.029666795      0.15858075      0.15062928     -0.32573014      -0.32573014       250.39356                                250.39356
              1       125.26235       60.041672     0.029666795      0.16210763      0.15162232     -0.32573014      -0.32573014       251.17616                                251.17616
              2       124.80736       60.041672     0.029666795      0.15313616      0.16017024     -0.32573014      -0.32573014       250.26617                                250.26617
              2       125.52477       60.093657     0.029701873       0.1535208       0.1605279     -0.32573014      -0.32573014         251.701                                  251.701
              1       126.79115       60.093657     0.029701873      0.14527461      0.15046433     -0.32573014      -0.32573014       254.23375                                254.23375
              1       130.29247       60.093657     0.029701873      0.16334158      0.13705799     -0.32573014      -0.32573014        261.2364                                 261.2364
              3       129.22635       60.093657     0.029701873      0.17174414      0.14851628     -0.32573014      -0.32573014       259.10416                                259.10416
              1       129.87199       60.093657     0.029701873      0.17292843      0.16330936     -0.32573014      -0.32573014       260.39544                                260.39544
              3       126.35227       60.093657     0.029701873      0.15927042      0.16440178     -0.32573014      -0.32573014         253.356                                  253.356
              3       125.95577       60.093657     0.029701873      0.15848841      0.16278992     -0.32573014      -0.32573014         252.563                                  252.563
              5       126.27433       60.093657     0.029701873      0.14633881      0.15788933     -0.32573014      -0.32573014       253.20012                                253.20012
              2       126.49336       60.170668     0.029561447      0.15695511      0.15407803     -0.32573014      -0.32573014       253.63818                                253.63818
              2       126.62069       60.170668     0.029561447      0.15961072      0.15445102     -0.32573014      -0.32573014       253.89284                                253.89284
              1       127.14847       60.168674     0.028914856      0.15994348      0.15489799     -0.32573014      -0.32573014       254.94839                                254.94839
              1        127.7245       60.168674     0.028914856      0.15024363      0.16138703     -0.32573014      -0.32573014       256.10047                                256.10047
              2       127.34281       60.168674     0.028914856      0.16183529      0.15785703     -0.32573014      -0.32573014       255.33708                                255.33708
              1       126.57898       60.040105     0.027993148      0.14888804      0.15282158     -0.32573014      -0.32573014       253.80941                                253.80941
              1       127.77998       60.075667     0.027597662       0.1510196      0.14899464     -0.32573014      -0.32573014       256.21142                                256.21142
              6       127.23206       60.075667     0.027597662      0.15353587      0.15074086     -0.32573014      -0.32573014       255.11558                                255.11558
              1       127.43861       60.075667     0.027597662      0.15353535      0.14945714     -0.32573014      -0.32573014       255.52867                                255.52867
              1       127.03691       60.075667     0.027597662      0.15881865      0.15217289     -0.32573014      -0.32573014       254.72529                                254.72529
              3       128.16662       60.130628      0.02723551      0.15944033      0.15283608     -0.32573014      -0.32573014        256.9847                                 256.9847
              1       128.10042       60.129701     0.027296839      0.15940011      0.15278547     -0.32573014      -0.32573014        256.8523                                 256.8523
              1       127.92654       60.129701     0.027296839      0.16027876      0.15705359     -0.32573014      -0.32573014       256.50454                                256.50454
              1       128.66723       60.129701     0.027296839      0.14891793      0.15940998     -0.32573014      -0.32573014       257.98592                                257.98592
              1        128.4087       60.129701     0.027296839      0.15005978      0.15580046     -0.32573014      -0.32573014       257.46887                                257.46887
              2       130.42872       60.129701     0.027296839       0.1541283      0.14292203     -0.32573014      -0.32573014        261.5089                                 261.5089
              1        130.6906       60.129701     0.027296839      0.16867162      0.14758843     -0.32573014      -0.32573014       262.03266                                262.03266
              1       130.79726       60.129701     0.027296839      0.17214798      0.15933626     -0.32573014      -0.32573014       262.24598                                262.24598
              2       130.59867       60.145212     0.027648961      0.17033766      0.16391751     -0.32573014      -0.32573014       261.84881                                261.84881
              2       130.19636       60.145212     0.027648961      0.15647309      0.14304287     -0.32573014      -0.32573014       261.04417                                261.04417
              1       130.47002       60.145212     0.027648961      0.16325084      0.14373966     -0.32573014      -0.32573014       261.59151                                261.59151
              2       130.87085       60.152428     0.027291525      0.16349935      0.14404798     -0.32573014      -0.32573014       262.39315                                262.39315
              1       129.11792       60.152428     0.027291525      0.16579146      0.15565269     -0.32573014      -0.32573014       258.88729                                258.88729
              1       128.85887       60.152428     0.027291525      0.15924744      0.15003167     -0.32573014      -0.32573014        258.3692                                 258.3692
              1       126.67362       60.017753     0.026998841      0.15144841      0.15758413     -0.32573014      -0.32573014       253.99871                                253.99871
              3       129.45788       60.017753     0.026998841      0.14199564      0.14964439     -0.32573014      -0.32573014       259.56722                                259.56722
              2       127.80721       60.017753     0.026998841      0.16643973      0.15832609     -0.32573014      -0.32573014       256.26589                                256.26589
              1       127.63649       60.017753     0.026998841      0.15593456      0.16626821     -0.32573014      -0.32573014       255.92445                                255.92445
              2       127.27248       60.017753     0.026998841      0.15467364      0.16458047     -0.32573014      -0.32573014       255.19643                                255.19643
              1       127.03319       60.108514     0.028719765      0.15445132      0.16401994     -0.32573014      -0.32573014       254.71783                                254.71783
              2       126.65873       60.108514     0.028719765      0.15396565      0.16164016     -0.32573014      -0.32573014       253.96892                                253.96892
              4       125.66915       60.055219     0.029499074      0.15015502      0.16205818     -0.32573014      -0.32573014       251.98977                                251.98977
              6       125.06305       60.055219     0.029499074      0.15235312       0.1591137     -0.32573014      -0.32573014       250.77756                                250.77756
              5        125.2591       60.055219     0.029499074      0.15258661      0.16090625     -0.32573014      -0.32573014       251.16966                                251.16966
              1        125.9347       60.055219     0.029499074      0.15044171      0.16364408     -0.32573014      -0.32573014       252.52085                                252.52085
              1       127.25604       60.055219     0.029499074      0.14231443      0.16085129     -0.32573014      -0.32573014       255.16353                                255.16353
              1       127.76938       60.055219     0.029499074      0.13991918      0.15719374     -0.32573014      -0.32573014       256.19022                                256.19022
              2        126.4268       60.055219     0.029499074       0.1447739      0.16004461     -0.32573014      -0.32573014       253.50506                                253.50506
              1       125.08868       60.055219     0.029499074       0.1597387      0.15683093     -0.32573014      -0.32573014       250.82883                                250.82883
              1       124.93969       60.030729     0.029265299      0.15967451      0.15681755     -0.32573014      -0.32573014       250.53083                                250.53083
              3       124.64151       60.030729     0.029265299      0.15399345      0.15521022     -0.32573014      -0.32573014       249.93447                                249.93447
              7       126.14104       60.097288     0.028654724      0.15483895      0.15613617     -0.32573014      -0.32573014       252.93353                                252.93353
              7       126.18102        60.11029     0.028830468      0.15484522      0.15610641     -0.32573014      -0.32573014        253.0135                                 253.0135
              3       126.30918        60.11029     0.028830468      0.15830057      0.15375084     -0.32573014      -0.32573014       253.26982                                253.26982
              2       126.24467        60.11029     0.028830468      0.15842962      0.15642042     -0.32573014      -0.32573014       253.14079                                253.14079
              1       126.17607        60.11029     0.028830468       0.1556847      0.15528353     -0.32573014      -0.32573014       253.00361                                253.00361
              1       126.47713        60.11029     0.028830468      0.15734887      0.16093924     -0.32573014      -0.32573014       253.60572                                253.60572
              1       126.59109       60.110794     0.028709667      0.15741678      0.16102455     -0.32573014      -0.32573014       253.83363                                253.83363
              2       126.40556       60.110794     0.028709667      0.15386035      0.15389186     -0.32573014      -0.32573014       253.46258                                253.46258
              5       126.46258        60.10342     0.028514632      0.15389618      0.15397554     -0.32573014      -0.32573014       253.57661                                253.57661
              1       126.54373       60.109364     0.028517205      0.15397911      0.15407335     -0.32573014      -0.32573014       253.73893                                253.73893
              1       127.35415       60.109364     0.028517205      0.15014132      0.15015674     -0.32573014      -0.32573014       255.35975                                255.35975
              2       127.50905       60.190225      0.02978756      0.15020401       0.1498285     -0.32573014      -0.32573014       255.66955                                255.66955
              2       127.21899       60.190225      0.02978756      0.15054678      0.15148829     -0.32573014      -0.32573014       255.08944                                255.08944
              1       126.91413       60.190225      0.02978756      0.15997724      0.16054755     -0.32573014      -0.32573014       254.47972                                254.47972
              1       130.25309       60.190225      0.02978756      0.14903117      0.17206156     -0.32573014      -0.32573014       261.15763                                261.15763
              2       128.62777       60.190225      0.02978756      0.15043231      0.16799611     -0.32573014      -0.32573014         257.907                                  257.907
              1       128.65119       60.099393     0.028367793      0.15035811      0.16835991     -0.32573014      -0.32573014       257.95384                                257.95384
              1       127.94582       60.099393     0.028367793      0.15087387      0.16604991     -0.32573014      -0.32573014       256.54309                                256.54309
              3       128.23938       60.099393     0.028367793      0.15760225      0.16828908     -0.32573014      -0.32573014       257.13022                                257.13022
              1       128.71312       60.191763     0.029265886        0.157964       0.1682895     -0.32573014      -0.32573014        258.0777                                 258.0777
              2       128.80199       60.191763     0.029265886      0.16654062      0.15026009     -0.32573014      -0.32573014       258.25544                                258.25544
              1       128.28858       60.191763     0.029265886      0.16115213      0.14767555     -0.32573014      -0.32573014       257.22863                                257.22863
              1       128.65819       60.191763     0.029265886      0.15576518      0.14517971     -0.32573014      -0.32573014       257.96784                                257.96784
              1       128.57385       60.191763     0.029265886      0.15003265      0.14750996     -0.32573014      -0.32573014       257.79915                                257.79915
              1       128.96654       60.157356     0.028162614      0.15030118      0.14803154     -0.32573014      -0.32573014       258.58454                                258.58454
              1        128.7258       60.157356     0.028162614      0.15084025      0.14875692     -0.32573014      -0.32573014       258.10307                                258.10307
              1       128.71074       60.157356     0.028162614      0.15114222      0.14861661     -0.32573014      -0.32573014       258.07293                                258.07293
              1       129.65626       60.213378     0.028068616      0.15169668      0.14905034     -0.32573014      -0.32573014       259.96398                                259.96398
              1       129.42956       60.215798     0.028381547      0.15155434      0.14885393     -0.32573014      -0.32573014       259.51057                                259.51057
              1       128.25289       60.215798     0.028381547      0.15779051      0.15416559     -0.32573014      -0.32573014       257.15723                                257.15723
              2        128.3716       60.215798     0.028381547      0.15302325      0.15904127     -0.32573014      -0.32573014       257.39466                                257.39466
              1       126.03989        60.10977     0.029249962      0.15161163      0.15775176     -0.32573014      -0.32573014       252.73124                                252.73124
              3       126.17033       60.101735     0.028980249      0.15168067      0.15788175     -0.32573014      -0.32573014       252.99212                                252.99212
              1       126.25001       60.101735     0.028980249      0.15162174      0.15906598     -0.32573014      -0.32573014       253.15148                                253.15148
              2       127.84784       60.101735     0.028980249      0.14358469      0.15431435     -0.32573014      -0.32573014       256.34713                                256.34713
              6       127.99316       60.101735     0.028980249       0.1430342      0.15531234     -0.32573014      -0.32573014       256.63778                                256.63778
              3       126.87386       60.101735     0.028980249      0.14710329      0.15610712     -0.32573014      -0.32573014       254.39917                                254.39917
              2       126.53181       60.101735     0.028980249      0.15449954      0.16291506     -0.32573014      -0.32573014       253.71508                                253.71508
              1       128.15811       60.113916      0.02735516      0.15546191      0.16409843     -0.32573014      -0.32573014       256.96768                                256.96768
              4       127.90649       60.113916      0.02735516      0.15509739      0.16242133     -0.32573014      -0.32573014       256.46443                                256.46443
              3       127.92327       60.113916      0.02735516      0.16237344      0.15561409     -0.32573014      -0.32573014       256.49799                                256.49799
              4       128.16594       60.099353     0.026822072      0.16252178      0.15587973     -0.32573014      -0.32573014       256.98335                                256.98335
              1       127.81406       60.099353     0.026822072      0.15912349      0.15787439     -0.32573014      -0.32573014       256.27958                                256.27958
              1       128.28202       60.099353     0.026822072      0.16143694       0.1524334     -0.32573014      -0.32573014        257.2155                                 257.2155
              3         128.311       60.082791     0.026386273      0.15497037      0.15161045     -0.32573014      -0.32573014       257.27346                                257.27346
              1       128.25673       60.082791     0.026386273      0.16231435       0.1585837     -0.32573014      -0.32573014       257.16491                                257.16491
              1       124.64657       60.036755     0.029787824      0.16011477      0.15597112     -0.32573014      -0.32573014       249.94461                                249.94461
             12        124.9419       60.036755     0.029787824      0.15650919      0.14791169     -0.32573014      -0.32573014       250.53526                                250.53526
              6       125.09167       60.036755     0.029787824      0.14872754       0.1497116     -0.32573014      -0.32573014        250.8348                                 250.8348
              2       125.48027       60.036755     0.029787824      0.14840632      0.14759621     -0.32573014      -0.32573014       251.61199                                251.61199
              3       124.68147       60.036755     0.029787824      0.15202199      0.15001841     -0.32573014      -0.32573014       250.01439                                250.01439
              1       124.75502       60.044866     0.029843926      0.15206569      0.15003389     -0.32573014      -0.32573014       250.16151                                250.16151
              5       124.75989       60.044866     0.029843926      0.15148587      0.15036448     -0.32573014      -0.32573014       250.17124                                250.17124
              1       124.47517       60.044866     0.029843926      0.15554779      0.15187178     -0.32573014      -0.32573014       249.60179                                249.60179
              1       125.21738       60.044866     0.029843926      0.14875082      0.16071147     -0.32573014      -0.32573014       251.08623                                251.08623
              4       125.16957       60.034038     0.029721973      0.14871716      0.16072274     -0.32573014      -0.32573014        250.9906                                 250.9906
              1       127.15197       60.034038     0.029721973      0.14852592      0.16871388     -0.32573014      -0.32573014        254.9554                                 254.9554
              1       127.69602       60.003249     0.028656799      0.14880709       0.1692335     -0.32573014      -0.32573014        256.0435                                 256.0435
              2        126.6564       60.068372     0.028140657      0.15040501       0.1530052     -0.32573014      -0.32573014       253.96426                                253.96426
              1       126.69101       60.068372     0.028140657      0.15530599      0.14957485     -0.32573014      -0.32573014       254.03348                                254.03348
              1       127.05441       60.068372     0.028140657      0.16304144      0.16073795     -0.32573014      -0.32573014       254.76028                                254.76028
              1       128.02974       60.068372     0.028140657      0.14521382      0.16193486     -0.32573014      -0.32573014       256.71095                                256.71095
              3       127.41631       60.068372     0.028140657       0.1465285      0.15954801     -0.32573014      -0.32573014       255.48407                                255.48407
              4       127.98829       60.068372     0.028140657      0.15393446      0.14420002     -0.32573014      -0.32573014       256.62805                                256.62805
              1       127.47966       60.068372     0.028140657      0.15520087      0.14586225     -0.32573014      -0.32573014       255.61078                                255.61078
              1       127.79251       60.068372     0.028140657      0.15305504      0.14506466     -0.32573014      -0.32573014       256.23647                                256.23647
              5        127.2945       60.068372     0.028140657       0.1466393       0.1581457     -0.32573014      -0.32573014       255.24047                                255.24047
              1          128.44       60.068372     0.028140657      0.14324973      0.15171942     -0.32573014      -0.32573014       257.53145                                257.53145
              1       128.21636       60.012525     0.027409841      0.14312955      0.15184665     -0.32573014      -0.32573014       257.08418                                257.08418
              3       126.46861       60.012525     0.027409841      0.14963224      0.15438648     -0.32573014      -0.32573014       253.58868                                253.58868
              2       126.17708       60.012525     0.027409841      0.15166712      0.15686955     -0.32573014      -0.32573014       253.00561                                253.00561
              1       127.81736       60.012525     0.027409841        0.166022      0.16253322     -0.32573014      -0.32573014       256.28618                                256.28618
              2       127.96142       60.012525     0.027409841        0.165372       0.1641996     -0.32573014      -0.32573014       256.57431                                256.57431
              1       128.26891       60.027627     0.027518959      0.16898366      0.15624966     -0.32573014      -0.32573014       257.18927                                257.18927
              1       127.96768       60.003794      0.02746287      0.16879818      0.15613036     -0.32573014      -0.32573014       256.58681                                256.58681
              1       128.22035       60.003794      0.02746287       0.1426633      0.15120017     -0.32573014      -0.32573014       257.09217                                257.09217
              1       130.09158       60.016149     0.025471491      0.14381939      0.15263328     -0.32573014      -0.32573014       260.83463                                260.83463
              1       129.05707       60.016149     0.025471491      0.14730954      0.15291021     -0.32573014      -0.32573014       258.76559                                258.76559
              2       126.06465       60.049702      0.02962137      0.14543504      0.15031529     -0.32573014      -0.32573014       252.78075                                252.78075
              1       126.19989       60.049702      0.02962137      0.15999641       0.1451169     -0.32573014      -0.32573014       253.05125                                253.05125
              2       125.69908       60.002009     0.029350444      0.15970849      0.14498585     -0.32573014      -0.32573014       252.04961                                252.04961
              2       126.63251       60.002009     0.029350444      0.14132294      0.15080269     -0.32573014      -0.32573014       253.91648                                253.91648
              1       128.12922       60.002009     0.029350444      0.14142749      0.14313442     -0.32573014      -0.32573014       256.90989                                256.90989
              1       124.42487       60.002009     0.029350444      0.15783009      0.15134254     -0.32573014      -0.32573014       249.50121                                249.50121
              1       124.34489       60.006818     0.029530934      0.15777876       0.1512518     -0.32573014      -0.32573014       249.34124                                249.34124
              1       124.51302       60.006818     0.029530934      0.15967603       0.1515925     -0.32573014      -0.32573014       249.67749                                249.67749
              1       124.63448       60.006818     0.029530934      0.16126978      0.15608529     -0.32573014      -0.32573014       249.92042                                249.92042
              3       125.19209       60.006818     0.029530934      0.14746366      0.16102807     -0.32573014      -0.32573014       251.03565                                251.03565
              1       125.39665       60.006818     0.029530934      0.15681258       0.1447695     -0.32573014      -0.32573014       251.44477                                251.44477
              3       124.75984       60.006818     0.029530934      0.15804396      0.14820826     -0.32573014      -0.32573014       250.17113                                250.17113
              3        124.7247       60.006818     0.029530934      0.15928564       0.1604588     -0.32573014      -0.32573014       250.10086                                250.10086
              3       127.91663       60.102159     0.027676927      0.16473399      0.15612422     -0.32573014      -0.32573014       256.48472                                256.48472
              2       128.98865       60.116552     0.026689635      0.16538172      0.15688933     -0.32573014      -0.32573014       258.62876                                258.62876
              2       131.01363       60.116552     0.026689635      0.16841157      0.16740297     -0.32573014      -0.32573014       262.67873                                262.67873
              1       132.87065       60.116552     0.026689635      0.15027906      0.17551701     -0.32573014      -0.32573014       266.39276                                266.39276
              1       133.71982       60.076902     0.025214703      0.15069529      0.17625622     -0.32573014      -0.32573014        268.0911                                 268.0911
              1       133.71691       60.177865     0.024475427      0.15270078      0.17238843     -0.32573014      -0.32573014       268.08527                                268.08527
              1       134.09701       60.177865     0.024475427      0.16356506      0.17403302     -0.32573014      -0.32573014       268.84548                                268.84548
              4       132.19551       60.177865     0.024475427      0.16381016      0.16744667     -0.32573014      -0.32573014       265.04247                                265.04247
              4       134.04653       60.177865     0.024475427      0.17412799      0.16148963     -0.32573014      -0.32573014       268.74452                                268.74452
              1       132.57158       60.141266     0.025511333      0.17325453       0.1605449     -0.32573014      -0.32573014       265.79462                                265.79462
              1       132.32576        60.09614     0.025034058      0.17309801      0.16057084     -0.32573014      -0.32573014       265.30297                                265.30297
              3       131.10449        60.09614     0.025034058      0.16734746      0.15067528     -0.32573014      -0.32573014       262.86045                                262.86045
              1       130.25893        60.09614     0.025034058       0.1654935      0.16241064     -0.32573014      -0.32573014       261.16933                                261.16933
              1       133.40165        60.09614     0.025034058      0.15059321      0.17463908     -0.32573014      -0.32573014       267.45476                                267.45476
              1         133.628       60.215213     0.026565002      0.15086374       0.1743863     -0.32573014      -0.32573014       267.90746                                267.90746
              3       129.89245        60.10963     0.028987763      0.14864071      0.17204482     -0.32573014      -0.32573014       260.43637                                260.43637
              3       129.53423        60.10963     0.028987763      0.14057429      0.16258793     -0.32573014      -0.32573014       259.71992                                259.71992
              1       128.27001        60.10963     0.028987763      0.14292453       0.1530487     -0.32573014      -0.32573014       257.19149                                257.19149
              1       127.27447        60.10963     0.028987763       0.1461905      0.15386324     -0.32573014      -0.32573014       255.20039                                255.20039
              3           128.4        60.10963     0.028987763      0.14222535      0.15526434     -0.32573014      -0.32573014       257.45147                                257.45147
              1       128.08464       60.043404     0.028215527      0.14203332      0.15535114     -0.32573014      -0.32573014       256.82075                                256.82075
              1       127.03315       60.043404     0.028215527      0.15140478      0.14656786     -0.32573014      -0.32573014       254.71776                                254.71776
              3        127.7729       60.043404     0.028215527      0.16745888      0.16064067     -0.32573014      -0.32573014       256.19726                                256.19726
              1       127.43236       60.042029     0.028543311      0.16545299       0.1634255     -0.32573014      -0.32573014       255.51619                                255.51619
              2       126.58633       60.042029     0.028543311      0.14588018      0.15568844     -0.32573014      -0.32573014       253.82412                                253.82412
              2       127.42895       60.071435     0.028550377      0.14458669      0.15661425     -0.32573014      -0.32573014       255.50936                                255.50936
              2       126.05425       60.071435     0.028550377      0.15282829      0.15300277     -0.32573014      -0.32573014       252.75996                                252.75996
              1       129.96984       60.071435     0.028550377      0.15130447      0.13838894     -0.32573014      -0.32573014       260.59115                                260.59115
              1       126.38416       60.071435     0.028550377      0.16135214      0.15254373     -0.32573014      -0.32573014       253.41978                                253.41978
              3       126.85426       60.071435     0.028550377      0.14876106       0.1615717     -0.32573014      -0.32573014       254.35998                                254.35998
              5       126.72077        60.05188      0.02838334      0.14867236      0.16155594     -0.32573014      -0.32573014         254.093                                  254.093
              2       126.95765        60.05188      0.02838334      0.16043238      0.16466464     -0.32573014      -0.32573014       254.56675                                254.56675
              4       125.91945        60.05188      0.02838334      0.15954284      0.15751016     -0.32573014      -0.32573014       252.49037                                252.49037
              1       125.25511       60.070822     0.029355734      0.15692117      0.15816412     -0.32573014      -0.32573014       251.16168                                251.16168
              2         125.295       60.070822     0.029355734       0.1538815       0.1522716     -0.32573014      -0.32573014       251.24146                                251.24146
              1       126.15158       60.070822     0.029355734      0.15748923      0.14681247     -0.32573014      -0.32573014       252.95461                                252.95461
              1       126.33579       60.038175     0.028534401      0.15768523      0.14716051     -0.32573014      -0.32573014       253.32303                                253.32303
              5         126.551       60.040833      0.02832119      0.15783575      0.14732687     -0.32573014      -0.32573014       253.75347                                253.75347
              6       125.45649       60.000029     0.028905743      0.15712311      0.14664191     -0.32573014      -0.32573014       251.56444                                251.56444
              1       126.07348       60.000029     0.028905743      0.14534734      0.16089203     -0.32573014      -0.32573014       252.79841                                252.79841
              2        126.4426       60.000029     0.028905743      0.14319089      0.15913457     -0.32573014      -0.32573014       253.53665                                253.53665
              2       126.19553       60.000029     0.028905743      0.15418405      0.16674875     -0.32573014      -0.32573014       253.04252                                253.04252
              4       125.96026       60.042916     0.029828557      0.15401937      0.16640008     -0.32573014      -0.32573014       252.57199                                252.57199
              4       125.36358       60.042916     0.029828557      0.14620179      0.15770182     -0.32573014      -0.32573014       251.37861                                251.37861
              1       129.52004       60.042916     0.029828557          0.1628      0.13637185     -0.32573014      -0.32573014       259.69153                                259.69153
              1       125.75554       60.042916     0.029828557      0.15185354      0.14480292     -0.32573014      -0.32573014       252.16254                                252.16254
              1       129.36965       60.135129     0.027119481      0.15428905      0.14731577     -0.32573014      -0.32573014       259.39075                                259.39075
              1        131.3809       60.135129     0.027119481       0.1592004       0.1410826     -0.32573014      -0.32573014       263.41326                                263.41326
              1       130.65378       60.135129     0.027119481      0.16807439       0.1479759     -0.32573014      -0.32573014       261.95901                                261.95901
              3       130.00897       60.135129     0.027119481      0.16715691      0.14986696     -0.32573014      -0.32573014       260.66941                                260.66941
              3       129.15544       60.135129     0.027119481      0.14915696      0.15211899     -0.32573014      -0.32573014       258.96233                                258.96233
              1       129.05361       60.135129     0.027119481      0.16606197      0.15784577     -0.32573014      -0.32573014       258.75869                                258.75869
              1       130.37282       60.135129     0.027119481      0.17043726      0.15974359     -0.32573014      -0.32573014        261.3971                                 261.3971
              2       130.96315       60.050725     0.025105029      0.17087922      0.16056763     -0.32573014      -0.32573014       262.57777                                262.57777
              2       130.84582       60.050725     0.025105029      0.16521909      0.16863368     -0.32573014      -0.32573014       262.34309                                262.34309
              1       129.41059       60.152463     0.028199453      0.16429036      0.16717724     -0.32573014      -0.32573014       259.47264                                259.47264
              4       128.54115       60.152463     0.028199453      0.15742731      0.16664078     -0.32573014      -0.32573014       257.73376                                257.73376
              4       131.18026       60.298038     0.027611983      0.15907937      0.16804315     -0.32573014      -0.32573014       263.01199                                263.01199
              1       130.16995       60.298038     0.027611983      0.15724601      0.16163476     -0.32573014      -0.32573014       260.99136                                260.99136
              3       129.12849       60.236281     0.027748079      0.15661239      0.16111847     -0.32573014      -0.32573014       258.90844                                258.90844
