#        weight    minuslogpost              H0           ombh2            tf_1            tf_2   minuslogprior minuslogprior__0            chi2 chi2__cx_likelihood_intCAMB.CXLikelihood
             22       125.01666        60.03364     0.029443631      0.15384451      0.16134022     -0.32573014      -0.32573014       250.68478                                250.68478
              1       124.68987       60.011871     0.029491333      0.15384451      0.16134022     -0.32573014      -0.32573014        250.0312                                 250.0312
              2       124.59097       60.011871     0.029491333      0.15534684      0.14912971     -0.32573014      -0.32573014        249.8334                                 249.8334
             74       124.33455       60.011871     0.029491333      0.15709191       0.1577367     -0.32573014      -0.32573014       249.32057                                249.32057
             59       125.19204       60.011871     0.029491333      0.16356623      0.15644275     -0.32573014      -0.32573014       251.03555                                251.03555
              8       124.24165       60.011871     0.029491333      0.15325559      0.15290164     -0.32573014      -0.32573014       249.13477                                249.13477
             10       125.03631       60.056026     0.029365348      0.15325559      0.15290164     -0.32573014      -0.32573014       250.72408                                250.72408
             19       124.87736       60.048705     0.029415458      0.15325559      0.15290164     -0.32573014      -0.32573014       250.40618                                250.40618
             15       125.93757       60.048705     0.029415458      0.16468323      0.15534207     -0.32573014      -0.32573014       252.52659                                252.52659
             18       125.50486       60.048705     0.029415458      0.15204039       0.1623455     -0.32573014      -0.32573014       251.66118                                251.66118
             12       125.80847       60.072254     0.029439313      0.15204039       0.1623455     -0.32573014      -0.32573014        252.2684                                 252.2684
             43       127.47672       60.072254     0.029439313      0.14336809      0.16229221     -0.32573014      -0.32573014       255.60491                                255.60491
             10       126.53446       60.072254     0.029439313      0.14633665      0.14966845     -0.32573014      -0.32573014       253.72039                                253.72039
              8       125.98132       60.072254     0.029439313      0.14758633       0.1521626     -0.32573014      -0.32573014       252.61411                                252.61411
             51       124.69504       60.017933     0.029812495      0.14758633       0.1521626     -0.32573014      -0.32573014       250.04155                                250.04155
             10       124.17736       60.017933     0.029812495      0.15505325      0.15876219     -0.32573014      -0.32573014       249.00617                                249.00617
             20       124.25515       60.017933     0.029812495      0.15479819      0.15949841     -0.32573014      -0.32573014       249.16177                                249.16177
            130       124.05043       60.017933     0.029812495      0.15427371      0.15245316     -0.32573014      -0.32573014       248.75233                                248.75233
             19       124.30028       60.017933     0.029812495      0.15673626      0.15024099     -0.32573014      -0.32573014       249.25201                                249.25201
              3       124.35096       60.017933     0.029812495      0.15155309      0.15930608     -0.32573014      -0.32573014       249.35337                                249.35337
             89       124.03493       60.005342     0.029979313      0.15155309      0.15930608     -0.32573014      -0.32573014       248.72132                                248.72132
              5       125.70477       60.005342     0.029979313      0.16702107      0.15341877     -0.32573014      -0.32573014         252.061                                  252.061
             28       126.48053       60.066987     0.029924968      0.16702107      0.15341877     -0.32573014      -0.32573014       253.61252                                253.61252
              5       126.69031       60.066987     0.029924968      0.16659678      0.16067931     -0.32573014      -0.32573014       254.03207                                254.03207
             12       128.13204       60.105423     0.028350507      0.16659678      0.16067931     -0.32573014      -0.32573014       256.91555                                256.91555
             12       126.88692       60.105423     0.028350507       0.1507417      0.15697768     -0.32573014      -0.32573014       254.42529                                254.42529
             48        126.7728       60.105423     0.028350507      0.15177615      0.15762456     -0.32573014      -0.32573014       254.19705                                254.19705
             40       128.08779       60.105423     0.028350507      0.15987079      0.16693442     -0.32573014      -0.32573014       256.82703                                256.82703
             29       128.13635       60.120023     0.028526563      0.15987079      0.16693442     -0.32573014      -0.32573014       256.92416                                256.92416
              9       128.39764       60.120023     0.028526563      0.15808017      0.16831087     -0.32573014      -0.32573014       257.44675                                257.44675
              2       128.40613       60.120773     0.028526869      0.15808017      0.16831087     -0.32573014      -0.32573014       257.46371                                257.46371
             21       128.21807       60.103607     0.028512016      0.15808017      0.16831087     -0.32573014      -0.32573014       257.08761                                257.08761
              4       128.09574       60.117033     0.028919829      0.15808017      0.16831087     -0.32573014      -0.32573014       256.84295                                256.84295
             18       127.35142       60.062639     0.029118806      0.15808017      0.16831087     -0.32573014      -0.32573014        255.3543                                 255.3543
              1       126.19631       60.062639     0.029118806      0.15042994      0.16286061     -0.32573014      -0.32573014       253.04409                                253.04409
             39        126.0208       60.050661     0.029113141      0.15042994      0.16286061     -0.32573014      -0.32573014       252.69305                                252.69305
             41       127.33694       60.050661     0.029113141      0.15012183      0.16796499     -0.32573014      -0.32573014       255.32535                                255.32535
              3       129.29708       60.192012     0.029031709      0.15012183      0.16796499     -0.32573014      -0.32573014       259.24562                                259.24562
             26       126.82267       60.029239     0.029446478      0.15012183      0.16796499     -0.32573014      -0.32573014       254.29679                                254.29679
             42       125.93712       60.029239     0.029446478      0.14919513      0.16433116     -0.32573014      -0.32573014        252.5257                                 252.5257
             27       125.63215       60.029239     0.029446478      0.15964731      0.14669337     -0.32573014      -0.32573014       251.91575                                251.91575
              6       125.72922       60.029239     0.029446478      0.15966349      0.14625551     -0.32573014      -0.32573014       252.10989                                252.10989
              2       127.09933        60.12164     0.029530828      0.15966349      0.14625551     -0.32573014      -0.32573014       254.85011                                254.85011
             62       125.19214       60.006568     0.029656885      0.15966349      0.14625551     -0.32573014      -0.32573014       251.03574                                251.03574
             29       125.43111       60.006568     0.029656885      0.15498391      0.14393265     -0.32573014      -0.32573014       251.51367                                251.51367
             54       125.13961       60.006568     0.029656885      0.15525981       0.1450735     -0.32573014      -0.32573014       250.93068                                250.93068
             65       125.23442       60.006568     0.029656885      0.15435624      0.14467234     -0.32573014      -0.32573014        251.1203                                 251.1203
             26       125.70215       60.006568     0.029656885      0.16446845      0.16115327     -0.32573014      -0.32573014       252.05576                                252.05576
             54       125.66905       60.006568     0.029656885      0.16441025      0.16103687     -0.32573014      -0.32573014       251.98956                                251.98956
             39       125.11018       60.006568     0.029656885      0.15809416      0.16374014     -0.32573014      -0.32573014       250.87181                                250.87181
              8       126.69748       60.142352     0.029712774      0.15809416      0.16374014     -0.32573014      -0.32573014       254.04643                                254.04643
             23       126.55984       60.142352     0.029712774      0.15722761      0.16323038     -0.32573014      -0.32573014       253.77115                                253.77115
             33       126.22883       60.142352     0.029712774      0.15628604      0.16127739     -0.32573014      -0.32573014       253.10912                                253.10912
             23       126.00571       60.123932     0.029684937      0.15628604      0.16127739     -0.32573014      -0.32573014       252.66287                                252.66287
             34       124.42303       60.004571     0.029743829      0.15628604      0.16127739     -0.32573014      -0.32573014       249.49752                                249.49752
             74       124.39714       60.002679     0.029746633      0.15628604      0.16127739     -0.32573014      -0.32573014       249.44574                                249.44574
              2       125.43008       60.087089     0.029804868      0.15628604      0.16127739     -0.32573014      -0.32573014       251.51162                                251.51162
             18       124.76094       60.038628     0.029866634      0.15628604      0.16127739     -0.32573014      -0.32573014       250.17334                                250.17334
             22       124.75782       60.038628     0.029866634      0.15647115       0.1612091     -0.32573014      -0.32573014       250.16709                                250.16709
             25       124.77376       60.038628     0.029866634      0.15386923      0.16147888     -0.32573014      -0.32573014       250.19898                                250.19898
             49       124.43242       60.038628     0.029866634      0.15116208      0.15328231     -0.32573014      -0.32573014       249.51631                                249.51631
            104       124.49706       60.013212     0.029362225      0.15116208      0.15328231     -0.32573014      -0.32573014       249.64558                                249.64558
             24       124.75352       60.013212     0.029362225      0.14956149      0.15200897     -0.32573014      -0.32573014       250.15849                                250.15849
             16       128.10441       60.204385     0.029253503      0.14956149      0.15200897     -0.32573014      -0.32573014       256.86028                                256.86028
              4       128.50107       60.204385     0.029253503      0.14748646      0.15226592     -0.32573014      -0.32573014        257.6536                                 257.6536
              5       129.08358       60.202507     0.028672046      0.14748646      0.15226592     -0.32573014      -0.32573014       258.81862                                258.81862
              3        129.0076       60.198198     0.028670072      0.14748646      0.15226592     -0.32573014      -0.32573014       258.66665                                258.66665
              5       126.24463        60.01713     0.028244119      0.14748646      0.15226592     -0.32573014      -0.32573014       253.14071                                253.14071
             32       125.99607        60.01713     0.028244119      0.14806117      0.15498637     -0.32573014      -0.32573014        252.6436                                 252.6436
             35       126.03823       60.070415     0.029112243      0.14806117      0.15498637     -0.32573014      -0.32573014       252.72791                                252.72791
              1        126.2926       60.119494     0.029686699      0.14806117      0.15498637     -0.32573014      -0.32573014       253.23665                                253.23665
              7       125.94567       60.119494     0.029686699      0.15011052      0.15548484     -0.32573014      -0.32573014       252.54281                                252.54281
             26       125.88816       60.028094     0.028187428      0.15011052      0.15548484     -0.32573014      -0.32573014       252.42778                                252.42778
              9       124.98688       60.050226     0.029540762      0.15011052      0.15548484     -0.32573014      -0.32573014       250.62523                                250.62523
             34       125.08415       60.050226     0.029540762      0.15193597       0.1600056     -0.32573014      -0.32573014       250.81975                                250.81975
            112        124.8064       60.050226     0.029540762      0.15236182      0.15699314     -0.32573014      -0.32573014       250.26426                                250.26426
             80       124.94531       60.050226     0.029540762      0.15319707      0.15101641     -0.32573014      -0.32573014       250.54207                                250.54207
             40       124.35736        60.01442     0.029564001      0.15319707      0.15101641     -0.32573014      -0.32573014       249.36618                                249.36618
             14       124.16252        60.01442     0.029564001      0.15467331      0.15350966     -0.32573014      -0.32573014        248.9765                                 248.9765
             16       124.19124        60.01442     0.029564001      0.15669872      0.15447927     -0.32573014      -0.32573014       249.03395                                249.03395
             16        124.1538        60.01442     0.029564001      0.15566451      0.15548192     -0.32573014      -0.32573014       248.95906                                248.95906
             58       124.14275        60.01442     0.029564001      0.15429656       0.1553949     -0.32573014      -0.32573014       248.93696                                248.93696
            119       124.18678        60.01442     0.029564001      0.15633478      0.15599629     -0.32573014      -0.32573014       249.02502                                249.02502
             36       124.23859        60.01442     0.029564001      0.15688024      0.15669542     -0.32573014      -0.32573014       249.12864                                249.12864
             61       124.96514       60.091213     0.029970365      0.15688024      0.15669542     -0.32573014      -0.32573014       250.58175                                250.58175
             47       124.96956       60.091213     0.029970365      0.15706934      0.15655873     -0.32573014      -0.32573014       250.59058                                250.59058
              1       125.31046       60.091213     0.029970365       0.1600847       0.1581695     -0.32573014      -0.32573014       251.27238                                251.27238
             12       125.50454       60.091213     0.029970365      0.15828469      0.16153908     -0.32573014      -0.32573014       251.66055                                251.66055
             29       125.22932       60.050031     0.029648125      0.15828469      0.16153908     -0.32573014      -0.32573014       251.11011                                251.11011
             31       126.46768       60.038232     0.027775938      0.15828469      0.16153908     -0.32573014      -0.32573014       253.58682                                253.58682
             46       127.22695       60.038232     0.027775938      0.14610292      0.15652871     -0.32573014      -0.32573014       255.10536                                255.10536
             18       126.27859       60.038232     0.027775938      0.15420452      0.16033893     -0.32573014      -0.32573014       253.20864                                253.20864
             60       125.89912       60.086483     0.029060328      0.15420452      0.16033893     -0.32573014      -0.32573014       252.44969                                252.44969
             32       124.76504       60.036048     0.029610234      0.15420452      0.16033893     -0.32573014      -0.32573014       250.18153                                250.18153
              2       124.93115       60.036048     0.029610234      0.15143868      0.16050019     -0.32573014      -0.32573014       250.51376                                250.51376
             35       126.41276       60.036048     0.029610234      0.14930217        0.166381     -0.32573014      -0.32573014       253.47698                                253.47698
              1       126.72614       60.036048     0.029610234      0.16790452      0.15849749     -0.32573014      -0.32573014       254.10374                                254.10374
             47       126.65579       60.029543     0.029611366      0.16790452      0.15849749     -0.32573014      -0.32573014       253.96303                                253.96303
             43       125.38608       60.029543     0.029611366      0.16307567       0.1589898     -0.32573014      -0.32573014       251.42362                                251.42362
             16       124.60552       60.029543     0.029611366      0.15947232      0.15406573     -0.32573014      -0.32573014        249.8625                                 249.8625
             63       124.67016       60.029543     0.029611366       0.1495704       0.1555463     -0.32573014      -0.32573014       249.99179                                249.99179
             66       124.51986       60.029543     0.029611366      0.15340226      0.15126237     -0.32573014      -0.32573014       249.69119                                249.69119
              5       125.92914       60.029543     0.029611366      0.14623632       0.1623494     -0.32573014      -0.32573014       252.50975                                252.50975
            123       125.85813       60.025526     0.029624774      0.14623632       0.1623494     -0.32573014      -0.32573014       252.36772                                252.36772
            117       124.53919       60.025526     0.029624774      0.15327518      0.15956006     -0.32573014      -0.32573014       249.72983                                249.72983
             13       124.48142       60.021966     0.029635481      0.15327518      0.15956006     -0.32573014      -0.32573014        249.6143                                 249.6143
             18       125.40667       60.021966     0.029635481      0.15271784      0.16458227     -0.32573014      -0.32573014        251.4648                                 251.4648
             54       124.92434       60.021966     0.029635481      0.15698169      0.14762713     -0.32573014      -0.32573014       250.50014                                250.50014
              7       125.15059       60.021966     0.029635481      0.16046286      0.14836198     -0.32573014      -0.32573014       250.95265                                250.95265
              6       125.82724       60.021966     0.029635481      0.16237338      0.14650611     -0.32573014      -0.32573014       252.30595                                252.30595
             30       126.65711       60.098179     0.029979388      0.16237338      0.14650611     -0.32573014      -0.32573014       253.96569                                253.96569
             39       125.79309       60.038269     0.029953334      0.16237338      0.14650611     -0.32573014      -0.32573014       252.23763                                252.23763
            147       125.74672       60.035002     0.029951759      0.16237338      0.14650611     -0.32573014      -0.32573014        252.1449                                 252.1449
             18       125.13945       60.035002     0.029951759      0.15966616      0.14735193     -0.32573014      -0.32573014       250.93035                                250.93035
             70       125.48647       60.035002     0.029951759      0.16066917      0.16346156     -0.32573014      -0.32573014        251.6244                                 251.6244
            117       124.54006       60.035002     0.029951759      0.15964022      0.15798503     -0.32573014      -0.32573014       249.73159                                249.73159
             58       125.54723       60.072936     0.029264373      0.15964022      0.15798503     -0.32573014      -0.32573014       251.74593                                251.74593
             28       125.56601       60.072936     0.029264373      0.15905234      0.15905006     -0.32573014      -0.32573014       251.78348                                251.78348
              4       125.65171       60.072936     0.029264373      0.16040041      0.15821613     -0.32573014      -0.32573014       251.95489                                251.95489
              1       126.12182       60.072936     0.029264373      0.16322098      0.15832893     -0.32573014      -0.32573014        252.8951                                 252.8951
              1       126.18669       60.078672     0.029255964      0.16322098      0.15832893     -0.32573014      -0.32573014       253.02483                                253.02483
              5       125.81917       60.078672     0.029255964      0.16140214       0.1574777     -0.32573014      -0.32573014       252.28981                                252.28981
              6       127.57121       60.078672     0.029255964      0.16470383      0.14607656     -0.32573014      -0.32573014       255.79388                                255.79388
              2       127.81522       60.078672     0.029255964      0.15225421      0.14193882     -0.32573014      -0.32573014       256.28189                                256.28189
              1       130.36796       60.037958     0.028768432      0.16763835      0.13940415     -0.32573014      -0.32573014       261.38738                                261.38738
              2       125.96863       60.037958     0.028768432      0.16086819      0.14977656     -0.32573014      -0.32573014       252.58873                                252.58873
              1       126.12838       60.037958     0.028768432      0.16061501       0.1485614     -0.32573014      -0.32573014       252.90823                                252.90823
              1       127.02293       60.037958     0.028768432      0.16723873      0.15759736     -0.32573014      -0.32573014       254.69731                                254.69731
              1       127.47886        60.12577     0.029320462      0.16655624      0.15810942     -0.32573014      -0.32573014       255.60918                                255.60918
              1       126.96756        60.12577     0.029320462      0.16409328      0.15936913     -0.32573014      -0.32573014       254.58658                                254.58658
              1       127.02196        60.12577     0.029320462      0.16221604      0.14946212     -0.32573014      -0.32573014       254.69538                                254.69538
              2        127.2938        60.12577     0.029320462      0.14748948      0.15005833     -0.32573014      -0.32573014       255.23905                                255.23905
              1       126.12946        60.12577     0.029320462      0.15366399      0.15904008     -0.32573014      -0.32573014       252.91039                                252.91039
              1       126.36269       60.145292     0.029404678      0.15350896      0.15920963     -0.32573014      -0.32573014       253.37685                                253.37685
              2       126.41577       60.145292     0.029404678      0.16025943      0.15529121     -0.32573014      -0.32573014       253.48301                                253.48301
              3       126.32656       60.145292     0.029404678      0.15689274      0.15957353     -0.32573014      -0.32573014       253.30459                                253.30459
              2       126.30411       60.145292     0.029404678      0.15671597       0.1593479     -0.32573014      -0.32573014       253.25968                                253.25968
              1        127.5145       60.145292     0.029404678      0.16212276      0.16444333     -0.32573014      -0.32573014       255.68047                                255.68047
              3       127.63439       60.145292     0.029404678      0.16493071      0.16207466     -0.32573014      -0.32573014       255.92024                                255.92024
              1       127.30952       60.059097     0.028653312      0.16558271      0.16187509     -0.32573014      -0.32573014       255.27051                                255.27051
              1       127.68844       60.059097     0.028653312      0.15463776      0.16874453     -0.32573014      -0.32573014       256.02834                                256.02834
              1       126.05842       60.059097     0.028653312      0.15252673       0.1612375     -0.32573014      -0.32573014        252.7683                                 252.7683
              4       125.44674       60.028243     0.028749888      0.15279139      0.16063728     -0.32573014      -0.32573014       251.54493                                251.54493
              2       125.94811       60.028243     0.028749888      0.14849002       0.1503144     -0.32573014      -0.32573014       252.54768                                252.54768
              1       126.10988       60.028243     0.028749888      0.14714398      0.15109426     -0.32573014      -0.32573014       252.87122                                252.87122
              3       125.69567       60.028243     0.028749888      0.15588518      0.16269107     -0.32573014      -0.32573014       252.04279                                252.04279
              1       125.26213       60.028243     0.028749888      0.15458069      0.15967724     -0.32573014      -0.32573014       251.17572                                251.17572
              1       125.19844       60.028243     0.028749888       0.1564032      0.15889649     -0.32573014      -0.32573014       251.04835                                251.04835
              2       125.47678       60.028243     0.028749888       0.1611023      0.15475093     -0.32573014      -0.32573014       251.60502                                251.60502
              4       127.40337       60.028243     0.028749888      0.15395194      0.16912668     -0.32573014      -0.32573014        255.4582                                 255.4582
              3       126.69147       60.028243     0.028749888      0.16174895       0.1648929     -0.32573014      -0.32573014        254.0344                                 254.0344
              1       125.91876       60.023412     0.029490093      0.16185245      0.16374997     -0.32573014      -0.32573014       252.48898                                252.48898
              3       125.99499       60.023412     0.029490093      0.16173843      0.16417952     -0.32573014      -0.32573014       252.64143                                252.64143
              2       125.96227       60.021895      0.02950375      0.16175221      0.16413713     -0.32573014      -0.32573014         252.576                                  252.576
              2        125.5933       60.018433      0.02984641      0.16181031      0.16358974     -0.32573014      -0.32573014       251.83806                                251.83806
              3       125.43985       60.018433      0.02984641      0.15823775      0.16502063     -0.32573014      -0.32573014       251.53116                                251.53116
              1       126.30824       60.060733     0.029607417      0.15786577      0.16599774     -0.32573014      -0.32573014       253.26793                                253.26793
              6       124.92751       60.060733     0.029607417      0.15807964      0.15711073     -0.32573014      -0.32573014       250.50648                                250.50648
              1       125.11242       60.060733     0.029607417      0.15106565      0.15855354     -0.32573014      -0.32573014       250.87629                                250.87629
              6       125.49983       60.060733     0.029607417      0.14828501      0.15859027     -0.32573014      -0.32573014       251.65112                                251.65112
              1       124.14921       60.003888     0.029948454      0.14878659      0.15724845     -0.32573014      -0.32573014       248.94988                                248.94988
              2        124.5596       60.014071     0.029715538      0.14868204      0.15773738     -0.32573014      -0.32573014       249.77067                                249.77067
              1       128.34171       60.014071     0.029715538      0.17029578      0.14505823     -0.32573014      -0.32573014       257.33488                                257.33488
              5       124.30106       60.014071     0.029715538      0.15048644       0.1523181     -0.32573014      -0.32573014       249.25358                                249.25358
              4       124.25239       60.014071     0.029715538      0.15318177      0.15062949     -0.32573014      -0.32573014       249.15625                                249.15625
              3       124.47944       60.014071     0.029715538       0.1549364      0.14869212     -0.32573014      -0.32573014       249.61034                                249.61034
              3       124.40918       60.014071     0.029715538      0.15920986      0.15154571     -0.32573014      -0.32573014       249.46982                                249.46982
              3       124.19756       60.004966     0.029864532      0.15929827      0.15119427     -0.32573014      -0.32573014       249.04658                                249.04658
              4       124.80017       60.004966     0.029864532      0.15680678      0.14582962     -0.32573014      -0.32573014       250.25179                                250.25179
              5        123.9227       60.004966     0.029864532      0.15389179      0.15097048     -0.32573014      -0.32573014       248.49686                                248.49686
              1       123.91075       60.004966     0.029864532      0.15390044      0.15109984     -0.32573014      -0.32573014       248.47295                                248.47295
              4       123.86453       60.004966     0.029864532      0.15325454      0.15185526     -0.32573014      -0.32573014       248.38052                                248.38052
              1       123.80382       60.004966     0.029864532      0.15295927      0.15618539     -0.32573014      -0.32573014        248.2591                                 248.2591
              1        124.5359       60.004966     0.029864532      0.15055742      0.16155226     -0.32573014      -0.32573014       249.72326                                249.72326
              3       125.28969       60.004966     0.029864532      0.14416634      0.15858585     -0.32573014      -0.32573014       251.23083                                251.23083
              8        124.4803       60.004966     0.029864532      0.14715321      0.15260536     -0.32573014      -0.32573014       249.61207                                249.61207
              4       123.96646       60.004966     0.029864532      0.15592424      0.15075843     -0.32573014      -0.32573014       248.58437                                248.58437
              3       123.90601       60.004966     0.029864532      0.15401622      0.15820544     -0.32573014      -0.32573014       248.46348                                248.46348
              1       124.32434       60.004966     0.029864532      0.15968004      0.15039671     -0.32573014      -0.32573014       249.30015                                249.30015
              1       123.80966       60.004966     0.029864532      0.15496438      0.15685416     -0.32573014      -0.32573014       248.27078                                248.27078
              3       124.75956       60.004966     0.029864532      0.14742636      0.14915393     -0.32573014      -0.32573014       250.17058                                250.17058
              1       123.89835       60.004966     0.029864532      0.15312589      0.15787808     -0.32573014      -0.32573014       248.44815                                248.44815
              1       123.89906       60.004914      0.02986292      0.15312619      0.15787963     -0.32573014      -0.32573014       248.44958                                248.44958
              3       123.75093       60.004914      0.02986292      0.15469063      0.15416595     -0.32573014      -0.32573014       248.15331                                248.15331
              2       124.27627       60.004914      0.02986292       0.1535068      0.14825555     -0.32573014      -0.32573014         249.204                                  249.204
              4       124.72214       60.023774     0.029612072       0.1533286      0.14889995     -0.32573014      -0.32573014       250.09574                                250.09574
              6         124.407       60.023774     0.029612072      0.15230752      0.15217954     -0.32573014      -0.32573014       249.46546                                249.46546
              2       125.71216       60.023774     0.029612072      0.14823508      0.16360311     -0.32573014      -0.32573014       252.07578                                252.07578
              2       124.54466       60.023774     0.029612072      0.15925095      0.15288802     -0.32573014      -0.32573014       249.74078                                249.74078
              1       124.47938       60.023774     0.029612072      0.15915671      0.15494688     -0.32573014      -0.32573014       249.61021                                249.61021
              2       124.45991       60.023774     0.029612072      0.15897933      0.15490884     -0.32573014      -0.32573014       249.57128                                249.57128
              2       125.41979       60.023774     0.029612072      0.15187721      0.14569864     -0.32573014      -0.32573014       251.49103                                251.49103
              6       124.26427       60.023774     0.029612072      0.15343512      0.15584315     -0.32573014      -0.32573014          249.18                                   249.18
              2       125.01139       60.023774     0.029612072      0.14699228      0.15586046     -0.32573014      -0.32573014       250.67424                                250.67424
              2       124.79451       60.023774     0.029612072      0.15832553      0.14933494     -0.32573014      -0.32573014       250.24049                                250.24049
              2       124.82047       60.023774     0.029612072      0.15811517      0.14902909     -0.32573014      -0.32573014        250.2924                                 250.2924
              2       126.07796       60.023774     0.029612072      0.16678479      0.15487189     -0.32573014      -0.32573014       252.80739                                252.80739
              2       127.05442       60.032131     0.028307392      0.16660369      0.15688403     -0.32573014      -0.32573014        254.7603                                 254.7603
              7       126.12362       60.032131     0.028307392      0.16176573      0.15925461     -0.32573014      -0.32573014        252.8987                                 252.8987
              1       124.75383       60.001854     0.029548373      0.16212354      0.15700745     -0.32573014      -0.32573014       250.15913                                250.15913
              4       124.73873       60.001854     0.029548373      0.16195387       0.1572977     -0.32573014      -0.32573014       250.12892                                250.12892
              5       124.73843       60.001854     0.029548373      0.16193532      0.15734803     -0.32573014      -0.32573014       250.12833                                250.12833
              1       126.75381       60.001854     0.029548373      0.15157389      0.16937179     -0.32573014      -0.32573014       254.15909                                254.15909
              1       126.73262       60.001702     0.029563351      0.15157643      0.16934786     -0.32573014      -0.32573014        254.1167                                 254.1167
              1       126.47641       60.001702     0.029563351      0.15175417      0.16866818     -0.32573014      -0.32573014       253.60428                                253.60428
              2       125.54107       60.001702     0.029563351      0.16016697       0.1645195     -0.32573014      -0.32573014        251.7336                                 251.7336
              2       125.32492       60.001702     0.029563351      0.15700715      0.16494636     -0.32573014      -0.32573014       251.30129                                251.30129
              4       125.83169       60.001702     0.029563351      0.16662179      0.15329532     -0.32573014      -0.32573014       252.31484                                252.31484
              1       126.42686        60.05081     0.029341432      0.16619471      0.15434932     -0.32573014      -0.32573014       253.50519                                253.50519
              3       125.91975        60.05081     0.029341432      0.14750262      0.16039802     -0.32573014      -0.32573014       252.49096                                252.49096
              1       125.54453        60.05081     0.029341432      0.15509397      0.16275724     -0.32573014      -0.32573014       251.74053                                251.74053
              1       125.04145        60.05081     0.029341432      0.15707131      0.15204308     -0.32573014      -0.32573014       250.73436                                250.73436
              1       125.38822        60.05081     0.029341432      0.16074646      0.15212098     -0.32573014      -0.32573014        251.4279                                 251.4279
              1        126.7695        60.05081     0.029341432      0.15936003      0.14377764     -0.32573014      -0.32573014       254.19046                                254.19046
              1       126.71605       60.002184     0.028423414      0.15968555      0.14437991     -0.32573014      -0.32573014       254.08356                                254.08356
              6       126.44895       60.002184     0.028423414      0.15834781      0.14488256     -0.32573014      -0.32573014       253.54937                                253.54937
              1       126.86443       60.002184     0.028423414      0.16684582      0.15934966     -0.32573014      -0.32573014       254.38031                                254.38031
              1       127.13981       60.002184     0.028423414      0.16126739      0.16714064     -0.32573014      -0.32573014       254.93109                                254.93109
              1       125.98735       60.002184     0.028423414      0.15815282      0.16405387     -0.32573014      -0.32573014       252.62616                                252.62616
              2       125.98742       60.002184     0.028423414      0.15818497      0.16404291     -0.32573014      -0.32573014       252.62629                                252.62629
              2        126.9574       60.002184     0.028423414      0.16749138      0.15810336     -0.32573014      -0.32573014       254.56627                                254.56627
              2       127.46361       60.002184     0.028423414      0.16889464      0.15864101     -0.32573014      -0.32573014       255.57869                                255.57869
              1       127.56313       60.002184     0.028423414      0.16910312      0.15894509     -0.32573014      -0.32573014       255.77771                                255.77771
              1       127.03405       60.002184     0.028423414      0.16607985      0.16222484     -0.32573014      -0.32573014       254.71956                                254.71956
              1       127.92428       60.002184     0.028423414       0.1695639      0.15009309     -0.32573014      -0.32573014       256.50001                                256.50001
              1       127.86979       60.055322     0.029316206      0.16919872      0.14959465     -0.32573014      -0.32573014       256.39105                                256.39105
              3       129.22375       60.055322     0.029316206      0.17329669      0.15257163     -0.32573014      -0.32573014       259.09896                                259.09896
              1       125.19768       60.055322     0.029316206      0.15849416      0.15844692     -0.32573014      -0.32573014       251.04683                                251.04683
              6       125.25584       60.055322     0.029316206      0.15774185      0.15113449     -0.32573014      -0.32573014       251.16314                                251.16314
              3       125.17585       60.055322     0.029316206       0.1591594      0.15380603     -0.32573014      -0.32573014       251.00316                                251.00316
              1       126.16349        60.03176     0.027660088      0.15921347      0.15585017     -0.32573014      -0.32573014       252.97843                                252.97843
             10        126.5067        60.03176     0.027660088      0.15874271       0.1505536     -0.32573014      -0.32573014       253.66485                                253.66485
              2       126.12585       60.095726     0.029415965      0.15836142       0.1489682     -0.32573014      -0.32573014       252.90316                                252.90316
              4       126.20375       60.095726     0.029415965      0.15235414      0.14865562     -0.32573014      -0.32573014       253.05895                                253.05895
              2        125.9687       60.095726     0.029415965      0.16165376      0.15394927     -0.32573014      -0.32573014       252.58886                                252.58886
              1       126.64798       60.095726     0.029415965      0.15244804       0.1649952     -0.32573014      -0.32573014       253.94742                                253.94742
              7        125.9851       60.095726     0.029415965      0.15373165      0.16201247     -0.32573014      -0.32573014       252.62165                                252.62165
              4       126.09967       60.095726     0.029415965       0.1486082      0.15759993     -0.32573014      -0.32573014        252.8508                                 252.8508
              6       126.84581       60.095726     0.029415965      0.14828648      0.16335664     -0.32573014      -0.32573014       254.34308                                254.34308
              1       124.99734       60.025459      0.02990696      0.14891242      0.16159757     -0.32573014      -0.32573014       250.64614                                250.64614
              2       125.12619       60.025459      0.02990696      0.15788417      0.14599081     -0.32573014      -0.32573014       250.90384                                250.90384
              1        124.6793       60.025459      0.02990696      0.15122807      0.14836667     -0.32573014      -0.32573014       250.01007                                250.01007
              1       124.38073       60.025459      0.02990696      0.15239877      0.14985896     -0.32573014      -0.32573014       249.41291                                249.41291
              2        125.3718       60.025459      0.02990696      0.14603149      0.16064397     -0.32573014      -0.32573014       251.39507                                251.39507
              2       125.18994       60.023104     0.029909606      0.16397124      0.15201121     -0.32573014      -0.32573014       251.03133                                251.03133
              1       125.34606       60.023104     0.029909606      0.15922397      0.16417412     -0.32573014      -0.32573014       251.34358                                251.34358
              1       124.07551       60.023104     0.029909606      0.15727656      0.15376902     -0.32573014      -0.32573014       248.80248                                248.80248
              1       124.09117       60.014128     0.029739274      0.15733658      0.15388146     -0.32573014      -0.32573014        248.8338                                 248.8338
              2       124.06886       60.014128     0.029739274      0.15672937      0.15626614     -0.32573014      -0.32573014       248.78918                                248.78918
              1       124.94489       60.014128     0.029739274       0.1560419      0.16343371     -0.32573014      -0.32573014       250.54125                                250.54125
              2       124.98977       60.013645     0.029688502      0.15604157      0.16349995     -0.32573014      -0.32573014       250.63099                                250.63099
              3       124.09782       60.013645     0.029688502       0.1521883      0.15514408     -0.32573014      -0.32573014       248.84711                                248.84711
              6       125.07878       60.013645     0.029688502      0.14610291      0.15807211     -0.32573014      -0.32573014       250.80902                                250.80902
              2       124.86055       60.013645     0.029688502      0.14760405      0.15893392     -0.32573014      -0.32573014       250.37257                                250.37257
              1       124.83234       60.021729      0.02989862      0.14744009      0.15899299     -0.32573014      -0.32573014       250.31615                                250.31615
              4       124.02173       60.021729      0.02989862       0.1567109      0.15541373     -0.32573014      -0.32573014       248.69492                                248.69492
              1       125.03841       60.021729      0.02989862      0.16087589       0.1615637     -0.32573014      -0.32573014       250.72828                                250.72828
              1        124.4079       60.021729      0.02989862      0.16027203      0.15310473     -0.32573014      -0.32573014       249.46725                                249.46725
              1       125.04678       60.021729      0.02989862      0.15162094      0.14600186     -0.32573014      -0.32573014       250.74503                                250.74503
              2       126.03035       60.012026     0.028655399      0.15300943      0.14603315     -0.32573014      -0.32573014       252.71216                                252.71216
              5       125.03733       60.012026     0.028655399      0.15830022      0.15373429     -0.32573014      -0.32573014       250.72613                                250.72613
              1       126.59189       60.012026     0.028655399      0.16080463      0.14517165     -0.32573014      -0.32573014       253.83523                                253.83523
              3       124.39268       60.009719     0.029433642      0.15502466      0.15084195     -0.32573014      -0.32573014       249.43681                                249.43681
              1       125.74411       60.050504     0.028598041      0.15647696      0.15133539     -0.32573014      -0.32573014       252.13969                                252.13969
              1       126.30842       60.050504     0.028598041      0.16352758      0.15520943     -0.32573014      -0.32573014       253.26831                                253.26831
              6       127.46175       60.189247      0.02953177      0.16392711      0.15649867     -0.32573014      -0.32573014       255.57496                                255.57496
              1       127.95503       60.189247      0.02953177      0.15579981      0.14662009     -0.32573014      -0.32573014       256.56153                                256.56153
              2       126.91763       60.189247      0.02953177      0.15266655      0.15802965     -0.32573014      -0.32573014       254.48672                                254.48672
              9       126.27091       60.136279     0.029505369      0.15163984      0.15861016     -0.32573014      -0.32573014       253.19327                                253.19327
              1         126.746       60.136279     0.029505369       0.1521102      0.16298362     -0.32573014      -0.32573014       254.14346                                254.14346
              1       127.04028       60.096461     0.028309232      0.15311165      0.16270932     -0.32573014      -0.32573014       254.73201                                254.73201
              2       126.99771       60.096461     0.028309232       0.1573745      0.16301419     -0.32573014      -0.32573014       254.64688                                254.64688
              4        127.0628       60.096461     0.028309232        0.153956      0.14944655     -0.32573014      -0.32573014       254.77705                                254.77705
              2       127.24457       60.096461     0.028309232      0.15579694      0.14817915     -0.32573014      -0.32573014        255.1406                                 255.1406
              2       126.55014        60.08433     0.028862276      0.15499881      0.14800099     -0.32573014      -0.32573014       253.75174                                253.75174
              1       126.60703        60.08433     0.028862276      0.15402863      0.14786348     -0.32573014      -0.32573014       253.86551                                253.86551
              1       126.18092       60.049446     0.028779849        0.153745      0.14752362     -0.32573014      -0.32573014        253.0133                                 253.0133
              3       125.71459       60.049446     0.028779849       0.1584602      0.15091958     -0.32573014      -0.32573014       252.08063                                252.08063
              4       125.57995       60.049446     0.028779849      0.15944743      0.15351952     -0.32573014      -0.32573014       251.81137                                251.81137
              2       125.61826       60.049446     0.028779849      0.15986347       0.1536477     -0.32573014      -0.32573014       251.88798                                251.88798
              1       125.35256       60.049446     0.028779849      0.15410425      0.15667474     -0.32573014      -0.32573014       251.35657                                251.35657
              1       125.36676       60.051828      0.02880477      0.15410041      0.15669595     -0.32573014      -0.32573014       251.38498                                251.38498
              2       125.72697       60.051828      0.02880477      0.16065626      0.15760764     -0.32573014      -0.32573014        252.1054                                 252.1054
              2       124.90533       60.034431     0.029416387      0.15972991      0.15737085     -0.32573014      -0.32573014       250.46212                                250.46212
              1       124.86904       60.034431     0.029416387      0.15937617      0.15746297     -0.32573014      -0.32573014       250.38953                                250.38953
              5        124.7457       60.034431     0.029416387       0.1586209      0.15388722     -0.32573014      -0.32573014       250.14285                                250.14285
              1       125.75495       60.034431     0.029416387      0.14597343      0.15146597     -0.32573014      -0.32573014       252.16137                                252.16137
              3       125.23028       60.034431     0.029416387      0.15391652      0.14791002     -0.32573014      -0.32573014       251.11203                                251.11203
              5       124.71819       60.034431     0.029416387      0.15483904      0.15878672     -0.32573014      -0.32573014       250.08785                                250.08785
              1       126.93047       60.034431     0.029416387      0.14486059      0.16442485     -0.32573014      -0.32573014       254.51239                                254.51239
              3       125.75203       60.034431     0.029416387       0.1474534      0.14898758     -0.32573014      -0.32573014       252.15553                                252.15553
              1       125.51099       60.034431     0.029416387      0.15607818      0.14651932     -0.32573014      -0.32573014       251.67344                                251.67344
              2       125.05028       60.034431     0.029416387      0.15913889      0.15983242     -0.32573014      -0.32573014       250.75201                                250.75201
              2       125.93608       60.034431     0.029416387      0.16535957      0.15551773     -0.32573014      -0.32573014       252.52362                                252.52362
              2       126.08719       60.034431     0.029416387      0.15862949      0.16557359     -0.32573014      -0.32573014       252.82585                                252.82585
              1        126.0624       60.034431     0.029416387      0.14446796      0.15226449     -0.32573014      -0.32573014       252.77626                                252.77626
              3       124.83571       60.034431     0.029416387      0.15683016      0.15951383     -0.32573014      -0.32573014       250.32288                                250.32288
              1       125.03088       60.034431     0.029416387      0.16103418      0.15448743     -0.32573014      -0.32573014       250.71322                                250.71322
              2       125.47182       60.034431     0.029416387      0.16327929      0.15351941     -0.32573014      -0.32573014       251.59511                                251.59511
              1       125.59584       60.008367      0.02891341      0.16359814        0.153311     -0.32573014      -0.32573014       251.84315                                251.84315
              3       126.05488       60.008367      0.02891341      0.14691996       0.1481605     -0.32573014      -0.32573014       252.76123                                252.76123
              1       128.93208       60.008367      0.02891341       0.1439749      0.14031974     -0.32573014      -0.32573014       258.51561                                258.51561
              1       125.83403       60.008367      0.02891341      0.15083139      0.14623128     -0.32573014      -0.32573014       252.31952                                252.31952
              4       125.33155       60.008367      0.02891341      0.15267892      0.14795024     -0.32573014      -0.32573014       251.31457                                251.31457
              1       124.84071       60.008367      0.02891341      0.15524879       0.1508634     -0.32573014      -0.32573014       250.33288                                250.33288
              1       125.56705       60.008367      0.02891341      0.15108629      0.16301924     -0.32573014      -0.32573014       251.78556                                251.78556
              3        126.3611       60.008367      0.02891341       0.1440806       0.1595825     -0.32573014      -0.32573014       253.37366                                253.37366
              1       126.67088       60.008367      0.02891341      0.14511972      0.16330401     -0.32573014      -0.32573014       253.99323                                253.99323
              2        126.6503       60.008367      0.02891341      0.14520211      0.16330425     -0.32573014      -0.32573014       253.95205                                253.95205
              3       125.50722       60.008367      0.02891341      0.14674914      0.15696483     -0.32573014      -0.32573014       251.66591                                251.66591
              6       125.42847       60.008367      0.02891341      0.15761931      0.14754683     -0.32573014      -0.32573014       251.50841                                251.50841
              4       126.01023       60.008367      0.02891341      0.15951766      0.14565957     -0.32573014      -0.32573014       252.67191                                252.67191
              2       126.28515       60.008367      0.02891341      0.15053257      0.16585454     -0.32573014      -0.32573014       253.22175                                253.22175
              1       128.37268       60.008367      0.02891341      0.13852016      0.16018508     -0.32573014      -0.32573014       257.39682                                257.39682
              3       129.43468       60.047833     0.027941276      0.14012217      0.16067943     -0.32573014      -0.32573014       259.52082                                259.52082
              2       129.27173       60.047833     0.027941276      0.14413545      0.16701568     -0.32573014      -0.32573014       259.19492                                259.19492
              2       130.96076       60.032442     0.027874192      0.17299873      0.14572308     -0.32573014      -0.32573014       262.57299                                262.57299
              2       130.16973       60.032442     0.027874192       0.1730045      0.16240411     -0.32573014      -0.32573014       260.99091                                260.99091
              1       128.02094       60.032442     0.027874192      0.15525215      0.16909999     -0.32573014      -0.32573014       256.69334                                256.69334
              2       127.97515       60.032442     0.027874192       0.1552105      0.16895914     -0.32573014      -0.32573014       256.60176                                256.60176
              2       127.97823       60.032442     0.027874192      0.16015328      0.16819763     -0.32573014      -0.32573014       256.60792                                256.60792
              4       126.48208       60.032442     0.027874192      0.15306868      0.16254778     -0.32573014      -0.32573014       253.61563                                253.61563
              4       128.19826       60.032442     0.027874192      0.14417033      0.16312442     -0.32573014      -0.32573014       257.04798                                257.04798
              2       129.13434       60.032442     0.027874192      0.14609738      0.16888809     -0.32573014      -0.32573014       258.92014                                258.92014
              1       131.85321       60.247214     0.028633235      0.14754117      0.17095457     -0.32573014      -0.32573014       264.35788                                264.35788
              1       132.02022       60.247214     0.028633235      0.17419606      0.15643151     -0.32573014      -0.32573014        264.6919                                 264.6919
              1       131.60707       60.137666     0.027534158       0.1743157      0.15545087     -0.32573014      -0.32573014        263.8656                                 263.8656
              1        131.6982       60.137666     0.027534158      0.14044859       0.1637583     -0.32573014      -0.32573014       264.04786                                264.04786
              4       132.04312       60.137666     0.027534158       0.1753408      0.15732218     -0.32573014      -0.32573014       264.73771                                264.73771
              1       131.19922       60.219897     0.029350573      0.17405884      0.15795606     -0.32573014      -0.32573014       263.04989                                263.04989
              1        129.8092       60.219897     0.029350573      0.17057927      0.15588199     -0.32573014      -0.32573014       260.26987                                260.26987
              2       127.50518       60.219897     0.029350573      0.16032321      0.15749402     -0.32573014      -0.32573014       255.66183                                255.66183
              1       130.43214       60.219897     0.029350573      0.16113235      0.17193768     -0.32573014      -0.32573014       261.51573                                261.51573
              1       130.97722       60.266402     0.029565048      0.16138471      0.17237997     -0.32573014      -0.32573014       262.60589                                262.60589
              3       128.69953       60.266402     0.029565048      0.16522873      0.15697176     -0.32573014      -0.32573014       258.05053                                258.05053
              6       128.85203       60.266402     0.029565048      0.15584693      0.14827487     -0.32573014      -0.32573014       258.35552                                258.35552
              3       128.91506       60.266402     0.029565048      0.14828216      0.15417885     -0.32573014      -0.32573014       258.48158                                258.48158
              1       128.20126       60.266402     0.029565048      0.15387343      0.16160994     -0.32573014      -0.32573014       257.05398                                257.05398
              2       128.71492       60.266402     0.029565048      0.16497552      0.15953476     -0.32573014      -0.32573014       258.08131                                258.08131
              1       128.43963       60.266402     0.029565048      0.16332714      0.15994038     -0.32573014      -0.32573014       257.53072                                257.53072
              3       129.94011       60.266402     0.029565048      0.16026394      0.14468608     -0.32573014      -0.32573014       260.53168                                260.53168
              3       130.79539       60.266402     0.029565048      0.16971109      0.14875219     -0.32573014      -0.32573014       262.24224                                262.24224
              1       128.21765       60.266402     0.029565048      0.16234599      0.15598232     -0.32573014      -0.32573014       257.08675                                257.08675
              2       126.50962       60.089369     0.028599217      0.16156494      0.15431403     -0.32573014      -0.32573014        253.6707                                 253.6707
              4       126.37766       60.089369     0.028599217      0.15771111      0.16079145     -0.32573014      -0.32573014       253.40678                                253.40678
              1       127.06332       60.122973       0.0283823      0.15834066      0.16114939     -0.32573014      -0.32573014        254.7781                                 254.7781
              1       126.71307       60.168758     0.029607435      0.15736981      0.16148028     -0.32573014      -0.32573014       254.07759                                254.07759
              5       126.53983       60.168758     0.029607435      0.15982673      0.15706845     -0.32573014      -0.32573014       253.73112                                253.73112
              1       126.42187       60.168758     0.029607435      0.15833449      0.15572023     -0.32573014      -0.32573014       253.49521                                253.49521
              1        125.9828       60.026374     0.027794702      0.15895202      0.15448528     -0.32573014      -0.32573014       252.61705                                252.61705
              8       126.05907        60.02931     0.027759484      0.15902659      0.15451823     -0.32573014      -0.32573014        252.7696                                 252.7696
              6       125.95941        60.02931     0.027759484      0.15373039      0.15685608     -0.32573014      -0.32573014       252.57027                                252.57027
              3       125.06948       60.020248     0.028702625      0.15249683      0.15666833     -0.32573014      -0.32573014       250.79041                                250.79041
              5       125.12467       60.020248     0.028702625      0.15175784      0.15658036     -0.32573014      -0.32573014       250.90081                                250.90081
              5       126.15648       60.020248     0.028702625      0.16020189       0.1637787     -0.32573014      -0.32573014       252.96442                                252.96442
              2       125.66714       60.014303     0.029174264      0.15956952       0.1636707     -0.32573014      -0.32573014       251.98574                                251.98574
              1       126.04361       60.014303     0.029174264      0.16097037      0.16448859     -0.32573014      -0.32573014       252.73867                                252.73867
              1       124.51325       60.014303     0.029174264      0.15312533      0.15445632     -0.32573014      -0.32573014       249.67796                                249.67796
              1       124.54266       60.014303     0.029174264      0.15480532       0.1526749     -0.32573014      -0.32573014       249.73679                                249.73679
              5       124.52279         60.0123     0.029163877      0.15479583      0.15265597     -0.32573014      -0.32573014       249.69704                                249.69704
              1       124.45605         60.0123     0.029163877      0.15568212      0.15529267     -0.32573014      -0.32573014       249.56356                                249.56356
              1       125.02158         60.0123     0.029163877      0.14859851      0.15274286     -0.32573014      -0.32573014       250.69462                                250.69462
              2       125.60227       60.009746     0.028437538      0.14901748      0.15294827     -0.32573014      -0.32573014         251.856                                  251.856
              2       126.68951       60.009746     0.028437538      0.15376996      0.14406255     -0.32573014      -0.32573014       254.03048                                254.03048
              2       126.10945       60.009746     0.028437538      0.14827901       0.1493943     -0.32573014      -0.32573014       252.87036                                252.87036
              1       125.31762       60.009746     0.028437538      0.15220776      0.15176823     -0.32573014      -0.32573014        251.2867                                 251.2867
              1       125.28958       60.009746     0.028437538      0.15179521      0.15251327     -0.32573014      -0.32573014       251.23062                                251.23062
              1       126.44363       60.013129     0.027158801      0.15261878      0.15295509     -0.32573014      -0.32573014       253.53872                                253.53872
              1       126.47379       60.013129     0.027158801      0.15899379      0.15993217     -0.32573014      -0.32573014       253.59903                                253.59903
              3       127.38159       60.013129     0.027158801       0.1600185      0.16504212     -0.32573014      -0.32573014       255.41465                                255.41465
              2       127.23972       60.003425     0.027152493      0.15991653      0.16494537     -0.32573014      -0.32573014        255.1309                                 255.1309
              2       127.39174       60.003425     0.027152493      0.16086187      0.16513391     -0.32573014      -0.32573014       255.43493                                255.43493
              4       126.76335       60.048523     0.028414182      0.15635681      0.16533719     -0.32573014      -0.32573014       254.17817                                254.17817
              2       126.79619       60.048523     0.028414182      0.16269597      0.14927967     -0.32573014      -0.32573014       254.24384                                254.24384
              1       127.90961       60.224518     0.029588742      0.15086644      0.16168785     -0.32573014      -0.32573014       256.47068                                256.47068
              2       127.86808       60.225645     0.029658485      0.15083582       0.1616771     -0.32573014      -0.32573014       256.38762                                256.38762
              1       127.23746       60.225645     0.029658485      0.15897876      0.15565614     -0.32573014      -0.32573014       255.12638                                255.12638
              1       127.98622       60.225645     0.029658485      0.16304965      0.16168799     -0.32573014      -0.32573014       256.62389                                256.62389
              6       126.22889       60.148532     0.029533922      0.15378458      0.15412926     -0.32573014      -0.32573014       253.10925                                253.10925
              4       126.16112       60.148532     0.029533922      0.15504751       0.1545473     -0.32573014      -0.32573014        252.9737                                 252.9737
              1       126.93166       60.148532     0.029533922      0.16380832      0.15743101     -0.32573014      -0.32573014       254.51477                                254.51477
              1       126.98597       60.142585     0.029357432      0.16385202      0.15742671     -0.32573014      -0.32573014       254.62339                                254.62339
              1       127.50458       60.142585     0.029357432      0.16463886      0.16161391     -0.32573014      -0.32573014       255.66062                                255.66062
              2       127.16163       60.142585     0.029357432      0.16453534      0.15820558     -0.32573014      -0.32573014       254.97471                                254.97471
              2       128.42475       60.142585     0.029357432      0.15161422      0.14352951     -0.32573014      -0.32573014       257.50096                                257.50096
              1       126.16706       60.002679     0.029702109      0.14987607      0.14199576     -0.32573014      -0.32573014       252.98559                                252.98559
              1       124.11281       60.002679     0.029702109      0.15441896      0.15929583     -0.32573014      -0.32573014       248.87708                                248.87708
              5       124.03602       60.002679     0.029702109      0.15473515      0.15090432     -0.32573014      -0.32573014       248.72351                                248.72351
              2       124.33523       60.002679     0.029702109      0.15666664      0.14891821     -0.32573014      -0.32573014       249.32191                                249.32191
              1       124.29752       60.002679     0.029702109      0.15731993      0.14948537     -0.32573014      -0.32573014        249.2465                                 249.2465
              1        124.1142       60.002679     0.029702109      0.15623032      0.15897223     -0.32573014      -0.32573014       248.87986                                248.87986
              1       123.91626       60.002679     0.029702109      0.15669641      0.15535622     -0.32573014      -0.32573014       248.48397                                248.48397
              1       123.90865       60.002679     0.029702109      0.15367886      0.15276622     -0.32573014      -0.32573014       248.46877                                248.46877
              1       124.92416       60.021626     0.028838107      0.15441706      0.15323433     -0.32573014      -0.32573014       250.49977                                250.49977
              3       124.87038       60.021626     0.028838107      0.15428103       0.1552966     -0.32573014      -0.32573014       250.39222                                250.39222
              4       125.42377       60.021626     0.028838107       0.1562109      0.14875331     -0.32573014      -0.32573014       251.49899                                251.49899
              2       125.40146       60.021626     0.028838107      0.15622089      0.14889073     -0.32573014      -0.32573014       251.45437                                251.45437
              1       125.51553       60.091119     0.029837538       0.1563641      0.14927962     -0.32573014      -0.32573014       251.68252                                251.68252
              2       126.00931       60.091119     0.029837538      0.15621444       0.1466426     -0.32573014      -0.32573014       252.67009                                252.67009
              2       125.09366       60.091119     0.029837538      0.15689642      0.15367008     -0.32573014      -0.32573014       250.83877                                250.83877
              4       125.71904       60.007839     0.027720206      0.15729056      0.15349703     -0.32573014      -0.32573014       252.08955                                252.08955
              1       125.61886       60.007839     0.027720206      0.15612426      0.15567311     -0.32573014      -0.32573014       251.88919                                251.88919
              1       127.19718       60.007839     0.027720206      0.14551784      0.16058439     -0.32573014      -0.32573014       255.04582                                255.04582
              1       126.52849       60.045695     0.029220557      0.14500778      0.16049168     -0.32573014      -0.32573014       253.70844                                253.70844
              3       126.34534       60.045695     0.029220557      0.14729698      0.16268458     -0.32573014      -0.32573014       253.34213                                253.34213
              1       126.52239       60.045695     0.029220557      0.15505069      0.14396431     -0.32573014      -0.32573014       253.69623                                253.69623
              2       126.35541       60.045695     0.029220557      0.15658572      0.14465704     -0.32573014      -0.32573014       253.36229                                253.36229
              2       125.77208       60.045695     0.029220557      0.14864307       0.1606177     -0.32573014      -0.32573014       252.19562                                252.19562
              3       127.14047       60.045695     0.029220557      0.15007677      0.16774912     -0.32573014      -0.32573014        254.9324                                 254.9324
              3       125.41194       60.045695     0.029220557      0.16051184      0.15895923     -0.32573014      -0.32573014       251.47534                                251.47534
              1       125.89741       60.045695     0.029220557      0.15127102      0.14730042     -0.32573014      -0.32573014       252.44629                                252.44629
              3       125.20548       60.045695     0.029220557      0.15775306      0.15969545     -0.32573014      -0.32573014       251.06241                                251.06241
              5       125.05301       60.045695     0.029220557       0.1569636      0.15854833     -0.32573014      -0.32573014       250.75749                                250.75749
              6       125.07566       60.045695     0.029220557      0.15615223      0.15913958     -0.32573014      -0.32573014       250.80278                                250.80278
              1       125.08468       60.045695     0.029220557      0.15608215       0.1592512     -0.32573014      -0.32573014       250.82081                                250.82081
              2       126.78382       60.045695     0.029220557      0.15072814      0.14392535     -0.32573014      -0.32573014        254.2191                                 254.2191
              2       127.93946       60.045695     0.029220557      0.16543497      0.16702559     -0.32573014      -0.32573014       256.53038                                256.53038
              2       126.53916       60.045695     0.029220557      0.16654362      0.15566274     -0.32573014      -0.32573014       253.72978                                253.72978
              3       125.51011       60.042562     0.029247585      0.16150943      0.15903629     -0.32573014      -0.32573014       251.67168                                251.67168
              3       125.25628       60.042562     0.029247585      0.15731084      0.14984439     -0.32573014      -0.32573014       251.16402                                251.16402
              2        126.1306       60.042562     0.029247585      0.15834141      0.14563874     -0.32573014      -0.32573014       252.91265                                252.91265
              4       125.98554       60.042562     0.029247585      0.16348853      0.15065348     -0.32573014      -0.32573014       252.62254                                252.62254
              2       127.35427        60.12888     0.029155188      0.16448693      0.15156144     -0.32573014      -0.32573014       255.36001                                255.36001
              5       127.12007        60.12888     0.029155188      0.16052221      0.14872907     -0.32573014      -0.32573014       254.89161                                254.89161
              1       130.04308       60.338272     0.029359568      0.16268054      0.15079512     -0.32573014      -0.32573014       260.73762                                260.73762
              1       130.34363       60.349726     0.029222804      0.16288961      0.15095526     -0.32573014      -0.32573014       261.33873                                261.33873
              1       132.85171       60.388599     0.029781522        0.174091      0.16073476     -0.32573014      -0.32573014       266.35488                                266.35488
              2       133.68874       60.388599     0.029781522      0.17618575      0.15852809     -0.32573014      -0.32573014       268.02895                                268.02895
              1       129.50775       60.388599     0.029781522      0.15880673      0.15982098     -0.32573014      -0.32573014       259.66696                                259.66696
              1       129.94328       60.388599     0.029781522      0.15463384      0.16334853     -0.32573014      -0.32573014       260.53802                                260.53802
              1        132.3401       60.388599     0.029781522      0.14312379      0.16024959     -0.32573014      -0.32573014       265.33166                                265.33166
              4       132.18571       60.389995     0.029987393      0.14301237      0.16019822     -0.32573014      -0.32573014       265.02288                                265.02288
              1       129.44807       60.389995     0.029987393      0.15479636      0.15681601     -0.32573014      -0.32573014        259.5476                                 259.5476
              1       129.44043       60.389995     0.029987393      0.15532263       0.1560858     -0.32573014      -0.32573014       259.53232                                259.53232
              2       129.42139       60.387421     0.029966125      0.15530763      0.15606638     -0.32573014      -0.32573014       259.49424                                259.49424
              1       131.38492       60.387421     0.029966125      0.16780185      0.14989646     -0.32573014      -0.32573014        263.4213                                 263.4213
              3       131.27386       60.387421     0.029966125      0.16682564      0.16687758     -0.32573014      -0.32573014       263.19918                                263.19918
              1       130.80162       60.327919     0.029436323      0.16650252      0.16644076     -0.32573014      -0.32573014        262.2547                                 262.2547
              5       131.14869       60.327919     0.029436323      0.16766968      0.16673701     -0.32573014      -0.32573014       262.94884                                262.94884
              1       129.02271       60.327919     0.029436323      0.15454289      0.15957573     -0.32573014      -0.32573014       258.69688                                258.69688
              3       127.86486       60.275512     0.029877988      0.15369953      0.15890163     -0.32573014      -0.32573014       256.38118                                256.38118
              6       127.70005       60.275512     0.029877988      0.15695134      0.15640952     -0.32573014      -0.32573014       256.05155                                256.05155
              1       129.69424       60.275512     0.029877988       0.1583658      0.14459461     -0.32573014      -0.32573014       260.03994                                260.03994
              1       131.32946       60.382851      0.02981379      0.15957616      0.14570755     -0.32573014      -0.32573014       263.31038                                263.31038
              1        130.3006       60.382851      0.02981379      0.16023493      0.14976757     -0.32573014      -0.32573014       261.25266                                261.25266
              1       130.30344       60.382851      0.02981379      0.16655199      0.15768533     -0.32573014      -0.32573014       261.25835                                261.25835
              1       129.97149       60.382851      0.02981379      0.16481576      0.15920184     -0.32573014      -0.32573014       260.59445                                260.59445
              1       128.59555       60.295837     0.029867455      0.16383359      0.15829913     -0.32573014      -0.32573014       257.84257                                257.84257
              1       128.68595       60.295575     0.029460621      0.15613006      0.15256591     -0.32573014      -0.32573014       258.02336                                258.02336
              3        129.4089       60.177797     0.026729125      0.15652571      0.15223741     -0.32573014      -0.32573014       259.46926                                259.46926
              1       129.13551       60.125404     0.026185532      0.15628862      0.15187735     -0.32573014      -0.32573014       258.92249                                258.92249
              1         130.551       60.125404     0.026185532      0.16553409      0.16674347     -0.32573014      -0.32573014       261.75346                                261.75346
              2       130.54517       60.125404     0.026185532      0.16125888      0.16921472     -0.32573014      -0.32573014        261.7418                                 261.7418
              2       130.48527       60.134748      0.02643284      0.16120866      0.16923103     -0.32573014      -0.32573014       261.62199                                261.62199
              2       129.13326       60.134748      0.02643284      0.15986371       0.1635779     -0.32573014      -0.32573014       258.91799                                258.91799
              3       128.11843       60.223345     0.029214794       0.1591187      0.16359332     -0.32573014      -0.32573014       256.88831                                256.88831
              3       125.64301       60.046326     0.029002889      0.15731813      0.16185916     -0.32573014      -0.32573014       251.93747                                251.93747
              1       127.44174       60.046326     0.029002889      0.15761692      0.16899113     -0.32573014      -0.32573014       255.53495                                255.53495
              1       125.64579       60.046326     0.029002889      0.15288461      0.16175104     -0.32573014      -0.32573014       251.94304                                251.94304
              1       126.53813       60.046326     0.029002889      0.16558985      0.15265145     -0.32573014      -0.32573014       253.72771                                253.72771
              4       126.71167       60.050109     0.028872503      0.16571133      0.15273149     -0.32573014      -0.32573014        254.0748                                 254.0748
              1       126.44367       60.043513     0.029061384      0.16552318      0.15260418     -0.32573014      -0.32573014        253.5388                                 253.5388
              5       125.98331       60.043513     0.029061384      0.16286571      0.15988553     -0.32573014      -0.32573014       252.61809                                252.61809
              3       125.41386       60.043513     0.029061384      0.15824761      0.16038538     -0.32573014      -0.32573014       251.47918                                251.47918
              1        126.3776       60.043513     0.029061384      0.14493494      0.15368233     -0.32573014      -0.32573014       253.40666                                253.40666
              4       124.48143       60.042219     0.029771187      0.15251316      0.15700519     -0.32573014      -0.32573014       249.61433                                249.61433
              4       124.81862       60.042219     0.029771187      0.15211305      0.16039937     -0.32573014      -0.32573014        250.2887                                 250.2887
              3       124.86278       60.042219     0.029771187      0.15257994       0.1609232     -0.32573014      -0.32573014       250.37702                                250.37702
              1       124.69553       60.042219     0.029771187      0.15227491      0.15948718     -0.32573014      -0.32573014       250.04251                                250.04251
              2       125.03115       60.042219     0.029771187      0.16172763      0.15727063     -0.32573014      -0.32573014       250.71376                                250.71376
              1       127.91578       60.042219     0.029771187      0.16771281      0.16574726     -0.32573014      -0.32573014       256.48301                                256.48301
              5       128.43535       60.042219     0.029771187      0.17268673      0.15587983     -0.32573014      -0.32573014       257.52216                                257.52216
              1       127.96287       60.042219     0.029771187       0.1690965        0.146112     -0.32573014      -0.32573014        256.5772                                 256.5772
              3       127.92911       60.042219     0.029771187      0.16775051      0.14436062     -0.32573014      -0.32573014       256.50969                                256.50969
              2         127.839       60.042219     0.029771187      0.15657481      0.13852781     -0.32573014      -0.32573014       256.32945                                256.32945
              1       127.62104       60.042219     0.029771187      0.15743112      0.13917839     -0.32573014      -0.32573014       255.89353                                255.89353
              1       129.52287       60.016678     0.027369605      0.15862994      0.13968355     -0.32573014      -0.32573014       259.69721                                259.69721
              2       129.57975       60.016678     0.027369605      0.15525254      0.13932336     -0.32573014      -0.32573014       259.81097                                259.81097
              2       129.52828       60.016957     0.027428437      0.15521939      0.13930746     -0.32573014      -0.32573014       259.70802                                259.70802
              2       129.35948       60.016957     0.027428437      0.15642481      0.13971259     -0.32573014      -0.32573014       259.37043                                259.37043
              2       126.53471       60.016957     0.027428437      0.15322255       0.1500737     -0.32573014      -0.32573014       253.72087                                253.72087
              2       127.36099       60.016957     0.027428437      0.16103209      0.14705598     -0.32573014      -0.32573014       255.37344                                255.37344
              1       128.81027       60.016957     0.027428437      0.14435641      0.14656116     -0.32573014      -0.32573014         258.272                                  258.272
              1       126.49186       60.016957     0.027428437      0.14971004      0.15712651     -0.32573014      -0.32573014       253.63518                                253.63518
              2       126.16733       60.016957     0.027428437      0.15221807      0.15639676     -0.32573014      -0.32573014       252.98613                                252.98613
              3       126.14895       60.016957     0.027428437      0.15463028      0.15281542     -0.32573014      -0.32573014       252.94936                                252.94936
              1       126.06234       60.016957     0.027428437      0.15797703      0.15662735     -0.32573014      -0.32573014       252.77613                                252.77613
              3        127.8891        60.08006     0.026421197      0.15942132      0.15815489     -0.32573014      -0.32573014       256.42966                                256.42966
              1       128.11883        60.08006     0.026421197      0.15220631      0.15885742     -0.32573014      -0.32573014       256.88912                                256.88912
              1       128.65544        60.08006     0.026421197      0.15342519      0.14967617     -0.32573014      -0.32573014       257.96235                                257.96235
              4       128.21997        60.08006     0.026421197      0.15488631      0.16256381     -0.32573014      -0.32573014       257.09139                                257.09139
              1       128.90396        60.08006     0.026421197      0.15348555      0.14842903     -0.32573014      -0.32573014       258.45938                                258.45938
              1       130.31211       60.201843     0.026846286      0.15466569      0.14942135     -0.32573014      -0.32573014       261.27568                                261.27568
              2       129.38579       60.187384     0.027757758      0.15387296      0.14850941     -0.32573014      -0.32573014       259.42305                                259.42305
              4       129.81783       60.187384     0.027757758      0.15293158      0.14710387     -0.32573014      -0.32573014       260.28712                                260.28712
              1       129.33772       60.187384     0.027757758      0.14821695      0.15520235     -0.32573014      -0.32573014        259.3269                                 259.3269
              2       128.42116       60.187384     0.027757758      0.15961963      0.16033823     -0.32573014      -0.32573014       257.49378                                257.49378
              1       128.55346       60.187384     0.027757758      0.15946308      0.16187071     -0.32573014      -0.32573014       257.75837                                257.75837
              1       126.59288       60.054352       0.0276898        0.157905      0.16045948     -0.32573014      -0.32573014       253.83722                                253.83722
              8       126.54621       60.054352       0.0276898      0.15814436      0.15986151     -0.32573014      -0.32573014       253.74388                                253.74388
              1       126.30048       60.053994     0.027957731      0.15795827      0.15963638     -0.32573014      -0.32573014       253.25243                                253.25243
              1       126.49162       60.053994     0.027957731      0.15194516      0.16012911     -0.32573014      -0.32573014       253.63471                                253.63471
              3       127.29161       60.053994     0.027957731      0.16470747       0.1602036     -0.32573014      -0.32573014       255.23467                                255.23467
              1       126.23251       60.053994     0.027957731      0.15918483      0.15548693     -0.32573014      -0.32573014       253.11648                                253.11648
              3       127.87573       60.053994     0.027957731      0.14422339      0.15808787     -0.32573014      -0.32573014       256.40291                                256.40291
              2       128.03605       60.053994     0.027957731      0.16757905      0.15207494     -0.32573014      -0.32573014       256.72357                                256.72357
              2        128.4887       60.053994     0.027957731      0.16389507      0.14489138     -0.32573014      -0.32573014       257.62887                                257.62887
              3       126.51374       60.053994     0.027957731      0.15728079      0.16174482     -0.32573014      -0.32573014       253.67894                                253.67894
              1        127.2337       60.095422     0.027440321      0.15404717      0.15740366     -0.32573014      -0.32573014       255.11886                                255.11886
              2       128.22506       60.166125      0.02831559      0.15769527      0.16479884     -0.32573014      -0.32573014       257.10158                                257.10158
              3       128.60804       60.160535     0.027815043      0.15796744       0.1651504     -0.32573014      -0.32573014       257.86755                                257.86755
              4       128.09987       60.178849     0.028657715      0.15761659      0.16465674     -0.32573014      -0.32573014        256.8512                                 256.8512
              1       128.05176       60.178849     0.028657715      0.15760973      0.16440769     -0.32573014      -0.32573014       256.75499                                256.75499
              1       129.17748       60.178849     0.028657715      0.15274029      0.16834446     -0.32573014      -0.32573014       259.00642                                259.00642
              2       128.59809       60.178849     0.028657715       0.1487988      0.16306246     -0.32573014      -0.32573014       257.84765                                257.84765
             12       127.34072       60.178849     0.028657715      0.15610017      0.15604246     -0.32573014      -0.32573014        255.3329                                 255.3329
              1       125.92342       60.043077     0.027986673       0.1549182      0.15509889     -0.32573014      -0.32573014        252.4983                                 252.4983
              2       126.32432       60.043077     0.027986673      0.15892036       0.1608309     -0.32573014      -0.32573014       253.30011                                253.30011
              2       127.15826       60.043077     0.027986673      0.15757881      0.14617308     -0.32573014      -0.32573014       254.96798                                254.96798
              1       127.37819       60.043077     0.027986673      0.16365415      0.16336127     -0.32573014      -0.32573014       255.40783                                255.40783
              2       126.26022       60.098552     0.028605264      0.15653712      0.15851218     -0.32573014      -0.32573014       253.17191                                253.17191
              3         130.321       60.122141      0.02449491      0.15961021      0.16216566     -0.32573014      -0.32573014       261.29346                                261.29346
              5       130.57686       60.122141      0.02449491      0.15314009      0.16130577     -0.32573014      -0.32573014       261.80518                                261.80518
              1       131.12405       60.122141      0.02449491      0.15031331      0.15492906     -0.32573014      -0.32573014       262.89956                                262.89956
              2       127.02167       60.006964     0.027555167      0.14684822      0.15113227     -0.32573014      -0.32573014        254.6948                                 254.6948
              7       126.04192       60.006964     0.027555167      0.16034161      0.15461745     -0.32573014      -0.32573014        252.7353                                 252.7353
              2       126.58912       60.006964     0.027555167      0.16145039      0.15011162     -0.32573014      -0.32573014       253.82971                                253.82971
              1       126.45121       60.006964     0.027555167      0.16257399      0.15306645     -0.32573014      -0.32573014       253.55387                                253.55387
              1       126.20113        60.04349      0.02848257      0.16238526      0.15270372     -0.32573014      -0.32573014       253.05373                                253.05373
              1       125.85815       60.025874     0.028574346      0.16211057      0.15243365     -0.32573014      -0.32573014       252.36777                                252.36777
              2       125.18625       60.025874     0.028574346      0.15588499      0.15716654     -0.32573014      -0.32573014       251.02395                                251.02395
              2       125.16314       60.025874     0.028574346      0.15429688      0.15587275     -0.32573014      -0.32573014       250.97775                                250.97775
              1       125.71214       60.034363     0.028394081       0.1517567      0.15863662     -0.32573014      -0.32573014       252.07574                                252.07574
              3       126.71834       60.034363     0.028394081      0.16019178      0.16465982     -0.32573014      -0.32573014       254.08814                                254.08814
              2       125.94795       60.034363     0.028394081      0.15037076      0.15956542     -0.32573014      -0.32573014       252.54735                                252.54735
              1       125.90777       60.034363     0.028394081      0.14962796      0.15756469     -0.32573014      -0.32573014         252.467                                  252.467
              1        127.1629       60.034363     0.028394081      0.15925987      0.16681929     -0.32573014      -0.32573014       254.97726                                254.97726
              5       127.37005       60.034363     0.028394081       0.1583979      0.16778109     -0.32573014      -0.32573014       255.39155                                255.39155
              4       129.88471       60.007989     0.027871706       0.1577446      0.17429515     -0.32573014      -0.32573014       260.42089                                260.42089
              1       131.72977       60.007989     0.027871706      0.14893431      0.17700053     -0.32573014      -0.32573014       264.11101                                264.11101
              2       131.71815       60.095347     0.029208156      0.14908102      0.17686077     -0.32573014      -0.32573014       264.08775                                264.08775
              1       126.25442       60.095347     0.029208156      0.15156134      0.14992673     -0.32573014      -0.32573014        253.1603                                 253.1603
              2       129.36909       60.315879      0.02925998       0.1541855      0.15231638     -0.32573014      -0.32573014       259.38965                                259.38965
              1       129.33399       60.315879      0.02925998      0.15381668      0.15283995     -0.32573014      -0.32573014       259.31944                                259.31944
              1       127.47716       60.213709     0.029737562      0.15226064      0.15131877     -0.32573014      -0.32573014       255.60577                                255.60577
              3       130.46457       60.088499     0.026988874       0.1422619      0.15133548     -0.32573014      -0.32573014       261.58059                                261.58059
              1       129.20247       60.088499     0.026988874      0.15211557      0.14592029     -0.32573014      -0.32573014        259.0564                                 259.0564
              1       127.57546       60.032637     0.027775319      0.15084541      0.14572085     -0.32573014      -0.32573014       255.80238                                255.80238
              2       127.70551       60.032637     0.027775319      0.15883512      0.14453619     -0.32573014      -0.32573014       256.06248                                256.06248
              3       127.55331       60.021297     0.027761549      0.15870771      0.14442248     -0.32573014      -0.32573014       255.75808                                255.75808
              3        126.1858       60.021297     0.027761549      0.16018838      0.15244437     -0.32573014      -0.32573014       253.02307                                253.02307
              4       126.45516       60.021297     0.027761549      0.15473144      0.14863501     -0.32573014      -0.32573014       253.56179                                253.56179
              2       126.11345       60.021297     0.027761549      0.15523733      0.16106112     -0.32573014      -0.32573014       252.87836                                252.87836
              3       126.45304       60.021297     0.027761549      0.15230615      0.14942567     -0.32573014      -0.32573014       253.55753                                253.55753
              2       126.08502       60.008933     0.028005939      0.15199125      0.14908755     -0.32573014      -0.32573014        252.8215                                 252.8215
              1       126.08886       60.008933     0.028005939      0.15237733      0.14887327     -0.32573014      -0.32573014       252.82919                                252.82919
              1       125.85267       60.008933     0.028005939      0.15300175      0.15010871     -0.32573014      -0.32573014        252.3568                                 252.3568
              1       126.07339       60.085507      0.02908159      0.15319536      0.15006531     -0.32573014      -0.32573014       252.79824                                252.79824
              1       127.36683       60.085507      0.02908159      0.16235879       0.1460503     -0.32573014      -0.32573014       255.38511                                255.38511
              1       127.89856       60.085507      0.02908159      0.16273697      0.14431232     -0.32573014      -0.32573014       256.44857                                256.44857
              1       127.43968       60.051193     0.029029326      0.16235865      0.14397699     -0.32573014      -0.32573014       255.53083                                255.53083
              5       128.20129       60.051193     0.029029326      0.13992333      0.15758562     -0.32573014      -0.32573014       257.05403                                257.05403
              2       125.68726       60.051193     0.029029326       0.1531854      0.14921117     -0.32573014      -0.32573014       252.02598                                252.02598
              2       125.43396       60.051193     0.029029326      0.15808554      0.15146689     -0.32573014      -0.32573014       251.51939                                251.51939
              1       125.72281       60.051193     0.029029326      0.14882029        0.153389     -0.32573014      -0.32573014       252.09708                                252.09708
              6       125.28224       60.051193     0.029029326      0.15877636      0.15566317     -0.32573014      -0.32573014       251.21595                                251.21595
              1        126.6916       60.002669     0.026590819      0.15984562      0.15714107     -0.32573014      -0.32573014       254.03466                                254.03466
              3       127.61095       60.002669     0.026590819      0.16348108      0.15060968     -0.32573014      -0.32573014       255.87336                                255.87336
             10       127.86682       60.002669     0.026590819      0.16358322      0.14915572     -0.32573014      -0.32573014        256.3851                                 256.3851
              1        128.5923       60.002669     0.026590819      0.16018155      0.14414092     -0.32573014      -0.32573014       257.83607                                257.83607
              1       130.73867       60.035179     0.026084872      0.16450023       0.1427247     -0.32573014      -0.32573014       262.12879                                262.12879
              4       130.58907       60.035179     0.026084872      0.17082829       0.1638947     -0.32573014      -0.32573014        261.8296                                 261.8296
              1        127.8494       60.035179     0.026084872      0.16243184      0.15677583     -0.32573014      -0.32573014       256.35025                                256.35025
              5       129.42819        60.23434     0.027740377      0.16371029      0.15760584     -0.32573014      -0.32573014       259.50784                                259.50784
              1       129.62106        60.23434     0.027740377      0.15476029      0.15124043     -0.32573014      -0.32573014       259.89357                                259.89357
              1       129.80042        60.23434     0.027740377      0.15694241      0.14973323     -0.32573014      -0.32573014       260.25231                                260.25231
              1       129.23258        60.23434     0.027740377      0.15936167       0.1535485     -0.32573014      -0.32573014       259.11662                                259.11662
              2       128.10382       60.150623     0.027603249      0.15844519      0.15273831     -0.32573014      -0.32573014       256.85909                                256.85909
              1       127.92279       60.150623     0.027603249      0.15433732      0.15643879     -0.32573014      -0.32573014       256.49704                                256.49704
              1        127.9643       60.154399     0.027619482      0.15437185      0.15646704     -0.32573014      -0.32573014       256.58007                                256.58007
              7       128.21182       60.189269      0.02792766      0.15458325      0.15659723     -0.32573014      -0.32573014        257.0751                                 257.0751
              1       128.11284       60.122745     0.026902906      0.15447629      0.15670946     -0.32573014      -0.32573014       256.87715                                256.87715
              1       127.70878       60.109432     0.027147348      0.15414992      0.15636082     -0.32573014      -0.32573014       256.06903                                256.06903
              1       127.84958       60.109432     0.027147348       0.1538795      0.16021842     -0.32573014      -0.32573014       256.35062                                256.35062
              1       127.25896         60.0251     0.026390337      0.15337616       0.1599132     -0.32573014      -0.32573014       255.16938                                255.16938
              3       127.25799         60.0251     0.026390337      0.15414468      0.16049171     -0.32573014      -0.32573014       255.16743                                255.16743
              3       128.07379         60.0251     0.026390337      0.15546772       0.1658189     -0.32573014      -0.32573014       256.79905                                256.79905
              7        127.7559         60.0251     0.026390337      0.15066775      0.16173864     -0.32573014      -0.32573014       256.16326                                256.16326
              2       127.50428         60.0251     0.026390337      0.15113088      0.15997812     -0.32573014      -0.32573014       255.66002                                255.66002
              1       127.06539         60.0251     0.026390337      0.15458245      0.15777284     -0.32573014      -0.32573014       254.78224                                254.78224
              3       127.36681         60.0251     0.026390337      0.15704369      0.16198063     -0.32573014      -0.32573014       255.38508                                255.38508
              1       127.03498         60.0251     0.026390337      0.15515087      0.15746011     -0.32573014      -0.32573014       254.72142                                254.72142
              3       127.68374         60.0251     0.026390337      0.16036476      0.15046615     -0.32573014      -0.32573014       256.01894                                256.01894
              3       127.11616         60.0251     0.026390337      0.15359895      0.15588625     -0.32573014      -0.32573014       254.88378                                254.88378
              2       128.90604       60.056859      0.02486201       0.1550188      0.15749826     -0.32573014      -0.32573014       258.46354                                258.46354
              4       129.21625       60.052943     0.024436769      0.15526009      0.15780613     -0.32573014      -0.32573014       259.08397                                259.08397
              2       128.07998       60.019215     0.026460695      0.14764601      0.16098458     -0.32573014      -0.32573014       256.81142                                256.81142
              1       129.72553       60.171882     0.027109595      0.14904673      0.16213278     -0.32573014      -0.32573014       260.10252                                260.10252
              2       129.27283       60.171882     0.027109595      0.15465475      0.16452985     -0.32573014      -0.32573014       259.19711                                259.19711
              5       130.99158       60.390035     0.028829506      0.15611852      0.16551617     -0.32573014      -0.32573014       262.63463                                262.63463
              2       129.14756        60.27651     0.028962648      0.15465923      0.16415409     -0.32573014      -0.32573014       258.94659                                258.94659
              3       125.92564       60.088967     0.029507504      0.15260997      0.16226778     -0.32573014      -0.32573014       252.50275                                252.50275
              3       125.73214       60.103028     0.029953822      0.15246417       0.1620423     -0.32573014      -0.32573014       252.11574                                252.11574
              3       126.08847       60.103028     0.029953822      0.15576721      0.16439412     -0.32573014      -0.32573014        252.8284                                 252.8284
              1       126.87698       60.103028     0.029953822      0.15343789      0.16727187     -0.32573014      -0.32573014       254.40543                                254.40543
              1       128.82631       60.103028     0.029953822       0.1561846      0.17271594     -0.32573014      -0.32573014       258.30407                                258.30407
              2       127.94755       60.076023     0.029673929      0.14943799      0.16974971     -0.32573014      -0.32573014       256.54657                                256.54657
              4       124.99966       60.076023     0.029673929      0.15344826      0.15673509     -0.32573014      -0.32573014       250.65079                                250.65079
              2       125.96692       60.076023     0.029673929       0.1624756      0.16070782     -0.32573014      -0.32573014        252.5853                                 252.5853
              1       126.01995       60.025314     0.028807041      0.16254489      0.16096163     -0.32573014      -0.32573014       252.69137                                252.69137
              1       126.81154       60.025314     0.028807041      0.16188783      0.14524683     -0.32573014      -0.32573014       254.27454                                254.27454
              1       128.20233       60.025314     0.028807041      0.15279728      0.17132457     -0.32573014      -0.32573014       257.05613                                257.05613
              1       128.08456       60.025314     0.028807041      0.15129189      0.17071743     -0.32573014      -0.32573014       256.82059                                256.82059
              8       125.28764       60.025314     0.028807041       0.1580143      0.15099537     -0.32573014      -0.32573014       251.22673                                251.22673
              2       124.98843       60.025314     0.028807041      0.15549317      0.15731611     -0.32573014      -0.32573014       250.62832                                250.62832
              4       125.39156       60.025314     0.028807041      0.15203078      0.16047226     -0.32573014      -0.32573014       251.43458                                251.43458
              1       125.30632       60.025314     0.028807041      0.16051196      0.15486889     -0.32573014      -0.32573014       251.26409                                251.26409
              4       126.32452       60.025314     0.028807041      0.16407727      0.16086817     -0.32573014      -0.32573014        253.3005                                 253.3005
              1       127.38283       60.025314     0.028807041      0.14783541      0.16720552     -0.32573014      -0.32573014       255.41712                                255.41712
              2       127.76738       60.021925     0.028329383      0.14809802      0.16753859     -0.32573014      -0.32573014       256.18622                                256.18622
              1        127.5957       60.021925     0.028329383      0.14827593      0.16706587     -0.32573014      -0.32573014       255.84286                                255.84286
              4        127.6747       60.021925     0.028329383      0.14756104      0.16686413     -0.32573014      -0.32573014       256.00086                                256.00086
              6       126.36872       60.021925     0.028329383      0.14983772      0.16293871     -0.32573014      -0.32573014        253.3889                                 253.3889
              1       125.30038       60.021925     0.028329383      0.15520336      0.15550686     -0.32573014      -0.32573014       251.25222                                251.25222
              1       125.35883       60.021925     0.028329383      0.15688043      0.15720257     -0.32573014      -0.32573014       251.36912                                251.36912
              2       127.57216       60.084139     0.026846077      0.15836086      0.15880933     -0.32573014      -0.32573014       255.79579                                255.79579
              1       128.60278       60.084139     0.026846077      0.16565889      0.15422883     -0.32573014      -0.32573014       257.85701                                257.85701
              1       130.92967       60.075436       0.0240655      0.16728843       0.1562545     -0.32573014      -0.32573014        262.5108                                 262.5108
              1        131.1987       60.075436       0.0240655      0.16767778      0.15405977     -0.32573014      -0.32573014       263.04885                                263.04885
              2       130.00312       60.075436       0.0240655      0.15798532       0.1623046     -0.32573014      -0.32573014       260.65769                                260.65769
              2       131.04021       60.196129     0.024930632      0.15855684      0.16260288     -0.32573014      -0.32573014       262.73188                                262.73188
              1       130.86573       60.191822     0.025049219      0.15862165      0.16247556     -0.32573014      -0.32573014       262.38291                                262.38291
              3       131.62212       60.194341     0.024596768      0.15901755      0.16530952     -0.32573014      -0.32573014       263.89571                                263.89571
              2       132.39913       60.194341     0.024596768      0.16229966      0.14978259     -0.32573014      -0.32573014       265.44972                                265.44972
              1       130.57498        60.19436     0.026748549      0.16097724      0.14816215     -0.32573014      -0.32573014       261.80143                                261.80143
              1       130.12808        60.19436     0.026748549      0.15986565      0.14980136     -0.32573014      -0.32573014       260.90761                                260.90761
              2       131.66327       60.224919     0.027602302      0.15370269      0.14369317     -0.32573014      -0.32573014         263.978                                  263.978
              2       130.86601       60.224919     0.027602302      0.15366088      0.14615622     -0.32573014      -0.32573014       262.38347                                262.38347
              2       130.28933       60.070676       0.0253691      0.15362355      0.14662425     -0.32573014      -0.32573014       261.23011                                261.23011
              3       130.31604       60.071436     0.025350517      0.15364193      0.14664423     -0.32573014      -0.32573014       261.28354                                261.28354
              2       130.01514       60.071436     0.025350517       0.1492075      0.15108256     -0.32573014      -0.32573014       260.68174                                260.68174
              1       128.68866       60.071436     0.025350517      0.15505315      0.15720042     -0.32573014      -0.32573014       258.02878                                258.02878
              2       126.21671       60.092216     0.028588757      0.15325271      0.15492511     -0.32573014      -0.32573014       253.08487                                253.08487
              3       126.06143       60.100458     0.028914445      0.15312786      0.15474468     -0.32573014      -0.32573014       252.77432                                252.77432
              8       125.64994       60.098238     0.029769788      0.16051473      0.15876855     -0.32573014      -0.32573014       251.95133                                251.95133
              2       125.90256       60.098238     0.029769788      0.15470214      0.14801546     -0.32573014      -0.32573014       252.45657                                252.45657
              3       126.80869       60.098238     0.029769788      0.16316023      0.14734315     -0.32573014      -0.32573014       254.26885                                254.26885
              2       125.61605       60.098238     0.029769788       0.1555937      0.14968451     -0.32573014      -0.32573014       251.88356                                251.88356
              1       125.26244       60.098238     0.029769788      0.15437947      0.15792199     -0.32573014      -0.32573014       251.17634                                251.17634
              4       124.74037       60.039844     0.029395922      0.15407548      0.15774401     -0.32573014      -0.32573014        250.1322                                 250.1322
              3       124.24692        60.02697     0.029752494      0.15373863      0.15737414     -0.32573014      -0.32573014        249.1453                                 249.1453
              4       124.32675        60.02697     0.029752494       0.1518359      0.15271349     -0.32573014      -0.32573014       249.30497                                249.30497
              2       124.44174        60.02697     0.029752494      0.15933831      0.15406685     -0.32573014      -0.32573014       249.53494                                249.53494
              1       124.16519       60.000181     0.029621463      0.15917396      0.15395471     -0.32573014      -0.32573014       248.98184                                248.98184
              1       123.92416       60.000181     0.029621463      0.15542199      0.15318011     -0.32573014      -0.32573014       248.49979                                248.49979
              2        124.1628       60.000181     0.029621463      0.15121363      0.15143257     -0.32573014      -0.32573014       248.97705                                248.97705
              1       124.44057       60.000181     0.029621463      0.15300273      0.16122859     -0.32573014      -0.32573014       249.53259                                249.53259
              1       124.68478       60.018994     0.029649003      0.15315776       0.1613559     -0.32573014      -0.32573014       250.02102                                250.02102
              2        124.5322       60.018994     0.029649003      0.14930881      0.15646246     -0.32573014      -0.32573014       249.71586                                249.71586
              3       124.61679       60.018994     0.029649003      0.14892357      0.15709518     -0.32573014      -0.32573014       249.88503                                249.88503
              1       126.28149       60.018994     0.029649003      0.14197795      0.15753737     -0.32573014      -0.32573014       253.21444                                253.21444
              7       128.01373       60.018994     0.029649003       0.1627635      0.17048397     -0.32573014      -0.32573014       256.67891                                256.67891
              3       125.25536       60.018994     0.029649003      0.15246959      0.16409043     -0.32573014      -0.32573014       251.16219                                251.16219
              3       124.37187       60.018994     0.029649003      0.15037214      0.15454222     -0.32573014      -0.32573014       249.39519                                249.39519
              3       124.57731       60.018994     0.029649003      0.15103985      0.15023275     -0.32573014      -0.32573014       249.80607                                249.80607
              2        124.2363       60.018994     0.029649003       0.1530866      0.15252569     -0.32573014      -0.32573014       249.12405                                249.12405
              3       125.13745       60.018994     0.029649003      0.14615184      0.15734624     -0.32573014      -0.32573014       250.92636                                250.92636
              1       126.73012       60.018994     0.029649003      0.14641736      0.14320077     -0.32573014      -0.32573014        254.1117                                 254.1117
              2       129.02313       60.018994     0.029649003      0.17115249      0.14422401     -0.32573014      -0.32573014       258.69773                                258.69773
              2       126.74764       60.018994     0.029649003       0.1460008       0.1434501     -0.32573014      -0.32573014       254.14673                                254.14673
              5       125.64727       60.018994     0.029649003      0.14635629      0.14784012     -0.32573014      -0.32573014       251.94601                                251.94601
              3       124.92413       60.018994     0.029649003      0.15070207      0.16175164     -0.32573014      -0.32573014       250.49972                                250.49972
             13       124.67423       60.018994     0.029649003      0.15424246      0.16145964     -0.32573014      -0.32573014       249.99991                                249.99991
              6       125.73968       60.018994     0.029649003      0.15485217      0.16621368     -0.32573014      -0.32573014       252.13082                                252.13082
              2       125.80937       60.026889     0.029694849      0.15489616      0.16624129     -0.32573014      -0.32573014        252.2702                                 252.2702
              2       125.29331       60.026889     0.029694849      0.15537553      0.16422669     -0.32573014      -0.32573014       251.23808                                251.23808
              3       125.46531       60.052589     0.029908268      0.15547928      0.16426822     -0.32573014      -0.32573014       251.58209                                251.58209
              2       124.84257       60.052589     0.029908268      0.16012071      0.15778108     -0.32573014      -0.32573014        250.3366                                 250.3366
              3       124.56656       60.052589     0.029908268      0.15815716      0.15662367     -0.32573014      -0.32573014       249.78458                                249.78458
              1       125.59776       60.052589     0.029908268      0.15500602      0.16484292     -0.32573014      -0.32573014       251.84698                                251.84698
              1        127.4863       60.052589     0.029908268      0.14182737      0.14652443     -0.32573014      -0.32573014       255.62406                                255.62406
              3       127.51659       60.052589     0.029908268      0.14961464      0.14024684     -0.32573014      -0.32573014       255.68464                                255.68464
              2       126.50064       60.052589     0.029908268      0.14273218       0.1508472     -0.32573014      -0.32573014       253.65274                                253.65274
              1         126.533       60.051274     0.029845646      0.14275865      0.15088401     -0.32573014      -0.32573014       253.71746                                253.71746
              3       125.46315       60.051274     0.029845646      0.14735822      0.16003911     -0.32573014      -0.32573014       251.57775                                251.57775
              3       128.23851       60.051274     0.029845646      0.15046561       0.1719131     -0.32573014      -0.32573014       257.12849                                257.12849
              2       129.57187       60.051274     0.029845646      0.14036133      0.16904891     -0.32573014      -0.32573014       259.79519                                259.79519
              1       129.44616       60.051274     0.029845646      0.13846561      0.16628445     -0.32573014      -0.32573014       259.54378                                259.54378
              2        124.5742       60.051274     0.029845646      0.15172245      0.15611751     -0.32573014      -0.32573014       249.79986                                249.79986
              2       124.91609       60.051274     0.029845646      0.15607616       0.1611764     -0.32573014      -0.32573014       250.48364                                250.48364
              5       124.89605       60.051274     0.029845646      0.15589504      0.16107775     -0.32573014      -0.32573014       250.44355                                250.44355
              1       124.76332       60.051274     0.029845646      0.14983611      0.15570076     -0.32573014      -0.32573014        250.1781                                 250.1781
              1       124.74532       60.050528     0.029854136      0.14982408       0.1556885     -0.32573014      -0.32573014        250.1421                                 250.1421
              1       124.50276       60.050528     0.029854136       0.1522594      0.15516244     -0.32573014      -0.32573014       249.65698                                249.65698
              2       124.85751       60.050528     0.029854136      0.15132102      0.15036251     -0.32573014      -0.32573014       250.36648                                250.36648
              1       124.80392       60.050528     0.029854136      0.15651945      0.14978452     -0.32573014      -0.32573014       250.25931                                250.25931
              4       124.76309       60.042922     0.029766858      0.15650357      0.14979039     -0.32573014      -0.32573014       250.17764                                250.17764
              2       125.76786       60.042922     0.029766858      0.14728161      0.16230202     -0.32573014      -0.32573014       252.18718                                252.18718
              3       124.90431       60.042922     0.029766858      0.15737172      0.14911749     -0.32573014      -0.32573014       250.46007                                250.46007
              1       124.86459       60.042922     0.029766858      0.14947697      0.15200067     -0.32573014      -0.32573014       250.38065                                250.38065
              7       124.45081       60.042922     0.029766858      0.15259836      0.15427527     -0.32573014      -0.32573014       249.55308                                249.55308
              1       124.71413       60.042922     0.029766858      0.15096604      0.15168767     -0.32573014      -0.32573014       250.07973                                250.07973
              1       125.56924       60.042922     0.029766858      0.15879598      0.14618265     -0.32573014      -0.32573014       251.78994                                251.78994
              1       126.13251       60.042922     0.029766858      0.15507716      0.14325737     -0.32573014      -0.32573014       252.91649                                252.91649
              1       124.79504       60.042922     0.029766858       0.1546382      0.16081608     -0.32573014      -0.32573014       250.24155                                250.24155
              2         124.522       60.042922     0.029766858      0.15706183      0.15252285     -0.32573014      -0.32573014       249.69546                                249.69546
              3       125.24886       60.042922     0.029766858      0.14795244      0.15964309     -0.32573014      -0.32573014       251.14918                                251.14918
              3       127.00011       60.136886     0.029298445       0.1490993      0.16073537     -0.32573014      -0.32573014       254.65167                                254.65167
              2       126.45522       60.136886     0.029298445      0.15363201      0.16059507     -0.32573014      -0.32573014       253.56189                                253.56189
              4       126.75422       60.136886     0.029298445      0.16274855      0.15752655     -0.32573014      -0.32573014       254.15991                                254.15991
              1       126.56525       60.136886     0.029298445      0.15071039      0.15367831     -0.32573014      -0.32573014       253.78196                                253.78196
              1       126.32921       60.136886     0.029298445      0.15856405      0.15330515     -0.32573014      -0.32573014       253.30988                                253.30988
              2       127.01451       60.136886     0.029298445      0.15761676      0.14798574     -0.32573014      -0.32573014       254.68048                                254.68048
              1       126.96658       60.104948     0.028792291      0.15763591       0.1481156     -0.32573014      -0.32573014       254.58462                                254.58462
              2       127.72013       60.104948     0.028792291      0.14717958      0.16318763     -0.32573014      -0.32573014       256.09172                                256.09172
              2       128.82047       60.217287     0.029391325       0.1478383      0.16362058     -0.32573014      -0.32573014       258.29241                                258.29241
              2       128.88223       60.217287     0.029391325      0.14804248       0.1642218     -0.32573014      -0.32573014       258.41591                                258.41591
              2       129.36411       60.217287     0.029391325      0.14383939        0.155585     -0.32573014      -0.32573014       259.37968                                259.37968
              2       128.62351       60.220476     0.028686755      0.15060496      0.16098476     -0.32573014      -0.32573014       257.89849                                257.89849
              2       130.61095       60.369019     0.029050437      0.15343987      0.15212587     -0.32573014      -0.32573014       261.87336                                261.87336
              1       134.44139        60.50166     0.026994437      0.15591609      0.15471821     -0.32573014      -0.32573014       269.53424                                269.53424
              1       135.58572        60.50166     0.026994437        0.160623      0.17295454     -0.32573014      -0.32573014        271.8229                                 271.8229
              1       135.70754        60.50166     0.026994437      0.16606026      0.17205143     -0.32573014      -0.32573014       272.06654                                272.06654
              2        129.9303       60.234629     0.028883604      0.16226648      0.16864009     -0.32573014      -0.32573014       260.51207                                260.51207
              2       129.24591       60.156121     0.028361547       0.1618992      0.16825016     -0.32573014      -0.32573014       259.14329                                259.14329
              3       130.12274        60.18115     0.027430007      0.16874437      0.15899864     -0.32573014      -0.32573014       260.89695                                260.89695
              1       129.45392       60.159034      0.02798398      0.16876357      0.15829584     -0.32573014      -0.32573014        259.5593                                 259.5593
              2       128.48645       60.158506     0.029024255       0.1680364      0.15769937     -0.32573014      -0.32573014       257.62436                                257.62436
              2       128.86759       60.158506     0.029024255      0.14494497      0.16292278     -0.32573014      -0.32573014       258.38663                                258.38663
              1       127.21188       60.158506     0.029024255      0.15133111      0.16039526     -0.32573014      -0.32573014       255.07523                                255.07523
              2       127.51836        60.19451     0.029286578      0.15148365      0.16056106     -0.32573014      -0.32573014       255.68818                                255.68818
              1       127.17501        60.19451     0.029286578      0.15987615      0.15781959     -0.32573014      -0.32573014       255.00147                                255.00147
              5       129.02427        60.19451     0.029286578      0.15372438      0.16903378     -0.32573014      -0.32573014       258.69999                                258.69999
              3        128.9663        60.19451     0.029286578      0.15343023      0.16877421     -0.32573014      -0.32573014       258.58407                                258.58407
              3       127.71814        60.19451     0.029286578      0.16173137      0.16200134     -0.32573014      -0.32573014       256.08775                                256.08775
              4       126.58181       60.089278     0.028827212      0.16107215       0.1613419     -0.32573014      -0.32573014       253.81508                                253.81508
              1        126.4135       60.089278     0.028827212      0.16142472      0.15258426     -0.32573014      -0.32573014       253.47846                                253.47846
              1       127.98859       60.089278     0.028827212       0.1683319       0.1529781     -0.32573014      -0.32573014       256.62865                                256.62865
              2       127.39367       60.107764     0.029778525      0.16784323      0.15259861     -0.32573014      -0.32573014        255.4388                                 255.4388
              4       125.52549       60.107764     0.029778525      0.15235994      0.15292281     -0.32573014      -0.32573014       251.70244                                251.70244
              3       125.57228       60.047969      0.02868475      0.15256354      0.15302189     -0.32573014      -0.32573014       251.79601                                251.79601
              4       126.30276       60.047969      0.02868475      0.15045952      0.16262121     -0.32573014      -0.32573014       253.25698                                253.25698
              3       125.96927       60.047969      0.02868475      0.15287688      0.14932308     -0.32573014      -0.32573014       252.58999                                252.58999
              2       125.94221       60.047969      0.02868475      0.15059834      0.16025532     -0.32573014      -0.32573014       252.53589                                252.53589
              2       125.44735       60.040663     0.028742943        0.159552      0.15607971     -0.32573014      -0.32573014       251.54616                                251.54616
              2       125.80041       60.040663     0.028742943      0.15483189      0.16234784     -0.32573014      -0.32573014       252.25228                                252.25228
              5       125.80043       60.040663     0.028742943       0.1568217      0.16220795     -0.32573014      -0.32573014       252.25233                                252.25233
              1       125.46305       60.040663     0.028742943      0.15904039      0.15794012     -0.32573014      -0.32573014       251.57756                                251.57756
              1        125.2866       60.031683     0.028794682        0.158921      0.15783211     -0.32573014      -0.32573014       251.22465                                251.22465
              2       125.09974       60.031683     0.028794682      0.15732888      0.15540441     -0.32573014      -0.32573014       250.85095                                250.85095
              1       125.21553       60.021529      0.02848902      0.15744672      0.15548946     -0.32573014      -0.32573014       251.08253                                251.08253
              4       126.08299       60.066116     0.028242497      0.15803233      0.15601985     -0.32573014      -0.32573014       252.81745                                252.81745
              4        125.6354       60.026178     0.028082319      0.15777231      0.15576153     -0.32573014      -0.32573014       251.92226                                251.92226
              5       125.61305       60.026178     0.028082319      0.15725709      0.15528733     -0.32573014      -0.32573014       251.87756                                251.87756
              3       125.96644       60.055194     0.028166496      0.15746835      0.15549333     -0.32573014      -0.32573014       252.58433                                252.58433
              1       127.38144       60.055194     0.028166496      0.16515236      0.15083275     -0.32573014      -0.32573014       255.41434                                255.41434
              1       127.02165       60.128268      0.02997207      0.16557825      0.15096751     -0.32573014      -0.32573014       254.69475                                254.69475
              1       126.08652       60.063049     0.029949095      0.16498797      0.15040992     -0.32573014      -0.32573014       252.82451                                252.82451
              1        125.7474       60.063049     0.029949095      0.16457921      0.15707211     -0.32573014      -0.32573014       252.14626                                252.14626
              1       124.89799       60.063049     0.029949095      0.15466239       0.1496414     -0.32573014      -0.32573014       250.44744                                250.44744
              2       125.24969       60.063049     0.029949095      0.15917432      0.14881195     -0.32573014      -0.32573014       251.15083                                251.15083
              2       126.96186       60.063049     0.029949095      0.15622494      0.14126528     -0.32573014      -0.32573014       254.57517                                254.57517
              2       124.84918       60.063049     0.029949095      0.15203138      0.15090934     -0.32573014      -0.32573014       250.34981                                250.34981
              1       125.56327       60.063049     0.029949095      0.14602859      0.15346306     -0.32573014      -0.32573014         251.778                                  251.778
              1       126.96617       60.012206     0.026673517      0.15179621      0.15302447     -0.32573014      -0.32573014       254.58381                                254.58381
              1       130.43657       60.188994     0.026351959      0.15436973      0.15038271     -0.32573014      -0.32573014       261.52461                                261.52461
              1       128.21318       60.146172     0.028203034      0.15268649      0.14895488     -0.32573014      -0.32573014       257.07781                                257.07781
              3       127.67138       60.146172     0.028203034      0.16236591      0.15595719     -0.32573014      -0.32573014       255.99422                                255.99422
              2       128.15478       60.146172     0.028203034      0.15497483       0.1651938     -0.32573014      -0.32573014       256.96102                                256.96102
              1       127.96853       60.146172     0.028203034      0.14968971      0.15990063     -0.32573014      -0.32573014       256.58852                                256.58852
              1        125.3634       60.000172     0.028766286      0.14794153      0.15830267     -0.32573014      -0.32573014       251.37826                                251.37826
              2        126.6875       60.014537     0.027419887      0.14900986      0.15919438     -0.32573014      -0.32573014       254.02646                                254.02646
              1       128.30684       60.014537     0.027419887      0.16669043      0.14792193     -0.32573014      -0.32573014       257.26514                                257.26514
              2       126.57004       60.014537     0.027419887      0.15589925      0.16292837     -0.32573014      -0.32573014       253.79154                                253.79154
              1       127.10384       60.014537     0.027419887      0.16516429      0.15485348     -0.32573014      -0.32573014       254.85915                                254.85915
              2       127.15866       60.014537     0.027419887      0.16101098      0.14784177     -0.32573014      -0.32573014       254.96879                                254.96879
              4       127.01959       60.014537     0.027419887      0.16462224       0.1538685     -0.32573014      -0.32573014       254.69063                                254.69063
              3       126.99034       60.152228      0.02964981      0.16183984      0.15001968     -0.32573014      -0.32573014       254.63213                                254.63213
              2       126.46209       60.152228      0.02964981      0.16136721      0.15531592     -0.32573014      -0.32573014       253.57563                                253.57563
              2       126.23963       60.152228      0.02964981      0.15937426      0.15712368     -0.32573014      -0.32573014       253.13071                                253.13071
              3       126.40193       60.152228      0.02964981      0.15366435       0.1515281     -0.32573014      -0.32573014       253.45532                                253.45532
              1        126.6148       60.152228      0.02964981      0.16208422      0.15403951     -0.32573014      -0.32573014       253.88106                                253.88106
              1       126.37433       60.152228      0.02964981      0.15730571      0.16080132     -0.32573014      -0.32573014       253.40012                                253.40012
              2       129.91718       60.152228      0.02964981      0.16589614      0.14182227     -0.32573014      -0.32573014       260.48582                                260.48582
              1       130.82408       60.152228      0.02964981      0.17144699      0.14459802     -0.32573014      -0.32573014       262.29962                                262.29962
              5       128.54484       60.197673     0.029601977      0.16790135       0.1544216     -0.32573014      -0.32573014       257.74113                                257.74113
              3       128.52725       60.197673     0.029601977      0.14651195      0.15017907     -0.32573014      -0.32573014       257.70596                                257.70596
              7       128.80922       60.216317     0.029594425       0.1466905      0.15034651     -0.32573014      -0.32573014        258.2699                                 258.2699
              1       127.58346       60.216317     0.029594425      0.15547622      0.15039655     -0.32573014      -0.32573014       255.81838                                255.81838
              1       128.57753       60.255271     0.029115666      0.15617071      0.15100978     -0.32573014      -0.32573014       257.80652                                257.80652
              1       130.34141       60.255271     0.029115666      0.14884034      0.14677404     -0.32573014      -0.32573014       261.33429                                261.33429
              4       129.45074       60.255271     0.029115666      0.14986513      0.14979187     -0.32573014      -0.32573014       259.55293                                259.55293
              1       129.46009       60.255271     0.029115666      0.15058293      0.14910796     -0.32573014      -0.32573014       259.57164                                259.57164
              1       129.68508       60.285703     0.029388259      0.15067654      0.14921914     -0.32573014      -0.32573014       260.02162                                260.02162
              2       130.41892       60.285703     0.029388259       0.1688342      0.15159432     -0.32573014      -0.32573014       261.48929                                261.48929
              1       131.10962       60.285703     0.029388259      0.15258889      0.14321767     -0.32573014      -0.32573014        262.8707                                 262.8707
              3       130.90674       60.279173     0.029512197      0.15244214      0.14309002     -0.32573014      -0.32573014       262.46495                                262.46495
              3       127.21979       60.106433     0.027551843       0.1561378      0.15717739     -0.32573014      -0.32573014       255.09105                                255.09105
              3       127.33325       60.071182     0.029251077      0.14446244      0.16248468     -0.32573014      -0.32573014       255.31796                                255.31796
              2       126.24017       60.071182     0.029251077      0.15347082      0.14676845     -0.32573014      -0.32573014        253.1318                                 253.1318
              1       125.28968       60.071182     0.029251077      0.15659768      0.15352613     -0.32573014      -0.32573014       251.23083                                251.23083
              3       126.49153       60.083422     0.028083366       0.1575222      0.15429758     -0.32573014      -0.32573014       253.63452                                253.63452
              2       126.55336       60.083422     0.028083366       0.1591383      0.15502894     -0.32573014      -0.32573014       253.75817                                253.75817
              2       126.69293       60.083422     0.028083366      0.15717004      0.16088784     -0.32573014      -0.32573014       254.03731                                254.03731
              2       126.78436       60.083422     0.028083366      0.16146404      0.15672116     -0.32573014      -0.32573014       254.22018                                254.22018
              1       127.05942       60.083422     0.028083366      0.16299285      0.15457249     -0.32573014      -0.32573014       254.77029                                254.77029
              1       127.04676       60.083422     0.028083366      0.16311004      0.15571028     -0.32573014      -0.32573014       254.74497                                254.74497
              2       126.71564       60.083422     0.028083366       0.1512854      0.15699391     -0.32573014      -0.32573014       254.08275                                254.08275
              1       128.20165       60.083422     0.028083366       0.1602239      0.14513949     -0.32573014      -0.32573014       257.05476                                257.05476
              1       127.58078       60.077265     0.028694908      0.15974208      0.14473768     -0.32573014      -0.32573014       255.81302                                255.81302
              1         127.393       60.077265     0.028694908      0.16014043      0.14558892     -0.32573014      -0.32573014       255.43747                                255.43747
              4        129.2949       60.077265     0.028694908      0.15462749       0.1392963     -0.32573014      -0.32573014       259.24127                                259.24127
              3       128.93696       60.077265     0.028694908      0.14117013      0.16184501     -0.32573014      -0.32573014       258.52538                                258.52538
              3       126.45284       60.077265     0.028694908       0.1532248      0.14916718     -0.32573014      -0.32573014       253.55714                                253.55714
              7       126.93432       60.077265     0.028694908      0.15035693      0.14811019     -0.32573014      -0.32573014       254.52011                                254.52011
              1       126.03117       60.077265     0.028694908      0.15660849      0.15171678     -0.32573014      -0.32573014        252.7138                                 252.7138
              5       125.98786       60.052643     0.028862476      0.15510705      0.16305121     -0.32573014      -0.32573014       252.62717                                252.62717
              3       125.33189       60.052643     0.028862476      0.15675796      0.15674864     -0.32573014      -0.32573014       251.31525                                251.31525
              2       125.62483       60.066068      0.02875102      0.15696013      0.15692953     -0.32573014      -0.32573014       251.90112                                251.90112
              7       125.59021       60.066068      0.02875102      0.15618105      0.15554615     -0.32573014      -0.32573014       251.83188                                251.83188
              1       125.71469       60.066068      0.02875102      0.15717894      0.15858838     -0.32573014      -0.32573014       252.08083                                252.08083
              1       126.53036       60.038068     0.027342181      0.15789683      0.15914491     -0.32573014      -0.32573014       253.71218                                253.71218
              2       126.43508       60.038068     0.027342181      0.15426563      0.15712464     -0.32573014      -0.32573014       253.52163                                253.52163
              1       126.47633       60.038068     0.027342181      0.15340149      0.15601865     -0.32573014      -0.32573014       253.60413                                253.60413
              1       126.47289       60.038068     0.027342181      0.15578039      0.15365191     -0.32573014      -0.32573014       253.59724                                253.59724
              1       126.99058       60.038068     0.027342181       0.1629536      0.15658809     -0.32573014      -0.32573014       254.63262                                254.63262
              1        127.5644       60.041446     0.027308637      0.15942513      0.16507283     -0.32573014      -0.32573014       255.78025                                255.78025
              1       126.75266       60.140289      0.02921629      0.15628723      0.16240563     -0.32573014      -0.32573014       254.15677                                254.15677
              2       126.54323       60.032748     0.027647589      0.15637676      0.16235713     -0.32573014      -0.32573014       253.73792                                253.73792
              1       126.89029       60.032748     0.027647589      0.15937716      0.16347685     -0.32573014      -0.32573014       254.43204                                254.43204
              1       127.33872       60.032748     0.027647589      0.15828437        0.165925     -0.32573014      -0.32573014        255.3289                                 255.3289
              3       126.47749       60.005093     0.028167802      0.15766612      0.16538705     -0.32573014      -0.32573014       253.60644                                253.60644
              2       126.10876       60.005093     0.028167802       0.1573337      0.16385077     -0.32573014      -0.32573014       252.86897                                252.86897
              1       127.08086       60.005093     0.028167802      0.14474501      0.16158581     -0.32573014      -0.32573014       254.81318                                254.81318
              1       126.55877       60.005093     0.028167802       0.1640265      0.14988629     -0.32573014      -0.32573014       253.76899                                253.76899
              1       127.86028       60.005093     0.028167802      0.16331068        0.167705     -0.32573014      -0.32573014       256.37201                                256.37201
              5        126.5349       60.005093     0.028167802       0.1595363      0.16498136     -0.32573014      -0.32573014       253.72127                                253.72127
              6       126.70598       60.005093     0.028167802      0.16348382      0.14826738     -0.32573014      -0.32573014       254.06342                                254.06342
              3       127.28785       60.005093     0.028167802      0.15844945      0.14303042     -0.32573014      -0.32573014       255.22716                                255.22716
              1        126.0565       60.005093     0.028167802      0.16311252      0.15828051     -0.32573014      -0.32573014       252.76446                                252.76446
              2       125.31965        60.03066     0.029413722      0.16248514      0.15779538     -0.32573014      -0.32573014       251.29075                                251.29075
              2       124.55899        60.03066     0.029413722         0.15649      0.15368469     -0.32573014      -0.32573014       249.76944                                249.76944
              3       125.73213        60.03066     0.029413722      0.14887206      0.16293225     -0.32573014      -0.32573014       252.11573                                252.11573
              1        127.4065       60.175925     0.029944222      0.14953324      0.16370318     -0.32573014      -0.32573014       255.46447                                255.46447
              2       126.80833       60.175925     0.029944222      0.15160785      0.16181444     -0.32573014      -0.32573014       254.26812                                254.26812
              2       126.80552       60.175925     0.029944222      0.14962967      0.15935619     -0.32573014      -0.32573014        254.2625                                 254.2625
              2       128.49804       60.175925     0.029944222      0.14338554      0.16116741     -0.32573014      -0.32573014       257.64754                                257.64754
              1       126.44064       60.175925     0.029944222      0.15820113      0.16026591     -0.32573014      -0.32573014       253.53274                                253.53274
              1       126.07229       60.148539     0.029915516      0.15802602      0.16007978     -0.32573014      -0.32573014       252.79605                                252.79605
              3       126.08643       60.148539     0.029915516      0.15141355      0.15810657     -0.32573014      -0.32573014       252.82431                                252.82431
              1       126.60428       60.148539     0.029915516      0.14846065      0.15260477     -0.32573014      -0.32573014       253.86002                                253.86002
              1       126.17747       60.148539     0.029915516      0.15101589      0.15306785     -0.32573014      -0.32573014       253.00639                                253.00639
              2       126.17333       60.148539     0.029915516      0.15100703      0.15314067     -0.32573014      -0.32573014       252.99812                                252.99812
              3       126.86736       60.025755     0.026886089      0.15227454      0.15396555     -0.32573014      -0.32573014       254.38618                                254.38618
              4       128.48161       60.025755     0.026886089      0.15874083      0.14443802     -0.32573014      -0.32573014       257.61467                                257.61467
              1       129.45878       60.131496     0.028792755      0.15694508      0.14108787     -0.32573014      -0.32573014       259.56901                                259.56901
              2        127.3121        60.04733     0.029819516      0.15561793      0.13987799     -0.32573014      -0.32573014       255.27566                                255.27566
              2       124.73733        60.04733     0.029819516      0.15796512      0.15093456     -0.32573014      -0.32573014       250.12613                                250.12613
              2       124.97243        60.04733     0.029819516       0.1596297      0.15032651     -0.32573014      -0.32573014       250.59632                                250.59632
              1       125.96659        60.04733     0.029819516      0.15798976      0.16578942     -0.32573014      -0.32573014       252.58464                                252.58464
              1        124.5874        60.04733     0.029819516      0.15132199      0.15658999     -0.32573014      -0.32573014       249.82626                                249.82626
              2       124.64066        60.04733     0.029819516      0.15718838      0.15878692     -0.32573014      -0.32573014       249.93279                                249.93279
              3       124.62276        60.04733     0.029819516      0.15748573      0.15837062     -0.32573014      -0.32573014       249.89699                                249.89699
              1       124.51145        60.04733     0.029819516      0.15191795      0.15466704     -0.32573014      -0.32573014       249.67436                                249.67436
              1       124.75162        60.04733     0.029819516        0.151593      0.15092894     -0.32573014      -0.32573014       250.15471                                250.15471
              3       125.44259       60.059051       0.0291811      0.15212839      0.15138085     -0.32573014      -0.32573014       251.53664                                251.53664
              1       125.63229       60.066225     0.029099064      0.15223763      0.15148083     -0.32573014      -0.32573014       251.91604                                251.91604
              3       125.61825        60.08329     0.029420983      0.15213161       0.1514229     -0.32573014      -0.32573014       251.88795                                251.88795
              1       126.76134       60.015167     0.026843553      0.15346932      0.15239348     -0.32573014      -0.32573014       254.17415                                254.17415
              2       126.96745       60.099728     0.028110583      0.15317616       0.1522941     -0.32573014      -0.32573014       254.58636                                254.58636
              2       126.96322       60.099728     0.028110583      0.15366844      0.15200682     -0.32573014      -0.32573014        254.5779                                 254.5779
              2       124.66582       60.039463     0.029772519       0.1520624      0.15061037     -0.32573014      -0.32573014        249.9831                                 249.9831
              8       124.36604       60.039463     0.029772519       0.1562557      0.15616348     -0.32573014      -0.32573014       249.38355                                249.38355
              1       125.35097       60.039463     0.029772519      0.14895195      0.16187289     -0.32573014      -0.32573014        251.3534                                 251.3534
              1       126.60706       60.112644     0.029545282      0.14963494      0.16254414     -0.32573014      -0.32573014       253.86558                                253.86558
              1       126.42957       60.112644     0.029545282      0.16045315      0.14922611     -0.32573014      -0.32573014        253.5106                                 253.5106
              5       127.52823       60.112644     0.029545282      0.14586058      0.14816509     -0.32573014      -0.32573014       255.70792                                255.70792
              4       125.82035       60.112644     0.029545282      0.15184124      0.15794018     -0.32573014      -0.32573014       252.29216                                252.29216
              1       125.76526       60.112644     0.029545282      0.15232037      0.15770076     -0.32573014      -0.32573014       252.18198                                252.18198
              1       126.36335       60.042469     0.027621752      0.15318073       0.1582821     -0.32573014      -0.32573014       253.37816                                253.37816
              2       126.38904       60.042469     0.027621752      0.15862733      0.15884612     -0.32573014      -0.32573014       253.42954                                253.42954
              1        126.6712       60.042469     0.027621752      0.15029972      0.15412123     -0.32573014      -0.32573014       253.99386                                253.99386
              1       126.27506       60.042469     0.027621752      0.15417577      0.15759903     -0.32573014      -0.32573014       253.20158                                253.20158
              1       126.52154       60.042469     0.027621752      0.15158308      0.15850168     -0.32573014      -0.32573014       253.69453                                253.69453
              1       126.24944       60.042469     0.027621752      0.15423074      0.15575397     -0.32573014      -0.32573014       253.15034                                253.15034
              3       126.22458       60.042469     0.027621752      0.15562333      0.15724022     -0.32573014      -0.32573014       253.10062                                253.10062
              2       127.48232       60.042469     0.027621752       0.1599325      0.14694429     -0.32573014      -0.32573014        255.6161                                 255.6161
              1       128.27144       60.042469     0.027621752      0.16273422       0.1453392     -0.32573014      -0.32573014       257.19433                                257.19433
              6       129.47957        60.10167     0.027255091      0.16341611      0.14598681     -0.32573014      -0.32573014        259.6106                                 259.6106
              2       131.03578        60.10167     0.027255091       0.1700544       0.1465236     -0.32573014      -0.32573014       262.72301                                262.72301
              5       129.72618        60.10167     0.027255091      0.16765093      0.14897107     -0.32573014      -0.32573014       260.10382                                260.10382
              1       129.96623        60.10167     0.027255091      0.16815829      0.14850903     -0.32573014      -0.32573014       260.58392                                260.58392
              1       128.90304       60.008573     0.026931031      0.16772328      0.14800585     -0.32573014      -0.32573014       258.45754                                258.45754
              1       127.78535       60.008573     0.026931031      0.16677889      0.15569829     -0.32573014      -0.32573014       256.22217                                256.22217
              4        126.7813       60.008573     0.026931031      0.15092421       0.1528049     -0.32573014      -0.32573014       254.21406                                254.21406
              1       127.41287       60.008573     0.026931031      0.15930962      0.14744342     -0.32573014      -0.32573014        255.4772                                 255.4772
              1       127.62546       60.008573     0.026931031      0.15831772      0.14624293     -0.32573014      -0.32573014       255.90239                                255.90239
              1       127.30205       60.008573     0.026931031      0.16397876      0.15234961     -0.32573014      -0.32573014       255.25556                                255.25556
              1       127.26905       60.060245     0.027566218       0.1612254      0.15057699     -0.32573014      -0.32573014       255.18956                                255.18956
              2       126.88465       60.033119     0.027548576      0.16104432      0.15038646     -0.32573014      -0.32573014       254.42076                                254.42076
              1       127.68014       60.033119     0.027548576      0.16524249      0.15024037     -0.32573014      -0.32573014       256.01174                                256.01174
              2       128.32351       60.033119     0.027548576      0.16486538      0.14649568     -0.32573014      -0.32573014       257.29848                                257.29848
              2       126.27751       60.033119     0.027548576       0.1591179      0.15512965     -0.32573014      -0.32573014       253.20647                                253.20647
              1       126.17874       60.033119     0.027548576      0.15776145      0.15582417     -0.32573014      -0.32573014       253.00894                                253.00894
              2       127.14557       60.033119     0.027548576      0.14940038       0.1622432     -0.32573014      -0.32573014        254.9426                                 254.9426
              2       129.08321       60.103553     0.026835359      0.14814567      0.15223876     -0.32573014      -0.32573014       258.81787                                258.81787
              2       128.71885       60.103553     0.026835359      0.16544398      0.15721991     -0.32573014      -0.32573014       258.08916                                258.08916
              2       127.00568       60.002242     0.027119824      0.16451975      0.15630786     -0.32573014      -0.32573014       254.66281                                254.66281
              4       127.34787       60.002242     0.027119824       0.1654971      0.15305245     -0.32573014      -0.32573014       255.34721                                255.34721
              2       127.53256       60.002242     0.027119824      0.16266963      0.14764761     -0.32573014      -0.32573014       255.71658                                255.71658
              4       127.26096       60.002242     0.027119824      0.15921698      0.14685275     -0.32573014      -0.32573014       255.17338                                255.17338
              2       126.98947       60.005735     0.027495218      0.15897628      0.14666383     -0.32573014      -0.32573014        254.6304                                 254.6304
              2       128.23445       60.005735     0.027495218      0.14748021      0.14464083     -0.32573014      -0.32573014       257.12037                                257.12037
              1       127.41076       60.005735     0.027495218      0.14625398      0.14962137     -0.32573014      -0.32573014       255.47298                                255.47298
              1       126.74557       60.005735     0.027495218      0.15327772      0.14747731     -0.32573014      -0.32573014        254.1426                                 254.1426
              1       127.98018       60.095107     0.027648755      0.15380681      0.14805049     -0.32573014      -0.32573014       256.61182                                256.61182
              4       131.52278       60.095107     0.027648755      0.14612255      0.14068424     -0.32573014      -0.32573014       263.69702                                263.69702
              1       129.25004       60.095107     0.027648755      0.14844175      0.14582429     -0.32573014      -0.32573014       259.15154                                259.15154
              1       127.99237       60.095107     0.027648755      0.14797817      0.15358473     -0.32573014      -0.32573014       256.63619                                256.63619
              1       127.01486       60.047985     0.027960183      0.14742155      0.15305805     -0.32573014      -0.32573014       254.68118                                254.68118
              2       126.82459       60.047985     0.027960183      0.14945459      0.15111788     -0.32573014      -0.32573014       254.30064                                254.30064
              4       127.10035       60.047985     0.027960183      0.14708653      0.15290111     -0.32573014      -0.32573014       254.85215                                254.85215
              1       127.94786       60.047985     0.027960183      0.15541181      0.14361124     -0.32573014      -0.32573014       256.54718                                256.54718
              1       127.95242       60.047985     0.027960183      0.16296708      0.14586599     -0.32573014      -0.32573014        256.5563                                 256.5563
              6       126.83495       60.047985     0.027960183      0.16187646      0.15062266     -0.32573014      -0.32573014       254.32136                                254.32136
              7        126.0052       60.047985     0.027960183      0.15551586      0.15542122     -0.32573014      -0.32573014       252.66186                                252.66186
              4       126.30299       60.047985     0.027960183      0.15573406      0.16096722     -0.32573014      -0.32573014       253.25744                                253.25744
             10       126.22236       60.043493     0.027978093      0.15568932      0.16092375     -0.32573014      -0.32573014       253.09617                                253.09617
              2       125.62876       60.017385      0.02818061      0.15452245      0.16018038     -0.32573014      -0.32573014       251.90899                                251.90899
              1       125.74922       60.017385      0.02818061      0.15336769       0.1608078     -0.32573014      -0.32573014        252.1499                                 252.1499
              6       125.47071       60.017385      0.02818061      0.15421312      0.15297226     -0.32573014      -0.32573014       251.59289                                251.59289
              7       126.16939       60.004594     0.027133451      0.15486283      0.15347669     -0.32573014      -0.32573014       252.99023                                252.99023
              1        126.0809       60.004594     0.027133451      0.15551713       0.1552609     -0.32573014      -0.32573014       252.81326                                252.81326
              1       126.13954       60.004594     0.027133451      0.15780071      0.15478403     -0.32573014      -0.32573014       252.93055                                252.93055
              1       126.13937       60.004594     0.027133451      0.15817057      0.15639905     -0.32573014      -0.32573014       252.93021                                252.93021
              3       125.98544       60.060572       0.0282493      0.15778042      0.15617474     -0.32573014      -0.32573014       252.62235                                252.62235
              1       127.42762       60.060572       0.0282493      0.15782484      0.14531482     -0.32573014      -0.32573014       255.50671                                255.50671
              1       126.06728       60.060572       0.0282493      0.15481573      0.15910126     -0.32573014      -0.32573014       252.78602                                252.78602
              2       129.16135         60.1874      0.02684841      0.15671203       0.1608407     -0.32573014      -0.32573014       258.97416                                258.97416
              1       129.66066       60.334982      0.02970053       0.1490465      0.15719576     -0.32573014      -0.32573014       259.97278                                259.97278
              2       130.75861       60.348889     0.029621617      0.15312449      0.14709264     -0.32573014      -0.32573014       262.16868                                262.16868
              3       130.16506       60.348889     0.029621617      0.16587872      0.15302837     -0.32573014      -0.32573014       260.98157                                260.98157
              5       131.48622       60.348889     0.029621617      0.16698482      0.16838999     -0.32573014      -0.32573014       263.62391                                263.62391
              2       131.20976       60.151735     0.026974196      0.16745133      0.16844628     -0.32573014      -0.32573014       263.07098                                263.07098
              1       127.96553       60.063878     0.026779359      0.15744589      0.16429207     -0.32573014      -0.32573014       256.58253                                256.58253
              2       129.82207       60.059006     0.024234776      0.16337359      0.15969294     -0.32573014      -0.32573014        260.2956                                 260.2956
              3       129.77082       60.059006     0.024234776      0.16186047      0.15450962     -0.32573014      -0.32573014       260.19309                                260.19309
              3       129.52908       60.059006     0.024234776      0.15831522      0.15502488     -0.32573014      -0.32573014       259.70962                                259.70962
              1       130.26092       60.059006     0.024234776      0.15001317      0.16031577     -0.32573014      -0.32573014       261.17331                                261.17331
              1       129.95541       60.139964     0.025512941      0.16282403      0.15473583     -0.32573014      -0.32573014       260.56229                                260.56229
              3       128.96113       60.104751     0.026031873      0.16220556      0.15417853     -0.32573014      -0.32573014       258.57371                                258.57371
              2       130.05607       60.104751     0.026031873      0.15934012      0.14669991     -0.32573014      -0.32573014       260.76359                                260.76359
              1       132.51858       60.104751     0.026031873      0.16966359      0.14474277     -0.32573014      -0.32573014       265.68862                                265.68862
              2         134.834       60.104751     0.026031873      0.17522132      0.17096047     -0.32573014      -0.32573014       270.31947                                270.31947
              1       132.85193       60.128136     0.028399977      0.17371248      0.16977874     -0.32573014      -0.32573014       266.35533                                266.35533
              2       127.13457       60.128136     0.028399977      0.15168922      0.15869552     -0.32573014      -0.32573014       254.92061                                254.92061
              1       127.10252       60.181039     0.029367729      0.15138193       0.1585332     -0.32573014      -0.32573014        254.8565                                 254.8565
              1       127.76518       60.181039     0.029367729      0.15704199      0.14753725     -0.32573014      -0.32573014       256.18183                                256.18183
              1       128.70059       60.181039     0.029367729      0.15868895      0.14427993     -0.32573014      -0.32573014       258.05264                                258.05264
              1        128.4925       60.181039     0.029367729      0.15794989      0.14484556     -0.32573014      -0.32573014       257.63647                                257.63647
              1       129.18712       60.181039     0.029367729      0.15634537      0.14258458     -0.32573014      -0.32573014       259.02569                                259.02569
              2       127.21557       60.181039     0.029367729      0.15887601      0.15095899     -0.32573014      -0.32573014       255.08261                                255.08261
              2       126.95933       60.181039     0.029367729      0.15701485      0.15242885     -0.32573014      -0.32573014       254.57012                                254.57012
              1       125.70309       60.067773     0.028865827      0.15651006      0.15197597     -0.32573014      -0.32573014       252.05765                                252.05765
              3       125.57766       60.067773     0.028865827      0.15768294      0.15495364     -0.32573014      -0.32573014       251.80677                                251.80677
              1       125.17948       60.053998     0.029090496      0.15738885       0.1547812     -0.32573014      -0.32573014       251.01042                                251.01042
              1       126.55539       60.053998     0.029090496      0.16263515      0.16325062     -0.32573014      -0.32573014       253.76224                                253.76224
              1       125.32571       60.053998     0.029090496       0.1513082      0.15615851     -0.32573014      -0.32573014       251.30289                                251.30289
              1       128.23706       60.053998     0.029090496      0.16006183      0.14051525     -0.32573014      -0.32573014       257.12559                                257.12559
              6       125.21288       60.053998     0.029090496      0.15455868      0.15817309     -0.32573014      -0.32573014       251.07722                                251.07722
              4       125.14927       60.052954      0.02913371      0.15451506      0.15814926     -0.32573014      -0.32573014       250.94999                                250.94999
              1       125.26642       60.052954      0.02913371      0.15223673       0.1582583     -0.32573014      -0.32573014        251.1843                                 251.1843
              2       126.12328       60.099751     0.028854538      0.15270759       0.1568649     -0.32573014      -0.32573014       252.89803                                252.89803
              3       126.17215       60.099751     0.028854538      0.15270703      0.15818585     -0.32573014      -0.32573014       252.99577                                252.99577
              2       126.21644       60.099751     0.028854538      0.15780613      0.15981153     -0.32573014      -0.32573014       253.08434                                253.08434
              3       126.14733       60.099751     0.028854538      0.15397099      0.15306004     -0.32573014      -0.32573014       252.94612                                252.94612
              1       126.88982       60.099751     0.028854538      0.14906241      0.15106098     -0.32573014      -0.32573014       254.43111                                254.43111
              7       126.90899       60.099751     0.028854538      0.16415576      0.15433246     -0.32573014      -0.32573014       254.46943                                254.46943
              1       127.41817       60.099751     0.028854538      0.16590796      0.15277138     -0.32573014      -0.32573014       255.48779                                255.48779
              1         126.037       60.099751     0.028854538       0.1577633       0.1559764     -0.32573014      -0.32573014       252.72545                                252.72545
              2       126.04901       60.099751     0.028854538      0.15799495      0.15599354     -0.32573014      -0.32573014       252.74948                                252.74948
              6       124.66507       60.055724     0.029705713      0.15694659      0.15538775     -0.32573014      -0.32573014        249.9816                                 249.9816
              1       124.62902       60.055724     0.029705713      0.15525924      0.15618537     -0.32573014      -0.32573014       249.90949                                249.90949
              2       125.12114       60.055724     0.029705713      0.15980205       0.1511214     -0.32573014      -0.32573014       250.89374                                250.89374
              2       125.11059       60.055724     0.029705713      0.15271095      0.16104283     -0.32573014      -0.32573014       250.87265                                250.87265
              1       125.94796       60.003686     0.027425175      0.15385576      0.15870589     -0.32573014      -0.32573014       252.54738                                252.54738
              1       127.05557       60.003686     0.027425175      0.14744496      0.15045117     -0.32573014      -0.32573014       254.76261                                254.76261
              1        127.2682       60.003686     0.027425175      0.14843734      0.14801942     -0.32573014      -0.32573014       255.18786                                255.18786
              1       126.98022       60.003686     0.027425175      0.15525831      0.14627904     -0.32573014      -0.32573014        254.6119                                 254.6119
              3       126.20565       60.003686     0.027425175      0.15633278      0.15033081     -0.32573014      -0.32573014       253.06277                                253.06277
              1       126.27273       60.003686     0.027425175      0.16126118      0.15351828     -0.32573014      -0.32573014       253.19692                                253.19692
              3       126.45225       60.003686     0.027425175      0.16266762      0.15443196     -0.32573014      -0.32573014       253.55595                                253.55595
              2       126.36416       60.003686     0.027425175      0.15976652      0.15067035     -0.32573014      -0.32573014       253.37978                                253.37978
              1       126.28816       60.006708     0.027559777      0.15968127      0.15063264     -0.32573014      -0.32573014       253.22779                                253.22779
              3       125.73978       60.006708     0.027559777      0.15559551      0.15533502     -0.32573014      -0.32573014       252.13102                                252.13102
              1       126.52008       60.006708     0.027559777      0.15347878      0.14830256     -0.32573014      -0.32573014       253.69162                                253.69162
              2       126.88057       60.006708     0.027559777      0.15240037      0.14693036     -0.32573014      -0.32573014       254.41259                                254.41259
              2       125.89435       60.009123     0.027606663      0.15704894      0.15255995     -0.32573014      -0.32573014       252.44015                                252.44015
              1       125.95891       60.009123     0.027606663      0.15404639      0.15195178     -0.32573014      -0.32573014       252.56928                                252.56928
              2       126.83284       60.101252     0.029344005      0.15428998      0.14596132     -0.32573014      -0.32573014       254.31714                                254.31714
              2       126.15926       60.101252     0.029344005      0.15528372      0.14909372     -0.32573014      -0.32573014       252.96999                                252.96999
              2        127.2834       60.095983     0.027977025      0.15635457      0.14962455     -0.32573014      -0.32573014       255.21826                                255.21826
              1       127.69191       60.095983     0.027977025      0.16282648      0.15049352     -0.32573014      -0.32573014       256.03529                                256.03529
              1        127.5568       60.069176     0.027687486      0.16284609      0.15045647     -0.32573014      -0.32573014       255.76506                                255.76506
              1       128.97456       60.098521     0.026647945      0.16392943       0.1510542     -0.32573014      -0.32573014       258.60059                                258.60059
              1       130.19235       60.098521     0.026647945      0.17029183      0.15521225     -0.32573014      -0.32573014       261.03616                                261.03616
              1       128.83891       60.098521     0.026647945      0.15315069      0.16500706     -0.32573014      -0.32573014       258.32928                                258.32928
              1        129.0984       60.148105     0.027200172      0.15310086      0.16506874     -0.32573014      -0.32573014       258.84826                                258.84826
              2       129.08216       60.148105     0.027200172      0.15872907      0.16586059     -0.32573014      -0.32573014       258.81579                                258.81579
              2       128.54174       60.141379     0.026874938      0.15688114      0.16160055     -0.32573014      -0.32573014       257.73494                                257.73494
              1       128.44187       60.141379     0.026874938      0.15720924      0.16051235     -0.32573014      -0.32573014       257.53521                                257.53521
              1       128.19332       60.138711     0.027118052      0.15698972      0.16039698     -0.32573014      -0.32573014       257.03811                                257.03811
              1       129.31989       60.098468     0.026901972      0.14589358      0.15388754     -0.32573014      -0.32573014       259.29124                                259.29124
              7       128.18225       60.098468     0.026901972      0.15089556      0.15472943     -0.32573014      -0.32573014       257.01596                                257.01596
              1       128.89262       60.117255     0.028312998      0.15495632      0.16958701     -0.32573014      -0.32573014        258.4367                                 258.4367
              2       127.23131       60.117255     0.028312998      0.15412468      0.16252286     -0.32573014      -0.32573014       255.11408                                255.11408
              4        127.2895       60.117445     0.028246491      0.15418038      0.16255128     -0.32573014      -0.32573014       255.23046                                255.23046
              2       128.25441       60.117445     0.028246491      0.16017922      0.16665721     -0.32573014      -0.32573014       257.16027                                257.16027
              1       129.14818       60.149119     0.026602859      0.15278134      0.16162839     -0.32573014      -0.32573014       258.94782                                258.94782
              1       130.25378       60.149119     0.026602859      0.16327728      0.14811455     -0.32573014      -0.32573014       261.15902                                261.15902
              1       128.38854       60.130492     0.028287668      0.16175483      0.14731414     -0.32573014      -0.32573014       257.42854                                257.42854
              1        128.0345       60.130492     0.028287668      0.14880334       0.1512704     -0.32573014      -0.32573014       256.72046                                256.72046
              2        127.9966       60.130492     0.028287668      0.16550016      0.15567312     -0.32573014      -0.32573014       256.64466                                256.64466
              3       129.07872       60.109397     0.026808755      0.16653453      0.15615784     -0.32573014      -0.32573014        258.8089                                 258.8089
              2       128.99047       60.103802     0.026814844      0.16648444      0.15612279     -0.32573014      -0.32573014       258.63241                                258.63241
              2       131.01312       60.103802     0.026814844      0.15110707      0.14234389     -0.32573014      -0.32573014        262.6777                                 262.6777
              3       128.40322       60.081264     0.029429041      0.14879613      0.14113897     -0.32573014      -0.32573014       257.45791                                257.45791
              1       127.25665       60.081264     0.029429041      0.15436726      0.14292058     -0.32573014      -0.32573014       255.16476                                255.16476
              1       127.97324       60.026965      0.02936768      0.15909625      0.13902123     -0.32573014      -0.32573014       256.59794                                256.59794
              1       128.13988       60.026965      0.02936768      0.17163363      0.15775149     -0.32573014      -0.32573014       256.93123                                256.93123
              2       127.97757       60.026965      0.02936768      0.15701368      0.13860385     -0.32573014      -0.32573014        256.6066                                 256.6066
              3       125.90116       60.026965      0.02936768      0.15439513      0.14453635     -0.32573014      -0.32573014       252.45378                                252.45378
              1        124.6191       60.026965      0.02936768      0.15680491      0.15250166     -0.32573014      -0.32573014       249.88965                                249.88965
              3       125.09126       60.026965      0.02936768      0.15585035      0.14825961     -0.32573014      -0.32573014       250.83398                                250.83398
              1       125.17809       60.026965      0.02936768        0.157165      0.16218653     -0.32573014      -0.32573014       251.00763                                251.00763
              2       124.69051       60.026965      0.02936768      0.15884536      0.15440736     -0.32573014      -0.32573014       250.03247                                250.03247
              2       124.68479       60.026965      0.02936768      0.15878712      0.15440291     -0.32573014      -0.32573014       250.02103                                250.02103
              1       124.84672       60.026965      0.02936768      0.16019186      0.15452993     -0.32573014      -0.32573014       250.34489                                250.34489
              2       126.62742       60.026965      0.02936768       0.1486456      0.14371004     -0.32573014      -0.32573014        253.9063                                 253.9063
              1       124.64674       60.026965      0.02936768      0.15841431      0.15458953     -0.32573014      -0.32573014       249.94494                                249.94494
              1       126.24762        60.05474     0.028017414      0.15973807      0.15530575     -0.32573014      -0.32573014        253.1467                                 253.1467
              1       127.35778        60.05474     0.028017414      0.15018529      0.16452684     -0.32573014      -0.32573014       255.36703                                255.36703
              1       127.27905        60.05474     0.028017414      0.14686549      0.16003248     -0.32573014      -0.32573014       255.20957                                255.20957
              1        127.4979        60.05474     0.028017414      0.14953281      0.16471352     -0.32573014      -0.32573014       255.64727                                255.64727
              1       128.44703       60.183294     0.029126244      0.14966658      0.16500605     -0.32573014      -0.32573014       257.54552                                257.54552
              1       126.18914       60.026088     0.029156239      0.14837419      0.16407904     -0.32573014      -0.32573014       253.02975                                253.02975
              2       126.62798       60.020235     0.028505228       0.1488572      0.16431238     -0.32573014      -0.32573014       253.90741                                253.90741
              2        126.3619       60.020235     0.028505228      0.15071002      0.16428823     -0.32573014      -0.32573014       253.37526                                253.37526
              2       126.87168       60.020235     0.028505228      0.14706243      0.14714644     -0.32573014      -0.32573014       254.39481                                254.39481
              4       127.58635       60.028161     0.028717598      0.14244286      0.14962253     -0.32573014      -0.32573014       255.82415                                255.82415
              1       128.48986       60.066561     0.028319583      0.14307675      0.15000945     -0.32573014      -0.32573014       257.63118                                257.63118
              1       126.12335       60.066561     0.028319583      0.15267873      0.15770142     -0.32573014      -0.32573014       252.89817                                252.89817
              1       126.30956       60.103983     0.028754656      0.15262621      0.15774046     -0.32573014      -0.32573014       253.27057                                253.27057
              1       126.36418       60.103983     0.028754656      0.15325687      0.15287485     -0.32573014      -0.32573014       253.37982                                253.37982
              1       126.37111       60.103983     0.028754656       0.1533027      0.15275519     -0.32573014      -0.32573014       253.39368                                253.39368
              3       124.79788       60.004801     0.028860438      0.15241658      0.15213465     -0.32573014      -0.32573014       250.24723                                250.24723
              1       125.02688       60.004801     0.028860438      0.16075374      0.15462769     -0.32573014      -0.32573014       250.70522                                250.70522
              3       126.03571       60.032697     0.028189006       0.1615256      0.15506579     -0.32573014      -0.32573014       252.72289                                252.72289
              1       125.87083       60.032697     0.028189006      0.15693455      0.16042195     -0.32573014      -0.32573014       252.39313                                252.39313
              2       126.07999       60.032697     0.028189006      0.14967444      0.15365217     -0.32573014      -0.32573014       252.81144                                252.81144
              1       126.76912       60.019421     0.027107985      0.15044781      0.15401895     -0.32573014      -0.32573014       254.18971                                254.18971
              5       126.73471       60.021887     0.027194876      0.15039692      0.15399761     -0.32573014      -0.32573014       254.12088                                254.12088
              1       128.24214       60.151963     0.028130083      0.16450339      0.15938017     -0.32573014      -0.32573014       257.13574                                257.13574
              2       128.64681       60.151963     0.028130083      0.16548385      0.15224635     -0.32573014      -0.32573014       257.94509                                257.94509
              2       127.70973       60.039238      0.02734065      0.16521762      0.15191473     -0.32573014      -0.32573014       256.07092                                256.07092
              1       128.45999       60.107465     0.027624273      0.16553691      0.15219521     -0.32573014      -0.32573014       257.57143                                257.57143
              1       128.90206       60.107465     0.027624273      0.16493616      0.16493429     -0.32573014      -0.32573014       258.45559                                258.45559
              1       128.70702       60.107465     0.027624273      0.14848989      0.16427894     -0.32573014      -0.32573014        258.0655                                 258.0655
              1       129.14144       60.107465     0.027624273       0.1545713      0.16913554     -0.32573014      -0.32573014       258.93433                                258.93433
              3       129.35732       60.107465     0.027624273       0.1574057      0.16993557     -0.32573014      -0.32573014        259.3661                                 259.3661
              1       126.79012       60.140696     0.028720804      0.15408583      0.15523672     -0.32573014      -0.32573014        254.2317                                 254.2317
              1       127.51833       60.140696     0.028720804      0.14919682      0.15283284     -0.32573014      -0.32573014       255.68812                                255.68812
              1       129.46652       60.140696     0.028720804      0.14359322      0.14902098     -0.32573014      -0.32573014       259.58451                                259.58451
              3        130.3948       60.140696     0.028720804      0.13966209      0.15291288     -0.32573014      -0.32573014       261.44107                                261.44107
              3       127.25966       60.140696     0.028720804      0.16003776      0.15106402     -0.32573014      -0.32573014       255.17077                                255.17077
              1       127.09233       60.140696     0.028720804      0.15307305      0.16097843     -0.32573014      -0.32573014       254.83613                                254.83613
              3       127.15931       60.140696     0.028720804      0.15092791      0.15909693     -0.32573014      -0.32573014       254.97008                                254.97008
              4       126.79048       60.140696     0.028720804      0.15836134      0.15796685     -0.32573014      -0.32573014       254.23243                                254.23243
              2       126.79061       60.140696     0.028720804       0.1583683      0.15796019     -0.32573014      -0.32573014       254.23268                                254.23268
              2       126.97939       60.140696     0.028720804      0.15170909      0.15594066     -0.32573014      -0.32573014       254.61023                                254.61023
              1       126.89917       60.140696     0.028720804        0.160147      0.15670103     -0.32573014      -0.32573014       254.44981                                254.44981
              1       129.32145       60.140696     0.028720804       0.1594082      0.17056496     -0.32573014      -0.32573014       259.29437                                259.29437
              1       128.30926       60.157972     0.028831002      0.15004358      0.16519069     -0.32573014      -0.32573014       257.26998                                257.26998
              2       128.01893       60.154002     0.029113404      0.14982412      0.16504255     -0.32573014      -0.32573014       256.68932                                256.68932
              3       128.35637       60.154002     0.029113404       0.1515182       0.1454479     -0.32573014      -0.32573014       257.36421                                257.36421
              1       128.97803         60.2068     0.029651858      0.14789122      0.14692801     -0.32573014      -0.32573014       258.60753                                258.60753
              5       128.57725         60.2068     0.029651858      0.14563733      0.15238368     -0.32573014      -0.32573014       257.80596                                257.80596
              1       127.34681       60.134801     0.029790527      0.14504219      0.15180965     -0.32573014      -0.32573014       255.34508                                255.34508
              1       128.16567       60.134801     0.029790527       0.1678444      0.16266664     -0.32573014      -0.32573014        256.9828                                 256.9828
              3       126.42689       60.134801     0.029790527      0.16222807      0.15208509     -0.32573014      -0.32573014       253.50523                                253.50523
              2       127.68871       60.134801     0.029790527      0.16764336      0.15949004     -0.32573014      -0.32573014       256.02888                                256.02888
              4       126.73152       60.134801     0.029790527       0.1605647      0.14827097     -0.32573014      -0.32573014        254.1145                                 254.1145
              2        126.3212       60.134801     0.029790527      0.15913539      0.14976397     -0.32573014      -0.32573014       253.29386                                253.29386
              3       124.59061       60.009733      0.02967645      0.15834271      0.14891731     -0.32573014      -0.32573014       249.83268                                249.83268
              1       124.74376       60.009733      0.02967645      0.15842823      0.14801002     -0.32573014      -0.32573014       250.13898                                250.13898
              2       124.30621       60.009733      0.02967645      0.14951945      0.15528288     -0.32573014      -0.32573014       249.26389                                249.26389
              2       126.25444       60.099931     0.028943914      0.15064464      0.15623892     -0.32573014      -0.32573014       253.16033                                253.16033
              1       128.44198       60.099931     0.028943914      0.14339135      0.16270616     -0.32573014      -0.32573014       257.53542                                257.53542
              1       130.44471       60.099931     0.028943914      0.14637934      0.17244751     -0.32573014      -0.32573014       261.54087                                261.54087
              1       130.40308       60.099931     0.028943914      0.14767926       0.1730393     -0.32573014      -0.32573014       261.45763                                261.45763
              4       132.44029       60.139923      0.02707634       0.1492262      0.17411725     -0.32573014      -0.32573014       265.53205                                265.53205
              1       130.56191       60.139923      0.02707634      0.14349936      0.16001241     -0.32573014      -0.32573014       261.77528                                261.77528
              1       129.53892       60.139923      0.02707634      0.14660501      0.15870542     -0.32573014      -0.32573014       259.72929                                259.72929
              2       128.75152       60.139923      0.02707634      0.15000218      0.15710949     -0.32573014      -0.32573014        258.1545                                 258.1545
              1       129.45797       60.139923      0.02707634      0.15235112      0.14814425     -0.32573014      -0.32573014        259.5674                                 259.5674
              1       130.07365       60.139923      0.02707634      0.16349596       0.1680856     -0.32573014      -0.32573014       260.79877                                260.79877
              1       130.19308       60.139923      0.02707634       0.1606847      0.16972009     -0.32573014      -0.32573014       261.03761                                261.03761
              3       129.04263       60.139923      0.02707634      0.14862107      0.15848328     -0.32573014      -0.32573014       258.73672                                258.73672
              1        128.7762       60.139923      0.02707634      0.14986539      0.15719801     -0.32573014      -0.32573014       258.20386                                258.20386
              1       128.93614       60.139923      0.02707634      0.16330089      0.15209343     -0.32573014      -0.32573014       258.52374                                258.52374
              2       128.96189       60.283673     0.029412897      0.16271376      0.15213155     -0.32573014      -0.32573014       258.57524                                258.57524
             10       128.45704       60.283673     0.029412897      0.15528996      0.16128048     -0.32573014      -0.32573014       257.56554                                257.56554
              3       129.80076       60.283673     0.029412897      0.15979283      0.16833569     -0.32573014      -0.32573014       260.25298                                260.25298
              3       130.03551       60.283673     0.029412897      0.16855229       0.1611829     -0.32573014      -0.32573014       260.72247                                260.72247
              2       129.87767       60.283673     0.029412897      0.16805546      0.16099264     -0.32573014      -0.32573014       260.40679                                260.40679
              1       130.75972       60.342587     0.029360687      0.16850083      0.16143638     -0.32573014      -0.32573014        262.1709                                 262.1709
              1       129.82198       60.342587     0.029360687      0.16499375      0.15707447     -0.32573014      -0.32573014       260.29542                                260.29542
              1       130.00958       60.342587     0.029360687      0.16494931      0.16206135     -0.32573014      -0.32573014       260.67062                                260.67062
              2       129.79091       60.342587     0.029360687      0.16104234      0.15166381     -0.32573014      -0.32573014       260.23327                                260.23327
              3       127.77343       60.239284     0.029874285       0.1599747       0.1507068     -0.32573014      -0.32573014       256.19831                                256.19831
              1       128.80287       60.239284     0.029874285      0.15618694      0.14537193     -0.32573014      -0.32573014       258.25721                                258.25721
              1       127.95194       60.239284     0.029874285      0.16385428      0.15375358     -0.32573014      -0.32573014       256.55535                                256.55535
              1       128.35033       60.262542     0.029808251      0.16406095      0.15394801     -0.32573014      -0.32573014       257.35212                                257.35212
              2         127.667       60.262542     0.029808251      0.15830157      0.15950873     -0.32573014      -0.32573014       255.98546                                255.98546
              1       127.64846       60.262948     0.029836297      0.15828534      0.15949975     -0.32573014      -0.32573014       255.94838                                255.94838
              2       130.61346       60.300308     0.028355659      0.16375728      0.16600011     -0.32573014      -0.32573014       261.87838                                261.87838
              1       129.60668       60.300308     0.028355659      0.15529341      0.15520315     -0.32573014      -0.32573014       259.86483                                259.86483
              3       127.80004       60.118138     0.028359584      0.16492566      0.16000132     -0.32573014      -0.32573014       256.25155                                256.25155
              4       127.70199       60.139766     0.028357586      0.16317637      0.15974273     -0.32573014      -0.32573014       256.05545                                256.05545
              4       128.20944       60.139766     0.028357586      0.14679827      0.15743495     -0.32573014      -0.32573014       257.07035                                257.07035
              1       126.95088       60.045302     0.028138423      0.14628992      0.15685186     -0.32573014      -0.32573014       254.55322                                254.55322
              3       125.97855       60.045302     0.028138423      0.15635414      0.15958005     -0.32573014      -0.32573014       252.60856                                252.60856
              1       125.88401       60.045302     0.028138423      0.15366229      0.15455667     -0.32573014      -0.32573014       252.41948                                252.41948
              3        128.7379       60.088424     0.025588525      0.15569452      0.15594629     -0.32573014      -0.32573014       258.12726                                258.12726
              2       129.24424       60.088424     0.025588525      0.15098441      0.15568556     -0.32573014      -0.32573014       259.13993                                259.13993
              1       129.30901       60.088424     0.025588525       0.1510763       0.1544611     -0.32573014      -0.32573014       259.26949                                259.26949
              1         129.513       60.103925     0.025632166       0.1511545      0.15455353     -0.32573014      -0.32573014       259.67746                                259.67746
              4       129.15019       60.103925     0.025632166      0.15535674      0.15349652     -0.32573014      -0.32573014       258.95185                                258.95185
              1       127.99532       60.086592     0.026644579      0.15454838      0.15294326     -0.32573014      -0.32573014        256.6421                                 256.6421
              3       128.13813       60.086592     0.026644579      0.16267592      0.15713965     -0.32573014      -0.32573014       256.92773                                256.92773
              3       128.06312       60.086592     0.026644579      0.16200769      0.15589179     -0.32573014      -0.32573014        256.7777                                 256.7777
              1       127.77073       60.086592     0.026644579      0.15841879      0.15866304     -0.32573014      -0.32573014       256.19291                                256.19291
              1       128.32384       60.184658     0.027668301      0.15840566      0.15893082     -0.32573014      -0.32573014       257.29914                                257.29914
              2       128.69998       60.313101     0.029529267      0.16073762      0.15788952     -0.32573014      -0.32573014       258.05141                                258.05141
              1       128.69568       60.313101     0.029529267      0.15465073       0.1593505     -0.32573014      -0.32573014       258.04283                                258.04283
              1       128.90237       60.332525     0.029626492      0.15471983      0.15944828     -0.32573014      -0.32573014        258.4562                                 258.4562
              2       129.79221       60.332525     0.029626492        0.151871      0.16476633     -0.32573014      -0.32573014       260.23588                                260.23588
              1       132.57471       60.329353     0.028637847      0.14297485      0.15577296     -0.32573014      -0.32573014       265.80087                                265.80087
              2       133.01254       60.357975     0.028664402      0.14315595      0.15596653     -0.32573014      -0.32573014       266.67655                                266.67655
              1       131.97784       60.334952     0.028839972       0.1444282      0.16141718     -0.32573014      -0.32573014       264.60714                                264.60714
              1       131.26934       60.334952     0.028839972       0.1467971      0.16188346     -0.32573014      -0.32573014       263.19015                                263.19015
              5       131.22075       60.383526     0.029796448       0.1464853      0.16182557     -0.32573014      -0.32573014       263.09297                                263.09297
              3       130.96438        60.22309     0.027127382      0.14718222        0.161809     -0.32573014      -0.32573014       262.58022                                262.58022
              2       129.57414       60.224164     0.027123048      0.16207178      0.15829082     -0.32573014      -0.32573014       259.79973                                259.79973
              2       130.71493       60.224164     0.027123048      0.15533942      0.16819656     -0.32573014      -0.32573014       262.08131                                262.08131
              1       129.73578       60.224164     0.027123048       0.1524225      0.15759581     -0.32573014      -0.32573014       260.12303                                260.12303
              3       129.60469       60.224164     0.027123048      0.15343955      0.15783792     -0.32573014      -0.32573014       259.86084                                259.86084
              4        130.2814       60.192739     0.025793019      0.15412443       0.1581769     -0.32573014      -0.32573014       261.21425                                261.21425
              2       130.82125       60.192739     0.025793019      0.16479428      0.15426153     -0.32573014      -0.32573014       262.29397                                262.29397
              1       130.73879       60.192739     0.025793019      0.16447456      0.15456016     -0.32573014      -0.32573014       262.12903                                262.12903
              1         131.596       60.192739     0.025793019      0.15382087      0.14842286     -0.32573014      -0.32573014       263.84345                                263.84345
              1       132.12824       60.192739     0.025793019      0.16568814      0.14805733     -0.32573014      -0.32573014       264.90794                                264.90794
              2       131.57075       60.192739     0.025793019      0.16629415      0.16598423     -0.32573014      -0.32573014       263.79296                                263.79296
              2       132.61049       60.192739     0.025793019       0.1500083      0.14698052     -0.32573014      -0.32573014       265.87243                                265.87243
              2        131.6825       60.192739     0.025793019      0.14844136      0.15299549     -0.32573014      -0.32573014       264.01645                                264.01645
              1       131.20925       60.192739     0.025793019      0.14899926       0.1604567     -0.32573014      -0.32573014       263.06996                                263.06996
              1        129.3607       60.010935     0.024635089      0.14852096      0.15964658     -0.32573014      -0.32573014       259.37286                                259.37286
              1       131.61307       60.010935     0.024635089      0.15321153      0.17308794     -0.32573014      -0.32573014       263.87761                                263.87761
              3       132.33279       60.296727     0.028800925      0.15236999      0.17336703     -0.32573014      -0.32573014       265.31705                                265.31705
              2       130.68742       60.296727     0.028800925      0.14801932      0.16443577     -0.32573014      -0.32573014        262.0263                                 262.0263
              1       129.06564       60.296727     0.028800925      0.16033337      0.15901977     -0.32573014      -0.32573014       258.78275                                258.78275
              1       128.96345       60.296727     0.028800925      0.15756353      0.15846319     -0.32573014      -0.32573014       258.57836                                258.57836
              2       128.84151       60.310521     0.029173457      0.15740643      0.15840397     -0.32573014      -0.32573014       258.33448                                258.33448
              1       129.34838       60.310521     0.029173457      0.15497053       0.1636163     -0.32573014      -0.32573014       259.34823                                259.34823
              1       130.61107       60.349077     0.029827538      0.14816175      0.16502584     -0.32573014      -0.32573014        261.8736                                 261.8736
              9       130.45725       60.349077     0.029827538      0.14636335      0.15636168     -0.32573014      -0.32573014       261.56596                                261.56596
              1       129.95599       60.349077     0.029827538      0.14888798       0.1541614     -0.32573014      -0.32573014       260.56343                                260.56343
              2       131.30542       60.349077     0.029827538       0.1544713      0.14411348     -0.32573014      -0.32573014       263.26231                                263.26231
              1       126.64578       60.048538     0.029837321      0.15237364      0.14195861     -0.32573014      -0.32573014       253.94301                                253.94301
              2       126.23217       60.048538     0.029837321      0.15808536      0.16670101     -0.32573014      -0.32573014        253.1158                                 253.1158
              2       125.95599       60.048538     0.029837321      0.14735634      0.16323088     -0.32573014      -0.32573014       252.56343                                252.56343
              2       126.29738       60.048538     0.029837321      0.14450561      0.14860431     -0.32573014      -0.32573014       253.24622                                253.24622
              2       126.78943       60.048538     0.029837321      0.15875673      0.14186913     -0.32573014      -0.32573014       254.23031                                254.23031
              1       127.05717       60.048538     0.029837321      0.16222637      0.14258125     -0.32573014      -0.32573014       254.76581                                254.76581
              3       124.83124       60.048538     0.029837321      0.16018652      0.15273768     -0.32573014      -0.32573014       250.31394                                250.31394
              3       126.77711       60.048538     0.029837321       0.1684851       0.1541971     -0.32573014      -0.32573014       254.20568                                254.20568
              1       127.68496       60.048538     0.029837321      0.16674412      0.14421818     -0.32573014      -0.32573014       256.02139                                256.02139
              1       124.97056       60.048538     0.029837321      0.16139351      0.15364562     -0.32573014      -0.32573014       250.59258                                250.59258
              1       124.69608       60.048538     0.029837321      0.15851942      0.15193101     -0.32573014      -0.32573014       250.04362                                250.04362
              4       125.42701       60.030135     0.028698141      0.15916524      0.15228227     -0.32573014      -0.32573014       251.50549                                251.50549
              1        127.6417       60.030135     0.028698141      0.16936625      0.15636391     -0.32573014      -0.32573014       255.93485                                255.93485
              1       126.56008       60.030135     0.028698141      0.16575793      0.15336841     -0.32573014      -0.32573014       253.77163                                253.77163
              1       127.13892       60.109137     0.029282371      0.16591072      0.15368609     -0.32573014      -0.32573014        254.9293                                 254.9293
              3       126.08479       60.109137     0.029282371      0.15810445      0.16050155     -0.32573014      -0.32573014       252.82105                                252.82105
              4       126.51914       60.162358     0.029676945      0.15820669      0.16071513     -0.32573014      -0.32573014       253.68974                                253.68974
              5       126.38047       60.162358     0.029676945      0.15709993      0.15982282     -0.32573014      -0.32573014        253.4124                                 253.4124
              4       126.51701         60.1616     0.029641109      0.16083082      0.15630498     -0.32573014      -0.32573014       253.68547                                253.68547
              2        126.2593         60.1616     0.029641109      0.15748112      0.15721182     -0.32573014      -0.32573014       253.17006                                253.17006
              2       126.30994         60.1616     0.029641109      0.15713663      0.15864695     -0.32573014      -0.32573014       253.27135                                253.27135
              1       126.49685       60.130566     0.028903806      0.15742158      0.15873745     -0.32573014      -0.32573014       253.64517                                253.64517
              3       128.72253       60.130566     0.028903806      0.16948323      0.15461427     -0.32573014      -0.32573014       258.09653                                258.09653
              4       128.91087       60.132574     0.028722416      0.16959993      0.15471805     -0.32573014      -0.32573014        258.4732                                 258.4732
              1        128.7694       60.149116     0.029114989      0.16941826      0.15470484     -0.32573014      -0.32573014       258.19027                                258.19027
              2       126.91545       60.149116     0.029114989      0.16156101      0.15433437     -0.32573014      -0.32573014       254.48235                                254.48235
              4       127.42116       60.191702     0.029214278      0.16164539      0.15471967     -0.32573014      -0.32573014       255.49377                                255.49377
              3       130.32502       60.245484     0.029430864      0.16441016      0.16956306     -0.32573014      -0.32573014       261.30151                                261.30151
              1       132.95834       60.284396     0.027055965      0.16598086      0.17104956     -0.32573014      -0.32573014       266.56814                                266.56814
              2       131.67489       60.284396     0.027055965      0.15831232      0.14833015     -0.32573014      -0.32573014       264.00125                                264.00125
              1       131.80584       60.284396     0.027055965      0.15361286      0.14900989     -0.32573014      -0.32573014       264.26314                                264.26314
              2       130.72904       60.097359      0.02500999      0.15421747      0.14805832     -0.32573014      -0.32573014       262.10954                                262.10954
              2       130.67824       60.097359      0.02500999      0.14747546      0.15758863     -0.32573014      -0.32573014       262.00794                                262.00794
              1       131.08596       60.042007     0.023466349      0.14822269      0.15773867     -0.32573014      -0.32573014       262.82338                                262.82338
              3       130.88928       60.042007     0.023466349      0.16602334      0.15371512     -0.32573014      -0.32573014       262.43003                                262.43003
              1       129.96548       60.042007     0.023466349       0.1605628      0.15608973     -0.32573014      -0.32573014       260.58242                                260.58242
              2       130.63906       60.042007     0.023466349      0.15117911      0.16228528     -0.32573014      -0.32573014       261.92958                                261.92958
              1       131.11285       60.042007     0.023466349      0.16617455      0.16442341     -0.32573014      -0.32573014       262.87715                                262.87715
              2       133.62432       60.090733     0.022731242      0.14530007      0.15828727     -0.32573014      -0.32573014       267.90011                                267.90011
              6       132.40793       60.090733     0.022731242      0.15055477      0.15450784     -0.32573014      -0.32573014       265.46732                                265.46732
              3       132.00313       60.119566     0.022760972      0.15402922      0.15836536     -0.32573014      -0.32573014       264.65772                                264.65772
              1       132.14772       60.119566     0.022760972      0.15389376      0.16279842     -0.32573014      -0.32573014        264.9469                                 264.9469
              1       129.13701       60.108107     0.026008572      0.15188757      0.16118822     -0.32573014      -0.32573014       258.92549                                258.92549
              1       128.90586       60.090681     0.025954969       0.1518609      0.16103653     -0.32573014      -0.32573014       258.46319                                258.46319
              1       128.69943       60.090681     0.025954969      0.15912867      0.16223169     -0.32573014      -0.32573014       258.05032                                258.05032
              1       127.96744       60.012738     0.025473549      0.15915577      0.16166437     -0.32573014      -0.32573014       256.58635                                256.58635
              1       129.01708       60.027111     0.024451698      0.15521491      0.16184915     -0.32573014      -0.32573014       258.68563                                258.68563
              1       129.45214       60.027111     0.024451698      0.15759187      0.15014509     -0.32573014      -0.32573014       259.55574                                259.55574
              5       129.99976       60.027111     0.024451698      0.14794303      0.15482124     -0.32573014      -0.32573014       260.65099                                260.65099
              1       129.07989       60.027111     0.024451698      0.15296972      0.16030249     -0.32573014      -0.32573014       258.81124                                258.81124
              3       129.24836        60.03579     0.024415522      0.15302108      0.16040697     -0.32573014      -0.32573014       259.14819                                259.14819
              3       128.92752        60.03579     0.024415522      0.15792534      0.15931174     -0.32573014      -0.32573014        258.5065                                 258.5065
              1       128.91863       60.031403     0.024350087      0.15795009      0.15929745     -0.32573014      -0.32573014       258.48872                                258.48872
              2        129.3459       60.031403     0.024350087      0.15717092      0.15177256     -0.32573014      -0.32573014       259.34325                                259.34325
              1       129.10107       60.056521     0.025053236      0.15683022      0.15170324     -0.32573014      -0.32573014        258.8536                                 258.8536
              1       128.65493       60.056521     0.025053236      0.15764018      0.15816532     -0.32573014      -0.32573014       257.96133                                257.96133
              3        128.6726       60.056521     0.025053236      0.15633773      0.15834266     -0.32573014      -0.32573014       257.99666                                257.99666
              4       128.75468       60.056521     0.025053236      0.15468007      0.15693855     -0.32573014      -0.32573014       258.16082                                258.16082
              1       128.57548       60.008621     0.024410255        0.154907      0.15674961     -0.32573014      -0.32573014       257.80242                                257.80242
              8       128.87789       60.008621     0.024410255      0.15205761      0.15910237     -0.32573014      -0.32573014       258.40724                                258.40724
              1       126.52143       60.049992     0.027935022      0.15006283      0.15789933     -0.32573014      -0.32573014       253.69432                                253.69432
              1       127.76404       60.049992     0.027935022      0.15760271      0.14454125     -0.32573014      -0.32573014       256.17954                                256.17954
              2       127.99032       60.026618     0.027303012      0.15790623      0.14459548     -0.32573014      -0.32573014        256.6321                                 256.6321
              2       129.29123       60.026618     0.027303012      0.15329437      0.14088661     -0.32573014      -0.32573014       259.23392                                259.23392
              1        128.6954       60.022344     0.027910994      0.15291157      0.14056364     -0.32573014      -0.32573014       258.04225                                258.04225
              1       129.06756       60.022344     0.027910994      0.16072953      0.14021795     -0.32573014      -0.32573014       258.78659                                258.78659
              2       128.87557        60.02154     0.028114008      0.16060382       0.1401164     -0.32573014      -0.32573014       258.40261                                258.40261
              2       127.19687        60.02154     0.028114008      0.14535713      0.15007701     -0.32573014      -0.32573014        255.0452                                 255.0452
              2       126.16357        60.02154     0.028114008      0.14841424      0.15390813     -0.32573014      -0.32573014       252.97861                                252.97861
              2       126.17699        60.02154     0.028114008      0.14843373         0.15357     -0.32573014      -0.32573014       253.00543                                253.00543
              1       125.72154        60.02154     0.028114008      0.15199973      0.15312639     -0.32573014      -0.32573014       252.09454                                252.09454
              1       126.00362        60.02154     0.028114008      0.15039677      0.15183543     -0.32573014      -0.32573014        252.6587                                 252.6587
              1       126.00523        60.02154     0.028114008       0.1497727      0.15282768     -0.32573014      -0.32573014       252.66193                                252.66193
              1       126.00357       60.027993     0.028233133      0.14972244      0.15283818     -0.32573014      -0.32573014        252.6586                                 252.6586
              1       127.82858       60.027993     0.028233133      0.16607534      0.14710922     -0.32573014      -0.32573014       256.30862                                256.30862
              1       127.34742       60.060988     0.029248966      0.16557196      0.14697577     -0.32573014      -0.32573014        255.3463                                 255.3463
              1       125.66511       60.060988     0.029248966      0.15904091      0.14984779     -0.32573014      -0.32573014       251.98169                                251.98169
              3       126.68168       60.060988     0.029248966       0.1575684      0.14446322     -0.32573014      -0.32573014       254.01483                                254.01483
              1       126.29504       60.040542     0.029364899      0.15742878      0.14420296     -0.32573014      -0.32573014       253.24154                                253.24154
              2        127.4514       60.028005     0.028842213      0.15383246      0.14137671     -0.32573014      -0.32573014       255.55426                                255.55426
              2       126.80116       60.028005     0.028842213      0.15740083      0.14348561     -0.32573014      -0.32573014       254.25379                                254.25379
              2       126.01934       60.028005     0.028842213      0.14890605      0.16210921     -0.32573014      -0.32573014       252.69014                                252.69014
              2       125.26289       60.034695     0.029881828      0.14829899      0.16169859     -0.32573014      -0.32573014       251.17723                                251.17723
              1       126.41938       60.034695     0.029881828      0.14968859      0.16733502     -0.32573014      -0.32573014       253.49022                                253.49022
              1       126.31302       60.034695     0.029881828      0.14987163      0.16706513     -0.32573014      -0.32573014        253.2775                                 253.2775
              1       126.39485       60.034695     0.029881828      0.15068816      0.16762303     -0.32573014      -0.32573014       253.44117                                253.44117
              2       125.49367       60.034695     0.029881828      0.15933997      0.14575323     -0.32573014      -0.32573014       251.63881                                251.63881
              1       125.45875       60.010057      0.02953953       0.1594637      0.14566137     -0.32573014      -0.32573014       251.56896                                251.56896
              2       124.24234       60.010057      0.02953953      0.15228574      0.15245268     -0.32573014      -0.32573014       249.13614                                249.13614
              3       125.06398       60.010057      0.02953953      0.14915903       0.1616828     -0.32573014      -0.32573014       250.77943                                250.77943
              1        125.1175       60.010057      0.02953953      0.14774456      0.16059687     -0.32573014      -0.32573014       250.88646                                250.88646
              1       125.19403       60.010057      0.02953953      0.14966816      0.16275755     -0.32573014      -0.32573014       251.03952                                251.03952
              3       124.72944       60.010057      0.02953953       0.1617154      0.15514995     -0.32573014      -0.32573014       250.11033                                250.11033
              1       124.41259       60.010057      0.02953953      0.15026695      0.15724298     -0.32573014      -0.32573014       249.47665                                249.47665
              1        124.4177       60.010597     0.029543231      0.15026654      0.15724675     -0.32573014      -0.32573014       249.48686                                249.48686
              1       124.60445       60.025906      0.02959814      0.15028523      0.15737641     -0.32573014      -0.32573014       249.86035                                249.86035
              1        124.5025       60.025906      0.02959814      0.15653444      0.15886597     -0.32573014      -0.32573014       249.65646                                249.65646
              2       124.78528       60.025906      0.02959814      0.15927086      0.15051121     -0.32573014      -0.32573014       250.22202                                250.22202
              5       124.40928       60.025906      0.02959814      0.15729588      0.15293437     -0.32573014      -0.32573014       249.47002                                249.47002
              1       127.43907       60.025906      0.02959814      0.16987317      0.15953875     -0.32573014      -0.32573014        255.5296                                 255.5296
              3       127.56084       60.023386     0.029423673      0.16997031      0.15959353     -0.32573014      -0.32573014       255.77315                                255.77315
              3       124.40166       60.023386     0.029423673      0.15422218      0.15419006     -0.32573014      -0.32573014       249.45478                                249.45478
              2        126.0461       60.023386     0.029423673      0.14344581      0.15511153     -0.32573014      -0.32573014       252.74365                                252.74365
              5       124.76781       60.023386     0.029423673      0.15321064      0.16031535     -0.32573014      -0.32573014       250.18709                                250.18709
              1       125.90128       60.023386     0.029423673      0.15884662        0.144859     -0.32573014      -0.32573014       252.45401                                252.45401
              2        125.7683       60.023386     0.029423673      0.15581577       0.1446324     -0.32573014      -0.32573014       252.18806                                252.18806
              2       127.51916       60.023386     0.029423673      0.15920616       0.1399084     -0.32573014      -0.32573014       255.68978                                255.68978
              1       125.70072       60.023386     0.029423673      0.15547608      0.14486621     -0.32573014      -0.32573014        252.0529                                 252.0529
              1       125.16201       60.023386     0.029423673      0.15789477      0.14784031     -0.32573014      -0.32573014       250.97548                                250.97548
              1       127.59628       60.023386     0.029423673       0.1406287       0.1621398     -0.32573014      -0.32573014       255.84403                                255.84403
              5       125.50834       60.023386     0.029423673      0.16075954      0.14773573     -0.32573014      -0.32573014       251.66814                                251.66814
              4       124.89031       60.023386     0.029423673      0.15158201      0.14966438     -0.32573014      -0.32573014       250.43209                                250.43209
              5       124.46014       60.023386     0.029423673      0.15678313      0.15364165     -0.32573014      -0.32573014       249.57174                                249.57174
              2       124.40485       60.023386     0.029423673      0.15574181      0.15428101     -0.32573014      -0.32573014       249.46117                                249.46117
              2       125.02556       60.023386     0.029423673      0.14777726      0.15524922     -0.32573014      -0.32573014       250.70258                                250.70258
              1        127.0695       60.023386     0.029423673      0.15497366      0.14046362     -0.32573014      -0.32573014       254.79046                                254.79046
              1       125.40818       60.023386     0.029423673       0.1633896      0.15237511     -0.32573014      -0.32573014       251.46783                                251.46783
              2       124.50121       60.023386     0.029423673      0.15302682      0.15267695     -0.32573014      -0.32573014       249.65387                                249.65387
              4       124.38634       60.032236     0.029712022      0.15288219      0.15263385     -0.32573014      -0.32573014       249.42413                                249.42413
              2       126.19511       60.169393     0.029978568      0.15318622      0.15389931     -0.32573014      -0.32573014       253.04168                                253.04168
              3       127.31465       60.169393     0.029978568       0.1477704        0.150232     -0.32573014      -0.32573014       255.28076                                255.28076
              2       126.22938       60.169393     0.029978568      0.15210087       0.1554444     -0.32573014      -0.32573014       253.11023                                253.11023
              1       126.28873       60.154725     0.029649136      0.15225065      0.15544752     -0.32573014      -0.32573014       253.22893                                253.22893
              6       125.93446       60.084492     0.028820736       0.1525141      0.15511787     -0.32573014      -0.32573014       252.52038                                252.52038
              5       126.07543       60.084492     0.028820736      0.15665073      0.15130698     -0.32573014      -0.32573014       252.80232                                252.80232
              1       125.66457       60.067779     0.029016804      0.15647524      0.15104763     -0.32573014      -0.32573014        251.9806                                 251.9806
              4       125.66585       60.109038     0.029698249      0.15620247      0.15115166     -0.32573014      -0.32573014       251.98316                                251.98316
              2       126.01231       60.007254     0.027614324       0.1571194      0.15108036     -0.32573014      -0.32573014       252.67607                                252.67607
              1        126.5474       60.007254     0.027614324      0.16323325      0.15282654     -0.32573014      -0.32573014       253.74625                                253.74625
              1        127.6147       60.027794     0.026718436      0.16384566      0.15344661     -0.32573014      -0.32573014       255.88087                                255.88087
              1        129.6397       60.358516     0.029591364      0.16322777      0.15547188     -0.32573014      -0.32573014       259.93085                                259.93085
              1       130.49282       60.358516     0.029591364      0.16598905      0.15200173     -0.32573014      -0.32573014       261.63709                                261.63709
              1       130.47818       60.346018     0.029421009      0.16604983      0.15195363     -0.32573014      -0.32573014       261.60782                                261.60782
              3       130.89207       60.346018     0.029421009      0.16402935      0.14804565     -0.32573014      -0.32573014       262.43561                                262.43561
              1       134.21396       60.346018     0.029421009      0.16880912      0.14128218     -0.32573014      -0.32573014       269.07938                                269.07938
              1       131.57515       60.113986     0.029331054      0.17035088      0.14031196     -0.32573014      -0.32573014       263.80176                                263.80176
              8       126.10412       60.113986     0.029331054       0.1607305      0.15675665     -0.32573014      -0.32573014       252.85971                                252.85971
              1       126.08296       60.113986     0.029331054      0.16053665      0.15689705     -0.32573014      -0.32573014       252.81739                                252.81739
              6       126.05997       60.113986     0.029331054      0.16030733       0.1570685     -0.32573014      -0.32573014        252.7714                                 252.7714
              1       128.39312       60.113986     0.029331054      0.14754562      0.16778284     -0.32573014      -0.32573014        257.4377                                 257.4377
              2       126.82711       60.068967     0.029048178      0.14478865      0.15612486     -0.32573014      -0.32573014       254.30569                                254.30569
              1       126.00959       60.068967     0.029048178      0.15368039       0.1487847     -0.32573014      -0.32573014       252.67064                                252.67064
              2       125.91934       60.070877     0.029168707      0.15361386      0.14874858     -0.32573014      -0.32573014       252.49014                                252.49014
              1       125.84305       60.070877     0.029168707      0.15319526      0.16190632     -0.32573014      -0.32573014       252.33756                                252.33756
              1       125.77022       60.070877     0.029168707       0.1539968      0.16167572     -0.32573014      -0.32573014       252.19191                                252.19191
              1       125.58526       60.070877     0.029168707      0.15222514      0.15932187     -0.32573014      -0.32573014       251.82198                                251.82198
              2       125.81272       60.070877     0.029168707      0.16121648      0.15282661     -0.32573014      -0.32573014       252.27691                                252.27691
              1       127.86519       60.088044     0.027706418      0.15853794      0.16544091     -0.32573014      -0.32573014       256.38184                                256.38184
              2       128.09487       60.088044     0.027706418       0.1483857      0.16272617     -0.32573014      -0.32573014        256.8412                                 256.8412
              1       129.49572       60.231259     0.028726319      0.14870477       0.1639236     -0.32573014      -0.32573014        259.6429                                 259.6429
              3       129.54505       60.231259     0.028726319      0.15553202      0.14652588     -0.32573014      -0.32573014       259.74156                                259.74156
              2       129.82529       60.231259     0.028726319      0.16060103      0.14596402     -0.32573014      -0.32573014       260.30203                                260.30203
              1       129.08098       60.231259     0.028726319      0.15520286      0.16618652     -0.32573014      -0.32573014       258.81342                                258.81342
              1       130.02046       60.231259     0.028726319      0.14656529      0.16396891     -0.32573014      -0.32573014       260.69237                                260.69237
              2       130.97261       60.181357     0.027718958      0.14568438      0.16675025     -0.32573014      -0.32573014       262.59667                                262.59667
              3       128.70121       60.181357     0.027718958       0.1631144      0.15970923     -0.32573014      -0.32573014       258.05388                                258.05388
              1       128.62449       60.181357     0.027718958      0.15705629       0.1514908     -0.32573014      -0.32573014       257.90043                                257.90043
              1       127.00091       60.058364     0.027541127      0.15653881      0.15014866     -0.32573014      -0.32573014       254.65328                                254.65328
              1       127.10237       60.058364     0.027541127      0.16248971       0.1538939     -0.32573014      -0.32573014        254.8562                                 254.8562
              2       126.78487       60.058364     0.027541127      0.16076468      0.15652661     -0.32573014      -0.32573014       254.22119                                254.22119
              2       126.94922       60.168032     0.029199278      0.16070308      0.15704927     -0.32573014      -0.32573014        254.5499                                 254.5499
              2       128.00625       60.168032     0.029199278      0.16193883      0.16496542     -0.32573014      -0.32573014       256.66395                                256.66395
              1       127.14444       60.168032     0.029199278      0.15475754      0.16226581     -0.32573014      -0.32573014       254.94033                                254.94033
              2       126.32556        60.11402     0.029275018      0.15089991      0.15997096     -0.32573014      -0.32573014       253.30258                                253.30258
              3       127.34478        60.11402     0.029275018       0.1476341      0.14859535     -0.32573014      -0.32573014       255.34102                                255.34102
              2       128.52658        60.11402     0.029275018      0.14129361       0.1541935     -0.32573014      -0.32573014       257.70462                                257.70462
              1       128.24415        60.11402     0.029275018      0.14282732       0.1511394     -0.32573014      -0.32573014       257.13975                                257.13975
              1       130.14171        60.11402     0.029275018      0.13742654      0.15422161     -0.32573014      -0.32573014       260.93487                                260.93487
              7       126.73194        60.11402     0.029275018      0.16404723      0.15444685     -0.32573014      -0.32573014       254.11534                                254.11534
              2        126.8755        60.11402     0.029275018       0.1639848      0.15211879     -0.32573014      -0.32573014       254.40246                                254.40246
              2       126.65565       60.006878     0.027546223      0.16203342      0.15032226     -0.32573014      -0.32573014       253.96275                                253.96275
              1       127.39857       60.006878     0.027546223      0.16688287      0.15396224     -0.32573014      -0.32573014        255.4486                                 255.4486
              3       128.13183       60.055331     0.027441308      0.16714776      0.15456963     -0.32573014      -0.32573014       256.91511                                256.91511
              3         127.951       60.056352     0.027679328      0.16706956      0.15447444     -0.32573014      -0.32573014       256.55347                                256.55347
              1       127.92455       60.045425     0.027532436      0.16706931      0.15441413     -0.32573014      -0.32573014       256.50056                                256.50056
              1       127.70107       60.045425     0.027532436      0.15339626      0.14615293     -0.32573014      -0.32573014       256.05359                                256.05359
              2       126.76182       60.045425     0.027532436      0.15597346       0.1503885     -0.32573014      -0.32573014        254.1751                                 254.1751
              2       127.18172       60.171821     0.029580336      0.15829222      0.14887005     -0.32573014      -0.32573014       255.01491                                255.01491
              3       126.98181       60.171821     0.029580336      0.16172747      0.15277319     -0.32573014      -0.32573014       254.61508                                254.61508
              2       129.05765       60.318702     0.029600172      0.16234276      0.15396983     -0.32573014      -0.32573014       258.76677                                258.76677
              1       128.86359       60.318702     0.029600172      0.15759765      0.15292296     -0.32573014      -0.32573014       258.37864                                258.37864
              3       129.07512       60.318702     0.029600172      0.15710338      0.15140289     -0.32573014      -0.32573014       258.80171                                258.80171
              1       127.84289       60.220964     0.029393241      0.15671504      0.15036584     -0.32573014      -0.32573014       256.33725                                256.33725
              3       129.23317       60.220967     0.028049432      0.15784192      0.14990147     -0.32573014      -0.32573014       259.11779                                259.11779
              1       128.54034       60.220967     0.028049432      0.15788538      0.15560138     -0.32573014      -0.32573014       257.73214                                257.73214
              1       128.85935       60.220967     0.028049432      0.15233198       0.1556393     -0.32573014      -0.32573014       258.37017                                258.37017
              1        127.9433       60.050321     0.026050281      0.15389684      0.15367226     -0.32573014      -0.32573014       256.53805                                256.53805
              1       127.90992       60.050321     0.026050281      0.15804045      0.16111754     -0.32573014      -0.32573014       256.47131                                256.47131
              1       127.70529       60.050321     0.026050281      0.15726133      0.15590546     -0.32573014      -0.32573014       256.06204                                256.06204
              1       127.79483       60.050321     0.026050281      0.15646093      0.15415872     -0.32573014      -0.32573014       256.24112                                256.24112
              2       128.67735       60.091249     0.025737722      0.15676278      0.15477244     -0.32573014      -0.32573014       258.00616                                258.00616
              1       129.76878       60.091249     0.025737722      0.16324098      0.16539698     -0.32573014      -0.32573014       260.18901                                260.18901
              4       130.36252       60.091249     0.025737722       0.1562466      0.16948926     -0.32573014      -0.32573014       261.37649                                261.37649
              1       130.19576       60.111205     0.026301407      0.15614403      0.16946661     -0.32573014      -0.32573014       261.04298                                261.04298
              1       128.64862       60.111205     0.026301407      0.16082001      0.15451716     -0.32573014      -0.32573014       257.94869                                257.94869
              1       129.00518       60.111205     0.026301407      0.16356738      0.15435353     -0.32573014      -0.32573014       258.66182                                258.66182
              1       128.10943       60.091288     0.027026775      0.16322055      0.15379719     -0.32573014      -0.32573014       256.87033                                256.87033
              1       128.01039       60.091288     0.027026775      0.16260153      0.15381364     -0.32573014      -0.32573014       256.67223                                256.67223
              1       125.68656         60.0276     0.028762657       0.1616901      0.15208679     -0.32573014      -0.32573014       252.02459                                252.02459
              3       125.11933         60.0276     0.028762657      0.15812545      0.15550583     -0.32573014      -0.32573014       250.89011                                250.89011
              3       126.41204         60.0276     0.028762657      0.16518307      0.15215331     -0.32573014      -0.32573014       253.47555                                253.47555
              2       125.70516       60.007019      0.02929619      0.16490002      0.15167553     -0.32573014      -0.32573014       252.06178                                252.06178
              3       125.80143       60.016781     0.029335989      0.16493214       0.1517705     -0.32573014      -0.32573014       252.25432                                252.25432
              1       125.71603       60.016194     0.029431738      0.16489598      0.15172068     -0.32573014      -0.32573014       252.08353                                252.08353
              4       124.96055       60.016194     0.029431738      0.16101703      0.15112536     -0.32573014      -0.32573014       250.57256                                250.57256
              3       124.84568       60.016194     0.029431738      0.16069576      0.15186382     -0.32573014      -0.32573014       250.34283                                250.34283
              2       125.45245       60.016194     0.029431738      0.16141131      0.14800056     -0.32573014      -0.32573014       251.55636                                251.55636
              2       124.30003       60.016194     0.029431738      0.15362152      0.15425597     -0.32573014      -0.32573014       249.25151                                249.25151
              2       124.32639       60.016194     0.029431738      0.15321285      0.15376635     -0.32573014      -0.32573014       249.30425                                249.30425
              3       125.55256       60.016194     0.029431738      0.15606786      0.16498763     -0.32573014      -0.32573014       251.75657                                251.75657
              2       125.98389       60.016194     0.029431738      0.16622973      0.15668988     -0.32573014      -0.32573014       252.61925                                252.61925
              1       126.18449       60.016194     0.029431738       0.1588349      0.14337554     -0.32573014      -0.32573014       253.02044                                253.02044
              1        125.9706       60.016194     0.029431738      0.14422613      0.15033404     -0.32573014      -0.32573014       252.59267                                252.59267
              2       125.84795       60.007525     0.029420086      0.14418935      0.15023904     -0.32573014      -0.32573014       252.34736                                252.34736
              1       125.44636       60.007525     0.029420086      0.14528609      0.15143061     -0.32573014      -0.32573014       251.54418                                251.54418
              2       125.58705       60.005117     0.028404082      0.16112007      0.15890632     -0.32573014      -0.32573014       251.82556                                251.82556
              1       125.95303       60.005117     0.028404082      0.15706057       0.1639792     -0.32573014      -0.32573014       252.55753                                252.55753
              6       125.76977       60.005117     0.028404082      0.14804283      0.15856208     -0.32573014      -0.32573014         252.191                                  252.191
              9       125.04539       60.005117     0.028404082      0.15729422      0.15541265     -0.32573014      -0.32573014       250.74225                                250.74225
              4       125.23858       60.005117     0.028404082      0.15427382       0.1510891     -0.32573014      -0.32573014       251.12862                                251.12862
              1        125.2223       60.005117     0.028404082      0.15483328      0.15115217     -0.32573014      -0.32573014       251.09606                                251.09606
              6       125.20979       60.005117     0.028404082      0.15387094      0.15938269     -0.32573014      -0.32573014       251.07105                                251.07105
              2       124.64929       60.026502     0.029526538      0.15271947      0.15948088     -0.32573014      -0.32573014       249.95004                                249.95004
              1       124.85564       60.026502     0.029526538      0.15345933      0.16126369     -0.32573014      -0.32573014       250.36274                                250.36274
              7       125.04589       60.033626     0.029428371      0.15352714      0.16139019     -0.32573014      -0.32573014       250.74324                                250.74324
              1       124.94377       60.039219      0.02964864      0.15347666      0.16135584     -0.32573014      -0.32573014       250.53901                                250.53901
              1       124.72282       60.039219      0.02964864      0.15019951       0.1538815     -0.32573014      -0.32573014        250.0971                                 250.0971
              3       124.57291       60.039219      0.02964864      0.15264201      0.15767527     -0.32573014      -0.32573014       249.79728                                249.79728
              3       124.53996       60.035732     0.029626389      0.15263334      0.15764495     -0.32573014      -0.32573014       249.73138                                249.73138
              4       124.55207       60.035732     0.029626389      0.15190597      0.15701236     -0.32573014      -0.32573014        249.7556                                 249.7556
              2       128.38675       60.035732     0.029626389      0.13718007      0.15581934     -0.32573014      -0.32573014       257.42497                                257.42497
              2       127.01772       60.035732     0.029626389      0.14052194      0.15553121     -0.32573014      -0.32573014       254.68689                                254.68689
              1       124.74325       60.035732     0.029626389       0.1500461       0.1529934     -0.32573014      -0.32573014       250.13797                                250.13797
              1       124.63215       60.035732     0.029626389      0.15054275      0.15477982     -0.32573014      -0.32573014       249.91577                                249.91577
              1       124.47215       60.035732     0.029626389      0.15730434      0.15465425     -0.32573014      -0.32573014       249.59575                                249.59575
              2        125.0706       60.035732     0.029626389      0.15952174      0.14943642     -0.32573014      -0.32573014       250.79266                                250.79266
              3       125.23566       60.020279     0.029180102      0.15960459      0.14945836     -0.32573014      -0.32573014       251.12278                                251.12278
              4       124.98422       60.020279     0.029180102      0.15869223      0.15065424     -0.32573014      -0.32573014       250.61991                                250.61991
              1       129.17123       60.201853     0.027298703      0.16020393      0.15359934     -0.32573014      -0.32573014       258.99392                                258.99392
              2        129.2334       60.201853     0.027298703      0.16298968      0.15800877     -0.32573014      -0.32573014       259.11826                                259.11826
              1       129.15018       60.201853     0.027298703      0.15306417      0.15634812     -0.32573014      -0.32573014       258.95181                                258.95181
              1       126.35821       60.115896     0.028956509      0.15208097      0.15460907     -0.32573014      -0.32573014       253.36789                                253.36789
              1       126.76677       60.115896     0.028956509      0.15035818      0.15186282     -0.32573014      -0.32573014       254.18499                                254.18499
              1       127.73479       60.115896     0.028956509      0.15604568      0.14488642     -0.32573014      -0.32573014       256.12103                                256.12103
              1       127.53303       60.115896     0.028956509      0.15706373      0.14568344     -0.32573014      -0.32573014       255.71753                                255.71753
              2       128.64637       60.115896     0.028956509      0.16302357       0.1439682     -0.32573014      -0.32573014        257.9442                                 257.9442
              3         128.026       60.096987     0.029394297      0.16278179      0.14355279     -0.32573014      -0.32573014       256.70346                                256.70346
              1       127.59219       60.096987     0.029394297      0.16820684      0.15358655     -0.32573014      -0.32573014       255.83583                                255.83583
              1       127.24159       60.140035     0.029059547      0.16400074      0.15451738     -0.32573014      -0.32573014       255.13464                                255.13464
              2       127.33886       60.157297     0.029227027      0.16402366      0.15464168     -0.32573014      -0.32573014       255.32917                                255.32917
              1       129.37519       60.157297     0.029227027      0.15396454      0.14146745     -0.32573014      -0.32573014       259.40184                                259.40184
              2       128.59473       60.157297     0.029227027      0.15688555      0.14354353     -0.32573014      -0.32573014       257.84092                                257.84092
              2       128.58823       60.157297     0.029227027      0.15979794      0.14407399     -0.32573014      -0.32573014       257.82791                                257.82791
              1       127.37654       60.157297     0.029227027      0.15821423      0.14836376     -0.32573014      -0.32573014       255.40453                                255.40453
              1       127.17045       60.151735     0.029358177      0.15814228      0.14824049     -0.32573014      -0.32573014       254.99236                                254.99236
              2        126.7406       60.151735     0.029358177      0.15955404      0.15155891     -0.32573014      -0.32573014       254.13266                                254.13266
              1       126.74097       60.151735     0.029358177      0.15955846      0.15155918     -0.32573014      -0.32573014       254.13339                                254.13339
              3       126.55522       60.151735     0.029358177      0.15967847      0.15371946     -0.32573014      -0.32573014        253.7619                                 253.7619
              4       126.86058       60.151735     0.029358177       0.1495205      0.15724118     -0.32573014      -0.32573014       254.37262                                254.37262
              5        125.5383       60.099319     0.029609832      0.15143287      0.15568653     -0.32573014      -0.32573014       251.72806                                251.72806
              4       126.84386        60.11562     0.028408333      0.15192872      0.15641508     -0.32573014      -0.32573014       254.33919                                254.33919
              1       127.13795       60.110493      0.02838097      0.15039662      0.15989398     -0.32573014      -0.32573014       254.92736                                254.92736
              3         125.687       60.004554     0.028160585      0.14997433      0.15876816     -0.32573014      -0.32573014       252.02546                                252.02546
              1       125.74778       60.004554     0.028160585      0.15586002      0.14891434     -0.32573014      -0.32573014       252.14701                                252.14701
              1       126.95701        60.11499     0.028579239      0.15623434      0.15000304     -0.32573014      -0.32573014       254.56547                                254.56547
              2       126.78035        60.11499     0.028579239      0.15811836      0.15163996     -0.32573014      -0.32573014       254.21216                                254.21216
              1       126.73803        60.11499     0.028579239      0.16085533      0.15656749     -0.32573014      -0.32573014       254.12751                                254.12751
              1       126.58498        60.11499     0.028579239      0.15289537      0.15624047     -0.32573014      -0.32573014       253.82141                                253.82141
              5       126.58567        60.11499     0.028579239      0.15290711      0.15596295     -0.32573014      -0.32573014        253.8228                                 253.8228
              1       129.66286       60.232436     0.027142289      0.15396164       0.1579668     -0.32573014      -0.32573014       259.97718                                259.97718
              1       125.28966       60.050925     0.028963032       0.1524714      0.15504969     -0.32573014      -0.32573014       251.23077                                251.23077
              1        128.4054       60.050925     0.028963032      0.15455698       0.1715456     -0.32573014      -0.32573014       257.46227                                257.46227
              1         129.018       60.050925     0.028963032      0.14971612      0.17207608     -0.32573014      -0.32573014       258.68746                                258.68746
              1       128.28942       60.050925     0.028963032      0.14210964      0.16389621     -0.32573014      -0.32573014       257.23029                                257.23029
              1       127.78525       60.057733     0.029606455      0.14200762      0.16364361     -0.32573014      -0.32573014       256.22197                                256.22197
              5       128.62918       60.057733     0.029606455      0.13769376      0.15725166     -0.32573014      -0.32573014       257.90982                                257.90982
              1       126.40895       60.057733     0.029606455      0.14743269      0.16390467     -0.32573014      -0.32573014       253.46937                                253.46937
              1       126.50453        60.06833     0.029686012      0.14746097      0.16397917     -0.32573014      -0.32573014       253.66051                                253.66051
              6       127.95377        60.06833     0.029686012      0.14467454      0.16711527     -0.32573014      -0.32573014         256.559                                  256.559
              4       124.88789        60.06833     0.029686012      0.15749208      0.15532813     -0.32573014      -0.32573014       250.42725                                250.42725
              9       125.26738        60.06833     0.029686012        0.152423      0.14999972     -0.32573014      -0.32573014       251.18622                                251.18622
              1       126.63017        60.06833     0.029686012      0.14819175      0.14556373     -0.32573014      -0.32573014        253.9118                                 253.9118
              3       126.57084       60.075354     0.029978757      0.14807403      0.14514208     -0.32573014      -0.32573014       253.79314                                253.79314
              3       126.23016       60.075354     0.029978757      0.15864289        0.144715     -0.32573014      -0.32573014       253.11178                                253.11178
              2       125.73093       60.075354     0.029978757      0.15887414      0.14691095     -0.32573014      -0.32573014       252.11331                                252.11331
              1       125.51956       60.075354     0.029978757      0.16255657      0.15204453     -0.32573014      -0.32573014       251.69059                                251.69059
              2       125.67683       60.075354     0.029978757      0.16273349      0.15077205     -0.32573014      -0.32573014       252.00511                                252.00511
              1       125.64444       60.075354     0.029978757      0.16196029      0.14986941     -0.32573014      -0.32573014       251.94034                                251.94034
              2       125.25825       60.075354     0.029978757      0.14987376      0.15970742     -0.32573014      -0.32573014       251.16795                                251.16795
              1       126.11547       60.001877     0.027756917      0.15001657      0.16003811     -0.32573014      -0.32573014       252.88241                                252.88241
              1       127.54945       60.001877     0.027756917      0.14440538      0.14957991     -0.32573014      -0.32573014       255.75036                                255.75036
              5       125.61553       60.001877     0.027756917       0.1559924      0.15878108     -0.32573014      -0.32573014       251.88252                                251.88252
              3       126.08606       60.001877     0.027756917       0.1577522      0.16220661     -0.32573014      -0.32573014       252.82358                                252.82358
              3       130.21824       60.042821     0.023639782      0.15875926       0.1647389     -0.32573014      -0.32573014       261.08794                                261.08794
              2       130.34725       60.042821     0.023639782      0.15503058      0.16485117     -0.32573014      -0.32573014       261.34595                                261.34595
              1       129.06913       60.173757     0.027347299      0.15482719      0.16438962     -0.32573014      -0.32573014       258.78972                                258.78972
              1       129.08627       60.173757     0.027347299      0.15494629      0.16453006     -0.32573014      -0.32573014         258.824                                  258.824
              1       127.57218       60.012763     0.026235761      0.15449692      0.16334893     -0.32573014      -0.32573014       255.79583                                255.79583
              1       128.49742        60.02748     0.025455421      0.15471696       0.1639043     -0.32573014      -0.32573014       257.64631                                257.64631
              2       129.84799        60.02748     0.025455421      0.15653584      0.14461975     -0.32573014      -0.32573014       260.34744                                260.34744
              1       128.50291        60.02748     0.025455421      0.15299586      0.16308159     -0.32573014      -0.32573014       257.65728                                257.65728
              2       128.43404        60.02748     0.025455421      0.15032463      0.15802094     -0.32573014      -0.32573014       257.51955                                257.51955
              3       130.79229        60.02748     0.025455421      0.17138333      0.15249416     -0.32573014      -0.32573014       262.23603                                262.23603
              1       129.86675       60.184183       0.0271477      0.16703609      0.15806528     -0.32573014      -0.32573014       260.38496                                260.38496
              1       129.74078       60.184183       0.0271477      0.15596263      0.16665506     -0.32573014      -0.32573014       260.13301                                260.13301
              1       130.08329       60.184183       0.0271477      0.14756873      0.15459325     -0.32573014      -0.32573014       260.81803                                260.81803
              1       128.37825       60.092812     0.028126233      0.15428463      0.16839329     -0.32573014      -0.32573014       257.40797                                257.40797
              4       126.99013       60.092812     0.028126233      0.15126034      0.16002731     -0.32573014      -0.32573014       254.63172                                254.63172
              1       126.89154       60.092812     0.028126233      0.15401831      0.16139345     -0.32573014      -0.32573014       254.43454                                254.43454
              4       127.84485       60.150656     0.028049961      0.15427628      0.16205909     -0.32573014      -0.32573014       256.34117                                256.34117
              2       127.29563       60.167348     0.028957506       0.1541621      0.16177965     -0.32573014      -0.32573014       255.24273                                255.24273
              2       127.49478       60.167348     0.028957506      0.15577863      0.14974992     -0.32573014      -0.32573014       255.64101                                255.64101
              1       128.28893       60.212553     0.028806334      0.15599881      0.15031657     -0.32573014      -0.32573014       257.22931                                257.22931
              1       127.83057       60.143746     0.028167654      0.15631045      0.14993505     -0.32573014      -0.32573014       256.31259                                256.31259
              1       127.74217       60.143746     0.028167654      0.15105383      0.15984902     -0.32573014      -0.32573014       256.13579                                256.13579
              2       127.47442       60.143746     0.028167654      0.15525077      0.15265999     -0.32573014      -0.32573014       255.60031                                255.60031
              3       127.69466       60.143746     0.028167654      0.15491598      0.15100687     -0.32573014      -0.32573014       256.04078                                256.04078
              1       126.84782       60.191966     0.029928081      0.15476091       0.1506365     -0.32573014      -0.32573014       254.34709                                254.34709
              1       130.68615       60.191966     0.029928081      0.13817232      0.15274777     -0.32573014      -0.32573014       262.02376                                262.02376
              5       127.64101       60.191966     0.029928081       0.1572184       0.1661373     -0.32573014      -0.32573014       255.93347                                255.93347
              3       129.60823       60.234329      0.02955019      0.14418363      0.16139935     -0.32573014      -0.32573014       259.86792                                259.86792
              1        129.6793       60.234329      0.02955019      0.14355472      0.15383593     -0.32573014      -0.32573014       260.01006                                260.01006
              2       130.11771       60.234329      0.02955019      0.14246002      0.15318048     -0.32573014      -0.32573014       260.88687                                260.88687
              1       130.49041       60.234329      0.02955019      0.14271107      0.14978766     -0.32573014      -0.32573014       261.63229                                261.63229
              1        130.9054        60.19815     0.028556844      0.14276096      0.14989942     -0.32573014      -0.32573014       262.46226                                262.46226
              4       129.10306        60.19815     0.028556844      0.16587411       0.1625521     -0.32573014      -0.32573014       258.85759                                258.85759
              1       128.38434       60.225354     0.029936233      0.16570826      0.16214724     -0.32573014      -0.32573014       257.42013                                257.42013
              1       129.35374       60.225354     0.029936233       0.1699156      0.15983601     -0.32573014      -0.32573014       259.35893                                259.35893
              1       128.67811       60.225354     0.029936233      0.16786242      0.15954449     -0.32573014      -0.32573014       258.00769                                258.00769
              1       127.34123       60.111485     0.029698778      0.16743324      0.15843073     -0.32573014      -0.32573014       255.33393                                255.33393
              2       125.91247       60.111485     0.029698778      0.16153287      0.15463753     -0.32573014      -0.32573014        252.4764                                 252.4764
              4        129.1399       60.112899     0.025809828      0.16232792      0.15662563     -0.32573014      -0.32573014       258.93125                                258.93125
              1       128.95747       60.112899     0.025809828      0.15605902      0.16052511     -0.32573014      -0.32573014       258.56639                                258.56639
              1       126.11457         60.1447     0.029596998      0.15542387      0.15894865     -0.32573014      -0.32573014        252.8806                                 252.8806
              2       125.39886       60.057914     0.028937031      0.15519396      0.15834279     -0.32573014      -0.32573014       251.44918                                251.44918
              4       125.78406       60.057914     0.028937031      0.16075124       0.1526047     -0.32573014      -0.32573014       252.21957                                252.21957
              3        126.7109       60.030426     0.027336956      0.16096068      0.15311844     -0.32573014      -0.32573014       254.07326                                254.07326
              3        126.8667       60.030426     0.027336956      0.14983104      0.15333259     -0.32573014      -0.32573014       254.38487                                254.38487
              2       127.94834       60.089809     0.027160699      0.15011575      0.15406563     -0.32573014      -0.32573014       256.54814                                256.54814
              1       128.68466       60.130238     0.026331904       0.1561864      0.15616375     -0.32573014      -0.32573014       258.02079                                258.02079
              1       130.63125       60.130238     0.026331904      0.14590913      0.16251883     -0.32573014      -0.32573014       261.91397                                261.91397
              1       129.49805       60.130238     0.026331904      0.15735628      0.14938179     -0.32573014      -0.32573014       259.64757                                259.64757
              1       129.55017       60.130238     0.026331904      0.16305586      0.15127595     -0.32573014      -0.32573014       259.75181                                259.75181
              1       129.13335       60.130238     0.026331904      0.15711385      0.15138116     -0.32573014      -0.32573014       258.91816                                258.91816
              1       130.24959       60.161362     0.025599588      0.15739293      0.15208998     -0.32573014      -0.32573014       261.15064                                261.15064
              3       131.07765       60.386742      0.02843653      0.15776211      0.15309372     -0.32573014      -0.32573014       262.80677                                262.80677
              1       132.70906       60.258907     0.029437261      0.14296411      0.14348483     -0.32573014      -0.32573014       266.06957                                266.06957
              2       132.86467       60.258907     0.029437261      0.14358063      0.14244783     -0.32573014      -0.32573014       266.38081                                266.38081
              4       130.25759       60.126825     0.029980357      0.14291672      0.14074073     -0.32573014      -0.32573014       261.16663                                261.16663
              2       129.45297       60.126825     0.029980357      0.13985308      0.14719765     -0.32573014      -0.32573014       259.55739                                259.55739
              1       129.86586       60.144757     0.029855452      0.13995361      0.14745538     -0.32573014      -0.32573014       260.38318                                260.38318
              2       126.73939       60.144757     0.029855452      0.16020743      0.16338511     -0.32573014      -0.32573014       254.13024                                254.13024
              1       126.61156       60.144757     0.029855452      0.14934016      0.16086401     -0.32573014      -0.32573014       253.87458                                253.87458
              1       126.40884       60.144757     0.029855452      0.15288364      0.16236671     -0.32573014      -0.32573014       253.46913                                253.46913
              1       126.18031       60.144757     0.029855452      0.15414702      0.16130658     -0.32573014      -0.32573014       253.01207                                253.01207
              4       126.58824       60.156552     0.029592758      0.15424976      0.16156767     -0.32573014      -0.32573014       253.82794                                253.82794
              5        126.6112       60.156552     0.029592758      0.15457349      0.16182625     -0.32573014      -0.32573014       253.87387                                253.87387
              1       126.98545       60.156552     0.029592758      0.15625123      0.16415274     -0.32573014      -0.32573014       254.62236                                254.62236
              6       127.74544       60.156552     0.029592758      0.15659607      0.16730222     -0.32573014      -0.32573014       256.14235                                256.14235
              1       127.56086       60.156552     0.029592758      0.14560204      0.15569716     -0.32573014      -0.32573014       255.77318                                255.77318
              3        128.8645       60.131154     0.027800108      0.14585931      0.15633124     -0.32573014      -0.32573014       258.38046                                258.38046
              1       128.80212       60.139366      0.02800373      0.14585243      0.15631696     -0.32573014      -0.32573014        258.2557                                 258.2557
              1       130.15323       60.139366      0.02800373       0.1506472      0.14310121     -0.32573014      -0.32573014       260.95791                                260.95791
              1       130.77823       60.141096     0.029007746       0.1488411      0.13935616     -0.32573014      -0.32573014       262.20791                                262.20791
              1        127.2688       60.141096     0.029007746      0.14828673      0.15518663     -0.32573014      -0.32573014       255.18906                                255.18906
              8       126.25952        60.06997     0.028899673      0.14801048      0.15447053     -0.32573014      -0.32573014        253.1705                                 253.1705
              1       126.11844        60.06997     0.028899673      0.14952706      0.15912286     -0.32573014      -0.32573014       252.88835                                252.88835
              5       125.66131        60.06997     0.028899673       0.1543702       0.1525525     -0.32573014      -0.32573014       251.97408                                251.97408
              3       125.60431        60.06997     0.028899673      0.15409171      0.15352028     -0.32573014      -0.32573014       251.86007                                251.86007
              2       126.31606       60.097222     0.029095206      0.15209501      0.16158739     -0.32573014      -0.32573014       253.28357                                253.28357
              1       127.09519       60.097222     0.029095206      0.14863043      0.16344083     -0.32573014      -0.32573014       254.84184                                254.84184
              1       127.15832       60.141233     0.029788644      0.14867423      0.16356609     -0.32573014      -0.32573014        254.9681                                 254.9681
              2       126.88256       60.141233     0.029788644      0.15149444      0.16421858     -0.32573014      -0.32573014       254.41659                                254.41659
              1        127.4213       60.141233     0.029788644      0.14778674      0.16403741     -0.32573014      -0.32573014       255.49406                                255.49406
              3       126.99558       60.141233     0.029788644      0.14935717      0.16332363     -0.32573014      -0.32573014       254.64262                                254.64262
              1       128.05939       60.141233     0.029788644      0.15386404      0.14265188     -0.32573014      -0.32573014       256.77024                                256.77024
              1       128.97682       60.141233     0.029788644      0.15715898      0.14009859     -0.32573014      -0.32573014        258.6051                                 258.6051
              1       128.22392       60.141233     0.029788644      0.16044329      0.14287614     -0.32573014      -0.32573014        257.0993                                 257.0993
              4       128.70736       60.070741     0.028056616      0.16049922      0.14299071     -0.32573014      -0.32573014       258.06617                                258.06617
              2       128.07124       60.022111     0.028029665      0.16030083      0.14247729     -0.32573014      -0.32573014       256.79395                                256.79395
              1       127.64948       60.022111     0.028029665      0.14797885      0.14539591     -0.32573014      -0.32573014       255.95043                                255.95043
              3       125.86907       60.022111     0.028029665      0.15119354      0.15348676     -0.32573014      -0.32573014       252.38961                                252.38961
              3       128.55102       60.022111     0.028029665      0.14391022      0.14577403     -0.32573014      -0.32573014        257.7535                                 257.7535
              1       128.94405       60.022111     0.028029665      0.15305642      0.13957126     -0.32573014      -0.32573014       258.53957                                258.53957
              2        128.8911       60.022111     0.028029665      0.15029977      0.17116696     -0.32573014      -0.32573014       258.43365                                258.43365
              6       126.78197       60.022111     0.028029665      0.16256185       0.1626753     -0.32573014      -0.32573014       254.21541                                254.21541
              1       126.65959       60.022111     0.028029665      0.16207674      0.16244798     -0.32573014      -0.32573014       253.97064                                253.97064
              1       125.76628       60.022111     0.028029665      0.15928416      0.15733733     -0.32573014      -0.32573014       252.18402                                252.18402
              1       125.80937       60.022111     0.028029665      0.15668126      0.15146462     -0.32573014      -0.32573014        252.2702                                 252.2702
              3       126.24543       60.022111     0.028029665      0.16019862      0.15005493     -0.32573014      -0.32573014       253.14232                                253.14232
              5       125.98264       60.022111     0.028029665      0.15001617      0.15421668     -0.32573014      -0.32573014       252.61674                                252.61674
              3       125.72364       60.022111     0.028029665      0.15293533      0.15331811     -0.32573014      -0.32573014       252.09873                                252.09873
              1       127.15739       60.026688     0.028086018      0.14477922       0.1530846     -0.32573014      -0.32573014       254.96625                                254.96625
              3       126.78337       60.017034     0.028319727      0.14469133      0.15286141     -0.32573014      -0.32573014       254.21819                                254.21819
              2       126.75087       60.017034     0.028319727      0.14860549      0.14697804     -0.32573014      -0.32573014        254.1532                                 254.1532
              2       125.91782       60.017034     0.028319727      0.14848965      0.15309131     -0.32573014      -0.32573014       252.48711                                252.48711
              3       125.69154       60.017034     0.028319727       0.1611815      0.15420468     -0.32573014      -0.32573014       252.03453                                252.03453
              7        125.9074       60.017034     0.028319727      0.15404918      0.14840037     -0.32573014      -0.32573014       252.46625                                252.46625
              5       125.51794       60.017034     0.028319727      0.15722625      0.15123778     -0.32573014      -0.32573014       251.68734                                251.68734
              1       125.63538       60.017034     0.028319727       0.1577728      0.15049824     -0.32573014      -0.32573014       251.92222                                251.92222
              1       125.73007       60.017034     0.028319727      0.16097799      0.15828767     -0.32573014      -0.32573014        252.1116                                 252.1116
              2       130.17844       60.017034     0.028319727      0.15060596      0.13634958     -0.32573014      -0.32573014       261.00834                                261.00834
              1       128.87278       60.017034     0.028319727      0.15129427      0.13908186     -0.32573014      -0.32573014       258.39701                                258.39701
              2       128.95641       60.017034     0.028319727      0.14906936      0.13959748     -0.32573014      -0.32573014       258.56427                                258.56427
              1        126.4496       60.017034     0.028319727      0.14585475      0.15341737     -0.32573014      -0.32573014       253.55065                                253.55065
              1       128.74554       60.079476     0.026875137      0.14662387      0.15489068     -0.32573014      -0.32573014       258.14254                                258.14254
              2       129.11917       60.163946     0.027954397      0.14660212       0.1551899     -0.32573014      -0.32573014       258.88981                                258.88981
              1       127.82194       60.163946     0.027954397      0.15696583      0.15426534     -0.32573014      -0.32573014       256.29535                                256.29535
              1        127.9809       60.163946     0.027954397      0.15771381      0.16159559     -0.32573014      -0.32573014       256.61325                                256.61325
              3       128.09387       60.163946     0.027954397      0.16230385      0.15675629     -0.32573014      -0.32573014        256.8392                                 256.8392
              1       128.20804       60.163946     0.027954397      0.16307218      0.15754467     -0.32573014      -0.32573014       257.06754                                257.06754
              3       129.37181       60.170607     0.028609675      0.14647192      0.14879824     -0.32573014      -0.32573014       259.39508                                259.39508
              1       127.80559       60.170607     0.028609675      0.15234412      0.16191603     -0.32573014      -0.32573014       256.26264                                256.26264
              1       124.65185       60.015646     0.029492376      0.15138164      0.15976867     -0.32573014      -0.32573014       249.95516                                249.95516
              1       124.64236       60.015646     0.029492376      0.15044734      0.15884692     -0.32573014      -0.32573014       249.93618                                249.93618
              1       124.71856       60.015646     0.029492376       0.1591583       0.1504737     -0.32573014      -0.32573014       250.08858                                250.08858
              1       125.27215       60.015646     0.029492376      0.16297744      0.15885602     -0.32573014      -0.32573014       251.19576                                251.19576
              1       124.68888       60.015646     0.029492376      0.15994271      0.15814419     -0.32573014      -0.32573014       250.02923                                250.02923
              2       124.66549       60.015646     0.029492376       0.1600807      0.15756851     -0.32573014      -0.32573014       249.98245                                249.98245
              2       125.78035       60.015646     0.029492376      0.15403182      0.16608686     -0.32573014      -0.32573014       252.21217                                252.21217
              3        126.0446         60.0242      0.02933532      0.15412288       0.1662659     -0.32573014      -0.32573014       252.74067                                252.74067
              3       126.30169       60.056273     0.029597279      0.15416639      0.16646205     -0.32573014      -0.32573014       253.25484                                253.25484
              1       125.01801       60.056273     0.029597279      0.15354142      0.15992205     -0.32573014      -0.32573014       250.68748                                250.68748
              1       125.20567       60.063749     0.029509295      0.15360375      0.16005099     -0.32573014      -0.32573014       251.06279                                251.06279
              3       125.08777       60.063749     0.029509295      0.15137179      0.15586465     -0.32573014      -0.32573014         250.827                                  250.827
              2       126.67127       60.063749     0.029509295      0.15010928      0.16609999     -0.32573014      -0.32573014       253.99399                                253.99399
              2       126.48343       60.063749     0.029509295      0.15115234      0.16584847     -0.32573014      -0.32573014       253.61832                                253.61832
              1       126.23927       60.063749     0.029509295      0.16440958      0.15092761     -0.32573014      -0.32573014          253.13                                   253.13
              4       128.04264       60.039787     0.026879107      0.16522954      0.15214044     -0.32573014      -0.32573014       256.73674                                256.73674
              3       127.23047       60.039787     0.026879107      0.15206455      0.15239855     -0.32573014      -0.32573014        255.1124                                 255.1124
              5       127.27663       60.039787     0.026879107      0.15024648      0.15522455     -0.32573014      -0.32573014       255.20472                                255.20472
              5       128.42768       60.039787     0.026879107      0.16040406      0.16717993     -0.32573014      -0.32573014       257.50683                                257.50683
              1       127.16005       60.039787     0.026879107      0.15380568      0.16135872     -0.32573014      -0.32573014       254.97156                                254.97156
              1       128.41392       60.039787     0.026879107      0.15418636      0.16769835     -0.32573014      -0.32573014       257.47931                                257.47931
              1       127.64271       60.039787     0.026879107      0.15528411       0.1647126     -0.32573014      -0.32573014       255.93687                                255.93687
              1       128.38197       60.039787     0.026879107      0.16100951      0.16674727     -0.32573014      -0.32573014       257.41539                                257.41539
              2       127.29542       60.039787     0.026879107      0.15504352      0.15029236     -0.32573014      -0.32573014        255.2423                                 255.2423
              1       127.92684       60.039787     0.026879107      0.15843056      0.16580625     -0.32573014      -0.32573014       256.50515                                256.50515
              1       126.50735       60.094321     0.029489988      0.15774627       0.1649306     -0.32573014      -0.32573014       253.66617                                253.66617
              1       126.68133       60.094321     0.029489988       0.1536511      0.16574869     -0.32573014      -0.32573014       254.01413                                254.01413
              2       126.68438       60.094321     0.029489988      0.14537265      0.15704135     -0.32573014      -0.32573014       254.02021                                254.02021
              2       126.61711       60.094321     0.029489988       0.1627862      0.16240303     -0.32573014      -0.32573014       253.88568                                253.88568
              1       127.06431       60.038297      0.02801167      0.16306763      0.16263036     -0.32573014      -0.32573014       254.78008                                254.78008
              1       129.46718       60.038297      0.02801167      0.16977581      0.16543655     -0.32573014      -0.32573014       259.58581                                259.58581
              4       127.40754       60.038297      0.02801167      0.16678231      0.15759677     -0.32573014      -0.32573014       255.46654                                255.46654
              1        125.9791       60.038297      0.02801167      0.15270208      0.15794168     -0.32573014      -0.32573014       252.60966                                252.60966
              1       126.35649       60.038297      0.02801167      0.15115565      0.16064049     -0.32573014      -0.32573014       253.36444                                253.36444
              2       126.67743       60.038297      0.02801167      0.14804147      0.15893163     -0.32573014      -0.32573014       254.00631                                254.00631
              2       127.07758       60.029287     0.027406203      0.14821549      0.15917351     -0.32573014      -0.32573014       254.80663                                254.80663
              1       126.51293       60.029287     0.027406203       0.1551199      0.16108572     -0.32573014      -0.32573014       253.67732                                253.67732
              4       131.01111        60.28357     0.026739204      0.15642563      0.16417306     -0.32573014      -0.32573014       262.67369                                262.67369
              3       131.23535       60.290602     0.026613941      0.15649915      0.16431808     -0.32573014      -0.32573014       263.12215                                263.12215
              2       131.72782       60.290602     0.026613941      0.16035457      0.16737393     -0.32573014      -0.32573014        264.1071                                 264.1071
              1       131.19514       60.252893     0.026564696      0.16021281      0.16699883     -0.32573014      -0.32573014       263.04175                                263.04175
              1       132.67535       60.252893     0.026564696         0.17202      0.16057427     -0.32573014      -0.32573014       266.00215                                266.00215
              1       133.48017       60.252893     0.026564696      0.17420344      0.15701898     -0.32573014      -0.32573014       267.61179                                267.61179
              1        131.3631       60.058358     0.026072206      0.17355564      0.15521699     -0.32573014      -0.32573014       263.37765                                263.37765
              1       131.44974       60.058358     0.026072206      0.17243829      0.15027829     -0.32573014      -0.32573014       263.55094                                263.55094
              1        131.3865       60.057966     0.026032507      0.17232669      0.15053886     -0.32573014      -0.32573014       263.42447                                263.42447
              2       128.11078       60.058067     0.028150827      0.16248323      0.14489711     -0.32573014      -0.32573014       256.87301                                256.87301
              3       127.36256       60.058067     0.028150827        0.149311      0.16420385     -0.32573014      -0.32573014       255.37659                                255.37659
              6       126.91226       60.121749     0.029775636      0.14901056      0.16397649     -0.32573014      -0.32573014       254.47599                                254.47599
              1       126.91054       60.121749     0.029775636      0.16535202      0.15943702     -0.32573014      -0.32573014       254.47254                                254.47254
              2        125.5618       60.121749     0.029775636      0.15415916      0.15457797     -0.32573014      -0.32573014       251.77507                                251.77507
              1       125.60296       60.121749     0.029775636      0.15305346      0.15634024     -0.32573014      -0.32573014       251.85737                                251.85737
              3       126.27029       60.116421     0.029563024      0.15802112       0.1490836     -0.32573014      -0.32573014       253.19205                                253.19205
              1       126.12591       60.116421     0.029563024      0.14971705      0.15797857     -0.32573014      -0.32573014       252.90328                                252.90328
              4       127.48412       60.116421     0.029563024      0.14391804      0.15283596     -0.32573014      -0.32573014       255.61971                                255.61971
              1       126.94954       60.116421     0.029563024      0.15623284      0.14558682     -0.32573014      -0.32573014       254.55054                                254.55054
              1        126.7986       60.116421     0.029563024      0.16466893      0.15906939     -0.32573014      -0.32573014       254.24866                                254.24866
              4       126.60149       60.118664     0.029839854      0.16458145      0.15893876     -0.32573014      -0.32573014       253.85445                                253.85445
              2       126.63662       60.118664     0.029839854      0.16491927      0.15833206     -0.32573014      -0.32573014       253.92469                                253.92469
              2       125.63047       60.032051     0.029643358      0.16462287      0.15751704     -0.32573014      -0.32573014        251.9124                                 251.9124
              2       124.46697       60.032051     0.029643358      0.15249508      0.15743166     -0.32573014      -0.32573014       249.58539                                249.58539
              5       125.55895       60.032051     0.029643358      0.14881509      0.14718605     -0.32573014      -0.32573014       251.76936                                251.76936
              1       124.42907       60.032051     0.029643358      0.15461664      0.15217089     -0.32573014      -0.32573014        249.5096                                 249.5096
              2       124.38103       60.032051     0.029643358      0.15274894        0.155285     -0.32573014      -0.32573014       249.41351                                249.41351
              4       124.47278       60.032051     0.029643358      0.15314713       0.1520522     -0.32573014      -0.32573014       249.59703                                249.59703
              1       124.51578       60.032051     0.029643358      0.15655816       0.1584982     -0.32573014      -0.32573014       249.68301                                249.68301
              7       126.21631       60.032051     0.029643358      0.14616476      0.16365627     -0.32573014      -0.32573014       253.08409                                253.08409
              4       125.88791       60.032051     0.029643358       0.1658656      0.15563539     -0.32573014      -0.32573014       252.42729                                252.42729
              1       127.77115       60.032051     0.029643358      0.13857988      0.15759985     -0.32573014      -0.32573014       256.19377                                256.19377
              1        127.7853       60.032051     0.029643358      0.13834808      0.15523433     -0.32573014      -0.32573014       256.22207                                256.22207
              2       124.46593       60.032051     0.029643358      0.15779863      0.15357396     -0.32573014      -0.32573014       249.58332                                249.58332
              2       125.62345       60.032051     0.029643358      0.16148759      0.16264733     -0.32573014      -0.32573014       251.89837                                251.89837
              1       125.26964       60.032051     0.029643358      0.15515112      0.16368599     -0.32573014      -0.32573014       251.19074                                251.19074
              1       125.98499       60.032051     0.029643358       0.1515972      0.14401162     -0.32573014      -0.32573014       252.62144                                252.62144
              2       124.68719       60.032051     0.029643358      0.15778556      0.15058152     -0.32573014      -0.32573014       250.02585                                250.02585
              1       124.37456       60.032051     0.029643358      0.15621468      0.15365308     -0.32573014      -0.32573014       249.40058                                249.40058
              3       125.78383       60.032051     0.029643358      0.14615559      0.14871591     -0.32573014      -0.32573014       252.21912                                252.21912
              3       127.26327       60.087928      0.02894855      0.14663449      0.14970047     -0.32573014      -0.32573014       255.17801                                255.17801
              2        125.9584         60.0735     0.028878735      0.15325862      0.15087887     -0.32573014      -0.32573014       252.56827                                252.56827
              1       126.67921         60.0735     0.028878735      0.14636935      0.15673562     -0.32573014      -0.32573014       254.00988                                254.00988
              1       126.34347         60.0735     0.028878735      0.14797999      0.15709468     -0.32573014      -0.32573014        253.3384                                 253.3384
              4       125.83763         60.0735     0.028878735      0.15356035      0.15180518     -0.32573014      -0.32573014       252.32671                                252.32671
              3       126.14758         60.0735     0.028878735      0.15755058      0.14940834     -0.32573014      -0.32573014       252.94661                                252.94661
              2       126.24875       60.084703     0.028946549      0.15757407      0.14949008     -0.32573014      -0.32573014       253.14895                                253.14895
              1       127.09231       60.061061     0.027554466      0.15796184      0.15001499     -0.32573014      -0.32573014       254.83607                                254.83607
              1       128.69233        60.18603     0.027790845      0.15840599      0.15121725     -0.32573014      -0.32573014       258.03612                                258.03612
              4       128.63058        60.18603     0.027790845      0.15193776      0.15477862     -0.32573014      -0.32573014       257.91263                                257.91263
              1       128.73601       60.181099     0.027974884      0.15219099      0.15109726     -0.32573014      -0.32573014       258.12347                                258.12347
              2       127.56674       60.159121     0.028915875      0.15176882      0.15033717     -0.32573014      -0.32573014       255.78494                                255.78494
              3       128.65962       60.159121     0.028915875      0.15975516      0.14493727     -0.32573014      -0.32573014        257.9707                                 257.9707
              1        128.0816        60.11833     0.028931746      0.15957761       0.1444929     -0.32573014      -0.32573014       256.81466                                256.81466
              1       126.57967        60.11833     0.028931746       0.1544793      0.16149887     -0.32573014      -0.32573014       253.81079                                253.81079
              9       126.42789        60.11833     0.028931746      0.15446012      0.16019913     -0.32573014      -0.32573014       253.50723                                253.50723
              1       126.48684        60.11833     0.028931746      0.15212738      0.15903778     -0.32573014      -0.32573014       253.62515                                253.62515
              1       124.64064       60.041252     0.029704788      0.15153169      0.15778319     -0.32573014      -0.32573014       249.93273                                249.93273
              1       125.01074       60.041252     0.029704788      0.14845811      0.15256101     -0.32573014      -0.32573014       250.67294                                250.67294
              2       124.62969       60.018198     0.029740856      0.14834827      0.15229472     -0.32573014      -0.32573014       249.91083                                249.91083
              1       126.45657       60.018198     0.029740856       0.1548888      0.14100291     -0.32573014      -0.32573014       253.56461                                253.56461
              1       125.54212       60.018198     0.029740856      0.15480338      0.16577206     -0.32573014      -0.32573014       251.73569                                251.73569
              1       125.42245       60.018198     0.029740856      0.14765973      0.16262018     -0.32573014      -0.32573014       251.49636                                251.49636
              3       124.35988       60.018198     0.029740856      0.15346176      0.14997246     -0.32573014      -0.32573014       249.37122                                249.37122
              1       124.79061       60.018198     0.029740856      0.15621787      0.14730743     -0.32573014      -0.32573014       250.23268                                250.23268
              1       124.15463       60.018198     0.029740856      0.15646805      0.15250253     -0.32573014      -0.32573014       248.96072                                248.96072
              2       124.45242       60.018198     0.029740856      0.14920755      0.15321897     -0.32573014      -0.32573014        249.5563                                 249.5563
              1       124.52317       60.018198     0.029740856      0.15288416      0.14893016     -0.32573014      -0.32573014       249.69779                                249.69779
              2        124.7128       60.018198     0.029740856       0.1548785      0.14755788     -0.32573014      -0.32573014       250.07706                                250.07706
              2       124.52196       60.018198     0.029740856      0.15574991      0.14878191     -0.32573014      -0.32573014       249.69539                                249.69539
              3       127.50977       60.018198     0.029740856      0.17110739      0.15405237     -0.32573014      -0.32573014         255.671                                  255.671
              3       124.41658       60.018198     0.029740856      0.14943383      0.15635964     -0.32573014      -0.32573014       249.48463                                249.48463
              1       124.83063       60.018198     0.029740856      0.14696526      0.15313962     -0.32573014      -0.32573014       250.31272                                250.31272
              2       124.51225       60.018198     0.029740856       0.1524966      0.14913632     -0.32573014      -0.32573014       249.67596                                249.67596
              6       125.17156       60.018198     0.029740856      0.15083217      0.14619019     -0.32573014      -0.32573014       250.99458                                250.99458
              1       124.21969       60.018198     0.029740856        0.155835      0.15129841     -0.32573014      -0.32573014       249.09084                                249.09084
              1        124.4725       60.018198     0.029740856      0.16017324      0.15662582     -0.32573014      -0.32573014       249.59646                                249.59646
              3        124.3788       60.018198     0.029740856      0.15906398      0.15747944     -0.32573014      -0.32573014       249.40907                                249.40907
              2       124.35655       60.018198     0.029740856      0.15873094      0.15768246     -0.32573014      -0.32573014       249.36456                                249.36456
              6        126.3568       60.018198     0.029740856      0.15513893       0.1684093     -0.32573014      -0.32573014       253.36506                                253.36506
              2        124.7244       60.018198     0.029740856      0.15845566      0.16113517     -0.32573014      -0.32573014       250.10026                                250.10026
              4       124.06095       60.018198     0.029740856      0.15415378      0.15374295     -0.32573014      -0.32573014       248.77337                                248.77337
              2       124.90424       60.018198     0.029740856      0.15291135      0.16294661     -0.32573014      -0.32573014       250.45993                                250.45993
              4       124.24526       60.018198     0.029740856      0.15856537      0.15555951     -0.32573014      -0.32573014       249.14199                                249.14199
              1       124.45482       60.018198     0.029740856      0.14895348      0.15484291     -0.32573014      -0.32573014       249.56109                                249.56109
              2       124.46681       60.018198     0.029740856      0.14916631      0.15668779     -0.32573014      -0.32573014       249.58507                                249.58507
              4        124.4836       60.017818     0.029715076      0.14917374      0.15669813     -0.32573014      -0.32573014       249.61866                                249.61866
              1       124.08876       60.017818     0.029715076      0.15340013      0.15397145     -0.32573014      -0.32573014       248.82898                                248.82898
              1       124.80761       60.017818     0.029715076      0.15855583       0.1615015     -0.32573014      -0.32573014       250.26668                                250.26668
              2       124.84417       60.017818     0.029715076      0.16005001      0.14913203     -0.32573014      -0.32573014       250.33979                                250.33979
              1       126.59171       60.017818     0.029715076      0.16792048      0.15009306     -0.32573014      -0.32573014       253.83487                                253.83487
              1       126.93875       60.017818     0.029715076      0.16827316      0.14848187     -0.32573014      -0.32573014       254.52895                                254.52895
              2       128.04904       60.017818     0.029715076      0.16173212      0.13854402     -0.32573014      -0.32573014       256.74954                                256.74954
              1       126.78047       60.017818     0.029715076      0.14986713      0.14096547     -0.32573014      -0.32573014       254.21239                                254.21239
              2       127.27885       60.017818     0.029715076      0.14958493      0.13969918     -0.32573014      -0.32573014       255.20916                                255.20916
              1        130.4388       60.208329     0.029307887      0.15053079      0.14196056     -0.32573014      -0.32573014       261.52907                                261.52907
              3       127.39899       60.208329     0.029307887      0.15776121      0.15297735     -0.32573014      -0.32573014       255.44944                                255.44944
              3       126.72748       60.155878     0.029207326      0.15757527       0.1524735     -0.32573014      -0.32573014       254.10642                                254.10642
              1       126.99928       60.155878     0.029207326      0.15165214      0.16065026     -0.32573014      -0.32573014       254.65003                                254.65003
              3       126.37856       60.048343     0.028036181      0.15160881       0.1601561     -0.32573014      -0.32573014       253.40858                                253.40858
              5       126.19137       60.004108     0.027476177      0.15161839      0.15999652     -0.32573014      -0.32573014        253.0342                                 253.0342
              2       127.46614       60.004108     0.027476177      0.14981329      0.16589814     -0.32573014      -0.32573014       255.58373                                255.58373
              3        127.8318       60.013309     0.027224783      0.14996297      0.16613081     -0.32573014      -0.32573014       256.31507                                256.31507
              1       127.79759       60.013309     0.027224783      0.14848921      0.16492573     -0.32573014      -0.32573014       256.24664                                256.24664
              3        128.6922       60.013309     0.027224783      0.16371291      0.16805955     -0.32573014      -0.32573014       258.03585                                258.03585
              1        128.3557       60.019643     0.027741702      0.16357888      0.16784374     -0.32573014      -0.32573014       257.36285                                257.36285
              1       129.80044       60.019643     0.027741702      0.17345274      0.15663846     -0.32573014      -0.32573014       260.25235                                260.25235
              1       128.06933       60.019643     0.027741702      0.16184042      0.14388772     -0.32573014      -0.32573014       256.79013                                256.79013
              2       128.57629       60.007075     0.026913483      0.16203851      0.14420834     -0.32573014      -0.32573014       257.80404                                257.80404
              2       127.06575       60.007075     0.026913483      0.15864554      0.14886824     -0.32573014      -0.32573014       254.78295                                254.78295
              3        126.6437       60.004416     0.027368908      0.15847077      0.14859242     -0.32573014      -0.32573014       253.93886                                253.93886
              1       126.61629       60.004416     0.027368908      0.15971979      0.14935515     -0.32573014      -0.32573014       253.88403                                253.88403
              4       126.27127       60.004416     0.027368908      0.15863598      0.15108714     -0.32573014      -0.32573014       253.19399                                253.19399
              3       125.89242        60.05405      0.02866588      0.15853186      0.15089656     -0.32573014      -0.32573014       252.43631                                252.43631
              3       127.08762        60.05405      0.02866588      0.15219073       0.1449512     -0.32573014      -0.32573014       254.82669                                254.82669
              2        126.7755        60.05405      0.02866588      0.16276554      0.14869296     -0.32573014      -0.32573014       254.20246                                254.20246
              1       127.15913        60.05405      0.02866588       0.1583823      0.14455687     -0.32573014      -0.32573014       254.96972                                254.96972
              2       129.44796        60.05405      0.02866588      0.14246047      0.14381271     -0.32573014      -0.32573014       259.54738                                259.54738
              1       126.49506        60.05405      0.02866588      0.14843033      0.15030662     -0.32573014      -0.32573014       253.64158                                253.64158
              1       126.46441       60.040424      0.02815865      0.15155034      0.14937961     -0.32573014      -0.32573014       253.58029                                253.58029
              1       125.79207       60.040424      0.02815865      0.15468344      0.15810994     -0.32573014      -0.32573014       252.23559                                252.23559
              2        126.2313       60.040424      0.02815865      0.14949513      0.15436901     -0.32573014      -0.32573014       253.11407                                253.11407
              1       126.25529       60.007016      0.02756582      0.14946896      0.15434464     -0.32573014      -0.32573014       253.16205                                253.16205
             11        126.1506       60.007016      0.02756582      0.15015614      0.15439814     -0.32573014      -0.32573014       252.95266                                252.95266
              1       126.44369       60.007016      0.02756582      0.14821726        0.156021     -0.32573014      -0.32573014       253.53885                                253.53885
              6       126.18382       60.007016      0.02756582      0.15996093      0.15176349     -0.32573014      -0.32573014       253.01911                                253.01911
              2       126.13424       60.007016      0.02756582      0.15922411      0.15153646     -0.32573014      -0.32573014       252.91994                                252.91994
              1       126.10863       60.007016      0.02756582      0.15899923      0.15159031     -0.32573014      -0.32573014       252.86873                                252.86873
              1       125.29282       60.030644     0.028943466      0.15868847      0.15108533     -0.32573014      -0.32573014       251.23709                                251.23709
              2       125.30905       60.030644     0.028943466        0.154557      0.14972905     -0.32573014      -0.32573014       251.26955                                251.26955
              2       125.76119       60.030644     0.028943466      0.15148066      0.16276419     -0.32573014      -0.32573014       252.17383                                252.17383
              2       128.99121       60.270273      0.02940599      0.15297048      0.16500408     -0.32573014      -0.32573014       258.63387                                258.63387
              1       129.42748       60.270273      0.02940599      0.14859321      0.16344798     -0.32573014      -0.32573014       259.50643                                259.50643
              2       129.22608       60.264225     0.029522507      0.14851156       0.1633216     -0.32573014      -0.32573014       259.10362                                259.10362
              3       129.40716       60.260802     0.029267743      0.14857554      0.16342482     -0.32573014      -0.32573014       259.46579                                259.46579
              1       129.56832       60.271035     0.029265918      0.14864658      0.16353223     -0.32573014      -0.32573014       259.78811                                259.78811
              2       129.52105       60.278062     0.029436108      0.14863645      0.16351257     -0.32573014      -0.32573014       259.69357                                259.69357
              2       128.19684       60.278062     0.029436108      0.15588745      0.15526059     -0.32573014      -0.32573014       257.04514                                257.04514
              1       130.21584       60.278062     0.029436108      0.15563706      0.17019347     -0.32573014      -0.32573014       261.08314                                261.08314
              2       130.50609       60.278062     0.029436108      0.14377316      0.15457342     -0.32573014      -0.32573014       261.66365                                261.66365
              1       128.98243        60.21247       0.0299794      0.14313518      0.15359527     -0.32573014      -0.32573014       258.61633                                258.61633
              1       127.08075        60.21247       0.0299794      0.15063298      0.15674836     -0.32573014      -0.32573014       254.81296                                254.81296
              6       129.44696       60.334947     0.029422009      0.15166719      0.15832575     -0.32573014      -0.32573014       259.54538                                259.54538
              3       130.43727       60.334947     0.029422009      0.15010207      0.15033599     -0.32573014      -0.32573014         261.526                                  261.526
              1       130.61363       60.361901     0.029276256      0.15146469      0.15161516     -0.32573014      -0.32573014       261.87872                                261.87872
              1       130.62532       60.361901     0.029276256      0.15014292      0.15319561     -0.32573014      -0.32573014        261.9021                                 261.9021
              3       129.12276       60.293904     0.029782495      0.14950114      0.15221265     -0.32573014      -0.32573014       258.89698                                258.89698
              5       128.58133       60.293904     0.029782495      0.16348131      0.15844903     -0.32573014      -0.32573014       257.81412                                257.81412
              1       129.54894       60.293904     0.029782495       0.1649864      0.16485249     -0.32573014      -0.32573014       259.74934                                259.74934
              2       127.36818       60.127466     0.029495751      0.16393976      0.16327793     -0.32573014      -0.32573014       255.38782                                255.38782
              3       128.54077       60.062471     0.025888226      0.15147124      0.16053157     -0.32573014      -0.32573014       257.73299                                257.73299
              1       125.80988       60.051752     0.028771157      0.15040695      0.15884915     -0.32573014      -0.32573014       252.27122                                252.27122
              1       125.61507       60.051752     0.028771157      0.15499265       0.1511664     -0.32573014      -0.32573014       251.88159                                251.88159
              2       125.23328       60.012977     0.028561023      0.15479806      0.15087768     -0.32573014      -0.32573014       251.11803                                251.11803
              2       124.97631       60.012977     0.028561023      0.15507659      0.15602063     -0.32573014      -0.32573014       250.60407                                250.60407
              2       124.86281       60.004228     0.028544252      0.15502216      0.15593879     -0.32573014      -0.32573014       250.37708                                250.37708
              1       125.06605       60.004228     0.028544252      0.15867435      0.15730089     -0.32573014      -0.32573014       250.78355                                250.78355
              2       125.08809       60.007176     0.028568758      0.15868622       0.1573182     -0.32573014      -0.32573014       250.82763                                250.82763
              1       125.29183       60.007176     0.028568758      0.15001271      0.15292095     -0.32573014      -0.32573014       251.23513                                251.23513
              1       125.30835       60.007176     0.028568758       0.1506573      0.15167975     -0.32573014      -0.32573014       251.26816                                251.26816
              1       126.47116       60.007176     0.028568758      0.15386391      0.16653511     -0.32573014      -0.32573014       253.59378                                253.59378
              1       126.73227       60.096583     0.029815519      0.15405069      0.16678548     -0.32573014      -0.32573014         254.116                                  254.116
              2       126.64052       60.096583     0.029815519      0.15393902      0.16644317     -0.32573014      -0.32573014        253.9325                                 253.9325
              9       127.32286       60.096583     0.029815519      0.15165839      0.16824631     -0.32573014      -0.32573014       255.29717                                255.29717
              4       128.16909       60.096583     0.029815519      0.15852227      0.17076234     -0.32573014      -0.32573014       256.98965                                256.98965
              2       128.34542       60.008367     0.027961349      0.14324105      0.16469497     -0.32573014      -0.32573014       257.34229                                257.34229
              5       126.16589       60.008367     0.027961349      0.15016644      0.16125907     -0.32573014      -0.32573014       252.98324                                252.98324
              4       125.62524       60.008367     0.027961349      0.15212688      0.15797947     -0.32573014      -0.32573014       251.90194                                251.90194
              1       125.76683       60.008367     0.027961349      0.15248523      0.15135407     -0.32573014      -0.32573014       252.18513                                252.18513
              3       125.58688       60.008367     0.027961349       0.1533475       0.1526952     -0.32573014      -0.32573014       251.82523                                251.82523
              1       125.63074       60.008367     0.027961349      0.15259128      0.15275523     -0.32573014      -0.32573014       251.91294                                251.91294
              2       125.77278       60.038523     0.028308972      0.15267932      0.15287939     -0.32573014      -0.32573014       252.19702                                252.19702
              2       124.86057       60.046521     0.029497138      0.15232612      0.15231512     -0.32573014      -0.32573014       250.37261                                250.37261
              1       127.64622       60.096786     0.029602604      0.15850257       0.1689312     -0.32573014      -0.32573014       255.94389                                255.94389
              1       129.88075       60.096786     0.029602604      0.16226946      0.17342669     -0.32573014      -0.32573014       260.41296                                260.41296
              4       128.99587       60.096786     0.029602604      0.17230015      0.15782954     -0.32573014      -0.32573014       258.64321                                258.64321
              2       129.02745       60.103497     0.029680005      0.17231974      0.15785716     -0.32573014      -0.32573014       258.70636                                258.70636
              2       127.90475       60.103497     0.029680005      0.16807124      0.14912459     -0.32573014      -0.32573014       256.46095                                256.46095
              6       128.97643       60.103497     0.029680005      0.16495145      0.16972624     -0.32573014      -0.32573014       258.60433                                258.60433
              2       125.63262       60.103497     0.029680005        0.154297      0.16039166     -0.32573014      -0.32573014       251.91671                                251.91671
              3       126.16436       60.103497     0.029680005      0.15296731      0.14792564     -0.32573014      -0.32573014       252.98017                                252.98017
              2        125.8015       60.103497     0.029680005       0.1539557      0.14974889     -0.32573014      -0.32573014       252.25445                                252.25445
              1       126.47967       60.103497     0.029680005      0.14715591      0.15103034     -0.32573014      -0.32573014        253.6108                                 253.6108
              2       125.48855       60.103497     0.029680005      0.15255135      0.15370864     -0.32573014      -0.32573014       251.62856                                251.62856
              3       126.06874       60.103497     0.029680005      0.16257277      0.15828133     -0.32573014      -0.32573014       252.78895                                252.78895
              1       125.89508       60.103497     0.029680005      0.15872745      0.14985514     -0.32573014      -0.32573014       252.44162                                252.44162
              1       125.59269        60.09878      0.02996203      0.15859809      0.14965241     -0.32573014      -0.32573014       251.83683                                251.83683
              2        125.5776       60.099071     0.029984973      0.15859221      0.14964293     -0.32573014      -0.32573014       251.80667                                251.80667
              1       125.12564       60.099071     0.029984973      0.15736026      0.15328505     -0.32573014      -0.32573014       250.90275                                250.90275
              2       125.20296       60.099071     0.029984973      0.15913876      0.15566661     -0.32573014      -0.32573014       251.05738                                251.05738
              3       125.26492       60.099071     0.029984973      0.15965626      0.15467839     -0.32573014      -0.32573014        251.1813                                 251.1813
              2       125.46387       60.099071     0.029984973      0.16117531      0.15475323     -0.32573014      -0.32573014       251.57921                                251.57921
              2       125.51435       60.088993     0.029750336      0.16118659      0.15477629     -0.32573014      -0.32573014       251.68015                                251.68015
              3       125.33985       60.088993     0.029750336      0.15116169      0.15770337     -0.32573014      -0.32573014       251.33116                                251.33116
              3       125.33361       60.088993     0.029750336      0.15143626      0.15806257     -0.32573014      -0.32573014       251.31868                                251.31868
              4       125.58147       60.040775     0.028647316      0.15148349       0.1581622     -0.32573014      -0.32573014       251.81441                                251.81441
              2       125.42593       60.040775     0.028647316      0.15385485      0.15293557     -0.32573014      -0.32573014       251.50332                                251.50332
              2       127.20756       60.040775     0.028647316      0.15016009      0.14452092     -0.32573014      -0.32573014       255.06657                                255.06657
              6       125.46903       60.040775     0.028647316      0.15192231      0.15474273     -0.32573014      -0.32573014       251.58953                                251.58953
              3       126.34007       60.040775     0.028647316      0.16441663      0.15521489     -0.32573014      -0.32573014       253.33161                                253.33161
              2        126.8568       60.040775     0.028647316      0.16270169      0.16396993     -0.32573014      -0.32573014       254.36506                                254.36506
              2       127.21062       60.135136     0.029867153      0.16293182       0.1642865     -0.32573014      -0.32573014        255.0727                                 255.0727
              2       127.66327       60.135136     0.029867153      0.16588651      0.16323768     -0.32573014      -0.32573014         255.978                                  255.978
              2       128.04971       60.112617     0.029002139      0.16602878      0.16347486     -0.32573014      -0.32573014       256.75088                                256.75088
              1       128.05688       60.112617     0.029002139      0.16688836      0.16214394     -0.32573014      -0.32573014       256.76522                                256.76522
              3       129.99921       60.197915     0.028130938      0.16777458       0.1635057     -0.32573014      -0.32573014       260.64989                                260.64989
              3       129.63324       60.197915     0.028130938      0.15874477      0.16835395     -0.32573014      -0.32573014       259.91793                                259.91793
              1       129.39069       60.197915     0.028130938      0.15441236      0.16720383     -0.32573014      -0.32573014       259.43285                                259.43285
              3       128.63577       60.197915     0.028130938      0.15789891      0.15068076     -0.32573014      -0.32573014         257.923                                  257.923
              4       128.22633       60.197915     0.028130938      0.15804007      0.15394865     -0.32573014      -0.32573014       257.10411                                257.10411
              1       128.62477       60.197915     0.028130938      0.16349751      0.15568113     -0.32573014      -0.32573014       257.90101                                257.90101
              1       128.82614       60.197915     0.028130938      0.16101202      0.15065216     -0.32573014      -0.32573014       258.30374                                258.30374
              1       129.09745       60.197915     0.028130938      0.16152928      0.14946861     -0.32573014      -0.32573014       258.84636                                258.84636
              1       129.94718       60.311013     0.029024881      0.16193609      0.15021777     -0.32573014      -0.32573014       260.54582                                260.54582
              3       129.69785       60.311013     0.029024881      0.15560708      0.15060965     -0.32573014      -0.32573014       260.04716                                260.04716
              1       130.58886       60.311013     0.029024881       0.1617747      0.14734485     -0.32573014      -0.32573014       261.82917                                261.82917
              1        131.8462       60.311013     0.029024881      0.17150822      0.15202477     -0.32573014      -0.32573014       264.34387                                264.34387
              1       131.60858       60.313414     0.029360743      0.17141994      0.15186921     -0.32573014      -0.32573014       263.86862                                263.86862
              2       130.77027       60.230828     0.029012678      0.17102968      0.15115729     -0.32573014      -0.32573014         262.192                                  262.192
              1       129.38525       60.230828     0.029012678      0.16789282      0.15953435     -0.32573014      -0.32573014       259.42196                                259.42196
              1       129.55471       60.230828     0.029012678      0.16862952      0.15864361     -0.32573014      -0.32573014       259.76088                                259.76088
              1       128.00038       60.079685     0.028330928      0.16792898      0.15736492     -0.32573014      -0.32573014       256.65223                                256.65223
              1       127.73181       60.079685     0.028330928      0.15866233      0.16703356     -0.32573014      -0.32573014       256.11509                                256.11509
              2       126.99011       60.079685     0.028330928      0.15420813      0.16415328     -0.32573014      -0.32573014       254.63168                                254.63168
              1       126.27728       60.079685     0.028330928      0.15774286      0.15881621     -0.32573014      -0.32573014       253.20603                                253.20603
              5       126.43245       60.079685     0.028330928      0.16055571      0.15719928     -0.32573014      -0.32573014       253.51635                                253.51635
              1       126.99004       60.079685     0.028330928      0.15282365       0.1637174     -0.32573014      -0.32573014       254.63154                                254.63154
              1       126.67963       60.079685     0.028330928      0.16016861      0.15122349     -0.32573014      -0.32573014       254.01071                                254.01071
              3       126.91196       60.079685     0.028330928      0.16020499       0.1626576     -0.32573014      -0.32573014       254.47539                                254.47539
              1       126.87546       60.079685     0.028330928      0.15759919       0.1487177     -0.32573014      -0.32573014       254.40238                                254.40238
              1       126.23032       60.079685     0.028330928      0.15450556      0.15830417     -0.32573014      -0.32573014        253.1121                                 253.1121
              4       125.17302       60.020177     0.028531365      0.15408635      0.15754703     -0.32573014      -0.32573014       250.99749                                250.99749
              1        125.2053       60.020177     0.028531365      0.15765435       0.1539143     -0.32573014      -0.32573014       251.06206                                251.06206
              4       125.49404       60.020177     0.028531365       0.1497441      0.15535101     -0.32573014      -0.32573014       251.63953                                251.63953
              4       125.66661       60.020177     0.028531365      0.15796843      0.16163211     -0.32573014      -0.32573014       251.98468                                251.98468
              2       125.42998       60.037997     0.029108611      0.15789907      0.16151403     -0.32573014      -0.32573014       251.51142                                251.51142
              4       125.38199       60.055841     0.029488044      0.15789034      0.16150323     -0.32573014      -0.32573014       251.41545                                251.41545
              3       125.38827       60.055841     0.029488044      0.15365388      0.16198435     -0.32573014      -0.32573014         251.428                                  251.428
              6       125.40433       60.056407     0.029479259      0.15365997      0.16199528     -0.32573014      -0.32573014       251.46012                                251.46012
              2       125.54759       60.056407     0.029479259       0.1523343       0.1624088     -0.32573014      -0.32573014       251.74663                                251.74663
              1       126.01497       60.099404     0.029688426      0.15252893      0.16276431     -0.32573014      -0.32573014       252.68141                                252.68141
              1       126.73557       60.099404     0.029688426      0.15519156      0.16641963     -0.32573014      -0.32573014       254.12259                                254.12259
              1       125.98297       60.099404     0.029688426      0.15364591      0.16295079     -0.32573014      -0.32573014        252.6174                                 252.6174
              2       126.17905       60.099404     0.029688426      0.16322741      0.15884446     -0.32573014      -0.32573014       253.00956                                253.00956
              1       125.56332       60.099404     0.029688426      0.16010268      0.15454128     -0.32573014      -0.32573014        251.7781                                 251.7781
              1       125.50461       60.032352     0.028614872      0.16002774      0.15439125     -0.32573014      -0.32573014       251.66068                                251.66068
              4       128.88009       60.150551     0.026620588       0.1613486       0.1567588     -0.32573014      -0.32573014       258.41165                                258.41165
              1       129.82106       60.150551     0.026620588      0.16691639       0.1569911     -0.32573014      -0.32573014       260.29357                                260.29357
              1       129.35144       60.145079      0.02708111      0.16674262      0.15668226     -0.32573014      -0.32573014       259.35434                                259.35434
              1       129.00708       60.122379     0.027075408       0.1663073      0.15565209     -0.32573014      -0.32573014       258.66562                                258.66562
              3       129.54565       60.122379     0.027075408      0.16460099      0.16582762     -0.32573014      -0.32573014       259.74277                                259.74277
              2        129.7348       60.262884     0.029757054      0.16880968      0.16195018     -0.32573014      -0.32573014       260.12105                                260.12105
              1       130.56812       60.228581     0.028134199      0.16909971      0.16245436     -0.32573014      -0.32573014       261.78771                                261.78771
              1       128.68754       60.228581     0.028134199       0.1593066      0.16062727     -0.32573014      -0.32573014       258.02655                                258.02655
              1       128.90157       60.228581     0.028134199      0.16243042      0.15964282     -0.32573014      -0.32573014       258.45459                                258.45459
              2       128.82898       60.228581     0.028134199      0.15502674      0.16189226     -0.32573014      -0.32573014       258.30942                                258.30942
              2       129.26684       60.228581     0.028134199      0.15096274      0.15350936     -0.32573014      -0.32573014       259.18513                                259.18513
              1       129.41609       60.228581     0.028134199      0.15039959      0.15302671     -0.32573014      -0.32573014       259.48365                                259.48365
              2       128.46273       60.157441     0.027988623      0.15001624      0.15232999     -0.32573014      -0.32573014       257.57691                                257.57691
              2       128.42376       60.157441     0.027988623      0.14988475      0.15288668     -0.32573014      -0.32573014       257.49899                                257.49899
              1       128.31364       60.157441     0.027988623      0.15935847      0.16416081     -0.32573014      -0.32573014       257.27873                                257.27873
              1       128.90582       60.157441     0.027988623      0.15498493      0.16708288     -0.32573014      -0.32573014       258.46311                                258.46311
              1       128.31707       60.144085     0.028421654      0.15477215      0.16670298     -0.32573014      -0.32573014       257.28559                                257.28559
              3       128.16442       60.144085     0.028421654      0.14701484      0.15731854     -0.32573014      -0.32573014       256.98031                                256.98031
              1       130.58039       60.144085     0.028421654      0.15117214      0.14072858     -0.32573014      -0.32573014       261.81224                                261.81224
              1       128.57611       60.144085     0.028421654      0.14983664      0.14778909     -0.32573014      -0.32573014       257.80368                                257.80368
              1       128.93692       60.144085     0.028421654      0.14717938      0.14862889     -0.32573014      -0.32573014        258.5253                                 258.5253
              2       127.93513       60.021738     0.027488876      0.14672881      0.14779992     -0.32573014      -0.32573014       256.52172                                256.52172
              2       128.16168       60.021738     0.027488876      0.14381183      0.15119412     -0.32573014      -0.32573014       256.97481                                256.97481
              3       128.48903       60.021738     0.027488876      0.14342016       0.1497359     -0.32573014      -0.32573014       257.62951                                257.62951
              4       128.59768       60.174761     0.029910645      0.14359982      0.15009358     -0.32573014      -0.32573014       257.84681                                257.84681
              5       127.04265       60.083605     0.027794218      0.15083907       0.1568748     -0.32573014      -0.32573014       254.73676                                254.73676
              1       126.81753       60.083605     0.027794218      0.15295815      0.15744713     -0.32573014      -0.32573014       254.28652                                254.28652
              5       126.75897       60.083605     0.027794218      0.15892171      0.15624637     -0.32573014      -0.32573014        254.1694                                 254.1694
              1       126.80859       60.083605     0.027794218      0.15777639      0.15944144     -0.32573014      -0.32573014       254.26864                                254.26864
              4       131.37192       60.031284     0.026809129      0.17426411      0.16283555     -0.32573014      -0.32573014       263.39531                                263.39531
              1       132.26669       60.031284     0.026809129      0.17664953      0.16080356     -0.32573014      -0.32573014       265.18485                                265.18485
              1       131.90599       60.063483     0.027860772      0.17652155      0.16058552     -0.32573014      -0.32573014       264.46345                                264.46345
              1       128.09506       60.063483     0.027860772      0.16217201      0.16641508     -0.32573014      -0.32573014       256.84157                                256.84157
              5       126.54435       60.063483     0.027860772      0.15605878      0.15195349     -0.32573014      -0.32573014       253.74016                                253.74016
              2       127.05724       60.063483     0.027860772        0.148722      0.15848779     -0.32573014      -0.32573014       254.76595                                254.76595
              1       127.73016       60.063483     0.027860772      0.15921955      0.16636236     -0.32573014      -0.32573014       256.11179                                256.11179
              1       129.58592       60.063483     0.027860772      0.15598001      0.17237577     -0.32573014      -0.32573014       259.82331                                259.82331
              2       129.55257       60.127343     0.029032318      0.15600578        0.172438     -0.32573014      -0.32573014       259.75661                                259.75661
              3       129.74216       60.129069     0.028845653      0.15607325      0.17255781     -0.32573014      -0.32573014       260.13578                                260.13578
              1       126.74408       60.129069     0.028845653      0.15601703      0.15132185     -0.32573014      -0.32573014       254.13961                                254.13961
              5       127.19125       60.030197     0.026657936      0.15609147      0.15142782     -0.32573014      -0.32573014       255.03396                                255.03396
              4       127.37988       60.030197     0.026657936      0.16112842      0.15228201     -0.32573014      -0.32573014       255.41123                                255.41123
              1       128.42724        60.03412     0.025481158      0.16151193      0.15296151     -0.32573014      -0.32573014       257.50594                                257.50594
              1       128.38098        60.03412     0.025481158      0.16287299      0.15682844     -0.32573014      -0.32573014       257.41342                                257.41342
              2       128.04184        60.03412     0.025481158      0.15975288      0.15788061     -0.32573014      -0.32573014       256.73514                                256.73514
              5       128.47993       60.045735     0.025171236      0.15991753      0.15817492     -0.32573014      -0.32573014       257.61132                                257.61132
              3       128.47508       60.080694     0.025778688        0.159942      0.15822732     -0.32573014      -0.32573014       257.60163                                257.60163
              6        128.6148       60.080694     0.025778688      0.16143863      0.15863162     -0.32573014      -0.32573014       257.88105                                257.88105
              3       128.52017       60.080694     0.025778688       0.1552099       0.1601311     -0.32573014      -0.32573014       257.69181                                257.69181
              1       129.24124       60.080694     0.025778688      0.15394193      0.16506469     -0.32573014      -0.32573014       259.13394                                259.13394
              2       129.06999       60.080694     0.025778688      0.15417915      0.16422094     -0.32573014      -0.32573014       258.79144                                258.79144
              2       128.98584       60.080694     0.025778688      0.15935413       0.1641239     -0.32573014      -0.32573014       258.62313                                258.62313
              1       128.85952       60.080694     0.025778688      0.15965305      0.16320078     -0.32573014      -0.32573014        258.3705                                 258.3705
              4       129.53281       60.080694     0.025778688      0.15358201      0.16632148     -0.32573014      -0.32573014       259.71708                                259.71708
              2       128.75743       60.080694     0.025778688      0.15341856      0.16137172     -0.32573014      -0.32573014       258.16631                                258.16631
              3       128.72638       60.080694     0.025778688      0.16243802      0.15664121     -0.32573014      -0.32573014       258.10422                                258.10422
              1       129.11332       60.080694     0.025778688      0.15012846      0.15492643     -0.32573014      -0.32573014       258.87811                                258.87811
              1       129.20129       60.140847     0.026686037      0.15021274      0.15509119     -0.32573014      -0.32573014       259.05405                                259.05405
              1       129.21238       60.140847     0.026686037       0.1504006      0.16067455     -0.32573014      -0.32573014       259.07623                                259.07623
              1       126.77787       60.124822     0.029102968      0.14956501      0.15919209     -0.32573014      -0.32573014       254.20719                                254.20719
              3       126.70731       60.124822     0.029102968      0.14990386      0.15896211     -0.32573014      -0.32573014       254.06609                                254.06609
              4       127.02591       60.208819     0.029522037      0.15768856      0.15717593     -0.32573014      -0.32573014       254.70327                                254.70327
              2       127.13788       60.208819     0.029522037      0.15939361      0.15527538     -0.32573014      -0.32573014       254.92723                                254.92723
              2       127.55884       60.208819     0.029522037      0.16281806      0.15486527     -0.32573014      -0.32573014       255.76914                                255.76914
              1       127.32097       60.208819     0.029522037      0.15539483      0.15179411     -0.32573014      -0.32573014       255.29339                                255.29339
              2       127.34687       60.141789     0.028386014      0.15533913      0.15167813     -0.32573014      -0.32573014       255.34519                                255.34519
              1        125.7096       60.103298     0.029627857      0.15472781       0.1505866     -0.32573014      -0.32573014       252.07066                                252.07066
              2       126.58889       60.103298     0.029627857       0.1468077      0.15117198     -0.32573014      -0.32573014       253.82923                                253.82923
              4       126.36592       60.079586     0.029479067      0.14671059      0.15099401     -0.32573014      -0.32573014        253.3833                                 253.3833
              2       125.79904       60.079586     0.029479067      0.15341783      0.14866804     -0.32573014      -0.32573014       252.24954                                252.24954
              3       126.01559       60.079586     0.029479067       0.1613526      0.14993573     -0.32573014      -0.32573014       252.68265                                252.68265
              1       125.30629       60.079586     0.029479067      0.15825418      0.15733297     -0.32573014      -0.32573014       251.26404                                251.26404
              2       126.92223       60.079586     0.029479067      0.15855102      0.16693977     -0.32573014      -0.32573014       254.49592                                254.49592
              1       128.66319       60.079586     0.029479067      0.17151773      0.15915837     -0.32573014      -0.32573014       257.97784                                257.97784
              1       128.94377       60.036311     0.028355833        0.171601      0.15929441     -0.32573014      -0.32573014         258.539                                  258.539
              1       128.85943       60.036311     0.028355833      0.17131009      0.15965504     -0.32573014      -0.32573014       258.37031                                258.37031
              2       125.74693       60.036311     0.028355833      0.15263443      0.15922392     -0.32573014      -0.32573014       252.14532                                252.14532
              1       125.26303       60.056502     0.029080671      0.15257681      0.15613138     -0.32573014      -0.32573014       251.17753                                251.17753
              2        125.4782       60.056502     0.029080671      0.15222913      0.15162252     -0.32573014      -0.32573014       251.60786                                251.60786
              1       125.41298       60.056502     0.029080671      0.15140068      0.15761744     -0.32573014      -0.32573014       251.47742                                251.47742
              2        125.2893       60.056502     0.029080671      0.15421612      0.15852142     -0.32573014      -0.32573014       251.23006                                251.23006
              1        125.5669       60.090529     0.029336768      0.15435888      0.15868791     -0.32573014      -0.32573014       251.78525                                251.78525
              1       126.00897       60.090529     0.029336768      0.15214714      0.16153833     -0.32573014      -0.32573014       252.66941                                252.66941
              1       127.11975       60.090529     0.029336768      0.14494523      0.16024905     -0.32573014      -0.32573014       254.89096                                254.89096
              4       126.78061       60.090529     0.029336768      0.14663229      0.15054411     -0.32573014      -0.32573014       254.21267                                254.21267
              1       128.38406       60.090529     0.029336768      0.14784314      0.16893278     -0.32573014      -0.32573014       257.41958                                257.41958
              1       128.78272       60.090529     0.029336768      0.14645462      0.16923809     -0.32573014      -0.32573014        258.2169                                 258.2169
              1       128.81637       60.089695     0.029272274      0.14647091      0.16926511     -0.32573014      -0.32573014        258.2842                                 258.2842
              2       128.47932       60.089695     0.029272274      0.17076653      0.15382445     -0.32573014      -0.32573014       257.61011                                257.61011
              2        127.7955       60.089695     0.029272274       0.1682336      0.15114568     -0.32573014      -0.32573014       256.24247                                256.24247
              1       126.23949       60.089695     0.029272274      0.16289884      0.15327909     -0.32573014      -0.32573014       253.13044                                253.13044
              3       126.43059       60.089695     0.029272274      0.16420263      0.15559951     -0.32573014      -0.32573014       253.51264                                253.51264
              5       126.18083        60.07758     0.029382619      0.16408329      0.15543257     -0.32573014      -0.32573014       253.01313                                253.01313
              1       125.47512        60.07758     0.029382619      0.15089194      0.15471349     -0.32573014      -0.32573014       251.60171                                251.60171
              3       125.49871       60.087543      0.02986837      0.15932451      0.15020215     -0.32573014      -0.32573014       251.64888                                251.64888
              2       125.47689       60.086352     0.029874099      0.15931452      0.15018847     -0.32573014      -0.32573014       251.60524                                251.60524
              2       125.17093       60.086352     0.029874099      0.15412999      0.15104354     -0.32573014      -0.32573014       250.99332                                250.99332
              2       125.58592       60.086352     0.029874099      0.16212207      0.15331582     -0.32573014      -0.32573014        251.8233                                 251.8233
              3       125.55976       60.082034     0.029831822      0.16210729      0.15329993     -0.32573014      -0.32573014       251.77098                                251.77098
              3       126.21635       60.082034     0.029831822      0.15164319      0.14575528     -0.32573014      -0.32573014       253.08416                                253.08416
              1       125.46705       60.082034     0.029831822      0.14944951       0.1518372     -0.32573014      -0.32573014       251.58556                                251.58556
              2       126.44866        60.06652     0.028458372      0.14981165       0.1524327     -0.32573014      -0.32573014       253.54879                                253.54879
              1       126.67351        60.06652     0.028458372      0.14900864      0.15148806     -0.32573014      -0.32573014       253.99849                                253.99849
              1       128.33722       60.219621     0.029195393      0.14979213      0.15245899     -0.32573014      -0.32573014       257.32589                                257.32589
              3       128.88222       60.219621     0.029195393      0.15459102      0.14657272     -0.32573014      -0.32573014        258.4159                                 258.4159
              1       128.66624       60.219621     0.029195393      0.14735507      0.15450789     -0.32573014      -0.32573014       257.98394                                257.98394
              1        128.5401       60.219621     0.029195393      0.14759725      0.15620038     -0.32573014      -0.32573014       257.73166                                257.73166
              2       129.06429       60.219621     0.029195393      0.15281775      0.16753436     -0.32573014      -0.32573014       258.78004                                258.78004
              1        128.2878       60.219621     0.029195393      0.15176594      0.16332222     -0.32573014      -0.32573014       257.22705                                257.22705
              2       127.99253       60.219621     0.029195393      0.16182426      0.16098067     -0.32573014      -0.32573014       256.63651                                256.63651
              3       128.45517       60.219621     0.029195393      0.16548003      0.15828742     -0.32573014      -0.32573014        257.5618                                 257.5618
              2       125.91339       60.010596     0.028688202       0.1642407      0.15669521     -0.32573014      -0.32573014       252.47824                                252.47824
              3       125.89363       60.010596     0.028688202      0.16365895      0.15860489     -0.32573014      -0.32573014       252.43871                                252.43871
              8       125.75678       60.014411     0.028921823      0.16360529      0.15851408     -0.32573014      -0.32573014       252.16502                                252.16502
              2       125.32174       60.014411     0.028921823      0.14971073      0.15055901     -0.32573014      -0.32573014       251.29494                                251.29494
              2       125.82614       60.014411     0.028921823      0.16339037      0.15970529     -0.32573014      -0.32573014       252.30374                                252.30374
              2       128.45856       60.096698     0.028720211       0.1694839      0.15784442     -0.32573014      -0.32573014       257.56858                                257.56858
              2       127.34959       60.032409     0.028998317      0.16895514      0.15712279     -0.32573014      -0.32573014       255.35063                                255.35063
              4       125.81816       60.032409     0.028998317      0.16370438      0.15478221     -0.32573014      -0.32573014       252.28778                                252.28778
              1         126.036       60.032409     0.028998317      0.16386586      0.15922104     -0.32573014      -0.32573014       252.72346                                252.72346
              3       126.46472       60.006247     0.029063931      0.16749789      0.15493264     -0.32573014      -0.32573014        253.5809                                 253.5809
              1       125.67089       60.006247     0.029063931      0.15067785      0.16406999     -0.32573014      -0.32573014       251.99325                                251.99325
              2       125.51777       60.006247     0.029063931       0.1522514      0.16399796     -0.32573014      -0.32573014         251.687                                  251.687
              1       124.85848       60.006247     0.029063931      0.14958475      0.15274173     -0.32573014      -0.32573014       250.36842                                250.36842
              2       124.68367       60.006247     0.029063931      0.15136601      0.15234933     -0.32573014      -0.32573014       250.01879                                250.01879
              1       124.47708       60.006247     0.029063931      0.15616913      0.15646388     -0.32573014      -0.32573014       249.60563                                249.60563
              3       124.49635       60.007929     0.029069888      0.15617846      0.15647569     -0.32573014      -0.32573014       249.64417                                249.64417
              2       124.70785       60.007929     0.029069888      0.15770164      0.15861835     -0.32573014      -0.32573014       250.06716                                250.06716
              3        125.7834       60.007929     0.029069888      0.14746593      0.16217695     -0.32573014      -0.32573014       252.21825                                252.21825
              3       124.71742       60.007929     0.029069888      0.15458679       0.1596919     -0.32573014      -0.32573014       250.08629                                250.08629
              1        124.9781       60.007929     0.029069888       0.1485166      0.15594784     -0.32573014      -0.32573014       250.60767                                250.60767
              1       125.30399       60.007929     0.029069888      0.15420096       0.1468994     -0.32573014      -0.32573014       251.25943                                251.25943
              2       125.84685       60.007929     0.029069888      0.15727963      0.16535667     -0.32573014      -0.32573014       252.34517                                252.34517
              2       126.84945       60.007929     0.029069888      0.14457371      0.16420112     -0.32573014      -0.32573014       254.35037                                254.35037
              1       126.69868       60.007929     0.029069888      0.14616379      0.14502929     -0.32573014      -0.32573014       254.04882                                254.04882
              1       127.52126       60.007929     0.029069888      0.14554329      0.14263288     -0.32573014      -0.32573014       255.69397                                255.69397
              2       128.18706       60.007929     0.029069888       0.1478024      0.13941634     -0.32573014      -0.32573014       257.02558                                257.02558
              6       126.37469       60.007929     0.029069888       0.1669028      0.15255396     -0.32573014      -0.32573014       253.40083                                253.40083
              1       126.51314       60.007929     0.029069888      0.16756101       0.1561164     -0.32573014      -0.32573014       253.67775                                253.67775
              1        126.8285       60.007929     0.029069888      0.14228938      0.16039772     -0.32573014      -0.32573014       254.30846                                254.30846
              1        124.9405       60.007929     0.029069888      0.14938412      0.15224477     -0.32573014      -0.32573014       250.53247                                250.53247
              4       125.00546       60.074429     0.029606301      0.15489573      0.15699993     -0.32573014      -0.32573014       250.66238                                250.66238
              1       125.11346       60.074429     0.029606301      0.15846059      0.15473273     -0.32573014      -0.32573014       250.87837                                250.87837
              1       124.81292       60.038331     0.029346671      0.15830505      0.15454968     -0.32573014      -0.32573014       250.27729                                250.27729
              3       124.90611       60.038331     0.029346671      0.15142846      0.15286135     -0.32573014      -0.32573014       250.46368                                250.46368
              1       125.40561       60.071959     0.029344098      0.15165645      0.15316247     -0.32573014      -0.32573014       251.46269                                251.46269
              1       125.50786       60.071959     0.029344098      0.15779861      0.15092684     -0.32573014      -0.32573014       251.66717                                251.66717
              2       125.50576       60.097018     0.029775994      0.15782103      0.15091947     -0.32573014      -0.32573014       251.66299                                251.66299
              3       125.43541       60.097018     0.029775994      0.15991079      0.15461084     -0.32573014      -0.32573014       251.52227                                251.52227
              3       125.98032       60.097018     0.029775994      0.14875035      0.15091749     -0.32573014      -0.32573014        252.6121                                 252.6121
              3       127.46907       60.097018     0.029775994       0.1555666       0.1419949     -0.32573014      -0.32573014        255.5896                                 255.5896
              2       125.18959       60.097018     0.029775994      0.15682678      0.15610836     -0.32573014      -0.32573014       251.03064                                251.03064
              1       124.11997       60.009138     0.029540796       0.1563132      0.15545068     -0.32573014      -0.32573014        248.8914                                 248.8914
              1       124.65019       60.009138     0.029540796      0.15888972      0.16008379     -0.32573014      -0.32573014       249.95184                                249.95184
              1        124.2011       60.009138     0.029540796       0.1518518      0.15611952     -0.32573014      -0.32573014       249.05366                                249.05366
              8       124.21671       60.009138     0.029540796      0.15216391      0.15698967     -0.32573014      -0.32573014       249.08488                                249.08488
              3       124.43215       60.009138     0.029540796      0.15797079       0.1589761     -0.32573014      -0.32573014       249.51576                                249.51576
              3       124.95642        60.01132     0.028952161      0.15818565      0.15931005     -0.32573014      -0.32573014       250.56431                                250.56431
              1       124.99333        60.01132     0.028952161      0.15690006      0.16034742     -0.32573014      -0.32573014       250.63811                                250.63811
              1       126.52948        60.01132     0.028952161      0.16167683      0.16554223     -0.32573014      -0.32573014       253.71042                                253.71042
              2       126.94601        60.01132     0.028952161       0.1634346      0.16583447     -0.32573014      -0.32573014       254.54348                                254.54348
              1       124.70402        60.01132     0.028952161      0.15259258      0.15402818     -0.32573014      -0.32573014       250.05951                                250.05951
              1       124.73087        60.01132     0.028952161      0.15468674      0.15216358     -0.32573014      -0.32573014        250.1132                                 250.1132
              1       125.44034        60.01132     0.028952161      0.15270843      0.16297788     -0.32573014      -0.32573014       251.53215                                251.53215
              4       125.41662       60.052154     0.029669927      0.15274021      0.16295838     -0.32573014      -0.32573014       251.48469                                251.48469
              2       126.57477       60.052154     0.029669927      0.16688017      0.15147227     -0.32573014      -0.32573014         253.801                                  253.801
              1       126.51503       60.052154     0.029669927      0.16683104       0.1519864     -0.32573014      -0.32573014       253.68151                                253.68151
              1       127.35952       60.052154     0.029669927      0.16798598      0.16215141     -0.32573014      -0.32573014       255.37049                                255.37049
              3       126.17225       60.052154     0.029669927      0.15805059      0.16596198     -0.32573014      -0.32573014       252.99596                                252.99596
              2       126.98313       60.052154     0.029669927      0.15762447      0.14167814     -0.32573014      -0.32573014       254.61772                                254.61772
              4       126.45492       60.052154     0.029669927      0.16255977      0.14572892     -0.32573014      -0.32573014        253.5613                                 253.5613
              1       124.92437       60.052154     0.029669927      0.15351041      0.15030008     -0.32573014      -0.32573014        250.5002                                 250.5002
              3       124.74374       60.052154     0.029669927      0.15768468      0.15309211     -0.32573014      -0.32573014       250.13894                                250.13894
              3        124.7644       60.052154     0.029669927       0.1568236      0.15202918     -0.32573014      -0.32573014       250.18025                                250.18025
              1       125.62446       60.052154     0.029669927      0.14694901      0.15115057     -0.32573014      -0.32573014       251.90039                                251.90039
              3       125.18189       60.052154     0.029669927      0.16105135      0.15825291     -0.32573014      -0.32573014       251.01523                                251.01523
              1       124.60695       60.052154     0.029669927      0.15514419      0.15423265     -0.32573014      -0.32573014       249.86537                                249.86537
              6       124.62243       60.052154     0.029669927      0.15355143      0.15552709     -0.32573014      -0.32573014       249.89632                                249.89632
              1       124.60704       60.052154     0.029669927      0.15449008      0.15435059     -0.32573014      -0.32573014       249.86555                                249.86555
              2       126.66592       60.052154     0.029669927      0.16674004      0.15024951     -0.32573014      -0.32573014       253.98329                                253.98329
              1       127.14206        60.03834     0.028834253      0.16693084      0.15057285     -0.32573014      -0.32573014       254.93558                                254.93558
              1       126.46211        60.03834     0.028834253      0.16397696      0.16109214     -0.32573014      -0.32573014       253.57567                                253.57567
              2       127.26993        60.03834     0.028834253      0.14388657      0.16182737     -0.32573014      -0.32573014       255.19132                                255.19132
              3       127.95438        60.03834     0.028834253      0.14786809      0.16856127     -0.32573014      -0.32573014       256.56023                                256.56023
              2       127.86551        60.03834     0.028834253      0.14983349      0.16925586     -0.32573014      -0.32573014       256.38249                                256.38249
              3       128.62672        60.03834     0.028834253      0.14943424       0.1711585     -0.32573014      -0.32573014        257.9049                                 257.9049
              1       129.42044        60.03834     0.028834253       0.1465917      0.17181958     -0.32573014      -0.32573014       259.49234                                259.49234
              3       133.16038        60.03834     0.028834253      0.16997383      0.17604131     -0.32573014      -0.32573014       266.97222                                266.97222
              1       132.62719       60.012497     0.029071202      0.16971185      0.17571442     -0.32573014      -0.32573014       265.90585                                265.90585
              6       125.14483       60.012497     0.029071202      0.16164166      0.15720246     -0.32573014      -0.32573014       250.94113                                250.94113
              2       124.94439       60.012497     0.029071202       0.1571517      0.16052844     -0.32573014      -0.32573014       250.54025                                250.54025
              1       124.58466       60.012497     0.029071202      0.15415726       0.1573362     -0.32573014      -0.32573014       249.82077                                249.82077
              3       125.56415       60.012497     0.029071202       0.1623713      0.14993816     -0.32573014      -0.32573014       251.77976                                251.77976
              1       124.61899       60.012497     0.029071202      0.15479517      0.15799345     -0.32573014      -0.32573014       249.88943                                249.88943
              2       124.72579       60.012497     0.029071202      0.15093167      0.15448661     -0.32573014      -0.32573014       250.10303                                250.10303
              1       124.63617       60.012497     0.029071202      0.15225261      0.15364535     -0.32573014      -0.32573014       249.92381                                249.92381
              1       124.64681       60.012497     0.029071202      0.15539255      0.15832687     -0.32573014      -0.32573014       249.94508                                249.94508
              2       124.65234       60.012497     0.029071202      0.15543352      0.15838899     -0.32573014      -0.32573014       249.95614                                249.95614
              2       126.46044       60.012497     0.029071202      0.16706008      0.15284632     -0.32573014      -0.32573014       253.57234                                253.57234
              2       126.15282       60.012497     0.029071202      0.14407157      0.15189553     -0.32573014      -0.32573014        252.9571                                 252.9571
              2       125.06387       60.012497     0.029071202      0.15897246      0.14995531     -0.32573014      -0.32573014        250.7792                                 250.7792
              1       125.87923       60.043244     0.028199366      0.15915288      0.15612774     -0.32573014      -0.32573014       252.40992                                252.40992
              1       128.23232       60.197996     0.028088648      0.16024112      0.15739894     -0.32573014      -0.32573014       257.11609                                257.11609
              1       129.58955       60.197996     0.028088648      0.15199259      0.16688168     -0.32573014      -0.32573014       259.83055                                259.83055
              2       129.44663       60.198866     0.028262527       0.1519346      0.16679728     -0.32573014      -0.32573014       259.54473                                259.54473
              1       128.98274       60.198866     0.028262527      0.15489119      0.16597321     -0.32573014      -0.32573014       258.61694                                258.61694
              2       128.61741       60.198866     0.028262527      0.15268692      0.16293366     -0.32573014      -0.32573014       257.88629                                257.88629
              2       128.88858       60.198866     0.028262527       0.1651889       0.1597117     -0.32573014      -0.32573014       258.42862                                258.42862
              1       126.23728       60.072518     0.029773082       0.1656005      0.15691731     -0.32573014      -0.32573014       253.12603                                253.12603
              2       126.23697       60.074826     0.029812902       0.1656015      0.15691451     -0.32573014      -0.32573014       253.12541                                253.12541
              3       126.43495       60.074826     0.029812902      0.14693926      0.16320236     -0.32573014      -0.32573014       253.52137                                253.52137
              1       125.89722       60.074826     0.029812902      0.14594029       0.1540412     -0.32573014      -0.32573014        252.4459                                 252.4459
              1       124.97099       60.074826     0.029812902      0.15196866      0.15350028     -0.32573014      -0.32573014       250.59344                                250.59344
              4       124.85025       60.074826     0.029812902      0.15333507      0.15457262     -0.32573014      -0.32573014       250.35196                                250.35196
              2       125.30658       60.039183     0.029792979      0.16321378      0.15217003     -0.32573014      -0.32573014       251.26463                                251.26463
              2       125.33139       60.039183     0.029792979       0.1517202      0.16351359     -0.32573014      -0.32573014       251.31424                                251.31424
              4       125.45319       60.039183     0.029792979      0.15428202      0.16456869     -0.32573014      -0.32573014       251.55784                                251.55784
              1       124.41715       60.039183     0.029792979      0.15779898      0.15521129     -0.32573014      -0.32573014       249.48577                                249.48577
              5       127.82897       60.039183     0.029792979      0.14363535      0.14261072     -0.32573014      -0.32573014       256.30939                                256.30939
              3       126.25049       60.039183     0.029792979      0.14260128      0.15303551     -0.32573014      -0.32573014       253.15243                                253.15243
              1       126.03519       60.039183     0.029792979      0.14450247      0.16051184     -0.32573014      -0.32573014       252.72183                                252.72183
              1         127.592       60.039183     0.029792979      0.14142848      0.16397027     -0.32573014      -0.32573014       255.83546                                255.83546
              2       126.49977       60.039183     0.029792979      0.15024096      0.16741102     -0.32573014      -0.32573014       253.65099                                253.65099
              1       127.79725       60.066406     0.028759442      0.15080491      0.16816662     -0.32573014      -0.32573014       256.24597                                256.24597
              1       127.59493       60.066406     0.028759442      0.15217091      0.16797395     -0.32573014      -0.32573014       255.84132                                255.84132
              1       128.35506       60.166382     0.029545719      0.15255884      0.16834518     -0.32573014      -0.32573014       257.36159                                257.36159
              2       126.18971        60.04349     0.029997449      0.15156101      0.16714484     -0.32573014      -0.32573014       253.03088                                253.03088
              1       125.30608        60.04349     0.029997449        0.153877      0.16432742     -0.32573014      -0.32573014       251.26361                                251.26361
              2       125.22769        60.04349     0.029997449      0.15130092        0.163346     -0.32573014      -0.32573014       251.10684                                251.10684
              2        124.5131        60.04349     0.029997449      0.15634217       0.1501514     -0.32573014      -0.32573014       249.67766                                249.67766
              7       124.27462        60.04349     0.029997449      0.15549837       0.1524811     -0.32573014      -0.32573014        249.2007                                 249.2007
              2       124.45149        60.04349     0.029997449      0.15144445      0.15807507     -0.32573014      -0.32573014       249.55444                                249.55444
              4       124.42818       60.040491     0.029973813      0.15143283      0.15806396     -0.32573014      -0.32573014       249.50781                                249.50781
              1       124.93576       60.040491     0.029973813      0.14849597      0.15026426     -0.32573014      -0.32573014       250.52297                                250.52297
              2        124.7336       60.040491     0.029973813      0.15430003      0.14823797     -0.32573014      -0.32573014       250.11865                                250.11865
              8       127.14817       60.040491     0.029973813      0.14012049      0.15037023     -0.32573014      -0.32573014       254.94779                                254.94779
              1       124.48163       60.040491     0.029973813      0.15217408      0.15922742     -0.32573014      -0.32573014       249.61473                                249.61473
              1       125.48954       60.101586     0.029836373      0.15263814      0.15977846     -0.32573014      -0.32573014       251.63054                                251.63054
              1       124.65826       60.012595     0.029298117      0.15223346      0.15936323     -0.32573014      -0.32573014       249.96798                                249.96798
              1       124.45207       60.012595     0.029298117      0.15301693      0.15744949     -0.32573014      -0.32573014        249.5556                                 249.5556
              1       124.60534       60.012595     0.029298117      0.15651844      0.15074724     -0.32573014      -0.32573014       249.86214                                249.86214
              1       125.56971       60.012595     0.029298117      0.16464676      0.15492692     -0.32573014      -0.32573014       251.79088                                251.79088
              6       126.07694       60.012595     0.029298117      0.16460671      0.16144753     -0.32573014      -0.32573014       252.80535                                252.80535
              1       125.08558       60.079612     0.029570283      0.15591619      0.15522632     -0.32573014      -0.32573014       250.82261                                250.82261
              2       125.40331       60.079612     0.029570283      0.15095094       0.1580857     -0.32573014      -0.32573014       251.45807                                251.45807
              3       126.56425       60.079612     0.029570283      0.16206544      0.16394887     -0.32573014      -0.32573014       253.77996                                253.77996
              2       128.16079       60.079612     0.029570283      0.15337103      0.13996677     -0.32573014      -0.32573014       256.97303                                256.97303
              3       127.89796       60.079612     0.029570283      0.15040739      0.14135877     -0.32573014      -0.32573014       256.44738                                256.44738
              1       128.20851       60.079612     0.029570283      0.15310411      0.13988055     -0.32573014      -0.32573014       257.06848                                257.06848
              3        127.9083       60.079612     0.029570283      0.16730461      0.16435136     -0.32573014      -0.32573014       256.46807                                256.46807
              1        129.1545       60.079612     0.029570283      0.14587785      0.17080298     -0.32573014      -0.32573014       258.96046                                258.96046
              1        126.3889       60.079612     0.029570283      0.14677888      0.16104171     -0.32573014      -0.32573014       253.42925                                253.42925
              3       125.12551       60.079612     0.029570283      0.15340519      0.15523159     -0.32573014      -0.32573014       250.90248                                250.90248
              4         124.011       60.015157     0.029771232      0.15289506       0.1546209     -0.32573014      -0.32573014       248.67346                                248.67346
              4       124.16255       60.015157     0.029771232      0.15831195      0.15379827     -0.32573014      -0.32573014       248.97656                                248.97656
              3       124.44608       60.015157     0.029771232      0.15323936      0.14883762     -0.32573014      -0.32573014       249.54361                                249.54361
              1       124.68312       60.015157     0.029771232      0.14760019      0.15221163     -0.32573014      -0.32573014       250.01771                                250.01771
              2       125.55352       60.015157     0.029771232      0.14532659      0.14861104     -0.32573014      -0.32573014       251.75851                                251.75851
              2       124.46385       60.015157     0.029771232      0.14997539      0.15897302     -0.32573014      -0.32573014       249.57916                                249.57916
              1       124.75209       60.015157     0.029771232      0.14681061      0.15417403     -0.32573014      -0.32573014       250.15563                                250.15563
              7       124.47124       60.015157     0.029771232      0.14859986      0.15305426     -0.32573014      -0.32573014       249.59394                                249.59394
              2       124.42009       60.015157     0.029771232      0.15909184      0.15868606     -0.32573014      -0.32573014       249.49163                                249.49163
              3       126.62253       60.015157     0.029771232      0.14020487      0.15554447     -0.32573014      -0.32573014       253.89651                                253.89651
              2        125.5483       60.015157     0.029771232      0.14348673      0.15470754     -0.32573014      -0.32573014       251.74807                                251.74807
              1       126.16098       60.063443     0.029903679      0.14376494      0.15501658     -0.32573014      -0.32573014       252.97343                                252.97343
              1       125.20678       60.063443     0.029903679      0.14932182      0.15081128     -0.32573014      -0.32573014       251.06503                                251.06503
              2       124.68726       60.063443     0.029903679      0.15197858      0.15416367     -0.32573014      -0.32573014       250.02597                                250.02597
              4       125.25241       60.063443     0.029903679      0.15794326      0.14839651     -0.32573014      -0.32573014       251.15627                                251.15627
              7       124.96394       60.063443     0.029903679      0.15172929      0.15981182     -0.32573014      -0.32573014       250.57935                                250.57935
              3       125.24755       60.063443     0.029903679      0.15777742      0.16200626     -0.32573014      -0.32573014       251.14657                                251.14657
              2        124.7401       60.063443     0.029903679      0.15778532      0.15767244     -0.32573014      -0.32573014       250.13165                                250.13165
              2       125.28268       60.063443     0.029903679      0.14898652      0.15978044     -0.32573014      -0.32573014       251.21682                                251.21682
              2       125.21731       60.063443     0.029903679      0.15938646      0.16087133     -0.32573014      -0.32573014       251.08608                                251.08608
              7       125.09476       60.063443     0.029903679      0.15797987      0.14941283     -0.32573014      -0.32573014       250.84098                                250.84098
              1       124.77493       60.063443     0.029903679      0.15293091      0.15876465     -0.32573014      -0.32573014       250.20132                                250.20132
              1       125.37239       60.063443     0.029903679      0.14699892      0.15561634     -0.32573014      -0.32573014       251.39624                                251.39624
              3       124.92917       60.063443     0.029903679      0.15724575      0.16008235     -0.32573014      -0.32573014       250.50979                                250.50979
              2       124.80892       60.063443     0.029903679      0.15647873      0.15100523     -0.32573014      -0.32573014        250.2693                                 250.2693
              2       124.91343       60.063443     0.029903679      0.15650126      0.15011368     -0.32573014      -0.32573014       250.47832                                250.47832
              1       128.25495       60.063443     0.029903679      0.15507173      0.13804228     -0.32573014      -0.32573014       257.16136                                257.16136
              1       128.29285       60.063443     0.029903679      0.15576979      0.13797332     -0.32573014      -0.32573014       257.23717                                257.23717
              2       128.30329       60.063443     0.029903679      0.13969345      0.14736693     -0.32573014      -0.32573014       257.25805                                257.25805
              1       125.28725       60.063443     0.029903679      0.15694856      0.14784579     -0.32573014      -0.32573014       251.22596                                251.22596
              5       125.02219       60.063443     0.029903679      0.15678025      0.16095596     -0.32573014      -0.32573014       250.69585                                250.69585
              1       124.98726       60.063443     0.029903679      0.15586948      0.16093289     -0.32573014      -0.32573014       250.62597                                250.62597
              1       127.30344       60.063443     0.029903679      0.15166104      0.16956695     -0.32573014      -0.32573014       255.25834                                255.25834
              1       126.96199       60.063443     0.029903679      0.14954108      0.16787157     -0.32573014      -0.32573014       254.57543                                254.57543
              1       126.95159       60.063443     0.029903679      0.14955755      0.16784611     -0.32573014      -0.32573014       254.55464                                254.55464
              1       126.43691       60.063443     0.029903679      0.14786081      0.16507883     -0.32573014      -0.32573014       253.52528                                253.52528
              4       126.40195       60.063443     0.029903679      0.14796874      0.16501619     -0.32573014      -0.32573014       253.45536                                253.45536
              4       126.56951       60.063443     0.029903679      0.16103228      0.16624265     -0.32573014      -0.32573014       253.79048                                253.79048
              1       125.98937       60.063443     0.029903679      0.16104198      0.16390603     -0.32573014      -0.32573014        252.6302                                 252.6302
              5       126.31048       60.078032     0.029761009      0.16119314      0.16409524     -0.32573014      -0.32573014       253.27243                                253.27243
              1       128.10568       60.078032     0.029761009      0.16363182      0.16890434     -0.32573014      -0.32573014       256.86283                                256.86283
              1       127.38797       60.007028     0.029458353      0.16326236      0.16850651     -0.32573014      -0.32573014        255.4274                                 255.4274
              2       128.39074       60.007028     0.029458353      0.15320439      0.17326445     -0.32573014      -0.32573014       257.43293                                257.43293
              5       126.55807       60.007028     0.029458353      0.16779154      0.15047987     -0.32573014      -0.32573014       253.76761                                253.76761
              2       124.47313       60.007028     0.029458353      0.15968223      0.15653596     -0.32573014      -0.32573014       249.59771                                249.59771
              1       124.80396       60.007028     0.029458353      0.16092909      0.15874268     -0.32573014      -0.32573014       250.25938                                250.25938
              1       125.37844       60.007028     0.029458353      0.15084286       0.1641206     -0.32573014      -0.32573014       251.40835                                251.40835
              6       124.13464       60.007028     0.029458353      0.15571326      0.15503659     -0.32573014      -0.32573014       248.92074                                248.92074
              1       124.28119       60.009147     0.029401207      0.15227308      0.15437664     -0.32573014      -0.32573014       249.21383                                249.21383
              4       124.21139       60.009147     0.029401207      0.15384087      0.15461905     -0.32573014      -0.32573014       249.07423                                249.07423
              1       124.22534       60.003158     0.029282443      0.15384396      0.15463441     -0.32573014      -0.32573014       249.10214                                249.10214
              1       125.04457       60.034128     0.028854401      0.15421085      0.15510175     -0.32573014      -0.32573014        250.7406                                 250.7406
              2       126.73839       60.034128     0.028854401      0.14370294      0.15634829     -0.32573014      -0.32573014       254.12825                                254.12825
              1       126.99681       60.034128     0.028854401       0.1431626      0.15835614     -0.32573014      -0.32573014       254.64508                                254.64508
              1       129.25435       60.131152     0.028011049      0.14412919      0.15955915     -0.32573014      -0.32573014       259.16016                                259.16016
              1       129.59068       60.131152     0.028011049      0.14425611      0.15065018     -0.32573014      -0.32573014       259.83282                                259.83282
              1       129.26865       60.131152     0.028011049      0.14780856      0.14740608     -0.32573014      -0.32573014       259.18876                                259.18876
              3       127.74465       60.170161     0.029193526      0.15473482      0.14769082     -0.32573014      -0.32573014       256.14076                                256.14076
              3       129.50935       60.170161     0.029193526       0.1600742      0.14215521     -0.32573014      -0.32573014       259.67015                                259.67015
              5       127.48272       60.170161     0.029193526      0.16237804      0.16123487     -0.32573014      -0.32573014       255.61689                                255.61689
              1       127.62617       60.170161     0.029193526      0.16288948      0.16172287     -0.32573014      -0.32573014        255.9038                                 255.9038
              3       126.50758       60.021812     0.028023195      0.16231518      0.16117391     -0.32573014      -0.32573014       253.66661                                253.66661
              4       124.87573       60.021274     0.029256266      0.15577141      0.16053997     -0.32573014      -0.32573014       250.40293                                250.40293
              6        125.5731       60.021274     0.029256266      0.14791247      0.16110291     -0.32573014      -0.32573014       251.79765                                251.79765
              1       124.95852       60.021274     0.029256266      0.15625488      0.16102745     -0.32573014      -0.32573014        250.5685                                 250.5685
              2       124.83286       60.021274     0.029256266      0.15585475      0.16020002     -0.32573014      -0.32573014       250.31718                                250.31718
              2       125.11551       60.021274     0.029256266      0.16186102      0.15475537     -0.32573014      -0.32573014       250.88248                                250.88248
              4       124.84074       60.021274     0.029256266      0.15005144      0.15335773     -0.32573014      -0.32573014       250.33293                                250.33293
              4        124.7707       60.021274     0.029256266      0.15790667      0.15159113     -0.32573014      -0.32573014       250.19286                                250.19286
              7       124.70817       60.021274     0.029256266        0.151246      0.15685515     -0.32573014      -0.32573014        250.0678                                 250.0678
              1       125.80814       60.021274     0.029256266      0.14852641      0.16304958     -0.32573014      -0.32573014       252.26775                                252.26775
              2        126.0637       60.021274     0.029256266      0.14573258      0.16136597     -0.32573014      -0.32573014       252.77887                                252.77887
              1       124.90283       60.021274     0.029256266      0.15923919      0.15876494     -0.32573014      -0.32573014       250.45712                                250.45712
              1       124.90753       60.019905     0.029227502       0.1592405       0.1587693     -0.32573014      -0.32573014       250.46651                                250.46651
              4       125.68131       60.050506      0.02882533      0.15963497      0.15919091     -0.32573014      -0.32573014       252.01407                                252.01407
              2       126.65616       60.050506      0.02882533      0.15799601      0.16570086     -0.32573014      -0.32573014       253.96379                                253.96379
              1       126.76126       60.050506      0.02882533      0.15839072      0.16600033     -0.32573014      -0.32573014       254.17397                                254.17397
              1       125.96599       60.050506      0.02882533      0.15189279      0.16202209     -0.32573014      -0.32573014       252.58344                                252.58344
              4       125.34812       60.050506      0.02882533      0.15461369      0.15755051     -0.32573014      -0.32573014       251.34769                                251.34769
              2       125.93289       60.050506      0.02882533      0.16103425      0.15129393     -0.32573014      -0.32573014       252.51724                                252.51724
              1         126.052       60.050506      0.02882533      0.15100738      0.14924627     -0.32573014      -0.32573014       252.75546                                252.75546
              1       126.71453       60.050506      0.02882533      0.15168219      0.14567862     -0.32573014      -0.32573014       254.08053                                254.08053
              3       126.24321       60.050506      0.02882533      0.15029687      0.14862232     -0.32573014      -0.32573014       253.13789                                253.13789
              1       126.45179       60.050697     0.028589947      0.15040884      0.14873459     -0.32573014      -0.32573014       253.55505                                253.55505
              1       127.29909       60.050697     0.028589947      0.14543162      0.16204948     -0.32573014      -0.32573014       255.24963                                255.24963
              3       127.02304       60.050697     0.028589947      0.14901932      0.16459173     -0.32573014      -0.32573014       254.69754                                254.69754
              1        127.7718       60.050697     0.028589947       0.1624912      0.16722228     -0.32573014      -0.32573014       256.19506                                256.19506
              1       126.40463       60.031217     0.029914439      0.16173763      0.16645088     -0.32573014      -0.32573014       253.46073                                253.46073
              1       125.10335       60.031217     0.029914439      0.16161114      0.16055515     -0.32573014      -0.32573014       250.85816                                250.85816
              2       125.79579       60.034629       0.0291303      0.16200278      0.16095019     -0.32573014      -0.32573014       252.24304                                252.24304
              2       126.89094       60.034629       0.0291303      0.16758724      0.15231249     -0.32573014      -0.32573014       254.43334                                254.43334
              2       129.71358       60.034629       0.0291303      0.15017474      0.17447074     -0.32573014      -0.32573014       260.07862                                260.07862
              4       125.87123       60.034629       0.0291303       0.1548625      0.14603689     -0.32573014      -0.32573014       252.39393                                252.39393
              1       126.00018       60.034629       0.0291303       0.1589507       0.1462962     -0.32573014      -0.32573014       252.65182                                252.65182
              3       125.12414       60.058819     0.029383142      0.15848817      0.15738152     -0.32573014      -0.32573014       250.89974                                250.89974
              1       126.72896        60.18213      0.02958081      0.15922274      0.15822451     -0.32573014      -0.32573014       254.10938                                254.10938
              1       126.81394        60.18213      0.02958081      0.15921641      0.15959236     -0.32573014      -0.32573014       254.27935                                254.27935
              6       126.77482        60.18213      0.02958081      0.15911278      0.15917143     -0.32573014      -0.32573014        254.2011                                 254.2011
              2       126.21161       60.042955     0.027894089      0.15897198      0.15890901     -0.32573014      -0.32573014       253.07467                                253.07467
              2       126.30951       60.154098     0.029800556      0.16046661      0.15834544     -0.32573014      -0.32573014       253.27049                                253.27049
              2       126.22468       60.154098     0.029800556      0.15365514      0.15213601     -0.32573014      -0.32573014       253.10083                                253.10083
              1         127.876       60.134287     0.027575615      0.15456849      0.15303306     -0.32573014      -0.32573014       256.40345                                256.40345
              2       127.66674       60.134287     0.027575615       0.1584861      0.15569363     -0.32573014      -0.32573014       255.98494                                255.98494
              2       127.74598       60.134287     0.027575615       0.1595716      0.15884959     -0.32573014      -0.32573014       256.14343                                256.14343
              2       128.01715       60.134287     0.027575615      0.15954044      0.15204143     -0.32573014      -0.32573014       256.68576                                256.68576
              3       128.56339       60.134287     0.027575615      0.16272238      0.15066567     -0.32573014      -0.32573014       257.77823                                257.77823
              2       128.54981       60.134287     0.027575615      0.16395112      0.15220927     -0.32573014      -0.32573014       257.75109                                257.75109
              3       128.21666       60.134287     0.027575615      0.16264101      0.15329289     -0.32573014      -0.32573014       257.08477                                257.08477
              2       129.17574       60.134287     0.027575615      0.16457168      0.16502595     -0.32573014      -0.32573014       259.00294                                259.00294
              1       129.01476       60.140947     0.027875478      0.16447536      0.16493534     -0.32573014      -0.32573014       258.68097                                258.68097
              1       127.71935       60.072167     0.028270031      0.16382825       0.1642275     -0.32573014      -0.32573014       256.09017                                256.09017
              2       127.81111       60.072167     0.028270031      0.16036514      0.14530501     -0.32573014      -0.32573014       256.27368                                256.27368
              2       128.00648       60.072167     0.028270031      0.15861021      0.14406565     -0.32573014      -0.32573014       256.66443                                256.66443
              3       127.74964       60.072167     0.028270031      0.14941667      0.16557338     -0.32573014      -0.32573014       256.15073                                256.15073
              1        126.5646       60.072167     0.028270031       0.1498462      0.15700681     -0.32573014      -0.32573014       253.78065                                253.78065
              1       126.46243       60.038674     0.029110412      0.15062974       0.1450466     -0.32573014      -0.32573014       253.57631                                253.57631
              1       126.24015       60.038674     0.029110412      0.16416088      0.16055365     -0.32573014      -0.32573014       253.13177                                253.13177
              1       126.34533       60.038674     0.029110412      0.16307877      0.16270419     -0.32573014      -0.32573014       253.34211                                253.34211
              2       125.43776       60.038674     0.029110412      0.15102672      0.16068979     -0.32573014      -0.32573014       251.52697                                251.52697
              1       125.29614       60.026691     0.029071306       0.1509647      0.16061724     -0.32573014      -0.32573014       251.24374                                251.24374
              3       125.08895       60.026691     0.029071306      0.15020696      0.15755799     -0.32573014      -0.32573014       250.82936                                250.82936
              1        124.8609       60.026691     0.029071306      0.15764872      0.15323875     -0.32573014      -0.32573014       250.37325                                250.37325
              2       124.90535       60.026691     0.029071306      0.15814579      0.15308008     -0.32573014      -0.32573014       250.46216                                250.46216
              1       124.98501       60.073828     0.029790722       0.1581238      0.15309921     -0.32573014      -0.32573014       250.62148                                250.62148
              1       125.24798       60.073828     0.029790722      0.15780727      0.15006695     -0.32573014      -0.32573014       251.14742                                251.14742
              3       128.27351       60.073828     0.029790722      0.13903955      0.15899846     -0.32573014      -0.32573014       257.19848                                257.19848
              4        125.6637       60.073828     0.029790722      0.14714957      0.15726162     -0.32573014      -0.32573014       251.97887                                251.97887
              4       125.15349       60.073828     0.029790722      0.15930204       0.1584601     -0.32573014      -0.32573014       250.95843                                250.95843
              1       125.11069       60.073828     0.029790722      0.15657616      0.16002048     -0.32573014      -0.32573014       250.87285                                250.87285
              1        124.9289       60.073828     0.029790722      0.15670759        0.158001     -0.32573014      -0.32573014       250.50925                                250.50925
              1       126.04721       60.073828     0.029790722      0.16441596       0.1586355     -0.32573014      -0.32573014       252.74588                                252.74588
              2       127.40602       60.161595     0.029629921      0.16508057      0.15937743     -0.32573014      -0.32573014       255.46351                                255.46351
              2        127.4083       60.161595     0.029629921      0.16511713      0.15929842     -0.32573014      -0.32573014       255.46806                                255.46806
              1       127.33546       60.137324     0.029302842      0.16510806      0.15926816     -0.32573014      -0.32573014       255.32237                                255.32237
              1       126.31416       60.137324     0.029302842      0.15259753      0.15462196     -0.32573014      -0.32573014       253.27978                                253.27978
              3       126.82414       60.029353     0.026839083      0.15303154      0.15496221     -0.32573014      -0.32573014       254.29974                                254.29974
              2       127.72248       60.029353     0.026839083      0.16503553      0.15880143     -0.32573014      -0.32573014       256.09643                                256.09643
              1       128.55425       60.029353     0.026839083      0.16758284      0.16087897     -0.32573014      -0.32573014       257.75996                                257.75996
              2       130.39761       60.036089     0.024800136      0.16858688      0.16188997     -0.32573014      -0.32573014       261.44669                                261.44669
              1       129.61196       60.092555     0.026655621      0.16809326      0.16144511     -0.32573014      -0.32573014       259.87538                                259.87538
              1       127.79121       60.092555     0.026655621      0.15720215      0.15747862     -0.32573014      -0.32573014       256.23388                                256.23388
              1       128.24677       60.092555     0.026655621      0.15927912       0.1515917     -0.32573014      -0.32573014         257.145                                  257.145
              2       128.08796       60.092555     0.026655621      0.16172396      0.15781706     -0.32573014      -0.32573014       256.82738                                256.82738
              5       126.51268       60.035368     0.027524783      0.16093146      0.15697378     -0.32573014      -0.32573014       253.67682                                253.67682
              1       126.83346       60.035368     0.027524783      0.16279752      0.15810483     -0.32573014      -0.32573014       254.31839                                254.31839
              2       127.23802       60.035368     0.027524783      0.15879667      0.16483946     -0.32573014      -0.32573014       255.12749                                255.12749
              1       127.52514       60.035368     0.027524783      0.14676601      0.15160072     -0.32573014      -0.32573014       255.70175                                255.70175
              1       126.75937       60.035368     0.027524783      0.15158647      0.16127726     -0.32573014      -0.32573014       254.17019                                254.17019
              1       126.85125        60.03345     0.027384825      0.15163942      0.16132858     -0.32573014      -0.32573014       254.35397                                254.35397
              2       127.02694        60.03345     0.027384825      0.15543203       0.1485339     -0.32573014      -0.32573014       254.70534                                254.70534
              1       126.53458        60.03345     0.027384825      0.15534308      0.16066952     -0.32573014      -0.32573014       253.72061                                253.72061
              8        126.9955        60.03345     0.027384825      0.14881251      0.15411003     -0.32573014      -0.32573014       254.64247                                254.64247
              3       126.87678        60.03345     0.027384825      0.14988048      0.15928971     -0.32573014      -0.32573014       254.40502                                254.40502
              1       126.99906       60.023266     0.027066794      0.14996169      0.15936213     -0.32573014      -0.32573014       254.64958                                254.64958
              1       128.91279       60.023266     0.027066794      0.16485885       0.1452793     -0.32573014      -0.32573014       258.47703                                258.47703
              6       127.41599       60.023266     0.027066794      0.15863041      0.14769652     -0.32573014      -0.32573014       255.48345                                255.48345
              2       126.90065       60.023266     0.027066794       0.1565286      0.15002162     -0.32573014      -0.32573014       254.45275                                254.45275
              5       127.90922       60.023266     0.027066794      0.16254978      0.16507922     -0.32573014      -0.32573014       256.46989                                256.46989
              2       127.72581       60.019067     0.027214952      0.16245193       0.1649776     -0.32573014      -0.32573014       256.10308                                256.10308
              1       129.55381       60.019067     0.027214952      0.15510204      0.17244782     -0.32573014      -0.32573014       259.75909                                259.75909
              1       128.12513       60.019067     0.027214952      0.14697781      0.16454848     -0.32573014      -0.32573014       256.90173                                256.90173
              3        126.6274       60.019067     0.027214952        0.160963      0.15891342     -0.32573014      -0.32573014       253.90627                                253.90627
              1       126.40514       60.019067     0.027214952      0.15873253      0.15889729     -0.32573014      -0.32573014       253.46174                                253.46174
              4       126.56542        60.13088     0.028939985      0.15860979      0.15333641     -0.32573014      -0.32573014       253.78231                                253.78231
              1       126.81119        60.13088     0.028939985      0.15133032      0.15974433     -0.32573014      -0.32573014       254.27383                                254.27383
              1       125.11579       60.035458     0.029270296      0.15053462      0.15886448     -0.32573014      -0.32573014       250.88304                                250.88304
              4       125.96688       60.019613     0.028164663       0.1503888      0.15996633     -0.32573014      -0.32573014       252.58522                                252.58522
              1       126.70541       60.019613     0.028164663      0.14716707       0.1499165     -0.32573014      -0.32573014       254.06227                                254.06227
              1       126.68094       60.019613     0.028164663      0.14720088      0.15003709     -0.32573014      -0.32573014       254.01334                                254.01334
              5       126.79222       60.104357     0.029522413       0.1471311      0.15004119     -0.32573014      -0.32573014        254.2359                                 254.2359
              1       126.58216       60.104357     0.029522413      0.16468298      0.15413399     -0.32573014      -0.32573014       253.81579                                253.81579
              4       126.49556       60.104357     0.029522413      0.14770254      0.15145941     -0.32573014      -0.32573014       253.64257                                253.64257
              1       127.97304       60.104357     0.029522413      0.16253354      0.16792919     -0.32573014      -0.32573014       256.59753                                256.59753
              1       127.32104       60.009392     0.028741656       0.1622634      0.16757587     -0.32573014      -0.32573014       255.29353                                255.29353
              1       127.51977       60.009392     0.028741656      0.16068593      0.16897273     -0.32573014      -0.32573014       255.69101                                255.69101
              1       124.85144       60.009392     0.028741656      0.15640977       0.1575449     -0.32573014      -0.32573014       250.35434                                250.35434
              2       124.77019       60.009392     0.028741656      0.15473907      0.15583041     -0.32573014      -0.32573014       250.19183                                250.19183
              1        125.3069       60.107507      0.02978683      0.15490601      0.15608316     -0.32573014      -0.32573014       251.26527                                251.26527
              2       125.32845       60.107507      0.02978683      0.15689185      0.15559991     -0.32573014      -0.32573014       251.30837                                251.30837
              2       125.30872       60.107507      0.02978683      0.15584444      0.15629971     -0.32573014      -0.32573014       251.26891                                251.26891
              3       124.41467        60.01815     0.029316153      0.15546612      0.15584299     -0.32573014      -0.32573014        249.4808                                 249.4808
              3       125.25816        60.01815     0.029316153      0.14779452      0.15090221     -0.32573014      -0.32573014       251.16779                                251.16779
              4       125.07348        60.01815     0.029316153      0.16210819      0.15529239     -0.32573014      -0.32573014       250.79841                                250.79841
              2       124.68746        60.01815     0.029316153      0.15032148      0.15640589     -0.32573014      -0.32573014       250.02637                                250.02637
              2       124.66114        60.01815     0.029316153      0.15037725      0.15551025     -0.32573014      -0.32573014       249.97374                                249.97374
              6       124.61581        60.01815     0.029316153      0.15200238      0.15212885     -0.32573014      -0.32573014       249.88309                                249.88309
              3       124.83019        60.01815     0.029316153      0.15200589      0.16014863     -0.32573014      -0.32573014       250.31183                                250.31183
              4       125.27592        60.01815     0.029316153      0.16182021      0.15957949     -0.32573014      -0.32573014       251.20329                                251.20329
              1       126.28533        60.01815     0.029316153      0.14335475      0.15114176     -0.32573014      -0.32573014       253.22213                                253.22213
              5       125.42618        60.01815     0.029316153      0.15000927      0.16265961     -0.32573014      -0.32573014       251.50382                                251.50382
              2       124.53478        60.01815     0.029316153      0.15645999      0.15226188     -0.32573014      -0.32573014       249.72103                                249.72103
              1       124.84654        60.01815     0.029316153      0.14911637      0.15643721     -0.32573014      -0.32573014       250.34455                                250.34455
              3       124.81033       60.029588     0.029556227      0.14908023      0.15641102     -0.32573014      -0.32573014       250.27213                                250.27213
              6       125.43961       60.029588     0.029556227      0.15335636      0.14592822     -0.32573014      -0.32573014       251.53068                                251.53068
              2       125.59122       60.029588     0.029556227      0.14681169      0.16072875     -0.32573014      -0.32573014        251.8339                                 251.8339
              3       126.23435       60.029588     0.029556227      0.14359809      0.15958676     -0.32573014      -0.32573014       253.12017                                253.12017
              2       124.91704       60.029588     0.029556227      0.14882775      0.15775754     -0.32573014      -0.32573014       250.48554                                250.48554
              3       126.32567       60.029588     0.029556227      0.14448978       0.1619332     -0.32573014      -0.32573014       253.30281                                253.30281
              1        127.8124       60.129326     0.029561964      0.14515641      0.16268761     -0.32573014      -0.32573014       256.27626                                256.27626
              2       125.92683       60.129326     0.029561964      0.15857665      0.15501451     -0.32573014      -0.32573014       252.50512                                252.50512
             11       125.81779       60.129326     0.029561964      0.15513807      0.15590168     -0.32573014      -0.32573014       252.28705                                252.28705
              2       126.22077       60.003559     0.026943953      0.15552519      0.15617945     -0.32573014      -0.32573014       253.09299                                253.09299
              4       126.39144       60.003559     0.026943953      0.15637995      0.15986146     -0.32573014      -0.32573014       253.43434                                253.43434
              1       128.43146       60.081647     0.025911053      0.15738971      0.16094048     -0.32573014      -0.32573014       257.51439                                257.51439
              1       128.51003       60.081647     0.025911053      0.15933813      0.16117823     -0.32573014      -0.32573014       257.67153                                257.67153
              6       128.22827       60.080421     0.026215534      0.15918672      0.16102559     -0.32573014      -0.32573014       257.10801                                257.10801
              4       128.78665       60.080421     0.026215534      0.15545056      0.16504631     -0.32573014      -0.32573014       258.22476                                258.22476
              1       128.46451       60.080421     0.026215534       0.1623609      0.15426609     -0.32573014      -0.32573014       257.58048                                257.58048
              1        125.8099       60.014197      0.02817953       0.1609929      0.15283881     -0.32573014      -0.32573014       252.27125                                252.27125
              1       127.58493       60.014197      0.02817953      0.16638381      0.14798518     -0.32573014      -0.32573014       255.82132                                255.82132
              3       125.61198       60.014197      0.02817953      0.16023966      0.15559569     -0.32573014      -0.32573014       251.87542                                251.87542
              1       125.79556       60.014197      0.02817953      0.16137028      0.15712417     -0.32573014      -0.32573014       252.24257                                252.24257
              1        125.9155       60.014197      0.02817953      0.16186161      0.15799369     -0.32573014      -0.32573014       252.48246                                252.48246
              2       127.45948       60.014197      0.02817953      0.15860994      0.16828385     -0.32573014      -0.32573014       255.57043                                255.57043
              1       128.32581       60.045982      0.02767735      0.15905939      0.16876154     -0.32573014      -0.32573014       257.30309                                257.30309
              3        128.4019       60.045982      0.02767735      0.14307813      0.15381458     -0.32573014      -0.32573014       257.45527                                257.45527
              3       126.93172       60.045982      0.02767735      0.15250109      0.14947404     -0.32573014      -0.32573014        254.5149                                 254.5149
              1       126.59994       60.045982      0.02767735      0.15465783      0.15079163     -0.32573014      -0.32573014       253.85134                                253.85134
              2       126.27082       60.045852     0.028058092       0.1544521       0.1505906     -0.32573014      -0.32573014       253.19311                                253.19311
              1       126.36771       60.045852     0.028058092      0.14965739      0.15516325     -0.32573014      -0.32573014       253.38688                                253.38688
              2       126.39993       60.048877      0.02807336      0.14967209      0.15517612     -0.32573014      -0.32573014       253.45133                                253.45133
              1       127.15866       60.048877      0.02807336       0.1480746      0.16221357     -0.32573014      -0.32573014       254.96878                                254.96878
              1       127.84553       60.048877      0.02807336      0.14402539      0.15235972     -0.32573014      -0.32573014       256.34252                                256.34252
              1       129.52821       60.048877      0.02807336      0.14521384      0.14281185     -0.32573014      -0.32573014       259.70788                                259.70788
              2       127.77482       60.048877      0.02807336      0.16115608      0.14510856     -0.32573014      -0.32573014        256.2011                                 256.2011
              1       126.05852       60.048877      0.02807336      0.15864117       0.1577807     -0.32573014      -0.32573014        252.7685                                 252.7685
              1        126.6743       60.048877      0.02807336      0.15754357      0.14843361     -0.32573014      -0.32573014       254.00005                                254.00005
              3       126.88906       60.048877      0.02807336      0.15216662      0.16401199     -0.32573014      -0.32573014       254.42958                                254.42958
              6       126.00237       60.048877      0.02807336      0.15399943      0.15793424     -0.32573014      -0.32573014        252.6562                                 252.6562
              1        126.8123       60.048877      0.02807336      0.15452099      0.16435164     -0.32573014      -0.32573014       254.27607                                254.27607
              1       127.36017       60.048877      0.02807336      0.15346634      0.16646297     -0.32573014      -0.32573014        255.3718                                 255.3718
              5       127.25672       60.048877      0.02807336      0.15901247      0.16580531     -0.32573014      -0.32573014        255.1649                                 255.1649
              3       126.97749       60.048877      0.02807336      0.16372564      0.16053516     -0.32573014      -0.32573014       254.60643                                254.60643
              1        126.7975       60.089122     0.028939841      0.16356449       0.1603578     -0.32573014      -0.32573014       254.24646                                254.24646
              2       126.30203       60.029776      0.02854528       0.1633272      0.16015512     -0.32573014      -0.32573014       253.25551                                253.25551
              3       125.68217       60.029776      0.02854528      0.16019633      0.15208065     -0.32573014      -0.32573014       252.01581                                252.01581
              4       125.71926       60.029776      0.02854528      0.15959188       0.1510256     -0.32573014      -0.32573014       252.08999                                252.08999
              4       125.53311       60.029776      0.02854528      0.15833321      0.15169057     -0.32573014      -0.32573014       251.71769                                251.71769
              2        125.8455       60.029776      0.02854528      0.16226959       0.1548273     -0.32573014      -0.32573014       252.34247                                252.34247
              1       125.57505       60.029776      0.02854528       0.1552485      0.15034802     -0.32573014      -0.32573014       251.80155                                251.80155
             12       125.26365       60.018096     0.028706202       0.1550735      0.15018273     -0.32573014      -0.32573014       251.17876                                251.17876
              1       125.68544       60.018096     0.028706202      0.16109366      0.16040752     -0.32573014      -0.32573014       252.02234                                252.02234
              5       127.11692       60.126255     0.028822018      0.16185054        0.161094     -0.32573014      -0.32573014       254.88529                                254.88529
              1       126.78389       60.126255     0.028822018      0.15402716      0.16136886     -0.32573014      -0.32573014       254.21924                                254.21924
              3       126.75763       60.126255     0.028822018      0.15401501       0.1611526     -0.32573014      -0.32573014       254.16671                                254.16671
              1       129.15183       60.202353     0.029442325      0.15229174      0.14421997     -0.32573014      -0.32573014       258.95511                                258.95511
              1       129.20528       60.202353     0.029442325       0.1525086      0.14397998     -0.32573014      -0.32573014       259.06202                                259.06202
              1       127.60086       60.202353     0.029442325      0.16228987      0.15279979     -0.32573014      -0.32573014       255.85318                                255.85318
              1       128.48767       60.202353     0.029442325      0.16219298      0.14736615     -0.32573014      -0.32573014        257.6268                                 257.6268
              1       128.26054       60.202353     0.029442325      0.16523834      0.16155273     -0.32573014      -0.32573014       257.17254                                257.17254
              1       128.30308       60.041467     0.026788671      0.16544687      0.16183587     -0.32573014      -0.32573014       257.25762                                257.25762
              1       124.84226       60.012227     0.029027734      0.15271739      0.15931534     -0.32573014      -0.32573014       250.33598                                250.33598
              1       125.79255       60.012227     0.029027734      0.16445803      0.15267502     -0.32573014      -0.32573014       252.23657                                252.23657
              1       125.16968       60.012227     0.029027734      0.15867797       0.1610217     -0.32573014      -0.32573014       250.99082                                250.99082
              1       126.04172       60.012227     0.029027734        0.165722      0.15541109     -0.32573014      -0.32573014        252.7349                                 252.7349
              1       126.18986       60.007311     0.028774099      0.16582116      0.15551044     -0.32573014      -0.32573014       253.03119                                253.03119
              3        125.3555       60.007311     0.028774099      0.16197603      0.15358633     -0.32573014      -0.32573014       251.36246                                251.36246
              2       126.12894       60.084823     0.029175193      0.16234738      0.15391109     -0.32573014      -0.32573014       252.90935                                252.90935
              1       125.87378       60.084823     0.029175193      0.15366038      0.15059939     -0.32573014      -0.32573014       252.39901                                252.39901
              1       126.03568       60.084823     0.029175193      0.16164569      0.15347916     -0.32573014      -0.32573014       252.72282                                252.72282
              1       126.51469       60.084823     0.029175193      0.15786571      0.16444691     -0.32573014      -0.32573014       253.68084                                253.68084
              2       125.51585       60.084823     0.029175193      0.15585546      0.15449802     -0.32573014      -0.32573014       251.68317                                251.68317
              1       125.91348       60.084823     0.029175193      0.15264103      0.15077492     -0.32573014      -0.32573014       252.47842                                252.47842
              1       125.81901       60.084823     0.029175193      0.15297081      0.15138288     -0.32573014      -0.32573014       252.28948                                252.28948
              3       126.41776       60.001174     0.027011959      0.15350059      0.15194193     -0.32573014      -0.32573014       253.48698                                253.48698
              8         126.284       60.001174     0.027011959      0.15336054      0.15364708     -0.32573014      -0.32573014       253.21945                                253.21945
              1       126.58993       60.001174     0.027011959      0.16012074      0.15176517     -0.32573014      -0.32573014       253.83133                                253.83133
              1        126.9757       60.001174     0.027011959      0.15711222      0.14798395     -0.32573014      -0.32573014       254.60285                                254.60285
              1       128.01175       60.001174     0.027011959      0.16095438      0.14497641     -0.32573014      -0.32573014       256.67497                                256.67497
              1       126.58556       60.001174     0.027011959       0.1566637      0.15011416     -0.32573014      -0.32573014       253.82258                                253.82258
              2        125.0829       60.002237     0.028788825      0.15571622      0.14918754     -0.32573014      -0.32573014       250.81726                                250.81726
              3       125.91816       60.002237     0.028788825      0.16388026      0.15999797     -0.32573014      -0.32573014       252.48779                                252.48779
              1       125.97575       60.002237     0.028788825      0.16026027      0.16412344     -0.32573014      -0.32573014       252.60297                                252.60297
              3       125.24557       60.002237     0.028788825      0.15754915      0.16176418     -0.32573014      -0.32573014        251.1426                                 251.1426
              3        125.2906       60.043181     0.029410804      0.15752477      0.16172016     -0.32573014      -0.32573014       251.23266                                251.23266
              1       125.50296       60.043181     0.029410804      0.16125808      0.16032595     -0.32573014      -0.32573014       251.65738                                251.65738
              3        127.0334       60.043181     0.029410804      0.16626455      0.16292178     -0.32573014      -0.32573014       254.71826                                254.71826
              3       127.70361       60.089427     0.029370183      0.16663665      0.16326268     -0.32573014      -0.32573014       256.05867                                256.05867
              2       126.48647       60.089427     0.029370183      0.14900464      0.16235098     -0.32573014      -0.32573014       253.62439                                253.62439
              2       125.91408       60.089427     0.029370183      0.15534906      0.16211921     -0.32573014      -0.32573014       252.47962                                252.47962
              2       125.66922       60.089427     0.029370183      0.15129584      0.15772145     -0.32573014      -0.32573014        251.9899                                 251.9899
              2       125.63269       60.089427     0.029370183      0.15165343      0.15772119     -0.32573014      -0.32573014       251.91684                                251.91684
              2       126.39064       60.158727      0.02967264      0.15201563      0.15804105     -0.32573014      -0.32573014       253.43273                                253.43273
              2       126.76948       60.158727      0.02967264      0.14963593      0.15914866     -0.32573014      -0.32573014       254.19043                                254.19043
              6       126.72653       60.158727      0.02967264      0.15048628      0.16011991     -0.32573014      -0.32573014       254.10451                                254.10451
              1       128.86216       60.158727      0.02967264      0.14497709      0.14648886     -0.32573014      -0.32573014       258.37577                                258.37577
              1       129.68297       60.158727      0.02967264      0.16120109      0.14025773     -0.32573014      -0.32573014        260.0174                                 260.0174
              1       127.34034       60.158727      0.02967264      0.15853056      0.14678441     -0.32573014      -0.32573014       255.33213                                255.33213
              6       128.53572        60.06231     0.026951815      0.16691795      0.15904686     -0.32573014      -0.32573014        257.7229                                 257.7229
              1        128.2601       60.068659     0.027372911      0.16673959       0.1588694     -0.32573014      -0.32573014       257.17166                                257.17166
              1       127.50333       60.068659     0.027372911      0.15383748      0.16352935     -0.32573014      -0.32573014       255.65812                                255.65812
              2       127.12024       60.068659     0.027372911      0.15550189      0.15165723     -0.32573014      -0.32573014       254.89194                                254.89194
              1       128.66443       60.103222     0.026672156      0.16218379       0.1516606     -0.32573014      -0.32573014       257.98033                                257.98033
              3       128.80799       60.163699      0.02754769        0.162171      0.15161828     -0.32573014      -0.32573014       258.26745                                258.26745
              2       129.09759       60.163699      0.02754769      0.16258702       0.1501736     -0.32573014      -0.32573014       258.84663                                258.84663
              3       128.07343       60.174648     0.028907405      0.16193875      0.14953456     -0.32573014      -0.32573014       256.79831                                256.79831
              2       127.69357       60.174648     0.028907405      0.16201251      0.15218516     -0.32573014      -0.32573014       256.03859                                256.03859
              1       127.78615       60.174648     0.028907405      0.16263788      0.15218873     -0.32573014      -0.32573014       256.22375                                256.22375
              2       127.45515       60.174648     0.028907405      0.16175557      0.15462862     -0.32573014      -0.32573014       255.56175                                255.56175
              1       127.83692       60.174648     0.028907405      0.14894974      0.15448233     -0.32573014      -0.32573014       256.32529                                256.32529
              3       127.53696       60.174648     0.028907405      0.15218168      0.16118309     -0.32573014      -0.32573014       255.72539                                255.72539
              1       127.31437       60.174648     0.028907405      0.15251408      0.15896945     -0.32573014      -0.32573014        255.2802                                 255.2802
              1       127.21119       60.174648     0.028907405      0.15391605      0.15920699     -0.32573014      -0.32573014       255.07385                                255.07385
              1       126.34929        60.16063     0.029663439      0.15340332      0.15871274     -0.32573014      -0.32573014       253.35003                                253.35003
              2       126.33627       60.159233     0.029654755      0.15339741      0.15870765     -0.32573014      -0.32573014         253.324                                  253.324
              1       126.43533       60.159233     0.029654755      0.15144369      0.15569315     -0.32573014      -0.32573014       253.52213                                253.52213
              2       126.66615       60.159233     0.029654755      0.15581564      0.16244537     -0.32573014      -0.32573014       253.98375                                253.98375
              1       127.05313       60.159233     0.029654755      0.16168373      0.16225198     -0.32573014      -0.32573014       254.75771                                254.75771
              1       127.46587       60.159233     0.029654755       0.1618021      0.16444342     -0.32573014      -0.32573014        255.5832                                 255.5832
              1       127.95941       60.111814     0.028319579      0.16216097      0.16481757     -0.32573014      -0.32573014       256.57028                                256.57028
              2        128.4054       60.111814     0.028319579      0.16137948      0.16713788     -0.32573014      -0.32573014       257.46227                                257.46227
              3       131.06018       60.220644     0.028165305      0.17176366      0.15859657     -0.32573014      -0.32573014       262.77183                                262.77183
              1       128.48841       60.143377     0.029854774      0.17026993      0.15717466     -0.32573014      -0.32573014       257.62828                                257.62828
              1       126.61307       60.143377     0.029854774      0.14772664      0.15753331     -0.32573014      -0.32573014       253.87759                                253.87759
              3       126.67939       60.143377     0.029854774      0.15141788      0.14859168     -0.32573014      -0.32573014       254.01024                                254.01024
              1       125.98537       60.143377     0.029854774      0.15638397      0.16004388     -0.32573014      -0.32573014        252.6222                                 252.6222
              2       126.03269       60.141993      0.02977709      0.15641526      0.16007515     -0.32573014      -0.32573014       252.71685                                252.71685
              3       126.91045       60.198698     0.029746727      0.15918636      0.15970045     -0.32573014      -0.32573014       254.47236                                254.47236
              1       126.78311       60.198698     0.029746727      0.15487897      0.15387944     -0.32573014      -0.32573014       254.21769                                254.21769
              1       126.70824       60.192233     0.029722136      0.15484323       0.1538477     -0.32573014      -0.32573014       254.06794                                254.06794
              3        128.6335        60.30795     0.029510083      0.15583367      0.15475874     -0.32573014      -0.32573014       257.91846                                257.91846
              1       128.61308        60.30795     0.029510083      0.15471424      0.15890966     -0.32573014      -0.32573014       257.87763                                257.87763
              2       126.88824       60.143513     0.028687424      0.15391124      0.15820584     -0.32573014      -0.32573014       254.42795                                254.42795
              1       128.96479       60.143513     0.028687424      0.14439892      0.15111421     -0.32573014      -0.32573014       258.58104                                258.58104
              1       131.64945       60.270508     0.027935817       0.1460797      0.15155563     -0.32573014      -0.32573014       263.95035                                263.95035
              8       128.95728        60.29594     0.029016254      0.15767299      0.15377242     -0.32573014      -0.32573014       258.56601                                258.56601
              1       128.18762       60.257662     0.029232788      0.15726665      0.15339412     -0.32573014      -0.32573014        257.0267                                 257.0267
              2       130.40311       60.257662     0.029232788       0.1540007      0.14381674     -0.32573014      -0.32573014       261.45768                                261.45768
              3       128.55508       60.257662     0.029232788      0.15623616      0.15068342     -0.32573014      -0.32573014       257.76163                                257.76163
              4       128.54334       60.223147      0.02864446      0.15629113      0.15075416     -0.32573014      -0.32573014       257.73815                                257.73815
              1        127.2045        60.01063     0.026459769      0.15585644      0.15043404     -0.32573014      -0.32573014       255.06046                                255.06046
              1       128.64007        60.01063     0.026459769      0.15522333       0.1687356     -0.32573014      -0.32573014        257.9316                                 257.9316
              1       127.85412        60.01063     0.026459769      0.14915867      0.16258547     -0.32573014      -0.32573014       256.35969                                256.35969
              4       126.19203       60.053964     0.029124723      0.14805377      0.16148414     -0.32573014      -0.32573014       253.03552                                253.03552
              6       125.73022       60.053964     0.029124723      0.15604175      0.16266872     -0.32573014      -0.32573014        252.1119                                 252.1119
              2       125.77757       60.053964     0.029124723      0.16268649      0.15506198     -0.32573014      -0.32573014        252.2066                                 252.2066
              1       126.53923       60.053964     0.029124723      0.16270421       0.1632683     -0.32573014      -0.32573014       253.72993                                253.72993
              3       126.10964       60.053964     0.029124723       0.1599948      0.16321788     -0.32573014      -0.32573014       252.87075                                252.87075
              1       128.37776       60.053964     0.029124723      0.15433845      0.17166864     -0.32573014      -0.32573014       257.40698                                257.40698
              1        128.0941       60.053964     0.029124723      0.14494605       0.1669724     -0.32573014      -0.32573014       256.83966                                256.83966
              5       130.31584       60.067324     0.026776091      0.14631024       0.1682992     -0.32573014      -0.32573014       261.28314                                261.28314
              3       130.32492       60.067324     0.026776091       0.1458237      0.16786742     -0.32573014      -0.32573014        261.3013                                 261.3013
              1        129.2636       60.137355      0.02919281      0.14505448      0.16708103     -0.32573014      -0.32573014       259.17866                                259.17866
              1       130.22396       60.137355      0.02919281      0.14128206      0.16602207     -0.32573014      -0.32573014       261.09938                                261.09938
              2       126.91786       60.137355      0.02919281      0.15616704      0.16350567     -0.32573014      -0.32573014       254.48718                                254.48718
              1       126.61614       60.137355      0.02919281      0.16116252      0.15475659     -0.32573014      -0.32573014       253.88375                                253.88375
              1       128.89681         60.1452     0.029050089      0.16949887       0.1596519     -0.32573014      -0.32573014       258.44509                                258.44509
              1       127.91641       60.165906     0.029380164      0.16397651       0.1635211     -0.32573014      -0.32573014       256.48428                                256.48428
              2       128.57594       60.165906     0.029380164      0.16682331      0.14929467     -0.32573014      -0.32573014       257.80334                                257.80334
              1       129.74019       60.220067     0.028977117      0.16745024      0.14988076     -0.32573014      -0.32573014       260.13184                                260.13184
              2       129.28658       60.220067     0.028977117      0.16595283      0.15032599     -0.32573014      -0.32573014       259.22461                                259.22461
              3       127.79232       60.133391     0.029221232       0.1651651      0.14959877     -0.32573014      -0.32573014       256.23609                                256.23609
              1       126.38413       60.133391     0.029221232      0.15992728        0.155053     -0.32573014      -0.32573014       253.41972                                253.41972
              2       126.88291       60.146362     0.029395074      0.15351216      0.14921961     -0.32573014      -0.32573014       254.41728                                254.41728
              1        126.6601       60.106377     0.028961462      0.15339225      0.14922011     -0.32573014      -0.32573014       253.97165                                253.97165
              1       126.28839       60.106377     0.028961462      0.15847695      0.15202031     -0.32573014      -0.32573014       253.22824                                253.22824
              1        126.2176       60.106377     0.028961462      0.15414543      0.15990535     -0.32573014      -0.32573014       253.08665                                253.08665
              6       126.19178       60.106377     0.028961462      0.15430796      0.15970256     -0.32573014      -0.32573014       253.03503                                253.03503
              2       125.93748       60.103272     0.029200744      0.15416781      0.15952906     -0.32573014      -0.32573014       252.52642                                252.52642
              3       125.92526       60.103272     0.029200744       0.1531557      0.15308207     -0.32573014      -0.32573014       252.50198                                252.50198
              3       125.85901       60.103272     0.029200744      0.15843146      0.15718276     -0.32573014      -0.32573014       252.36948                                252.36948
              3       127.11452       60.103272     0.029200744      0.16606162      0.15581228     -0.32573014      -0.32573014       254.88051                                254.88051
              2       126.30955       60.103272     0.029200744      0.15683274      0.16252023     -0.32573014      -0.32573014       253.27055                                253.27055
              2       127.42077       60.103272     0.029200744      0.15527717      0.14436486     -0.32573014      -0.32573014         255.493                                  255.493
              1       127.69015       60.103272     0.029200744      0.14899388      0.16636227     -0.32573014      -0.32573014       256.03175                                256.03175
              3       126.72124       60.103272     0.029200744      0.15362518      0.14733661     -0.32573014      -0.32573014       254.09394                                254.09394
              2        125.1557       60.066418     0.029775966      0.14952106      0.15322453     -0.32573014      -0.32573014       250.96287                                250.96287
              7       125.57503       60.066418     0.029775966      0.14818273      0.15072437     -0.32573014      -0.32573014       251.80153                                251.80153
              1       124.96027       60.066418     0.029775966       0.1563268      0.15101637     -0.32573014      -0.32573014       250.57201                                250.57201
              2       124.79672       60.066418     0.029775966      0.15618491      0.15760824     -0.32573014      -0.32573014        250.2449                                 250.2449
              2       126.75242       60.066418     0.029775966       0.1653294      0.16270432     -0.32573014      -0.32573014       254.15631                                254.15631
              2       124.81981       60.066418     0.029775966      0.15287994      0.15333105     -0.32573014      -0.32573014       250.29108                                250.29108
              3        125.9704       60.066418     0.029775966      0.16490057      0.15661791     -0.32573014      -0.32573014       252.59226                                252.59226
              3       127.01467       60.066418     0.029775966      0.15482271       0.1688006     -0.32573014      -0.32573014        254.6808                                 254.6808
              2       126.44339       60.066418     0.029775966      0.15309397      0.16683702     -0.32573014      -0.32573014       253.53824                                253.53824
              1       126.36476       60.066418     0.029775966      0.16418765      0.14842568     -0.32573014      -0.32573014       253.38097                                253.38097
              1       125.59718       60.020607     0.029892553      0.16375626      0.14803629     -0.32573014      -0.32573014       251.84581                                251.84581
              2       125.15816       60.020607     0.029892553      0.15983139      0.14653831     -0.32573014      -0.32573014       250.96777                                250.96777
              3       124.87524       60.020607     0.029892553      0.15101689      0.16259292     -0.32573014      -0.32573014       250.40194                                250.40194
              2       125.34288       60.020607     0.029892553      0.15054304      0.16450788     -0.32573014      -0.32573014       251.33723                                251.33723
              5        127.0951       60.020607     0.029892553      0.15635753      0.13908317     -0.32573014      -0.32573014       254.84167                                254.84167
              1       126.30913       60.020607     0.029892553      0.15808069      0.14155956     -0.32573014      -0.32573014       253.26973                                253.26973
              1       126.54527       60.020607     0.029892553       0.1574534       0.1407239     -0.32573014      -0.32573014       253.74199                                253.74199
              1        125.5456       60.020607     0.029892553      0.15928555      0.14457382     -0.32573014      -0.32573014       251.74266                                251.74266
              1       124.63007       60.020607     0.029892553        0.151316      0.14821364     -0.32573014      -0.32573014       249.91161                                249.91161
              1       124.72719       60.020607     0.029892553      0.15348753      0.14700819     -0.32573014      -0.32573014       250.10585                                250.10585
             16       124.09012       60.020607     0.029892553      0.15631764      0.15193536     -0.32573014      -0.32573014       248.83171                                248.83171
              6       124.11824       60.020607     0.029892553      0.15797794      0.15613552     -0.32573014      -0.32573014       248.88793                                248.88793
              1       124.04491       60.020607     0.029892553      0.15678587      0.15314581     -0.32573014      -0.32573014       248.74129                                248.74129
              3       123.99993       60.020607     0.029892553      0.15469591      0.15278221     -0.32573014      -0.32573014       248.65133                                248.65133
              1       124.08216       60.020607     0.029892553      0.15678508      0.15241159     -0.32573014      -0.32573014       248.81578                                248.81578
              3       124.14077       60.020607     0.029892553       0.1577023      0.15712199     -0.32573014      -0.32573014       248.93301                                248.93301
              2       124.52747       60.020607     0.029892553      0.14785801      0.15519175     -0.32573014      -0.32573014        249.7064                                 249.7064
              2       124.04113       60.020607     0.029892553      0.15238122      0.15323699     -0.32573014      -0.32573014       248.73373                                248.73373
              4        124.0753       60.020607     0.029892553      0.15408932      0.15166402     -0.32573014      -0.32573014       248.80206                                248.80206
              2       124.01288       60.020607     0.029892553      0.15247709      0.15401775     -0.32573014      -0.32573014       248.67722                                248.67722
              2       124.06934       60.016332      0.02975377      0.15250856      0.15407656     -0.32573014      -0.32573014       248.79015                                248.79015
              2       124.28905       60.016332      0.02975377      0.15031093       0.1528973     -0.32573014      -0.32573014       249.22955                                249.22955
              6       124.10072       60.016332      0.02975377      0.15188622      0.15472684     -0.32573014      -0.32573014       248.85291                                248.85291
              2       124.02582       60.016332      0.02975377      0.15336027      0.15470236     -0.32573014      -0.32573014       248.70311                                248.70311
              1       124.01007       60.016332      0.02975377       0.1542827      0.15533425     -0.32573014      -0.32573014       248.67161                                248.67161
              4       125.50982       60.016332      0.02975377      0.14522474      0.16032163     -0.32573014      -0.32573014        251.6711                                 251.6711
              2       124.26293       60.016332      0.02975377      0.15365324      0.15041275     -0.32573014      -0.32573014       249.17733                                249.17733
              1       124.20387       60.016332      0.02975377      0.15414938      0.15088816     -0.32573014      -0.32573014        249.0592                                 249.0592
              1       124.09571       60.010565     0.029781894      0.15408863      0.15083059     -0.32573014      -0.32573014       248.84288                                248.84288
              2       123.91369       60.010565     0.029781894      0.15349696      0.15508192     -0.32573014      -0.32573014       248.47884                                248.47884
              3       126.03035       60.010565     0.029781894      0.15451585       0.1417459     -0.32573014      -0.32573014       252.71217                                252.71217
              1       127.87931       60.049322     0.028240059      0.15557256      0.14299285     -0.32573014      -0.32573014       256.41008                                256.41008
              3       129.32336       60.211129     0.029500139      0.15629489      0.14330529     -0.32573014      -0.32573014       259.29818                                259.29818
              1       128.42891       60.052663     0.027635661      0.15588964      0.14340009     -0.32573014      -0.32573014       257.50927                                257.50927
              4       127.78283       60.052663     0.027635661      0.16239808      0.14770499     -0.32573014      -0.32573014       256.21712                                256.21712
              1       128.02809       60.105531     0.028299758      0.16251313      0.14764662     -0.32573014      -0.32573014       256.70763                                256.70763
              2       127.10414       60.105531     0.028299758      0.14962218       0.1560901     -0.32573014      -0.32573014       254.85975                                254.85975
              3       126.65801       60.105531     0.028299758      0.15337317      0.15692962     -0.32573014      -0.32573014       253.96749                                253.96749
              7       126.61087       60.105531     0.028299758      0.15821207      0.15701322     -0.32573014      -0.32573014        253.8732                                 253.8732
              1       129.24743       60.105531     0.028299758      0.16579235      0.16737755     -0.32573014      -0.32573014       259.14632                                259.14632
              2       129.52334       60.090367     0.027700903      0.16606933      0.16739378     -0.32573014      -0.32573014       259.69813                                259.69813
              2       127.42016       60.051286     0.027122548      0.16251477      0.16006755     -0.32573014      -0.32573014       255.49177                                255.49177
              1       127.08468       60.051286     0.027122548      0.15920187       0.1605837     -0.32573014      -0.32573014       254.82082                                254.82082
              1       128.50451       60.051286     0.027122548      0.16455655      0.16481669     -0.32573014      -0.32573014       257.66049                                257.66049
              1       127.36356       60.108253     0.029327383      0.16396668        0.163807     -0.32573014      -0.32573014       255.37858                                255.37858
              1       128.05646       60.108253     0.029327383      0.16569265      0.14661291     -0.32573014      -0.32573014       256.76437                                256.76437
              4       128.17134       60.108253     0.029327383         0.16618      0.14666812     -0.32573014      -0.32573014       256.99415                                256.99415
              1       126.06227       60.108253     0.029327383       0.1556804      0.16129283     -0.32573014      -0.32573014       252.77601                                252.77601
              2       124.63842       60.021473     0.029375955      0.15295209      0.15898307     -0.32573014      -0.32573014       249.92829                                249.92829
              6        124.6108       60.021473     0.029375955      0.15890429      0.15548173     -0.32573014      -0.32573014       249.87307                                249.87307
              1       124.52346       60.021473     0.029375955      0.15666209      0.15762838     -0.32573014      -0.32573014       249.69838                                249.69838
              1        125.4489       60.021473     0.029375955       0.1481681      0.14890853     -0.32573014      -0.32573014       251.54927                                251.54927
              1       125.29608       60.021473     0.029375955      0.14895888      0.14907741     -0.32573014      -0.32573014       251.24363                                251.24363
              5       124.82595       60.021473     0.029375955       0.1568597      0.14961413     -0.32573014      -0.32573014       250.30337                                250.30337
              1       125.32479       60.021473     0.029375955      0.15537385      0.14651476     -0.32573014      -0.32573014       251.30104                                251.30104
              2       125.15473       60.021473     0.029375955       0.1625312       0.1545232     -0.32573014      -0.32573014       250.96091                                250.96091
              1       125.74428       60.021473     0.029375955      0.16249933      0.14816984     -0.32573014      -0.32573014       252.14002                                252.14002
              2       125.36741       60.021473     0.029375955      0.14870402         0.16128     -0.32573014      -0.32573014       251.38628                                251.38628
              2       125.05432       60.021473     0.029375955      0.14916939      0.15069074     -0.32573014      -0.32573014        250.7601                                 250.7601
              1       124.74993       60.021473     0.029375955      0.15762133      0.15955578     -0.32573014      -0.32573014       250.15133                                250.15133
              3       124.67427       60.025546     0.029531104      0.15758035      0.15948517     -0.32573014      -0.32573014       249.99999                                249.99999
              1       126.95379       60.023067      0.02683627      0.15885172      0.16118136     -0.32573014      -0.32573014       254.55905                                254.55905
              1       126.89553       60.023067      0.02683627      0.15328674      0.15226744     -0.32573014      -0.32573014       254.44252                                254.44252
              1       128.25628       60.023067      0.02683627      0.16668027      0.16107311     -0.32573014      -0.32573014       257.16402                                257.16402
              5        128.4079       60.040391      0.02696876      0.16675876       0.1611081     -0.32573014      -0.32573014       257.46725                                257.46725
              1       127.30855       60.040391      0.02696876      0.16058582      0.15136868     -0.32573014      -0.32573014       255.26856                                255.26856
              1       129.11453       60.040391      0.02696876      0.16991537      0.15700508     -0.32573014      -0.32573014       258.88053                                258.88053
              1       128.80021       60.040391      0.02696876      0.16414368      0.16655169     -0.32573014      -0.32573014       258.25189                                258.25189
              1       128.63273       60.008593      0.02665236      0.16403469      0.16653401     -0.32573014      -0.32573014       257.91692                                257.91692
              1        128.8196       60.025047     0.026702186      0.16414568      0.16661557     -0.32573014      -0.32573014       258.29067                                258.29067
              1       126.83005       60.025047     0.026702186       0.1539562      0.15767919     -0.32573014      -0.32573014       254.31156                                254.31156
              9       126.71111       60.202533      0.02985163      0.15390144      0.15689836     -0.32573014      -0.32573014       254.07368                                254.07368
              2        128.3777       60.117554     0.028281412      0.14928236       0.1654418     -0.32573014      -0.32573014       257.40686                                257.40686
              1       127.11093       60.117554     0.028281412      0.15289339      0.16065654     -0.32573014      -0.32573014       254.87333                                254.87333
              2       127.11713       60.117554     0.028281412      0.15876456      0.15169358     -0.32573014      -0.32573014       254.88573                                254.88573
              3        126.6471       60.061172     0.027637264      0.15241502      0.15639328     -0.32573014      -0.32573014       253.94565                                253.94565
              4       126.62733       60.061172     0.027637264      0.15263047      0.15641663     -0.32573014      -0.32573014       253.90612                                253.90612
              1       126.61542       60.061172     0.027637264      0.15276779       0.1564555     -0.32573014      -0.32573014        253.8823                                 253.8823
              1       127.92284       60.061172     0.027637264      0.16573341      0.15167367     -0.32573014      -0.32573014       256.49713                                256.49713
              1       126.99933       60.061172     0.027637264      0.15814301      0.15018882     -0.32573014      -0.32573014       254.65011                                254.65011
              1       127.73746       60.061172     0.027637264      0.16603102      0.15526735     -0.32573014      -0.32573014       256.12639                                256.12639
              1        128.1015       60.061172     0.027637264      0.15810129       0.1675488     -0.32573014      -0.32573014       256.85447                                256.85447
              1       127.07065       60.107872     0.029529609      0.15757705      0.16666712     -0.32573014      -0.32573014       254.79277                                254.79277
              2       127.22335       60.107872     0.029529609      0.16512571      0.16226646     -0.32573014      -0.32573014       255.09816                                255.09816
              1       125.98913       60.039051     0.029845412      0.16441023      0.16159206     -0.32573014      -0.32573014       252.62973                                252.62973
              1       124.81339       60.039051     0.029845412      0.16017049      0.15882973     -0.32573014      -0.32573014       250.27824                                250.27824
              3       124.81408       60.039051     0.029845412      0.16046649      0.15837689     -0.32573014      -0.32573014       250.27963                                250.27963
              1       125.11705       60.039051     0.029845412      0.15100513        0.162338     -0.32573014      -0.32573014       250.88555                                250.88555
              3        124.9147       60.039051     0.029845412      0.14960301      0.16000944     -0.32573014      -0.32573014       250.48086                                250.48086
              1       125.35495       60.039051     0.029845412      0.14619699      0.15855441     -0.32573014      -0.32573014       251.36137                                251.36137
              2       127.69578       60.188451     0.029665037      0.14750805      0.15969724     -0.32573014      -0.32573014       256.04303                                256.04303
              2       127.59998       60.188451     0.029665037      0.14842885      0.16073061     -0.32573014      -0.32573014       255.85141                                255.85141
              1        127.2521       60.188451     0.029665037      0.15148261      0.15099818     -0.32573014      -0.32573014       255.15565                                255.15565
              6       128.36705       60.131371     0.027361435       0.1521189      0.15206988     -0.32573014      -0.32573014       257.38557                                257.38557
              1       128.31106       60.131371     0.027361435      0.15204865      0.15260647     -0.32573014      -0.32573014       257.27358                                257.27358
              2       127.90115       60.131371     0.027361435      0.15414795      0.15510414     -0.32573014      -0.32573014       256.45376                                256.45376
              1        128.4773       60.240636     0.028610602      0.15438806       0.1548852     -0.32573014      -0.32573014       257.60606                                257.60606
              2       128.45832       60.239488     0.028612331      0.15437826      0.15487691     -0.32573014      -0.32573014       257.56809                                257.56809
              4       129.88207       60.239488     0.028612331      0.15784679      0.16876609     -0.32573014      -0.32573014        260.4156                                 260.4156
              1       129.96181       60.239488     0.028612331      0.14773785      0.16400633     -0.32573014      -0.32573014       260.57508                                260.57508
              1        128.8334       60.239488     0.028612331      0.15114538      0.16012192     -0.32573014      -0.32573014       258.31826                                258.31826
              1       127.47411       60.113904     0.028045266      0.15044366      0.15975415     -0.32573014      -0.32573014       255.59968                                255.59968
              1       127.04545       60.113904     0.028045266      0.15442918      0.15381398     -0.32573014      -0.32573014       254.74236                                254.74236
              6       125.45868       60.037734     0.028758829       0.1598694      0.15712927     -0.32573014      -0.32573014       251.56881                                251.56881
              2       126.20287       60.129955     0.029433737      0.16025801      0.15721502     -0.32573014      -0.32573014        253.0572                                 253.0572
              7        125.9637       60.129955     0.029433737      0.15642419      0.15459444     -0.32573014      -0.32573014       252.57887                                252.57887
              1       126.01608       60.129955     0.029433737       0.1541448      0.15797068     -0.32573014      -0.32573014       252.68363                                252.68363
              1        125.2326       60.003142     0.028217834      0.15375149      0.15805801     -0.32573014      -0.32573014       251.11665                                251.11665
              1       125.20801       60.003142     0.028217834      0.15427034       0.1579365     -0.32573014      -0.32573014       251.06748                                251.06748
              5       124.66948       60.007557     0.028971914      0.15413873      0.15823571     -0.32573014      -0.32573014       249.99042                                249.99042
              1       124.61973       60.007557     0.028971914      0.15553445      0.15756968     -0.32573014      -0.32573014       249.89092                                249.89092
              3       125.84739       60.007557     0.028971914      0.16360205      0.16042265     -0.32573014      -0.32573014       252.34624                                252.34624
              1        125.8126       60.007557     0.028971914      0.16482722      0.15654063     -0.32573014      -0.32573014       252.27666                                252.27666
              1       125.27849       60.007557     0.028971914       0.1598334      0.14930272     -0.32573014      -0.32573014       251.20844                                251.20844
              1        125.0159       60.007557     0.028971914      0.15962247      0.15908882     -0.32573014      -0.32573014       250.68326                                250.68326
              8       124.90273       60.007557     0.028971914      0.15863716      0.15900811     -0.32573014      -0.32573014       250.45692                                250.45692
              1       124.69245       60.007557     0.028971914      0.15255993       0.1526677     -0.32573014      -0.32573014       250.03636                                250.03636
              9       124.94405        60.02566     0.028991513      0.15269154      0.15276503     -0.32573014      -0.32573014       250.53956                                250.53956
              1          125.14        60.02566     0.028991513      0.15690004      0.15034921     -0.32573014      -0.32573014       250.93146                                250.93146
              4       125.52833        60.02566     0.028991513      0.14748255      0.15543981     -0.32573014      -0.32573014       251.70812                                251.70812
              3       124.81291        60.02566     0.028991513        0.153847      0.15472793     -0.32573014      -0.32573014       250.27729                                250.27729
              1        125.2773        60.02566     0.028991513      0.15080107      0.15979883     -0.32573014      -0.32573014       251.20607                                251.20607
              6       125.23653        60.02566     0.028991513      0.15574253      0.14938067     -0.32573014      -0.32573014       251.12452                                251.12452
              2       125.21421        60.02566     0.028991513      0.15721599       0.1499016     -0.32573014      -0.32573014       251.07989                                251.07989
              1       124.83111        60.02566     0.028991513      0.15528497      0.15348589     -0.32573014      -0.32573014       250.31368                                250.31368
              3       125.55621        60.02566     0.028991513      0.15933227      0.16185503     -0.32573014      -0.32573014       251.76388                                251.76388
              1       125.85741        60.02566     0.028991513      0.15644567      0.16442821     -0.32573014      -0.32573014       252.36628                                252.36628
              1       126.79716        60.02566     0.028991513      0.14860343      0.16612463     -0.32573014      -0.32573014       254.24578                                254.24578
              2        125.7577        60.02566     0.028991513       0.1637767      0.15452556     -0.32573014      -0.32573014       252.16685                                252.16685
              1        128.4895        60.02566     0.028991513      0.14491727      0.14155873     -0.32573014      -0.32573014       257.63047                                257.63047
              3       126.45056        60.02566     0.028991513      0.14473789      0.15048338     -0.32573014      -0.32573014       253.55257                                253.55257
              3       128.74915        60.02566     0.028991513      0.13748926      0.15461357     -0.32573014      -0.32573014       258.14976                                258.14976
              1       125.72534        60.02566     0.028991513      0.15021744      0.16240558     -0.32573014      -0.32573014       252.10215                                252.10215
              2       126.00843        60.02566     0.028991513      0.16421336      0.15887115     -0.32573014      -0.32573014       252.66832                                252.66832
              1       124.79619        60.02566     0.028991513      0.15516037      0.15607914     -0.32573014      -0.32573014       250.24384                                250.24384
              1       124.82291        60.02566     0.028991513      0.15673252      0.15534983     -0.32573014      -0.32573014       250.29727                                250.29727
              3       126.44124       60.058404     0.027661082      0.15764001      0.15649983     -0.32573014      -0.32573014       253.53394                                253.53394
              1       126.61422       60.058404     0.027661082      0.15660823      0.15230763     -0.32573014      -0.32573014       253.87991                                253.87991
              4       126.79747       60.058404     0.027661082      0.16101747      0.15382076     -0.32573014      -0.32573014        254.2464                                 254.2464
              2       127.79194       60.006529     0.026997778      0.16537865      0.15023064     -0.32573014      -0.32573014       256.23534                                256.23534
              1       129.73126       60.006529     0.026997778       0.1468849      0.14217658     -0.32573014      -0.32573014       260.11397                                260.11397
              2        129.7588       60.011056      0.02705451       0.1468924      0.14216396     -0.32573014      -0.32573014       260.16906                                260.16906
              1       130.64353        60.12571     0.028260164      0.14719588      0.14200918     -0.32573014      -0.32573014       261.93853                                261.93853
              2       130.33383        60.12571     0.028260164      0.15134445      0.14084677     -0.32573014      -0.32573014       261.31913                                261.31913
              1       127.49211        60.12571     0.028260164      0.16196337      0.15252101     -0.32573014      -0.32573014       255.63568                                255.63568
              3       128.00048       60.255014     0.029299025      0.15453038      0.15586524     -0.32573014      -0.32573014       256.65242                                256.65242
              1       127.73546       60.233247      0.02922754      0.15439561      0.15578238     -0.32573014      -0.32573014       256.12238                                256.12238
              2       129.65262       60.250121     0.027304254      0.15546987      0.15725755     -0.32573014      -0.32573014        259.9567                                 259.9567
              1       129.61202       60.250121     0.027304254      0.15613232      0.15739306     -0.32573014      -0.32573014       259.87549                                259.87549
              1       125.63008       60.070171     0.028811817       0.1539897       0.1552117     -0.32573014      -0.32573014       251.91162                                251.91162
              3       125.73776       60.070171     0.028811817      0.15264845      0.15746132     -0.32573014      -0.32573014       252.12699                                252.12699
              1       125.81546       60.070171     0.028811817      0.15416415      0.15976306     -0.32573014      -0.32573014       252.28237                                252.28237
              2       126.24493       60.066261     0.028259557      0.15440432      0.16013282     -0.32573014      -0.32573014       253.14132                                253.14132
              3       128.66871       60.066261     0.028259557       0.1691871      0.16162102     -0.32573014      -0.32573014       257.98888                                257.98888
              1       128.39072       60.066261     0.028259557      0.16821362      0.16190831     -0.32573014      -0.32573014       257.43289                                257.43289
              1        127.6402       60.066261     0.028259557      0.14702576      0.14894122     -0.32573014      -0.32573014       255.93186                                255.93186
              1       126.34819       60.066261     0.028259557      0.15071965      0.15654703     -0.32573014      -0.32573014       253.34785                                253.34785
              4       127.73663       60.066261     0.028259557      0.14468685       0.1593743     -0.32573014      -0.32573014       256.12471                                256.12471
              1       127.01135       60.066261     0.028259557      0.14754941      0.15919172     -0.32573014      -0.32573014       254.67417                                254.67417
              8       127.99913       60.018662     0.026338291      0.14811975      0.16026905     -0.32573014      -0.32573014       256.64971                                256.64971
              1       128.18637       60.018662     0.026338291      0.14663006      0.15755715     -0.32573014      -0.32573014        257.0242                                 257.0242
              2       129.50208       60.018662     0.026338291      0.14229365      0.15600935     -0.32573014      -0.32573014       259.65562                                259.65562
              1       129.14055       60.020457     0.026795301      0.14208366      0.15569451     -0.32573014      -0.32573014       258.93257                                258.93257
              1       127.39236       60.020457     0.026795301      0.14998994      0.15146987     -0.32573014      -0.32573014       255.43618                                255.43618
              3       128.77661       60.020457     0.026795301       0.1436047      0.15283608     -0.32573014      -0.32573014       258.20467                                258.20467
              4       127.81677       60.005684     0.027655529      0.14306785      0.15213186     -0.32573014      -0.32573014         256.285                                  256.285
              2       127.89433       60.003099     0.027517282      0.14311544      0.15221454     -0.32573014      -0.32573014       256.44012                                256.44012
              1       127.98783       60.005626     0.027452975      0.14316667      0.15227594     -0.32573014      -0.32573014       256.62711                                256.62711
              1        128.7966       60.005626     0.027452975      0.17088206      0.15793268     -0.32573014      -0.32573014       258.24466                                258.24466
              2       129.30099       60.134226     0.028977201      0.17113819      0.15763648     -0.32573014      -0.32573014       259.25343                                259.25343
              3       127.87454       60.134226     0.028977201      0.15804391      0.16698746     -0.32573014      -0.32573014       256.40054                                256.40054
              4       128.71311       60.134226     0.028977201      0.14878166      0.16772715     -0.32573014      -0.32573014       258.07768                                258.07768
              4       126.85426       60.134226     0.028977201      0.15974853       0.1514796     -0.32573014      -0.32573014       254.35998                                254.35998
              2       127.92518        60.16972      0.02832903      0.15704168      0.16292008     -0.32573014      -0.32573014       256.50182                                256.50182
              1       127.56682        60.16972      0.02832903       0.1545853      0.15845926     -0.32573014      -0.32573014       255.78509                                255.78509
              2       128.09416        60.16972      0.02832903      0.15933207      0.16346545     -0.32573014      -0.32573014       256.83979                                256.83979
              1       129.87205        60.16972      0.02832903      0.14677033      0.16641154     -0.32573014      -0.32573014       260.39555                                260.39555
              2       129.38381       60.200841     0.029343271      0.14651601      0.16587967     -0.32573014      -0.32573014       259.41908                                259.41908
              1        128.1035       60.200841     0.029343271      0.16152248      0.16432391     -0.32573014      -0.32573014       256.85846                                256.85846
              4       127.92191       60.115745     0.028221072      0.16140867      0.16460091     -0.32573014      -0.32573014       256.49528                                256.49528
              6       127.91477       60.153882     0.029642119       0.1630372      0.16575891     -0.32573014      -0.32573014       256.48099                                256.48099
              1       127.55708       60.153882     0.029642119      0.15713784      0.16681317     -0.32573014      -0.32573014       255.76563                                255.76563
              1       126.21452       60.069021     0.029833605      0.15638201      0.16615488     -0.32573014      -0.32573014       253.08051                                253.08051
              1       128.61542       60.069021     0.029833605      0.16948491      0.14526716     -0.32573014      -0.32573014        257.8823                                 257.8823
             11       124.92856       60.069021     0.029833605      0.15090423       0.1560961     -0.32573014      -0.32573014       250.50859                                250.50859
              2       126.23411       60.069021     0.029833605       0.1574906      0.14450087     -0.32573014      -0.32573014       253.11968                                253.11968
              1       125.75963       60.069021     0.029833605       0.1641402      0.15592371     -0.32573014      -0.32573014       252.17073                                252.17073
              4       125.66585       60.069021     0.029833605      0.14662147      0.15310286     -0.32573014      -0.32573014       251.98316                                251.98316
              2       124.90486       60.069021     0.029833605      0.15696602      0.15172631     -0.32573014      -0.32573014       250.46117                                250.46117
              1       124.89821       60.069021     0.029833605      0.15868699      0.15374445     -0.32573014      -0.32573014       250.44788                                250.44788
              5       124.82393       60.069021     0.029833605      0.15772363      0.15686957     -0.32573014      -0.32573014       250.29931                                250.29931
              3       125.30348       60.069021     0.029833605      0.15265342      0.16175476     -0.32573014      -0.32573014       251.25841                                251.25841
              2       124.90928       60.069021     0.029833605      0.15344069      0.15900322     -0.32573014      -0.32573014       250.47003                                250.47003
              2       127.25436       60.069021     0.029833605      0.15611859      0.16947423     -0.32573014      -0.32573014       255.16018                                255.16018
              2       126.96781       60.019785      0.02925351       0.1532609      0.16908862     -0.32573014      -0.32573014       254.58709                                254.58709
              5       125.12383       60.019785      0.02925351      0.15185516      0.16158508     -0.32573014      -0.32573014       250.89912                                250.89912
              3       125.95747       60.019785      0.02925351      0.14415136      0.15555039     -0.32573014      -0.32573014        252.5664                                 252.5664
              3       125.63514       60.109031     0.029927833      0.15296181      0.16092429     -0.32573014      -0.32573014       251.92174                                251.92174
              1       125.74787       60.109031     0.029927833      0.15076285      0.16026013     -0.32573014      -0.32573014        252.1472                                 252.1472
              3       125.45352       60.109031     0.029927833       0.1598031       0.1556962     -0.32573014      -0.32573014        251.5585                                 251.5585
              1       125.75118       60.128678      0.02991162      0.15996431      0.15582855     -0.32573014      -0.32573014       252.15382                                252.15382
              2       126.50916       60.128678      0.02991162      0.16443411      0.15573062     -0.32573014      -0.32573014       253.66978                                253.66978
              3       126.39391       60.128678      0.02991162      0.15258447      0.14789716     -0.32573014      -0.32573014       253.43928                                253.43928
              4       126.27964       60.128678      0.02991162      0.16052594      0.14971022     -0.32573014      -0.32573014       253.21074                                253.21074
              2       127.12667       60.107377     0.028508505      0.16104746      0.15057976     -0.32573014      -0.32573014       254.90479                                254.90479
              1       127.58299       60.107377     0.028508505       0.1634249      0.15002587     -0.32573014      -0.32573014       255.81745                                255.81745
              1       126.87486       60.107377     0.028508505      0.16106012      0.15274966     -0.32573014      -0.32573014       254.40118                                254.40118
              2       126.92163       60.107384     0.028453271      0.16108725      0.15278909     -0.32573014      -0.32573014       254.49472                                254.49472
              3       127.12543       60.107384     0.028453271      0.16334981       0.1572303     -0.32573014      -0.32573014       254.90232                                254.90232
              1       126.49454       60.152161     0.029934386      0.16297319      0.15644947     -0.32573014      -0.32573014       253.64054                                253.64054
              4       125.90706       60.152161     0.029934386      0.15789161      0.15464329     -0.32573014      -0.32573014       252.46557                                252.46557
              4       125.84811       60.152161     0.029934386       0.1559581      0.15467857     -0.32573014      -0.32573014       252.34768                                252.34768
              1       128.62367       60.152161     0.029934386       0.1632528      0.16882482     -0.32573014      -0.32573014       257.89879                                257.89879
              1       128.25784       60.152161     0.029934386      0.16549438      0.16581843     -0.32573014      -0.32573014       257.16715                                257.16715
              2       126.84151       60.152161     0.029934386      0.16294576       0.1612791     -0.32573014      -0.32573014       254.33449                                254.33449
              5       126.76277       60.152161     0.029934386       0.1609777      0.14913046     -0.32573014      -0.32573014         254.177                                  254.177
              1       126.33288       60.152161     0.029934386      0.15782662      0.14997689     -0.32573014      -0.32573014       253.31721                                253.31721
              2       126.41314       60.152161     0.029934386      0.16197917      0.15867174     -0.32573014      -0.32573014       253.47775                                253.47775
              2       126.31218       60.152161     0.029934386      0.15575798      0.14975446     -0.32573014      -0.32573014       253.27583                                253.27583
              1       126.37561       60.152161     0.029934386      0.15630075      0.14938416     -0.32573014      -0.32573014       253.40267                                253.40267
              6       126.67079       60.139646     0.029336103      0.15649635      0.14973382     -0.32573014      -0.32573014       253.99304                                253.99304
             10        126.7568       60.139646     0.029336103      0.15049199      0.16043607     -0.32573014      -0.32573014       254.16506                                254.16506
              1       126.75997       60.139646     0.029336103       0.1500203       0.1597785     -0.32573014      -0.32573014        254.1714                                 254.1714
              1       126.35415       60.139646     0.029336103      0.15996784      0.15599316     -0.32573014      -0.32573014       253.35976                                253.35976
              1       128.38109       60.139646     0.029336103      0.14597201      0.16491804     -0.32573014      -0.32573014       257.41363                                257.41363
              2        128.3906       60.139646     0.029336103      0.14622322       0.1652417     -0.32573014      -0.32573014       257.43266                                257.43266
              2       126.40329       60.139646     0.029336103      0.15318309       0.1526104     -0.32573014      -0.32573014       253.45805                                253.45805
              3       126.37192       60.088064     0.028476045      0.15321649      0.15289266     -0.32573014      -0.32573014        253.3953                                 253.3953
              1       127.45094       60.088064     0.028476045      0.15974428      0.16558839     -0.32573014      -0.32573014       255.55334                                255.55334
              2       126.98861       60.088064     0.028476045      0.16259741      0.15145112     -0.32573014      -0.32573014       254.62868                                254.62868
              1       126.61985       60.045566     0.028166873      0.16243094      0.15139739     -0.32573014      -0.32573014       253.89117                                253.89117
              5       126.95076       60.045566     0.028166873      0.16204927      0.14872211     -0.32573014      -0.32573014       254.55298                                254.55298
              1       127.06742       60.045566     0.028166873      0.16321148      0.14922933     -0.32573014      -0.32573014       254.78629                                254.78629
              2       129.75436       60.102909     0.026351677      0.15184078      0.14770618     -0.32573014      -0.32573014       260.16018                                260.16018
              1       129.25112       60.069455     0.026319398      0.15160719      0.14751258     -0.32573014      -0.32573014        259.1537                                 259.1537
              3       129.87355       60.069455     0.026319398      0.15392101      0.14442164     -0.32573014      -0.32573014       260.39856                                260.39856
              1       127.90113       60.069455     0.026319398      0.15332034      0.15740898     -0.32573014      -0.32573014       256.45373                                256.45373
              1       128.51465       60.002311     0.024467853      0.15371937      0.15830107     -0.32573014      -0.32573014       257.68077                                257.68077
              1       128.31833       60.071443     0.025878641      0.15354923      0.15773777     -0.32573014      -0.32573014       257.28811                                257.28811
              2       127.35003       60.036389     0.026369789      0.15304949      0.15715864     -0.32573014      -0.32573014       255.35153                                255.35153
              2       127.32367       60.036389     0.026369789      0.15351899      0.15568808     -0.32573014      -0.32573014       255.29879                                255.29879
              6       127.76085       60.036389     0.026369789      0.15196916      0.16166325     -0.32573014      -0.32573014       256.17316                                256.17316
              2       128.28495       60.232472     0.029026154      0.15213994      0.16102966     -0.32573014      -0.32573014       257.22136                                257.22136
              3       127.34466       60.184145     0.029279194      0.15165695       0.1605352     -0.32573014      -0.32573014       255.34078                                255.34078
              2       127.52784       60.184145     0.029279194      0.14983893      0.15964104     -0.32573014      -0.32573014       255.70713                                255.70713
              5       127.38067       60.184145     0.029279194      0.15861294      0.15060152     -0.32573014      -0.32573014       255.41281                                255.41281
              1       125.02666         60.0488     0.029680603      0.15740952      0.14943695     -0.32573014      -0.32573014       250.70477                                250.70477
              1       125.35798         60.0488     0.029680603      0.16263875      0.15746022     -0.32573014      -0.32573014       251.36742                                251.36742
              3       125.89947         60.0488     0.029680603      0.16123413      0.16342283     -0.32573014      -0.32573014       252.45039                                252.45039
              1       126.09529       60.053919      0.02956019      0.16028821       0.1643291     -0.32573014      -0.32573014       252.84203                                252.84203
              1       126.17516       60.084869     0.029947575      0.16033066      0.16425195     -0.32573014      -0.32573014       253.00177                                253.00177
              2       125.39621       60.084869     0.029947575      0.15449704      0.14869899     -0.32573014      -0.32573014       251.44389                                251.44389
              1       126.53504       60.084869     0.029947575      0.16286002      0.14670761     -0.32573014      -0.32573014       253.72154                                253.72154
              1       124.99263       60.084869     0.029947575      0.15178923      0.15645333     -0.32573014      -0.32573014       250.63671                                250.63671
              3       125.31072       60.084869     0.029947575      0.15199124      0.16062661     -0.32573014      -0.32573014       251.27289                                251.27289
              3       125.31434       60.016022     0.028848617      0.16150701      0.15647961     -0.32573014      -0.32573014       251.28015                                251.28015
              1       124.78514       60.016022     0.028848617      0.15545772      0.15631376     -0.32573014      -0.32573014       250.22174                                250.22174
              3       125.04464       60.020521     0.028622456      0.15560109      0.15650501     -0.32573014      -0.32573014       250.74073                                250.74073
              3       127.38352       60.038348     0.027608874      0.16341811       0.1625104     -0.32573014      -0.32573014        255.4185                                 255.4185
              3       127.69526       60.038348     0.027608874      0.14571712      0.16018402     -0.32573014      -0.32573014       256.04199                                256.04199
              2       126.94996       60.038348     0.027608874      0.14967749      0.16096252     -0.32573014      -0.32573014       254.55139                                254.55139
              1       127.63779       60.038348     0.027608874      0.15138793      0.16597547     -0.32573014      -0.32573014       255.92705                                255.92705
              2       127.15236       60.038348     0.027608874      0.15486759      0.14732625     -0.32573014      -0.32573014       254.95618                                254.95618
              1       126.41385       60.059917     0.028919108      0.15439191      0.14652688     -0.32573014      -0.32573014       253.47917                                253.47917
              1        126.3887       60.059917     0.028919108      0.16066143      0.14824754     -0.32573014      -0.32573014       253.42885                                253.42885
              4       127.53492       60.059917     0.028919108      0.16286296      0.14480364     -0.32573014      -0.32573014        255.7213                                 255.7213
              1       128.06425       60.059917     0.028919108      0.16662159      0.14622238     -0.32573014      -0.32573014       256.77997                                256.77997
              1       126.23293       60.059917     0.028919108      0.16367719      0.15446267     -0.32573014      -0.32573014       253.11731                                253.11731
              3       127.42941       60.059917     0.028919108      0.16755022      0.15974382     -0.32573014      -0.32573014       255.51027                                255.51027
              1       125.96665       60.059917     0.028919108      0.16225926      0.15703858     -0.32573014      -0.32573014       252.58476                                252.58476
              8       125.74379       60.059917     0.028919108      0.16079071      0.15414612     -0.32573014      -0.32573014       252.13904                                252.13904
              1       125.96992       60.059917     0.028919108      0.15248995      0.16201568     -0.32573014      -0.32573014        252.5913                                 252.5913
              2       127.16246       60.059917     0.028919108      0.14387065      0.15279603     -0.32573014      -0.32573014       254.97638                                254.97638
              1       125.95011       60.059917     0.028919108      0.15878413      0.14962965     -0.32573014      -0.32573014       252.55168                                252.55168
              1       125.13782       60.036298     0.029086763      0.15988698      0.15541454     -0.32573014      -0.32573014       250.92709                                250.92709
              2       126.49227       60.036298     0.029086763      0.16140192      0.16487825     -0.32573014      -0.32573014         253.636                                  253.636
              2        126.4186       60.036298     0.029086763      0.15159764      0.14476784     -0.32573014      -0.32573014       253.48865                                253.48865
              2        124.8682       60.036298     0.029086763       0.1561364      0.15468555     -0.32573014      -0.32573014       250.38787                                250.38787
              1       124.86411       60.036298     0.029086763        0.156193      0.15536147     -0.32573014      -0.32573014       250.37968                                250.37968
              7       124.51708       60.034787     0.029482947      0.15598931      0.15506772     -0.32573014      -0.32573014       249.68562                                249.68562
              2       124.83092       60.034787     0.029482947      0.15034887      0.15292844     -0.32573014      -0.32573014       250.31329                                250.31329
              1       124.69302       60.034787     0.029482947      0.15227751      0.15230263     -0.32573014      -0.32573014        250.0375                                 250.0375
              9       124.87907       60.034787     0.029482947      0.16034192      0.15553977     -0.32573014      -0.32573014        250.4096                                 250.4096
              3       128.17477       60.034787     0.029482947      0.16848081      0.14486557     -0.32573014      -0.32573014       257.00099                                257.00099
              1       128.92607       60.034787     0.029482947      0.17299974       0.1506324     -0.32573014      -0.32573014        258.5036                                 258.5036
              1        125.0603       60.034787     0.029482947      0.16143656      0.15398881     -0.32573014      -0.32573014       250.77206                                250.77206
              2       126.28815       60.034787     0.029482947      0.15835474      0.14373673     -0.32573014      -0.32573014       253.22776                                253.22776
              1        125.7768       60.034787     0.029482947      0.16450811       0.1579926     -0.32573014      -0.32573014       252.20506                                252.20506
              1       125.28735       60.034787     0.029482947      0.16244881      0.15736688     -0.32573014      -0.32573014       251.22616                                251.22616
              4       125.24133       60.034787     0.029482947      0.15735519      0.16240121     -0.32573014      -0.32573014       251.13413                                251.13413
              2       125.23908       60.034787     0.029482947      0.15731074      0.16240381     -0.32573014      -0.32573014       251.12961                                251.12961
              3       125.38499       60.034787     0.029482947      0.15851458      0.14758423     -0.32573014      -0.32573014       251.42145                                251.42145
              3       125.66029       60.034787     0.029482947      0.15732431      0.14585498     -0.32573014      -0.32573014       251.97205                                251.97205
              1       125.17979       60.034787     0.029482947      0.16157533      0.15214414     -0.32573014      -0.32573014       251.01105                                251.01105
              6       124.66373       60.034787     0.029482947      0.15817229      0.15368614     -0.32573014      -0.32573014       249.97892                                249.97892
              3       125.48096       60.034787     0.029482947      0.15474605      0.14632139     -0.32573014      -0.32573014       251.61338                                251.61338
              2       127.07695       60.034787     0.029482947      0.16857844      0.15119233     -0.32573014      -0.32573014       254.80537                                254.80537
              4       127.40561       60.034787     0.029482947      0.16847656      0.14846709     -0.32573014      -0.32573014       255.46269                                255.46269
              1       124.97024       60.034787     0.029482947       0.1558548      0.16116436     -0.32573014      -0.32573014       250.59194                                250.59194
              1       125.05464       60.034787     0.029482947      0.15381528      0.16166971     -0.32573014      -0.32573014       250.76075                                250.76075
              5       124.73209       60.034787     0.029482947      0.15560024      0.15935647     -0.32573014      -0.32573014       250.11564                                250.11564
              1       125.09585       60.034787     0.029482947      0.16032187       0.1593361     -0.32573014      -0.32573014       250.84316                                250.84316
              5       125.60689       60.034787     0.029482947      0.16039162      0.16272023     -0.32573014      -0.32573014       251.86524                                251.86524
              1       125.06524       60.034787     0.029482947      0.15969358      0.15048512     -0.32573014      -0.32573014       250.78195                                250.78195
              2       125.20509       60.034787     0.029482947      0.16134296      0.15888905     -0.32573014      -0.32573014       251.06165                                251.06165
              3       126.40328       60.034787     0.029482947      0.16667973       0.1518302     -0.32573014      -0.32573014       253.45802                                253.45802
              1       126.34775       60.034787     0.029482947      0.16661781      0.15230941     -0.32573014      -0.32573014       253.34696                                253.34696
              1       125.46612       60.025938     0.029324156      0.16293617      0.15182077     -0.32573014      -0.32573014        251.5837                                 251.5837
              2       125.07889       60.025938     0.029324156      0.16142599      0.15671149     -0.32573014      -0.32573014       250.80924                                250.80924
              1       124.93059       60.025938     0.029324156      0.16050801      0.15652838     -0.32573014      -0.32573014       250.51264                                250.51264
              9       124.82572       60.025938     0.029324156      0.15983726      0.15599262     -0.32573014      -0.32573014       250.30289                                250.30289
              1       125.11681       60.025938     0.029324156      0.16180258      0.15575053     -0.32573014      -0.32573014       250.88509                                250.88509
              3       126.60156       60.025938     0.029324156      0.14443205       0.1625379     -0.32573014      -0.32573014       253.85458                                253.85458
              3       125.56981       60.025938     0.029324156      0.16014881       0.1626698     -0.32573014      -0.32573014       251.79109                                251.79109
              2       124.85412       60.025938     0.029324156      0.15619787      0.16022141     -0.32573014      -0.32573014        250.3597                                 250.3597
              3       124.85203       60.025938     0.029324156      0.15641691      0.16014407     -0.32573014      -0.32573014       250.35553                                250.35553
              1       125.86291       60.025938     0.029324156       0.1449902      0.15788895     -0.32573014      -0.32573014       252.37727                                252.37727
              1       126.03796       60.025938     0.029324156      0.14679887       0.1477526     -0.32573014      -0.32573014       252.72739                                252.72739
              1       126.72268       60.025938     0.029324156      0.16617042      0.14823001     -0.32573014      -0.32573014       254.09682                                254.09682
              3       126.41327       60.025938     0.029324156      0.15991409      0.14390914     -0.32573014      -0.32573014       253.47801                                253.47801
              1       126.35262       60.025534      0.02939303      0.15987762      0.14385716     -0.32573014      -0.32573014        253.3567                                 253.3567
              1       126.31227       60.025534      0.02939303      0.16332748      0.16383349     -0.32573014      -0.32573014       253.27601                                253.27601
              2       126.68989       60.050654     0.029423339      0.14503016       0.1622943     -0.32573014      -0.32573014       254.03123                                254.03123
              1       125.70546       60.050654     0.029423339      0.15134502      0.14763468     -0.32573014      -0.32573014       252.06238                                252.06238
              2       125.58677       60.050654     0.029423339      0.15431923      0.14736381     -0.32573014      -0.32573014         251.825                                  251.825
              1       126.11547       60.050654     0.029423339      0.16509897      0.15741835     -0.32573014      -0.32573014       252.88239                                252.88239
              1       125.86004       60.050654     0.029423339      0.14965666      0.16276501     -0.32573014      -0.32573014       252.37153                                252.37153
              1       125.41716       60.050654     0.029423339      0.15310852      0.16212005     -0.32573014      -0.32573014       251.48579                                251.48579
              1        125.1891        60.04164     0.029535765      0.15298675      0.16198106     -0.32573014      -0.32573014       251.02966                                251.02966
              1       125.39515        60.04164     0.029535765      0.15347123      0.16319978     -0.32573014      -0.32573014       251.44176                                251.44176
              5       125.35358        60.04048     0.029564192      0.15344879      0.16317189     -0.32573014      -0.32573014       251.35861                                251.35861
              2       125.19614        60.04048     0.029564192      0.15594116      0.16243296     -0.32573014      -0.32573014       251.04374                                251.04374
              1       124.99129        60.04048     0.029564192      0.15162376      0.16031653     -0.32573014      -0.32573014       250.63405                                250.63405
              1       124.70679        60.04048     0.029564192      0.15716085        0.158337     -0.32573014      -0.32573014       250.06504                                250.06504
              2       124.84041       60.050722     0.029578215      0.15723034       0.1583933     -0.32573014      -0.32573014       250.33228                                250.33228
              1       124.88537       60.034866     0.029265932      0.15726388       0.1585144     -0.32573014      -0.32573014        250.4222                                 250.4222
              2       125.28856       60.034866     0.029265932      0.15565405      0.14837221     -0.32573014      -0.32573014       251.22859                                251.22859
              1       124.85118        60.03025     0.029379964      0.15644314      0.16002149     -0.32573014      -0.32573014       250.35381                                250.35381
              2       125.20277        60.03025     0.029379964      0.15166607      0.16171912     -0.32573014      -0.32573014         251.057                                  251.057
              1       125.79916        60.03025     0.029379964      0.14909945      0.14697513     -0.32573014      -0.32573014       252.24978                                252.24978
              4       125.79913       60.033414     0.029440141       0.1490938       0.1469525     -0.32573014      -0.32573014       252.24973                                252.24973
              1       125.66057       60.033414     0.029440141      0.14962069      0.14726701     -0.32573014      -0.32573014       251.97261                                251.97261
              3       125.09462       60.033414     0.029440141      0.14839129      0.15668323     -0.32573014      -0.32573014        250.8407                                 250.8407
              5       125.59141       60.033414     0.029440141      0.16396562      0.15356373     -0.32573014      -0.32573014       251.83428                                251.83428
              3       125.44288       60.033414     0.029440141      0.16324594      0.15331496     -0.32573014      -0.32573014       251.53722                                251.53722
              2       125.46453       60.033414     0.029440141      0.16353903      0.15491135     -0.32573014      -0.32573014       251.58052                                251.58052
              1        124.7742       60.033414     0.029440141      0.15299175      0.15109226     -0.32573014      -0.32573014       250.19986                                250.19986
              1       124.52391       60.033414     0.029440141      0.15468879      0.15458241     -0.32573014      -0.32573014       249.69928                                249.69928
              1          124.44       60.029938     0.029479243      0.15464366      0.15453094     -0.32573014      -0.32573014       249.53145                                249.53145
              3       124.44002       60.029935     0.029479158      0.15464367      0.15453097     -0.32573014      -0.32573014        249.5315                                 249.5315
              2       124.72684       60.029935     0.029479158      0.15063775      0.15731498     -0.32573014      -0.32573014       250.10514                                250.10514
              1        124.5618       60.029935     0.029479158      0.15662523      0.15773824     -0.32573014      -0.32573014       249.77506                                249.77506
              3       128.18454       60.029935     0.029479158      0.15563052      0.17234516     -0.32573014      -0.32573014       257.02054                                257.02054
              1       130.11246       60.029935     0.029479158       0.1690951      0.17079606     -0.32573014      -0.32573014       260.87639                                260.87639
              2       130.29756       60.029935     0.029479158      0.17376375      0.16531876     -0.32573014      -0.32573014       261.24659                                261.24659
              1       127.63749       60.029935     0.029479158      0.16692053      0.16546975     -0.32573014      -0.32573014       255.92645                                255.92645
              2       125.28213       60.029935     0.029479158      0.16005459      0.16143631     -0.32573014      -0.32573014       251.21571                                251.21571
              3        125.7105       60.029935     0.029479158      0.14911393      0.16332206     -0.32573014      -0.32573014       252.07247                                252.07247
              1       126.37048       60.029935     0.029479158      0.14268537      0.15336131     -0.32573014      -0.32573014       253.39242                                253.39242
              2       125.86833       60.029935     0.029479158      0.14856442      0.14652613     -0.32573014      -0.32573014       252.38812                                252.38812
              1       125.73897       60.029935     0.029479158        0.146264      0.14977364     -0.32573014      -0.32573014       252.12939                                252.12939
              1       125.64312       60.029935     0.029479158      0.15240539       0.1456205     -0.32573014      -0.32573014        251.9377                                 251.9377
              1       125.23659       60.029935     0.029479158      0.15348305      0.14724084     -0.32573014      -0.32573014       251.12463                                251.12463
              1       124.91848       60.029935     0.029479158       0.1550794      0.14890234     -0.32573014      -0.32573014       250.48843                                250.48843
              1       124.59076       60.029935     0.029479158      0.15263574      0.15778941     -0.32573014      -0.32573014       249.83299                                249.83299
              2       125.37597       60.029935     0.029479158      0.14634274      0.15602001     -0.32573014      -0.32573014        251.4034                                 251.4034
              3       124.67332       60.029935     0.029479158      0.15914366      0.15438859     -0.32573014      -0.32573014       249.99811                                249.99811
              5       127.47069       60.029935     0.029479158      0.14495359      0.14320739     -0.32573014      -0.32573014       255.59284                                255.59284
              1       124.61776       60.029935     0.029479158        0.154014      0.15138972     -0.32573014      -0.32573014       249.88697                                249.88697
              1       125.86001       60.029935     0.029479158      0.16292375      0.14819251     -0.32573014      -0.32573014       252.37147                                252.37147
              2       126.30432       60.029935     0.029479158      0.16653366      0.15839858     -0.32573014      -0.32573014        253.2601                                 253.2601
              7       125.11649       60.029935     0.029479158      0.15017045      0.16072315     -0.32573014      -0.32573014       250.88444                                250.88444
              4       126.89266       60.029935     0.029479158      0.14140461      0.15175315     -0.32573014      -0.32573014       254.43677                                254.43677
              1       126.19418       60.029935     0.029479158      0.15087722      0.14398078     -0.32573014      -0.32573014       253.03982                                253.03982
              3       124.80227       60.029935     0.029479158      0.16015259      0.15409752     -0.32573014      -0.32573014       250.25601                                250.25601
              1       125.04181       60.029935     0.029479158      0.14888526      0.15166773     -0.32573014      -0.32573014       250.73508                                250.73508
              8       124.85109       60.029935     0.029479158      0.14998794      0.15213481     -0.32573014      -0.32573014       250.35364                                250.35364
              1       124.49422       60.029935     0.029479158      0.15694803      0.15569332     -0.32573014      -0.32573014        249.6399                                 249.6399
              1       124.59521       60.029935     0.029479158      0.15259396      0.15781918     -0.32573014      -0.32573014       249.84187                                249.84187
              2        125.3975       60.029935     0.029479158      0.14619615      0.15515205     -0.32573014      -0.32573014       251.44646                                251.44646
              5       125.66313       60.029935     0.029479158      0.15110429      0.14597864     -0.32573014      -0.32573014       251.97772                                251.97772
              5       125.17662       60.029935     0.029479158       0.1524695       0.1478144     -0.32573014      -0.32573014       251.00471                                251.00471
              1       125.49622       60.029935     0.029479158      0.15177847      0.14646107     -0.32573014      -0.32573014        251.6439                                 251.6439
              1       125.53115       60.038933     0.029601713      0.15178543      0.14643988     -0.32573014      -0.32573014       251.71376                                251.71376
              2       125.39873       60.038933     0.029601713       0.1606674      0.14872579     -0.32573014      -0.32573014       251.44893                                251.44893
              3       126.74314       60.038933     0.029601713      0.15459049      0.16857973     -0.32573014      -0.32573014       254.13774                                254.13774
              2       125.79009       60.038933     0.029601713      0.14598757       0.1601258     -0.32573014      -0.32573014       252.23164                                252.23164
              2       124.53064       60.038933     0.029601713      0.15279514      0.15409286     -0.32573014      -0.32573014       249.71274                                249.71274
              1       124.64301       60.038933     0.029601713      0.15174395      0.15302374     -0.32573014      -0.32573014       249.93747                                249.93747
              4       124.94435       60.019632     0.029364344      0.14993058      0.15057856     -0.32573014      -0.32573014       250.54016                                250.54016
              5       124.59608       60.019632     0.029364344      0.15829853      0.15726833     -0.32573014      -0.32573014       249.84362                                249.84362
              1       124.64965       60.019632     0.029364344      0.15839996      0.15796166     -0.32573014      -0.32573014       249.95076                                249.95076
              1       124.97491       60.019632     0.029364344      0.14947338      0.15927892     -0.32573014      -0.32573014       250.60128                                250.60128
              1       124.94604       60.047109     0.029885537      0.14924608      0.15913363     -0.32573014      -0.32573014       250.54354                                250.54354
              1       124.65015       60.047109     0.029885537      0.15351444      0.15984259     -0.32573014      -0.32573014       249.95176                                249.95176
              1       125.17793       60.047109     0.029885537      0.15300299      0.16300252     -0.32573014      -0.32573014       251.00731                                251.00731
              6       125.27941       60.047109     0.029885537      0.15257479      0.16338873     -0.32573014      -0.32573014       251.21029                                251.21029
              1       125.63783       60.047109     0.029885537      0.16467916      0.15283389     -0.32573014      -0.32573014       251.92712                                251.92712
              1       125.62445       60.005458     0.029192771      0.16470856      0.15301859     -0.32573014      -0.32573014       251.90036                                251.90036
              1       125.04723       60.005458     0.029192771       0.1623013      0.15579452     -0.32573014      -0.32573014       250.74592                                250.74592
              2       125.22909       60.005458     0.029192771      0.15226782      0.14693432     -0.32573014      -0.32573014       251.10964                                251.10964
              3       124.61548       60.005458     0.029192771      0.15959166      0.15508224     -0.32573014      -0.32573014       249.88242                                249.88242
              1       125.05427       60.005458     0.029192771      0.15219878      0.16217848     -0.32573014      -0.32573014       250.75999                                250.75999
              2       125.96077       60.005458     0.029192771      0.14364064      0.15310393     -0.32573014      -0.32573014       252.57299                                252.57299
              2        126.1682       60.002976     0.028905066      0.14376337      0.15328501     -0.32573014      -0.32573014       252.98787                                252.98787
              1       125.48409       60.007472     0.029706312      0.14392251      0.15163587     -0.32573014      -0.32573014       251.61965                                251.61965
              5       123.92688       60.007472     0.029706312       0.1550198      0.15555219     -0.32573014      -0.32573014       248.50523                                248.50523
              1       124.49004       60.007472     0.029706312      0.15148783      0.16077644     -0.32573014      -0.32573014       249.63153                                249.63153
              2       124.63778       60.007472     0.029706312      0.14791264      0.15831337     -0.32573014      -0.32573014       249.92703                                249.92703
              1         124.795       60.007472     0.029706312      0.14650997      0.15680253     -0.32573014      -0.32573014       250.24146                                250.24146
              2       125.12354       60.056593     0.029506202      0.15436796      0.15030094     -0.32573014      -0.32573014       250.89853                                250.89853
              4       125.56165       60.056593     0.029506202      0.15047721      0.14908989     -0.32573014      -0.32573014       251.77476                                251.77476
              1       126.09852       60.060236     0.028928108       0.1507882      0.14951456     -0.32573014      -0.32573014        252.8485                                 252.8485
              2       125.68091       60.060236     0.028928108      0.15336079       0.1509549     -0.32573014      -0.32573014       252.01327                                252.01327
              1       126.53679       60.060236     0.028928108      0.14754331      0.15006593     -0.32573014      -0.32573014       253.72503                                253.72503
              1       126.56635       60.060236     0.028928108      0.16440532      0.15959027     -0.32573014      -0.32573014       253.78417                                253.78417
              1       125.54194       60.060236     0.028928108      0.15872473      0.15779162     -0.32573014      -0.32573014       251.73534                                251.73534
              2       125.57192       60.060236     0.028928108      0.15958857      0.15500353     -0.32573014      -0.32573014        251.7953                                 251.7953
             12       125.61506       60.060236     0.028928108      0.15997766      0.15499995     -0.32573014      -0.32573014       251.88158                                251.88158
              1       125.64584       60.060236     0.028928108      0.16024862      0.15509768     -0.32573014      -0.32573014       251.94315                                251.94315
              2       127.37145       60.060236     0.028928108      0.14284632      0.15562333     -0.32573014      -0.32573014       255.39436                                255.39436
              1        126.9874       60.060236     0.028928108      0.14423589      0.15392265     -0.32573014      -0.32573014       254.62625                                254.62625
              2       127.57767       60.060236     0.028928108      0.15436874      0.14238653     -0.32573014      -0.32573014       255.80679                                255.80679
              5       126.30808       60.060236     0.028928108      0.15304323      0.16405692     -0.32573014      -0.32573014       253.26761                                253.26761
              1       125.74808       60.060236     0.028928108      0.15944814      0.15170931     -0.32573014      -0.32573014       252.14763                                252.14763
              1       126.95396       60.107007     0.028313331      0.16009888      0.15246315     -0.32573014      -0.32573014       254.55938                                254.55938
              3       128.17259       60.107007     0.028313331      0.16611469      0.15111027     -0.32573014      -0.32573014       256.99663                                256.99663
              3       129.21979       60.149949     0.027815838      0.16667928      0.15175618     -0.32573014      -0.32573014       259.09104                                259.09104
              1       130.02572       60.149949     0.027815838      0.16986749      0.15278219     -0.32573014      -0.32573014        260.7029                                 260.7029
              1        127.8458       60.149949     0.027815838      0.15569442      0.15310638     -0.32573014      -0.32573014       256.34307                                256.34307
              2       128.89927       60.149949     0.027815838      0.16022045      0.16650092     -0.32573014      -0.32573014       258.44999                                258.44999
              1       126.49938       60.045471     0.028585508      0.15500729      0.16493038     -0.32573014      -0.32573014       253.65021                                253.65021
              1       125.43758       60.045471     0.028585508      0.15560222      0.15667896     -0.32573014      -0.32573014       251.52663                                251.52663
              1       126.32805       60.045471     0.028585508      0.15126408      0.16302896     -0.32573014      -0.32573014       253.30756                                253.30756
              1       126.33467       60.045471     0.028585508      0.15303252      0.16383767     -0.32573014      -0.32573014       253.32081                                253.32081
              2       125.45726       60.045471     0.028585508      0.15394666      0.15535368     -0.32573014      -0.32573014       251.56597                                251.56597
              1       126.90795       60.045471     0.028585508      0.15229947      0.16607379     -0.32573014      -0.32573014       254.46737                                254.46737
              6       127.38298       60.045471     0.028585508      0.14761474      0.16533476     -0.32573014      -0.32573014       255.41741                                255.41741
              1       126.39657       60.045471     0.028585508      0.14684247      0.15689294     -0.32573014      -0.32573014       253.44461                                253.44461
              1       127.13235       60.066603     0.028103929      0.14723655      0.15737421     -0.32573014      -0.32573014       254.91616                                254.91616
              1        128.1929       60.066603     0.028103929      0.14345674      0.15398306     -0.32573014      -0.32573014       257.03726                                257.03726
              2       128.85672       60.066603     0.028103929      0.14306923      0.14925441     -0.32573014      -0.32573014       258.36489                                258.36489
              1        126.8139       60.066603     0.028103929      0.14992603       0.1521107     -0.32573014      -0.32573014       254.27927                                254.27927
              2         126.432       60.066603     0.028103929      0.16015967      0.15405703     -0.32573014      -0.32573014       253.51547                                253.51547
              4       126.51921       60.066603     0.028103929       0.1557146      0.15072578     -0.32573014      -0.32573014       253.68987                                253.68987
              1       128.22473       60.239342     0.029307819      0.15829391      0.15052483     -0.32573014      -0.32573014       257.10093                                257.10093
              1       127.89386       60.239342     0.029307819      0.15901622      0.15332184     -0.32573014      -0.32573014       256.43918                                256.43918
              4       127.91975       60.287727     0.029986879      0.15584929      0.15402969     -0.32573014      -0.32573014       256.49095                                256.49095
              1        128.5039       60.287727     0.029986879      0.15539226      0.16459606     -0.32573014      -0.32573014       257.65927                                257.65927
              1       128.09722       60.287727     0.029986879      0.15197303      0.15729601     -0.32573014      -0.32573014        256.8459                                 256.8459
              1       129.42184       60.287727     0.029986879       0.1495185      0.14854993     -0.32573014      -0.32573014       259.49514                                259.49514
              2       129.15051       60.287727     0.029986879      0.15277436      0.14762393     -0.32573014      -0.32573014       258.95248                                258.95248
              1       129.00591       60.287727     0.029986879      0.14735027      0.15912685     -0.32573014      -0.32573014       258.66329                                258.66329
              2       128.61595       60.287727     0.029986879      0.15556771      0.14914174     -0.32573014      -0.32573014       257.88337                                257.88337
              1       129.78114       60.287727     0.029986879      0.16035573       0.1450317     -0.32573014      -0.32573014       260.21374                                260.21374
              1       129.77707       60.287727     0.029986879       0.1603705      0.14504922     -0.32573014      -0.32573014       260.20561                                260.20561
              2       125.92889       60.028906     0.029910048      0.15847741      0.14327876     -0.32573014      -0.32573014       252.50925                                252.50925
              1       126.01523       60.007818     0.029348825      0.15480327       0.1430343     -0.32573014      -0.32573014       252.68192                                252.68192
              1       127.97829       60.007818     0.029348825      0.16920805      0.14567097     -0.32573014      -0.32573014       256.60805                                256.60805
              1       127.32928       60.007818     0.029348825      0.16552065      0.16632771     -0.32573014      -0.32573014       255.31003                                255.31003
              1        126.9418       60.007818     0.029348825      0.14104678      0.14990319     -0.32573014      -0.32573014       254.53506                                254.53506
              1       126.26491       60.007818     0.029348825      0.14257405      0.15151772     -0.32573014      -0.32573014       253.18127                                253.18127
              3        125.9627       60.000312     0.029572833      0.14240808      0.15131022     -0.32573014      -0.32573014       252.57686                                252.57686
              4       123.97133       60.000312     0.029572833      0.15277107      0.15420648     -0.32573014      -0.32573014       248.59413                                248.59413
              4       124.64219       60.000312     0.029572833      0.14897349      0.15980207     -0.32573014      -0.32573014       249.93584                                249.93584
              4       124.44604       60.000312     0.029572833      0.15223435      0.16076514     -0.32573014      -0.32573014       249.54354                                249.54354
              4       125.21562       60.000312     0.029572833      0.15706346      0.14497284     -0.32573014      -0.32573014       251.08269                                251.08269
              1       124.99578       60.010239     0.029278148      0.16129621      0.15170444     -0.32573014      -0.32573014       250.64301                                250.64301
              2       126.71644       60.010239     0.029278148      0.14355965      0.16291116     -0.32573014      -0.32573014       254.08435                                254.08435
              4       125.94366       60.010239     0.029278148      0.14637513      0.16257112     -0.32573014      -0.32573014       252.53878                                252.53878
              2       127.77529       60.010239     0.029278148      0.13954522      0.16122646     -0.32573014      -0.32573014       256.20205                                256.20205
              2       127.39183       60.010239     0.029278148      0.14227215      0.14581094     -0.32573014      -0.32573014       255.43511                                255.43511
              1        127.8009       60.030848     0.029149096      0.14248925      0.14604521     -0.32573014      -0.32573014       256.25325                                256.25325
              1       126.04513       60.030848     0.029149096      0.15055947      0.14604372     -0.32573014      -0.32573014       252.74172                                252.74172
              1       124.88511       60.030848     0.029149096       0.1577886        0.152862     -0.32573014      -0.32573014       250.42168                                250.42168
              1       126.76379       60.108324     0.028287894      0.15878939      0.15400225     -0.32573014      -0.32573014       254.17905                                254.17905
              8       126.92119       60.108324     0.028287894      0.15701238      0.15148254     -0.32573014      -0.32573014       254.49383                                254.49383
              4       126.89703       60.108324     0.028287894      0.15986332      0.15954679     -0.32573014      -0.32573014       254.44551                                254.44551
              2       126.98242       60.117786     0.028346615      0.15990507      0.15957292     -0.32573014      -0.32573014       254.61631                                254.61631
              3       129.92891       60.117786     0.028346615       0.1494538      0.17097815     -0.32573014      -0.32573014       260.50928                                260.50928
              6       128.02047       60.117786     0.028346615      0.14812357      0.16265962     -0.32573014      -0.32573014       256.69239                                256.69239
              2       129.00986       60.133355     0.027535145      0.15467424      0.14681187     -0.32573014      -0.32573014       258.67118                                258.67118
              1       129.43606       60.133355     0.027535145      0.16844757      0.15442318     -0.32573014      -0.32573014       259.52359                                259.52359
              3       127.75089       60.133355     0.027535145      0.15990261      0.15679462     -0.32573014      -0.32573014       256.15324                                256.15324
              2       128.44377       60.133355     0.027535145      0.16198203      0.15090191     -0.32573014      -0.32573014         257.539                                  257.539
              2       128.02882       60.013902     0.025900589       0.1618934       0.1511885     -0.32573014      -0.32573014       256.70911                                256.70911
              2       128.00712       60.013902     0.025900589      0.15017477      0.16086971     -0.32573014      -0.32573014        256.6657                                 256.6657
              1       128.22619       60.013902     0.025900589      0.16247473      0.15043018     -0.32573014      -0.32573014       257.10383                                257.10383
              2       125.74397       60.028862     0.029171623      0.16098041       0.1482779     -0.32573014      -0.32573014       252.13941                                252.13941
              2       125.50809       60.019696     0.029295722       0.1608511      0.14812767     -0.32573014      -0.32573014       251.66765                                251.66765
              1       124.45805       60.019696     0.029295722      0.15543717      0.15606507     -0.32573014      -0.32573014       249.56757                                249.56757
              2        124.7224       60.030677     0.029465792      0.15354509      0.15949418     -0.32573014      -0.32573014       250.09625                                250.09625
              4       124.86241       60.030677     0.029465792      0.15531926      0.16076859     -0.32573014      -0.32573014       250.37628                                250.37628
              2       124.55316       60.030677     0.029465792      0.15758864      0.15561006     -0.32573014      -0.32573014       249.75778                                249.75778
              3       124.59242       60.030677     0.029465792      0.15803692      0.15426381     -0.32573014      -0.32573014        249.8363                                 249.8363
              1       124.84886       60.030677     0.029465792      0.15209532      0.15992402     -0.32573014      -0.32573014       250.34918                                250.34918
              3       125.00653       60.030677     0.029465792      0.14868679      0.15724758     -0.32573014      -0.32573014       250.66452                                250.66452
              1       124.82967       60.030677     0.029465792      0.15562284      0.14972085     -0.32573014      -0.32573014        250.3108                                 250.3108
              2       125.29331       60.030677     0.029465792        0.154327      0.14697936     -0.32573014      -0.32573014       251.23808                                251.23808
              1       125.56839       60.030677     0.029465792      0.16097261      0.14797928     -0.32573014      -0.32573014       251.78824                                251.78824
              1       124.79754       60.030677     0.029465792      0.15960655      0.15723776     -0.32573014      -0.32573014       250.24653                                250.24653
              3       125.20861       60.030677     0.029465792      0.15721335       0.1624773     -0.32573014      -0.32573014       251.06868                                251.06868
              2       124.64309       60.030677     0.029465792       0.1511307      0.15573315     -0.32573014      -0.32573014       249.93764                                249.93764
              4       124.76367       60.030677     0.029465792      0.15679364      0.15056258     -0.32573014      -0.32573014        250.1788                                 250.1788
              3       125.26676       60.037084     0.028973984      0.15710825      0.15096089     -0.32573014      -0.32573014       251.18498                                251.18498
              1       125.17065       60.037084     0.028973984      0.15658867      0.15168144     -0.32573014      -0.32573014       250.99275                                250.99275
              3       125.17884       60.037084     0.028973984      0.15637192      0.15152307     -0.32573014      -0.32573014       251.00915                                251.00915
              1       127.25525       60.037084     0.028973984      0.15422862      0.14198226     -0.32573014      -0.32573014       255.16197                                255.16197
              1        125.7869       60.037084     0.028973984      0.15792488      0.14784472     -0.32573014      -0.32573014       252.22525                                252.22525
              1       125.99692       60.039099     0.028754369       0.1580588      0.14801635     -0.32573014      -0.32573014       252.64531                                252.64531
              1       126.11696       60.039099     0.028754369      0.15814071      0.14743629     -0.32573014      -0.32573014       252.88538                                252.88538
              1       126.36499       60.039099     0.028754369        0.159491      0.14683062     -0.32573014      -0.32573014       253.38145                                253.38145
              2       128.09296       60.149724     0.028662998      0.16039893      0.14771027     -0.32573014      -0.32573014       256.83739                                256.83739
              3       128.42837       60.149724     0.028662998      0.15542832      0.14560345     -0.32573014      -0.32573014       257.50819                                257.50819
              7       127.68598       60.033793     0.027941595      0.14420007      0.15979634     -0.32573014      -0.32573014       256.02342                                256.02342
              1       126.60823       60.033793     0.027941595      0.15180725      0.14898516     -0.32573014      -0.32573014       253.86791                                253.86791
              1       128.24285       60.033793     0.027941595      0.16759045      0.16305487     -0.32573014      -0.32573014       257.13716                                257.13716
              1       128.36774        60.01777      0.02755349       0.1676751      0.16321401     -0.32573014      -0.32573014       257.38694                                257.38694
              2       127.12994        60.07706     0.028160997      0.16213103      0.16182369     -0.32573014      -0.32573014       254.91135                                254.91135
              2       126.46307        60.07706     0.028160997      0.15939724      0.15842802     -0.32573014      -0.32573014       253.57761                                253.57761
              2       125.85813         60.1244     0.029638808       0.1589688      0.15772141     -0.32573014      -0.32573014       252.36772                                252.36772
              2       126.41618         60.1244     0.029638808      0.16141911      0.16089343     -0.32573014      -0.32573014       253.48382                                253.48382
              3       128.43368       60.060721     0.027491256      0.15176768      0.16766438     -0.32573014      -0.32573014       257.51882                                257.51882
              2       130.34046       60.060721     0.027491256      0.16735309      0.16952366     -0.32573014      -0.32573014       261.33239                                261.33239
              6       129.68624       60.060721     0.027491256      0.17161826      0.15418798     -0.32573014      -0.32573014       260.02395                                260.02395
              2       133.90909       60.060721     0.027491256      0.18003666      0.15875942     -0.32573014      -0.32573014       268.46964                                268.46964
              1       133.24596       60.060721     0.027491256      0.17696151      0.16599786     -0.32573014      -0.32573014       267.14338                                267.14338
              1       130.71549       60.060721     0.027491256      0.16905745      0.14375498     -0.32573014      -0.32573014       262.08245                                262.08245
              1       129.46556       60.154085     0.028913047      0.16160418      0.14279903     -0.32573014      -0.32573014       259.58258                                259.58258
              4       128.86114       60.154085     0.028913047      0.14557528      0.14931496     -0.32573014      -0.32573014       258.37374                                258.37374
              2       128.77151       60.154085     0.028913047      0.14519043      0.15049818     -0.32573014      -0.32573014       258.19449                                258.19449
              3       128.28258       60.154085     0.028913047      0.15221191      0.14623954     -0.32573014      -0.32573014       257.21662                                257.21662
              2       127.43941       60.154085     0.028913047        0.161535      0.16180645     -0.32573014      -0.32573014       255.53028                                255.53028
              2       127.06011        60.15232     0.029009461      0.15956779      0.15165743     -0.32573014      -0.32573014       254.77168                                254.77168
              1       126.57761       60.110725     0.028850902      0.15933031      0.15146441     -0.32573014      -0.32573014       253.80668                                253.80668
              4       127.15763       60.110725     0.028850902      0.15229247      0.14801797     -0.32573014      -0.32573014       254.96672                                254.96672
              1       128.61888       60.183992     0.028438184      0.15308347      0.14885203     -0.32573014      -0.32573014       257.88922                                257.88922
              2         129.184       60.183992     0.028438184      0.14924856      0.14879856     -0.32573014      -0.32573014       259.01946                                259.01946
              3       128.75885       60.183992     0.028438184      0.15157822      0.14901268     -0.32573014      -0.32573014       258.16915                                258.16915
              1       128.93361       60.183992     0.028438184      0.14825045      0.15141166     -0.32573014      -0.32573014       258.51868                                258.51868
              1       126.32937       60.046572     0.029044997      0.14685692      0.14996673     -0.32573014      -0.32573014        253.3102                                 253.3102
              2       125.16598       60.046572     0.029044997      0.15273219       0.1571872     -0.32573014      -0.32573014       250.98342                                250.98342
              3       125.19225       60.046572     0.029044997      0.15540656      0.15886048     -0.32573014      -0.32573014       251.03595                                251.03595
              1       126.38193       60.046572     0.029044997      0.14790471      0.16263162     -0.32573014      -0.32573014       253.41532                                253.41532
              4       126.30874       60.046572     0.029044997      0.14705263      0.16112828     -0.32573014      -0.32573014       253.26893                                253.26893
              4       125.07229       60.046572     0.029044997      0.15664705      0.15542512     -0.32573014      -0.32573014       250.79605                                250.79605
              4       125.42087       60.046572     0.029044997      0.15695999      0.15030294     -0.32573014      -0.32573014        251.4932                                 251.4932
              4       126.51956       60.046572     0.029044997      0.14500129      0.15225878     -0.32573014      -0.32573014       253.69058                                253.69058
              3       125.78077       60.030678     0.029016616      0.16220462      0.16024161     -0.32573014      -0.32573014       252.21301                                252.21301
              1       126.40139       60.030678     0.029016616      0.15680606      0.16635527     -0.32573014      -0.32573014       253.45424                                253.45424
              2       125.62367       60.030678     0.029016616      0.15297925      0.16293274     -0.32573014      -0.32573014        251.8988                                 251.8988
              3       127.50274       60.030678     0.029016616      0.16290345      0.16760605     -0.32573014      -0.32573014       255.65694                                255.65694
              1       127.40444       60.030678     0.029016616      0.16715227      0.14777858     -0.32573014      -0.32573014       255.46035                                255.46035
              2       125.31817       60.030678     0.029016616      0.15724817      0.14956231     -0.32573014      -0.32573014       251.28779                                251.28779
              2       124.95601       60.030678     0.029016616      0.15531241      0.15231764     -0.32573014      -0.32573014       250.56347                                250.56347
              1       125.28327       60.053522     0.029026931      0.15548418      0.15247845     -0.32573014      -0.32573014         251.218                                  251.218
              1        125.8566       60.057656     0.028419308      0.15584352      0.15294271     -0.32573014      -0.32573014       252.36465                                252.36465
              1       125.80657       60.057656     0.028419308      0.15516722      0.15377351     -0.32573014      -0.32573014       252.26459                                252.26459
              1       126.43049       60.057656     0.028419308      0.15458382      0.14860861     -0.32573014      -0.32573014       253.51245                                253.51245
              1       126.95969       60.098734     0.028528021      0.15484414      0.14883341     -0.32573014      -0.32573014       254.57084                                254.57084
              2       127.06035       60.098734     0.028528021      0.15276091      0.16351405     -0.32573014      -0.32573014       254.77215                                254.77215
              3       127.07715       60.098734     0.028528021      0.15114569       0.1626447     -0.32573014      -0.32573014       254.80575                                254.80575
              2       127.05798       60.098734     0.028528021      0.16207102      0.15108339     -0.32573014      -0.32573014       254.76742                                254.76742
              1        127.2148       60.098734     0.028528021      0.16287146      0.15089538     -0.32573014      -0.32573014       255.08105                                255.08105
              1       126.80221       60.007329     0.027417402      0.16276009      0.15101543     -0.32573014      -0.32573014       254.25589                                254.25589
              1       127.75205       60.017908     0.027151629      0.16167621      0.16549609     -0.32573014      -0.32573014       256.15556                                256.15556
              1       127.29379       60.017908     0.027151629      0.15016309      0.16316406     -0.32573014      -0.32573014       255.23905                                255.23905
              2       129.11921       60.017908     0.027151629      0.15706975      0.17125846     -0.32573014      -0.32573014       258.88989                                258.88989
              3       127.65345       60.017908     0.027151629      0.14845311      0.16354429     -0.32573014      -0.32573014       255.95837                                255.95837
              1       126.77127       60.010705     0.027475601      0.14763932      0.15824662     -0.32573014      -0.32573014         254.194                                  254.194
              7       125.92645       60.010705     0.027475601      0.15760349       0.1570832     -0.32573014      -0.32573014       252.50436                                252.50436
              4       126.05416       60.144499     0.029583619      0.15750673      0.15656311     -0.32573014      -0.32573014       252.75978                                252.75978
              3       126.61199       60.144499     0.029583619      0.15835053      0.14967376     -0.32573014      -0.32573014       253.87544                                253.87544
              1       126.27964       60.108937     0.029332359      0.15820981      0.14959135     -0.32573014      -0.32573014       253.21075                                253.21075
              2       125.71602       60.108937     0.029332359      0.15680999      0.15584267     -0.32573014      -0.32573014        252.0835                                 252.0835
              1       124.86033       60.008797     0.028645377      0.15640265      0.15559593     -0.32573014      -0.32573014       250.37213                                250.37213
              2       126.85796       60.008797     0.028645377      0.15481754      0.14267223     -0.32573014      -0.32573014       254.36739                                254.36739
              4       128.01473       60.008797     0.028645377      0.16517983      0.16758357     -0.32573014      -0.32573014       256.68092                                256.68092
              1       124.95886       60.008797     0.028645377      0.15584589      0.15834369     -0.32573014      -0.32573014       250.56918                                250.56918
              5       125.64926       60.008797     0.028645377      0.16132606      0.15029633     -0.32573014      -0.32573014       251.94999                                251.94999
              1       125.29303       60.008797     0.028645377       0.1562587      0.14943814     -0.32573014      -0.32573014       251.23752                                251.23752
              1       125.34695       60.084871      0.02994386      0.15614989      0.14907111     -0.32573014      -0.32573014       251.34536                                251.34536
              7       125.12679       60.084871      0.02994386      0.15690551      0.15089992     -0.32573014      -0.32573014       250.90504                                250.90504
              4       126.03798       60.084871      0.02994386       0.1623653      0.14883588     -0.32573014      -0.32573014       252.72743                                252.72743
              2       126.67395       60.084871      0.02994386      0.16454648      0.14785386     -0.32573014      -0.32573014       253.99936                                253.99936
              3       125.43641       60.084871      0.02994386      0.15652326       0.1485953     -0.32573014      -0.32573014       251.52427                                251.52427
              3       126.00908       60.084871      0.02994386      0.16417542      0.15856516     -0.32573014      -0.32573014       252.66962                                252.66962
              2       128.74188       60.084871      0.02994386      0.15996473      0.17228712     -0.32573014      -0.32573014       258.13522                                258.13522
              2       127.85733       60.084871      0.02994386      0.15811868       0.1705536     -0.32573014      -0.32573014       256.36612                                256.36612
              2       125.38866       60.084871      0.02994386      0.15565571       0.1487542     -0.32573014      -0.32573014       251.42878                                251.42878
              1       125.31138       60.051782     0.029055249      0.15745243      0.15881988     -0.32573014      -0.32573014       251.27421                                251.27421
              1       125.84957       60.051782     0.029055249      0.16094313      0.16062522     -0.32573014      -0.32573014        252.3506                                 252.3506
              1       127.36596       60.051782     0.029055249      0.15676868      0.16881073     -0.32573014      -0.32573014       255.38338                                255.38338
              1       128.18857       60.051782     0.029055249       0.1558109      0.17113861     -0.32573014      -0.32573014        257.0286                                 257.0286
              4       127.76533       60.051782     0.029055249      0.14728032      0.16757701     -0.32573014      -0.32573014       256.18213                                256.18213
              1       127.36156       60.051782     0.029055249      0.14286842      0.16019355     -0.32573014      -0.32573014       255.37458                                255.37458
              3       128.38559       60.033215     0.025864192      0.15321203      0.14994209     -0.32573014      -0.32573014       257.42265                                257.42265
              1       129.55359       60.118519     0.025770805      0.15601446      0.15112631     -0.32573014      -0.32573014       259.75864                                259.75864
              2       128.82691       60.026452      0.02495491      0.15573922      0.15103105     -0.32573014      -0.32573014       258.30529                                258.30529
              1       128.38084       60.026452      0.02495491      0.15548854      0.15527527     -0.32573014      -0.32573014       257.41314                                257.41314
              2       128.99088       60.159257     0.026571514      0.15564876      0.15509875     -0.32573014      -0.32573014       258.63323                                258.63323
              2       130.61006       60.159257     0.026571514      0.14627526      0.15460703     -0.32573014      -0.32573014       261.87158                                261.87158
              1       128.90881       60.159257     0.026571514      0.15547786      0.15798748     -0.32573014      -0.32573014       258.46909                                258.46909
              4       129.49695       60.191847     0.026475521      0.15578253      0.15829594     -0.32573014      -0.32573014       259.64536                                259.64536
              1       127.62896       60.070077     0.026502046      0.15482302      0.15738054     -0.32573014      -0.32573014       255.90937                                255.90937
              2       128.00783       60.070077     0.026502046      0.15695793      0.15116344     -0.32573014      -0.32573014       256.66712                                256.66712
              3       127.34412       60.015855        0.026316      0.15663724      0.15089709     -0.32573014      -0.32573014        255.3397                                 255.3397
              1       127.30026       60.015855        0.026316      0.15494229       0.1514077     -0.32573014      -0.32573014       255.25198                                255.25198
              2       127.19872       60.015855        0.026316      0.15813294      0.15235793     -0.32573014      -0.32573014       255.04889                                255.04889
              2       128.72012       60.015855        0.026316      0.16722024      0.16143633     -0.32573014      -0.32573014       258.09171                                258.09171
              2       130.06121        60.13155     0.026665906      0.16792986      0.16203825     -0.32573014      -0.32573014       260.77388                                260.77388
              1       129.49497        60.13155     0.026665906      0.16585543      0.15347051     -0.32573014      -0.32573014       259.64141                                259.64141
              8       125.76542       60.046797     0.029575378      0.16356489      0.15093625     -0.32573014      -0.32573014       252.18231                                252.18231
              3       125.47108       60.046797     0.029575378      0.14672982      0.15577511     -0.32573014      -0.32573014       251.59361                                251.59361
              2        124.9839       60.046797     0.029575378       0.1557844      0.14971692     -0.32573014      -0.32573014       250.61927                                250.61927
              1        124.9683       60.050657     0.029663114      0.15577317      0.14968286     -0.32573014      -0.32573014       250.58807                                250.58807
              1       124.58196       60.050657     0.029663114      0.15474537      0.15562316     -0.32573014      -0.32573014       249.81537                                249.81537
              3       124.58848       60.050657     0.029663114      0.15417383      0.15552297     -0.32573014      -0.32573014       249.82843                                249.82843
              1        127.3554       60.050657     0.029663114      0.14279846      0.14679738     -0.32573014      -0.32573014       255.36226                                255.36226
              1       127.99615       60.050657     0.029663114      0.14759696      0.14047471     -0.32573014      -0.32573014       256.64377                                256.64377
              2       125.47058       60.050657     0.029663114      0.14662317      0.15560453     -0.32573014      -0.32573014       251.59261                                251.59261
              3       128.57632       60.050657     0.029663114       0.1385536      0.16184957     -0.32573014      -0.32573014        257.8041                                 257.8041
              1       127.89913       60.050657     0.029663114      0.13933814      0.15118285     -0.32573014      -0.32573014       256.44973                                256.44973
              8       124.90934       60.050657     0.029663114       0.1554796      0.15008825     -0.32573014      -0.32573014       250.47013                                250.47013
              1       125.36683       60.050657     0.029663114      0.15983192      0.14896683     -0.32573014      -0.32573014       251.38513                                251.38513
              2       124.70893       60.050657     0.029663114      0.15767701      0.15689861     -0.32573014      -0.32573014       250.06932                                250.06932
              2       125.59135       60.050657     0.029663114      0.16380057      0.15397247     -0.32573014      -0.32573014       251.83416                                251.83416
              1       125.00961       60.050657     0.029663114      0.15432591      0.14937312     -0.32573014      -0.32573014       250.67068                                250.67068
              2       126.74485       60.091355     0.028316457      0.15539935      0.15055582     -0.32573014      -0.32573014       254.14116                                254.14116
              1       126.90993       60.116656     0.028548053      0.15051067      0.15643179     -0.32573014      -0.32573014       254.47132                                254.47132
              1       126.49347       60.093288     0.028631615      0.15025612      0.15622078     -0.32573014      -0.32573014        253.6384                                 253.6384
              3        127.2122       60.093288     0.028631615       0.1648868      0.15337163     -0.32573014      -0.32573014       255.07585                                255.07585
              6       127.80674       60.070604     0.029297289      0.16825973      0.16184506     -0.32573014      -0.32573014       256.26494                                256.26494
              4       125.65923       60.070604     0.029297289      0.16143728      0.15503013     -0.32573014      -0.32573014       251.96993                                251.96993
              2       126.01187       60.070604     0.029297289      0.16323255        0.153868     -0.32573014      -0.32573014        252.6752                                 252.6752
              6       126.14248       60.070604     0.029297289      0.16388597      0.15402368     -0.32573014      -0.32573014       252.93643                                252.93643
              4       125.35153       60.070604     0.029297289      0.15484277      0.15192604     -0.32573014      -0.32573014       251.35453                                251.35453
              2       126.01476       60.070604     0.029297289      0.16213605      0.15996636     -0.32573014      -0.32573014       252.68098                                252.68098
             11       125.39861       60.070604     0.029297289      0.15792537      0.15879271     -0.32573014      -0.32573014       251.44867                                251.44867
              2       126.59321       60.086305     0.028462393      0.16154398      0.15395722     -0.32573014      -0.32573014       253.83788                                253.83788
              1       126.39737       60.086305     0.028462393       0.1604957      0.15597939     -0.32573014      -0.32573014        253.4462                                 253.4462
              1       126.50878       60.102913     0.028616517       0.1605646      0.15598445     -0.32573014      -0.32573014       253.66902                                253.66902
              6       125.74327       60.085282     0.029191291      0.16010409      0.15547794     -0.32573014      -0.32573014         252.138                                  252.138
              5       125.76432       60.085282     0.029191291      0.15159853      0.15303138     -0.32573014      -0.32573014        252.1801                                 252.1801
              1       126.12986       60.085282     0.029191291      0.14876398      0.15812381     -0.32573014      -0.32573014       252.91118                                252.91118
              3       127.00849       60.085282     0.029191291      0.14456256       0.1557594     -0.32573014      -0.32573014       254.66844                                254.66844
              1       126.05587       60.056717     0.029836848      0.14396632      0.15513265     -0.32573014      -0.32573014        252.7632                                 252.7632
              3       125.81626       60.056717     0.029836848      0.14492581      0.15632481     -0.32573014      -0.32573014       252.28398                                252.28398
              3       126.90957       60.056717     0.029836848      0.14228345      0.16040218     -0.32573014      -0.32573014       254.47061                                254.47061
              3       126.48089       60.056717     0.029836848      0.14265959      0.15342859     -0.32573014      -0.32573014       253.61324                                253.61324
              4       126.45884       60.056717     0.029836848      0.14268902      0.15375549     -0.32573014      -0.32573014       253.56913                                253.56913
              3       126.54597       60.031804     0.029301237      0.14274536       0.1539545     -0.32573014      -0.32573014       253.74341                                253.74341
              1       127.15632       60.031804     0.029301237      0.14173736      0.15030484     -0.32573014      -0.32573014        254.9641                                 254.9641
              2       126.40908       60.013366     0.029267845       0.1426652      0.15843821     -0.32573014      -0.32573014       253.46962                                253.46962
              3       124.55077       60.013366     0.029267845      0.15373981      0.15147879     -0.32573014      -0.32573014       249.75301                                249.75301
              1       124.77984       60.013366     0.029267845      0.14945631      0.15337097     -0.32573014      -0.32573014       250.21115                                250.21115
              6       124.74236       60.013366     0.029267845      0.14952367      0.15428656     -0.32573014      -0.32573014       250.13619                                250.13619
              1       126.83914       60.013366     0.029267845      0.14151463      0.15107317     -0.32573014      -0.32573014       254.32974                                254.32974
              2       127.65112       60.013366     0.029267845      0.13944525      0.15056809     -0.32573014      -0.32573014        255.9537                                 255.9537
              1       127.13939       60.013366     0.029267845      0.14069707      0.15093795     -0.32573014      -0.32573014       254.93024                                254.93024
              1       127.29831       60.050622     0.029738605      0.14078605      0.15086446     -0.32573014      -0.32573014       255.24808                                255.24808
              1       125.20069       60.050622     0.029738605      0.16199327      0.15313619     -0.32573014      -0.32573014       251.05284                                251.05284
              3        124.8223       60.050622     0.029738605      0.15343559      0.15043448     -0.32573014      -0.32573014       250.29606                                250.29606
              1       125.88657       60.050622     0.029738605      0.14701258      0.14840514     -0.32573014      -0.32573014       252.42461                                252.42461
              1       126.72814       60.050622     0.029738605      0.16714584      0.15016981     -0.32573014      -0.32573014       254.10773                                254.10773
              2       126.27242       60.050622     0.029738605      0.16660626      0.15642459     -0.32573014      -0.32573014        253.1963                                 253.1963
              4       127.12131       60.050622     0.029738605      0.16026966       0.1685053     -0.32573014      -0.32573014       254.89409                                254.89409
              1       127.81208       60.050622     0.029738605      0.14364904      0.16668281     -0.32573014      -0.32573014       256.27562                                256.27562
              1       125.95382       60.050622     0.029738605      0.14461875      0.15770778     -0.32573014      -0.32573014        252.5591                                 252.5591
              1       126.52947       60.050622     0.029738605      0.14757501      0.14488706     -0.32573014      -0.32573014       253.71041                                253.71041
              3       129.45265       60.050622     0.029738605      0.14518037      0.13794009     -0.32573014      -0.32573014       259.55677                                259.55677
              2       126.13945       60.050622     0.029738605       0.1651655       0.1503466     -0.32573014      -0.32573014       252.93037                                252.93037
              3        125.7207       60.034417     0.029954066      0.16490635      0.15009336     -0.32573014      -0.32573014       252.09287                                252.09287
              1       126.39015       60.034417     0.029954066      0.16699186      0.14954742     -0.32573014      -0.32573014       253.43176                                253.43176
              1       126.45305       60.034417     0.029954066      0.16715755      0.14947001     -0.32573014      -0.32573014       253.55755                                253.55755
              1       125.04433       60.034417     0.029954066      0.16016106      0.14819189     -0.32573014      -0.32573014       250.74012                                250.74012
              3       124.31202       60.034417     0.029954066      0.15056796      0.15513428     -0.32573014      -0.32573014       249.27551                                249.27551
              1       126.14658       60.034417     0.029954066      0.16120949      0.14394877     -0.32573014      -0.32573014       252.94462                                252.94462
              1       124.81116       60.034417     0.029954066      0.15984145      0.14943275     -0.32573014      -0.32573014       250.27379                                250.27379
              1       124.62926       60.034417     0.029954066      0.15924491      0.15028449     -0.32573014      -0.32573014       249.90999                                249.90999
              2       124.80678       60.004144     0.029311265      0.16143449      0.15651197     -0.32573014      -0.32573014       250.26502                                250.26502
              3       124.33496       60.004144     0.029311265      0.15711516       0.1527825     -0.32573014      -0.32573014       249.32138                                249.32138
              1        125.6919       60.004144     0.029311265      0.16539916      0.15322126     -0.32573014      -0.32573014       252.03527                                252.03527
              1       126.32804        60.02005     0.028834735      0.16579256       0.1536497     -0.32573014      -0.32573014       253.30753                                253.30753
              1       125.96583        60.02005     0.028834735      0.15621513      0.14594921     -0.32573014      -0.32573014       252.58312                                252.58312
              1        125.4951        60.02005     0.028834735      0.16101729      0.15944369     -0.32573014      -0.32573014       251.64166                                251.64166
              1       126.25558        60.02005     0.028834735      0.14881019      0.16382791     -0.32573014      -0.32573014       253.16263                                253.16263
              2        125.8084        60.02005     0.028834735      0.15101472      0.14761126     -0.32573014      -0.32573014       252.26826                                252.26826
              3       125.96068       60.022372     0.028692344      0.15111036      0.14772323     -0.32573014      -0.32573014       252.57283                                252.57283
              7        125.1722       60.022372     0.028692344      0.15198197      0.15361421     -0.32573014      -0.32573014       250.99585                                250.99585
              1       127.98383       60.022372     0.028692344      0.14098591      0.14978284     -0.32573014      -0.32573014       256.61912                                256.61912
              2       125.10525       60.022372     0.028692344       0.1563791      0.15273768     -0.32573014      -0.32573014       250.86196                                250.86196
              4       125.29001       60.049902     0.028954603      0.15648975      0.15274147     -0.32573014      -0.32573014       251.23148                                251.23148
              3       125.26045       60.049902     0.028954603      0.15284854      0.15633921     -0.32573014      -0.32573014       251.17236                                251.17236
              3       127.85361       60.049902     0.028954603      0.15790351      0.16991594     -0.32573014      -0.32573014       256.35868                                256.35868
              1       126.33988       60.049902     0.028954603      0.15693861      0.16504287     -0.32573014      -0.32573014       253.33122                                253.33122
              1       126.88133       60.049902     0.028954603      0.15513173      0.16720018     -0.32573014      -0.32573014       254.41412                                254.41412
              3       127.13972       60.049902     0.028954603      0.15541234      0.16805223     -0.32573014      -0.32573014        254.9309                                 254.9309
              1       127.56877       60.049902     0.028954603      0.15497751      0.16934467     -0.32573014      -0.32573014         255.789                                  255.789
              2       125.57698       60.049902     0.028954603      0.16095722      0.15546178     -0.32573014      -0.32573014       251.80542                                251.80542
              1       125.37309       60.049902     0.028954603      0.15879914      0.15746964     -0.32573014      -0.32573014       251.39764                                251.39764
              2       126.61426       60.123594      0.02932159      0.16271567      0.15856845     -0.32573014      -0.32573014       253.87997                                253.87997
              1       129.18037       60.047216     0.029199352       0.1706859      0.14562435     -0.32573014      -0.32573014        259.0122                                 259.0122
              3       125.36132       60.047216     0.029199352      0.15926572      0.15972341     -0.32573014      -0.32573014        251.3741                                 251.3741
              1       125.46052       60.047216     0.029199352      0.16064936      0.15902933     -0.32573014      -0.32573014       251.57249                                251.57249
              2       125.52485       60.047216     0.029199352      0.15997777      0.15035712     -0.32573014      -0.32573014       251.70117                                251.70117
              1       126.48636       60.047216     0.029199352      0.16177626      0.16439101     -0.32573014      -0.32573014       253.62418                                253.62418
              4       126.21832       60.013675     0.028985109      0.16158621      0.16431494     -0.32573014      -0.32573014       253.08809                                253.08809
              1       126.05552       60.013675     0.028985109      0.14465445      0.15761415     -0.32573014      -0.32573014        252.7625                                 252.7625
              4       125.94518       60.013675     0.028985109       0.1449361       0.1568943     -0.32573014      -0.32573014       252.54182                                252.54182
              1       125.98761       60.013675     0.028985109      0.14508528       0.1582464     -0.32573014      -0.32573014       252.62668                                252.62668
              1       126.45777       60.013675     0.028985109      0.14338311      0.15828617     -0.32573014      -0.32573014         253.567                                  253.567
              2       126.50723       60.013675     0.028985109      0.16676094      0.15829814     -0.32573014      -0.32573014       253.66593                                253.66593
              3       125.42319       60.013675     0.028985109      0.16164037      0.15956842     -0.32573014      -0.32573014       251.49785                                251.49785
              1       125.86464       60.013675     0.028985109      0.15815736      0.16462942     -0.32573014      -0.32573014       252.38075                                252.38075
              1       124.66506       60.013675     0.028985109      0.15350493       0.1540402     -0.32573014      -0.32573014       249.98159                                249.98159
              2       124.81838       60.013675     0.028985109      0.15104539      0.15525605     -0.32573014      -0.32573014       250.28822                                250.28822
              1        125.2013       60.014808     0.028555797      0.15128082       0.1555549     -0.32573014      -0.32573014       251.05406                                251.05406
              1       125.28521       60.014808     0.028555797      0.15051875      0.15544159     -0.32573014      -0.32573014       251.22187                                251.22187
              1       125.29881       60.014808     0.028555797      0.15080089      0.15351822     -0.32573014      -0.32573014       251.24908                                251.24908
              3       128.07449       60.014808     0.028555797      0.16757312      0.14597672     -0.32573014      -0.32573014       256.80044                                256.80044
              1       127.46668       60.014808     0.028555797      0.16827934      0.15063999     -0.32573014      -0.32573014       255.58483                                255.58483
              1       127.57582       60.014808     0.028555797      0.16807346      0.16153305     -0.32573014      -0.32573014        255.8031                                 255.8031
              2       125.98566       60.014808     0.028555797      0.16169932      0.16140824     -0.32573014      -0.32573014       252.62278                                252.62278
              3       128.09254       60.091635     0.027417434      0.16298926      0.16268813     -0.32573014      -0.32573014       256.83654                                256.83654
              1       128.73166       60.091635     0.027417434       0.1568579      0.14539404     -0.32573014      -0.32573014       258.11477                                258.11477
              1       129.92097       60.091635     0.027417434      0.15144739      0.14269222     -0.32573014      -0.32573014       260.49339                                260.49339
              2       127.70205       60.091635     0.027417434      0.14979024      0.15576663     -0.32573014      -0.32573014       256.05556                                256.05556
              4         128.331       60.091635     0.027417434      0.15749937       0.1469419     -0.32573014      -0.32573014       257.31346                                257.31346
              3       128.63077       60.091635     0.027417434       0.1578679      0.14583232     -0.32573014      -0.32573014         257.913                                  257.913
              2       129.97443       60.303098     0.029747821      0.15855211      0.14564704     -0.32573014      -0.32573014       260.60032                                260.60032
              1       130.10684       60.320553     0.029934921      0.15861134      0.14563532     -0.32573014      -0.32573014       260.86513                                260.86513
              2        128.8716       60.320553     0.029934921      0.16089344      0.15191484     -0.32573014      -0.32573014       258.39467                                258.39467
              1       128.68455       60.224677     0.028039239      0.15827153      0.16075645     -0.32573014      -0.32573014       258.02055                                258.02055
              1       128.59739       60.224677     0.028039239      0.15676163       0.1558413     -0.32573014      -0.32573014       257.84623                                257.84623
              1       128.98048       60.272371     0.028425313      0.15698915      0.15589421     -0.32573014      -0.32573014       258.61243                                258.61243
              1       129.19659       60.272371     0.028425313      0.15332984      0.15625315     -0.32573014      -0.32573014       259.04463                                259.04463
              1       129.15835       60.272371     0.028425313       0.1579708       0.1535781     -0.32573014      -0.32573014       258.96816                                258.96816
              6       129.65342       60.272371     0.028425313      0.16329492       0.1629061     -0.32573014      -0.32573014        259.9583                                 259.9583
              1       128.54363       60.280991     0.029363867      0.16091654      0.16081787     -0.32573014      -0.32573014       257.73872                                257.73872
              3        128.4673       60.268201     0.029239214       0.1608666      0.16081801     -0.32573014      -0.32573014       257.58607                                257.58607
              5       128.84964       60.268201     0.029239214      0.16028245      0.16418547     -0.32573014      -0.32573014       258.35073                                258.35073
              8       127.37768       60.240701     0.029676122      0.15558485      0.15766259     -0.32573014      -0.32573014       255.40682                                255.40682
              2       127.32651       60.238513     0.029704453      0.15640023      0.15837532     -0.32573014      -0.32573014       255.30447                                255.30447
              1       126.43953       60.082001     0.028096797      0.15595504      0.15842423     -0.32573014      -0.32573014       253.53052                                253.53052
              1       127.47436       60.082001     0.028096797      0.16478708      0.15943328     -0.32573014      -0.32573014       255.60017                                255.60017
              1       127.32637       60.072807     0.028113069      0.16469512      0.15935919     -0.32573014      -0.32573014       255.30419                                255.30419
              1       126.68598       60.072807     0.028113069      0.16183498      0.15504699     -0.32573014      -0.32573014       254.02341                                254.02341
              3        126.8805       60.070894     0.027856596       0.1619703      0.15521221     -0.32573014      -0.32573014       254.41246                                254.41246
              1       130.03535       60.081847     0.026299921      0.14882605       0.1472999     -0.32573014      -0.32573014       260.72216                                260.72216
              2       130.71083       60.188422     0.027508791      0.14906135      0.14718725     -0.32573014      -0.32573014       262.07311                                262.07311
              1       130.55022       60.183981     0.027620395      0.14895527      0.14707934     -0.32573014      -0.32573014        261.7519                                 261.7519
              1       131.74352       60.206755      0.02770057      0.14182215      0.15554353     -0.32573014      -0.32573014        264.1385                                 264.1385
              2       131.77349       60.206755      0.02770057      0.14175204      0.15550607     -0.32573014      -0.32573014       264.19844                                264.19844
              1       130.02999       60.206755      0.02770057      0.14728971      0.15433802     -0.32573014      -0.32573014       260.71144                                260.71144
              1       130.65714       60.222549     0.028487286      0.15029307      0.16975599     -0.32573014      -0.32573014       261.96574                                261.96574
              2       131.04841       60.222549     0.028487286      0.14250098      0.15356789     -0.32573014      -0.32573014       262.74827                                262.74827
              1       128.55309       60.222549     0.028487286      0.15278844      0.16118511     -0.32573014      -0.32573014       257.75764                                257.75764
              2       128.21455       60.222549     0.028487286       0.1576152      0.15997348     -0.32573014      -0.32573014       257.08056                                257.08056
              3       128.27159       60.184931     0.027798453      0.15768795      0.16019547     -0.32573014      -0.32573014       257.19464                                257.19464
              1       124.14401       60.008729     0.029586869      0.15504797      0.15774913     -0.32573014      -0.32573014       248.93947                                248.93947
              1       124.10502       60.008729     0.029586869      0.15523505      0.15711163     -0.32573014      -0.32573014       248.86151                                248.86151
              2       124.13233       60.005715     0.029505224      0.15525661      0.15714781     -0.32573014      -0.32573014       248.91611                                248.91611
              1       125.13054       60.005715     0.029505224       0.1455431       0.1539318     -0.32573014      -0.32573014       250.91253                                250.91253
              1       124.45664       60.005715     0.029505224      0.15365476      0.16037549     -0.32573014      -0.32573014       249.56475                                249.56475
              3       124.95288       60.005715     0.029505224      0.15083817      0.16235455     -0.32573014      -0.32573014       250.55722                                250.55722
